adapter,adapter_config,case_id,outcome,error_class,wall_s,lm_calls,response_format_sent,matched,total,ratio,exact,wrong,missing,spurious,total_tokens,recall_matched,recall_total,recall,invented,replies
json,JSONAdapter(),case-0000,validation_error,ValidationError,7.241560319031123,1,json_object,0,12,0.0,False,,address.city;address.postcode;address.street;age;contacts[0].email;contacts[0].phone;contacts[1].email;contacts[1].phone;employment;name;tags[0];tags[1],,996,0,10,0.0,0,"[""{\n\n  \""record\"": {\n    \""name\"": \""Edsger Dijkstra\"",\n    \""age\"": 57,\n    \""address\"": {\n      \""city\"": \""Cupertino\"",\n      \""postcode\"": \""40212\"",\n      \""street\"": \""88 Königsallee\""\n    },\n    \""contacts\"": [\n      {\n        \""contact\"": \""edsger.dijkstra@mail.test\"",\n        \""contact\"": \""edsger.dijkstra1@corp.example\"",\n        \""phone\"": \""+13 733 5104\""\n      }\n    ],\n    \""employment\"": {\n      \""company\"": \""no company\"",\n      \""role\"": \""no role\"",\n      \""years\"": 0\n    },\n    \""tags\"": [\n      \""distributed-systems\"",\n      \""cryptography\""\n    ]\n  }        }""]"
json,JSONAdapter(),case-0001,ok,,2.261754576989915,1,json_object,12,14,0.8571,False,,tags[0];tags[1],,1122,12,14,0.8571,0,"[""{\n\n  \""record\"": {\n    \""name\"": \""Alan Hopper\"",\n    \""age\"": 20,\n    \""address\"": {\n      \""city\"": \""Osaka\"",\n      \""postcode\"": \""75009\"",\n      \""street\"": \""1 Infinite Loop\""\n    },\n    \""contacts\"": [\n      {\n        \""email\"": \""alan.hopper@post.example\"",\n        \""phone\"": \""+98 885 1034\"",\n        \""type\"": \""phone\""\n      },\n      {\n        \""email\"": \""alan.hopper1@post.example\"",\n        \""phone\"": \""+30 705 2674\"",\n        \""type\"": \""phone\""\n      }\n    ],\n    \""employment\"": {\n      \""company\"": \""Analytical Engines Ltd\"",\n      \""role\"": \""network designer\"",\n      \""years\"": 1,\n      \""contact\"": [\n        {\n          \""email\"": \""alan.hopper@post.example\"",\n          \""phone\"": \""+98 885 1034\"",\n          \""type\"": \""phone\""\n        },\n        {\n          \""email\"": \""alan.hopper1@post.example\"",\n          \""phone\"": \""+30 705 2674\"",\n          \""type\"": \""phone\""\n        }\n      ]\n    },\n    \""interests\"": [\n      \""compilers\"",\n      \""mathematics\""\n    ]\n  }       \n\n}""]"
json,JSONAdapter(),case-0002,validation_error,ValidationError,1.1234396150102839,1,json_object,0,10,0.0,False,,address.city;address.postcode;address.street;age;contacts[0].email;contacts[0].phone;employment;name;tags[0];tags[1],,940,0,8,0.0,0,"[""{\n\n  \""record\"": {\n    \""name\"": \""Ada Hopper\"",\n    \""age\"": 68,\n    \""address\"": {\n      \""city\"": \""Paris\"",\n      \""postcode\"": \""08540\"",\n      \""street\"": \""7 Nassau St\""\n    },\n    \""contacts\"": [\n      {\n        \""contact\"": \""ada.hopper@example.com\"",\n        \""type\"": \""email\""\n      }\n    ],\n    \""employment\"": {\n      \""company\"": null,\n      \""role\"": null,\n      \""years\"": 0\n    },\n    \""interests\"": [\n      \""cryptography\"",\n      \""networking\""\n    ]\n  }\n}""]"
json,JSONAdapter(),case-0003,validation_error,ValidationError,1.1589780899812467,1,json_object,0,11,0.0,False,,address.city;address.postcode;address.street;age;employment.company;employment.role;employment.years;name;tags[0];tags[1];tags[2],,960,0,11,0.0,0,"[""{\n\n  \""record\"": {\n    \""name\"": \""Katherine Turing\"",\n    \""age\"": 37,\n    \""address\"": {\n      \""city\"": \""Osaka\"",\n      \""postcode\"": \""95014\"",\n      \""street\"": \""12 Baker St\""\n    },\n    \""employment\"": {\n      \""company\"": \""Bell Labs\"",\n      \""role\"": \""research lead\"",\n      \""years\"": 7\n    },\n    \""contacts\"": [\n      {\n        \""contact\"": \""email\"",\n        \""phone\"": null\n      }\n    ],\n    \""interests\"": [\n      \""networking\"",\n      \""distributed-systems\"",\n      \""cryptography\""\n    ]\n  }\n}""]"
json,JSONAdapter(),case-0004,ok,,1.4880633249995299,1,json_object,8,10,0.8,False,,contacts[0].email;contacts[0].phone,,1008,8,10,0.8,0,"[""{\n\n  \""record\"": {\n    \""name\"": \""Katherine Torvalds\"",\n    \""age\"": 40,\n    \""address\"": {\n      \""city\"": \""London\"",\n      \""postcode\"": \""95014\"",\n      \""street\"": \""12 Baker St\"",\n      \""required\"": [\""city\"", \""postcode\"", \""street\""]\n    },\n    \""contact\"": {\n      \""email\"": \""katherine.torvalds@example.com\"",\n      \""phone\"": \""+69 468 5533\"",\n      \""required\"": [\""email\""]\n    },\n    \""employment\"": {\n      \""company\"": \""Sun Micro\"",\n      \""role\"": \""compiler architect\"",\n      \""years\"": 26,\n      \""required\"": [\""company\"", \""role\""]\n    },\n    \""tags\"": [],\n    \""required\"": [\""name\"", \""age\"", \""address\"", \""contact\"", \""employment\""]\n  }\n}""]"
json,JSONAdapter(),case-0005,validation_error,ValidationError,1.385667486989405,1,json_object,0,8,0.0,False,,address.city;address.postcode;address.street;age;employment;name;tags[0];tags[1],,960,0,6,0.0,0,"[""{\n\n  \""record\"": {\n    \""name\"": \""Linus Liskov\"",\n    \""age\"": 32,\n    \""address\"": {\n      \""city\"": \""Kraków\"",\n      \""postcode\"": \""01-123\"",\n      \""street\"": \""5 Rue Lafayette\""\n    },\n    \""contacts\"": [\n      {\n        \""contactMethod\"": \""email\"",\n        \""email\"": \""linus@liskov.com\""\n      },\n      {\n        \""contactMethod\"": \""phone\"",\n        \""phone\"": \""+48 123 456789\""\n      }\n    ],\n    \""employment\"": {\n      \""company\"": \""MIT\"",\n      \""role\"": \""Professor\"",\n      \""years\"": 20\n    },\n    \""interests\"": [\n      \""mathematics\"",\n      \""cryptography\""\n    ]\n  }\n}""]"
json,JSONAdapter(),case-0006,validation_error,ValidationError,1.4668603999889456,1,json_object,0,13,0.0,False,,address.city;address.postcode;address.street;age;contacts[0].email;contacts[0].phone;employment.company;employment.role;employment.years;name;tags[0];tags[1];tags[2],,1000,0,12,0.0,0,"[""{\n\n  \""record\"": {\n    \""name\"": \""Grace Perlman\"",\n    \""age\"": 90,\n    \""address\"": {\n      \""city\"": \""Osaka\"",\n      \""postcode\"": \""560-0011\"",\n      \""street\"": \""1 Infinite Loop\""\n    },\n    \""contacts\"": [\n      {\n        \""type\"": \""email\"",\n        \""value\"": \""grace.perlman@example.com\""\n      },\n      {\n        \""type\"": \""phone\"",\n        \""value\"": \""+26 847 7783\""\n      }\n    ],\n    \""employment\"": {\n      \""company\"": \""Bell Labs\"",\n      \""role\"": \""compiler architect\"",\n      \""years\"": 25\n    },\n    \""interests\"": [\n      \""distributed-systems\"",\n      \""mathematics\"",\n      \""networking\""\n    ]\n  }        }""]"
json,JSONAdapter(),case-0007,validation_error,ValidationError,1.1772268990171142,1,json_object,0,10,0.0,False,,address.city;address.postcode;address.street;age;employment.company;employment.role;employment.years;name;tags[0];tags[1],,958,0,10,0.0,0,"[""{\n\n  \""record\"": {\n    \""name\"": \""Barbara Turing\"",\n    \""age\"": 26,\n    \""address\"": {\n      \""city\"": \""London\"",\n      \""postcode\"": \""08540\"",\n      \""street\"": \""7 Nassau St\""\n    },\n    \""contacts\"": [\n      {\n        \""contact\"": \""email\"",\n        \""phone\"": null\n      },\n      {\n        \""contact\"": \""phone\"",\n        \""email\"": null\n      }\n    ],\n    \""employment\"": {\n      \""company\"": \""Naval Systems\"",\n      \""role\"": \""staff engineer\"",\n      \""years\"": 3\n    },\n    \""tags\"": []\n  }\n}""]"
json,JSONAdapter(),case-0008,validation_error,ValidationError,1.0884445179835893,1,json_object,0,8,0.0,False,,address.city;address.postcode;address.street;age;employment.company;employment.role;employment.years;name,,933,0,7,0.0,0,"[""{\n\n  \""record\"": {\n    \""name\"": \""Katherine Liskov\"",\n    \""age\"": 21,\n    \""address\"": {\n      \""city\"": \""Paris\"",\n      \""postcode\"": \""75001\"",\n      \""street\"": \""5 Rue Lafayette\""\n    },\n    \""contacts\"": [\n      {\n        \""contact\"": \""email\"",\n        \""phone\"": \""phone number\""\n      }\n    ],\n    \""employment\"": {\n      \""company\"": \""Sun Micro\"",\n      \""role\"": \""research lead\"",\n      \""years\"": 13\n    },\n    \""name\"": \""Katherine Liskov\""\n  }\n}""]"
json,JSONAdapter(),case-0009,ok,,0.8925059530301951,1,json_object,8,10,0.8,False,,tags[0];tags[1],,930,8,10,0.8,0,"[""{\n\n  \""record\"": {\n    \""name\"": \""Radia Liskov\"",\n    \""age\"": 66,\n    \""address\"": {\n      \""city\"": \""Cupertino\"",\n      \""postcode\"": \""08540\"",\n      \""street\"": \""7 Nassau St\""\n    },\n    \""employment\"": {\n      \""company\"": \""Analytical Engines Ltd\"",\n      \""role\"": \""compiler architect\"",\n      \""years\"": 18\n    },\n    \""contacts\"": [],\n    \""tags\"": []\n  }\n}""]"
json,JSONAdapter(),case-0010,ok,,1.6105428409646265,1,json_object,7,14,0.5,False,address.street,contacts[0].email;contacts[0].phone;contacts[1].email;contacts[1].phone;tags[0];tags[1],,1041,7,13,0.5385,0,"[""{\n\n  \""record\"": {\n    \""name\"": \""Ada Dijkstra\"",\n    \""age\"": 66,\n    \""address\"": {\n      \""city\"": \""Kraków\"",\n      \""postcode\"": \""75009\"",\n      \""street\"": \""Königsallee\"",\n      \""required\"": [\""city\"", \""postcode\"", \""street\""]\n    },\n    \""contact\"": {\n      \""email\"": \""ada.dijkstra1@post.example.com\"",\n      \""phone\"": \""+96 469 1730\"",\n      \""required\"": [\""email\"", \""phone\""]\n    },\n    \""employment\"": {\n      \""company\"": \""Analytical Engines Ltd\"",\n      \""role\"": \""network designer\"",\n      \""years\"": 11,\n      \""required\"": [\""company\"", \""role\""]\n    },\n    \""interests\"": {\n      \""distributed-systems\"": \""distributed-systems\"",\n      \""compilers\"": \""compilers\""\n    }\n  } \n\n}""]"
json,JSONAdapter(),case-0011,validation_error,ValidationError,1.2491905519855209,1,json_object,0,9,0.0,False,,address.city;address.postcode;address.street;age;contacts[0].email;contacts[0].phone;employment;name;tags[0],,968,0,8,0.0,0,"[""{\n\n  \""record\"": {\n    \""name\"": \""Radia Perlman\"",\n    \""age\"": 23,\n    \""address\"": {\n      \""city\"": \""Cupertino\"",\n      \""postcode\"": \""08540\"",\n      \""street\"": \""7 Nassau St\""\n    },\n    \""contacts\"": [\n      {\n        \""contact\"": \""radia.perlman@mail.test\"",\n        \""phone\"": \""+39 245 2485\""\n      }\n    ],\n    \""employment\"": {\n      \""company\"": \""MIT\"",\n      \""role\"": \""Professor\"",\n      \""years\"": 50\n    },\n    \""tags\"": [],\n    \""email\"": \""radia.perlman@mail.test\""\n  }        }""]"
json,JSONAdapter(),case-0012,validation_error,ValidationError,1.2951400009915233,1,json_object,0,12,0.0,False,,address.city;address.postcode;address.street;age;contacts[0].email;contacts[0].phone;employment.company;employment.role;employment.years;name;tags[0];tags[1],,980,0,10,0.0,0,"[""{\n\n  \""record\"": {\n    \""name\"": \""Radia Torvalds\"",\n    \""age\"": 89,\n    \""address\"": {\n      \""city\"": \""Düsseldorf\"",\n      \""postcode\"": \""40211\"",\n      \""street\"": \""12 Baker St\""\n    },\n    \""contacts\"": [\n      {\n        \""contact\"": \""radia.torvalds@post.example\"",\n        \""method\"": \""email\"",\n        \""phone\"": null\n      }\n    ],\n    \""employment\"": {\n      \""company\"": \""Xerox PARC\"",\n      \""role\"": \""compiler architect\"",\n      \""years\"": 21\n    },\n    \""interests\"": [\n      \""distributed-systems\"",\n      \""cryptography\""\n    ]\n  }        }""]"
json,JSONAdapter(),case-0013,validation_error,ValidationError,1.0749124090070836,1,json_object,0,11,0.0,False,,address.city;address.postcode;address.street;age;contacts[0].email;contacts[0].phone;employment.company;employment.role;employment.years;name;tags[0],,948,0,9,0.0,0,"[""{\n\n  \""record\"": {\n    \""name\"": \""Linus Torvalds\"",\n    \""age\"": 55,\n    \""address\"": {\n      \""city\"": \""Osaka\"",\n      \""postcode\"": \""560-0001\"",\n      \""street\"": \""5 Rue Lafayette\""\n    },\n    \""contacts\"": [\n      {\n        \""contact\"": \""linus.torvalds@example.com\""\n      }\n    ],\n    \""employment\"": {\n      \""company\"": \""Naval Systems\"",\n      \""role\"": \""research lead\"",\n      \""years\"": 5\n    },\n    \""interests\"": \""cryptography\""\n  }\n}""]"
json,JSONAdapter(),case-0014,ok,,1.3176644640043378,1,json_object,7,10,0.7,False,employment.role,tags[0];tags[1],contacts[0].email;contacts[0].phone,972,7,10,0.7,0,"[""{\n\n  \""record\"": {\n    \""name\"": \""Grace Johnson\"",\n    \""age\"": 63,\n    \""address\"": {\n      \""street\"": \""88 Königsallee\"",\n      \""city\"": \""Cupertino\"",\n      \""postcode\"": \""95014\""\n    },\n    \""contacts\"": [\n      {\n        \""type\"": \""Contact\"",\n        \""email\"": \""grace.johnson@example.com\"",\n        \""phone\"": \""123-456-7890\""\n      }\n    ],\n    \""employment\"": {\n      \""company\"": \""Xerox PARC\"",\n      \""role\"": \""Staff Engineer\"",\n      \""years\"": 9\n    },\n    \""interests\"": [\n      \""cryptography\"",\n      \""compilers\""\n    ]\n  }        }""]"
json,JSONAdapter(),case-0015,validation_error,ValidationError,1.3804825459956191,1,json_object,0,10,0.0,False,,address.city;address.postcode;address.street;age;contacts[0].email;contacts[0].phone;employment.company;employment.role;employment.years;name,,994,0,10,0.0,0,"[""{\n\n  \""record\"": {\n    \""name\"": \""Katherine Lovelace\"",\n    \""age\"": 51,\n    \""address\"": {\n      \""city\"": \""Osaka\"",\n      \""postcode\"": \""75009\"",\n      \""street\"": \""12 Baker St\""\n    },\n    \""contacts\"": [\n      {\n        \""contact\"": \""katherine.lovelace@corp.example\"",\n        \""phone\"": \""+46 387 7427\""\n      }\n    ],\n    \""employment\"": {\n      \""company\"": \""Bell Labs\"",\n      \""role\"": \""research lead\"",\n      \""years\"": 4\n    },\n    \""name\"": \""Katherine Lovelace\"",\n    \""email\"": \""katherine.lovelace@corp.example\"",\n    \""phone\"": \""+46 387 7427\""\n  }\n}""]"
json,JSONAdapter(),case-0016,validation_error,ValidationError,1.4712943919585086,1,json_object,0,12,0.0,False,,address.city;address.postcode;address.street;age;contacts[0].email;contacts[0].phone;contacts[1].email;contacts[1].phone;employment.company;employment.role;employment.years;name,,1025,0,12,0.0,0,"[""{\n\n  \""record\"": {\n    \""name\"": \""Barbara Perlman\"",\n    \""age\"": 20,\n    \""address\"": {\n      \""city\"": \""Osaka\"",\n      \""postcode\"": \""40212\"",\n      \""street\"": \""1 Infinite Loop\""\n    },\n    \""contacts\"": [\n      {\n        \""contact\"": \""barbara.perlman1@corp.example\"",\n        \""phone\"": \""+29 717 5153\""\n      },\n      {\n        \""contact\"": \""barbara.perlman@corp.example\"",\n        \""phone\"": \""+43 782 3325\""\n      }\n    ],\n    \""employment\"": {\n      \""company\"": \""Naval Systems\"",\n      \""role\"": \""research lead\"",\n      \""years\"": 1\n    },\n    \""name\"": \""Barbara Perlman\""\n  }        \n\n}""]"
json,JSONAdapter(),case-0017,validation_error,ValidationError,1.55347206100123,1,json_object,0,10,0.0,False,,address.city;address.postcode;address.street;age;contacts[0].email;contacts[0].phone;employment.company;employment.role;employment.years;name,,1010,0,8,0.0,0,"[""{\n\n  \""record\"": {\n    \""name\"": \""Edsger Torvalds\"",\n    \""age\"": 69,\n    \""address\"": {\n      \""city\"": \""Paris\"",\n      \""postcode\"": \""75001\"",\n      \""street\"": \""12 Baker St\"",\n      \""required\"": [\""city\"", \""postcode\"", \""street\""]\n    },\n    \""contacts\"": [\n      {\n        \""contact\"": \""edsger.torvalds@corp.example\"",\n        \""type\"": \""email\"",\n        \""required\"": [\""contact\""]\n      }\n    ],\n    \""employment\"": {\n      \""company\"": \""Xerox PARC\"",\n      \""role\"": \""network designer\"",\n      \""years\"": 9,\n      \""required\"": [\""company\"", \""role\""]\n    },\n    \""phone\"": \""+33 1 44 55 6666\"",\n    \""email\"": \""edsger.torvalds@corp.example\""\n  }\n}""]"
json,JSONAdapter(),case-0018,ok,,1.460086252016481,1,json_object,7,12,0.5833,False,address.postcode,contacts[0].email;contacts[0].phone;tags[0];tags[1],,1009,7,11,0.6364,1,"[""{\n\n  \""record\"": {\n    \""name\"": \""Alan Hopper\"",\n    \""age\"": 48,\n    \""address\"": {\n      \""city\"": \""Paris\"",\n      \""postcode\"": \""75004\"",\n      \""street\"": \""1 Infinite Loop\"",\n      \""required\"": [\""city\"", \""postcode\"", \""street\""]\n    },\n    \""contact\"": {\n      \""email\"": \""alan.hopper@corp.example\"",\n      \""phone\"": \""+89 220 6315\"",\n      \""required\"": [\""email\""]\n    },\n    \""employment\"": {\n      \""company\"": \""Xerox PARC\"",\n      \""role\"": \""compiler architect\"",\n      \""years\"": 15,\n      \""required\"": [\""company\"", \""role\""]\n    },\n    \""interests\"": [\n      \""distributed-systems\"",\n      \""cryptography\""\n    ],\n    \""tags\"": []\n  }\n}""]"
json,JSONAdapter(),case-0019,validation_error,ValidationError,1.291844610008411,1,json_object,0,13,0.0,False,,address.city;address.postcode;address.street;age;contacts[0].email;contacts[0].phone;employment.company;employment.role;employment.years;name;tags[0];tags[1];tags[2],,984,0,12,0.0,0,"[""{\n\n  \""record\"": {\n    \""name\"": \""Ada Hopper\"",\n    \""age\"": 20,\n    \""address\"": {\n      \""city\"": \""Princeton\"",\n      \""postcode\"": \""40212\"",\n      \""street\"": \""5 Rue Lafayette\""\n    },\n    \""contacts\"": [\n      {\n        \""contact\"": \""ada.hopper@corp.example\"",\n        \""method\"": \""email\"",\n        \""type\"": \""phone\""\n      }\n    ],\n    \""employment\"": {\n      \""company\"": \""Analytical Engines Ltd\"",\n      \""role\"": \""compiler architect\"",\n      \""years\"": 14\n    },\n    \""interests\"": [\n      \""mathematics\"",\n      \""compilers\"",\n      \""cryptography\""\n    ]\n  }        }""]"
json,JSONAdapter(),case-0020,validation_error,ValidationError,1.1363301959936507,1,json_object,0,8,0.0,False,,address.city;address.postcode;address.street;age;employment;name;tags[0];tags[1],,930,0,6,0.0,0,"[""{\n\n  \""record\"": {\n    \""name\"": \""Alan Torvalds\"",\n    \""age\"": 70,\n    \""address\"": {\n      \""city\"": \""Paris\"",\n      \""postcode\"": \""75001\"",\n      \""street\"": \""7 Nassau St\""\n    },\n    \""contacts\"": [\n      {\n        \""contact\"": \""email\"",\n        \""phone\"": \""phone number\""\n      }\n    ],\n    \""employment\"": {\n      \""company\"": \""Linux Foundation\"",\n      \""role\"": \""Co-Founder\"",\n      \""years\"": 1991\n    },\n    \""tags\"": [\n      \""mathematics\"",\n      \""networking\""\n    ]\n  }\n}""]"
json,JSONAdapter(),case-0021,validation_error,ValidationError,1.720707142027095,1,json_object,0,13,0.0,False,,address.city;address.postcode;address.street;age;contacts[0].email;contacts[0].phone;contacts[1].email;contacts[1].phone;employment.company;employment.role;employment.years;name;tags[0],,1037,0,11,0.0,0,"[""{\n\n  \""record\"": {\n    \""name\"": \""Alan Dijkstra\"",\n    \""age\"": 47,\n    \""address\"": {\n      \""city\"": \""Osaka\"",\n      \""postcode\"": \""560-0001\"",\n      \""street\"": \""1 Infinite Loop\"",\n      \""required\"": [\""city\"", \""postcode\"", \""street\""]\n    },\n    \""contacts\"": [\n      {\n        \""contact\"": \""alan.dijkstra1@example.com\"",\n        \""phone\"": \""+75 538 2134\"",\n        \""required\"": [\""phone\""]\n      },\n      {\n        \""contact\"": \""alan.dijkstra@mail.test\"",\n        \""phone\"": null,\n        \""required\"": [\""phone\""]\n      }\n    ],\n    \""employment\"": {\n      \""company\"": \""Sun Micro\"",\n      \""role\"": \""research lead\"",\n      \""years\"": 17,\n      \""required\"": [\""company\"", \""role\"", \""years\""]\n    },\n    \""interests\"": \""cryptography\"",\n    \""tags\"": []\n  }\n}""]"
json,JSONAdapter(),case-0022,ok,,1.0398792650084943,1,json_object,5,8,0.625,False,address.street,contacts[0].email;contacts[0].phone,,939,4,7,0.5714,0,"[""{\n\n  \""record\"": {\n    \""name\"": \""Alan Johnson\"",\n    \""age\"": 88,\n    \""address\"": {\n      \""city\"": \""Osaka\"",\n      \""postcode\"": \""NW1 6XE\"",\n      \""street\"": \""Königsallee\"",\n      \""contact\"": {\n        \""email\"": \""alan.johnson@mail.test\"",\n        \""phone\"": \""+7 427 3934\""\n      },\n      \""employment\"": {\n        \""company\"": \""\"",\n        \""role\"": \""\"",\n        \""years\"": 0\n      },\n      \""tags\"": []\n    }\n  }\n}""]"
json,JSONAdapter(),case-0023,validation_error,ValidationError,1.593203125987202,1,json_object,0,15,0.0,False,,address.city;address.postcode;address.street;age;contacts[0].email;contacts[0].phone;contacts[1].email;contacts[1].phone;employment.company;employment.role;employment.years;name;tags[0];tags[1];tags[2],,1025,0,14,0.0,0,"[""{\n\n  \""record\"": {\n    \""name\"": \""Linus Hopper\"",\n    \""age\"": 25,\n    \""address\"": {\n      \""city\"": \""Paris\"",\n      \""postcode\"": \""75009\"",\n      \""street\"": \""88 Königsallee\""\n    },\n    \""contacts\"": [\n      {\n        \""contact\"": \""linus.hopper1@example.com\"",\n        \""phone\"": \""+91 610 7901\""\n      },\n      {\n        \""contact\"": \""linus.hopper@mail.test\"",\n        \""phone\"": null\n      }\n    ],\n    \""employment\"": {\n      \""company\"": \""Bell Labs\"",\n      \""role\"": \""network designer\"",\n      \""years\"": 1\n    },\n    \""interests\"": [\n      \""mathematics\"",\n      \""networking\"",\n      \""cryptography\""\n    ]\n  }        }""]"
json,JSONAdapter(),case-0024,ok,,1.3410103850183077,1,json_object,5,10,0.5,False,,employment.company;employment.role;employment.years;contacts[0].email;contacts[0].phone,employment,988,5,10,0.5,0,"[""{\n\n  \""record\"": {\n    \""name\"": \""Edsger Turing\"",\n    \""age\"": 56,\n    \""address\"": {\n      \""city\"": \""Osaka\"",\n      \""postcode\"": \""40212\"",\n      \""street\"": \""5 Rue Lafayette\"",\n      \""contact\"": {\n        \""email\"": \""edsger.turing@example.com\"",\n        \""phone\"": \""+22 603 8277\""\n      },\n      \""employment\"": {\n        \""company\"": \""Analytical Engines Ltd\"",\n        \""role\"": \""network designer\"",\n        \""years\"": 15\n      }\n    },\n    \""tags\"": [],\n    \""required\"": [\n      \""name\"",\n      \""age\"",\n      \""address\"",\n      \""contact\"",\n      \""employment\""\n    ]\n  }\n}""]"
json,JSONAdapter(),case-0025,validation_error,ValidationError,1.381084642955102,1,json_object,0,10,0.0,False,,address.city;address.postcode;address.street;age;contacts[0].email;contacts[0].phone;contacts[1].email;contacts[1].phone;employment;name,,989,0,8,0.0,0,"[""{\n\n  \""record\"": {\n    \""name\"": \""Edsger Lovelace\"",\n    \""age\"": 41,\n    \""address\"": {\n      \""city\"": \""London\"",\n      \""postcode\"": \""40212\"",\n      \""street\"": \""88 Königsallee\""\n    },\n    \""contacts\"": [\n      {\n        \""contact\"": \""edsger.lovelace@post.example\"",\n        \""phone\"": \""+16 689 4229\""\n      },\n      {\n        \""contact\"": \""edsger.lovelace1@corp.example\"",\n        \""phone\"": null\n      }\n    ],\n    \""employment\"": {\n      \""company\"": \""Post.example\"",\n      \""role\"": \""Software Engineer\"",\n      \""years\"": 50\n    },\n    \""tags\"": []\n  }\n}""]"
json,JSONAdapter(),case-0026,validation_error,ValidationError,1.3038343379739672,1,json_object,0,12,0.0,False,,address.city;address.postcode;address.street;age;contacts[0].email;contacts[0].phone;employment.company;employment.role;employment.years;name;tags[0];tags[1],,978,0,11,0.0,0,"[""{\n\n  \""record\"": {\n    \""name\"": \""Katherine Johnson\"",\n    \""age\"": 21,\n    \""address\"": {\n      \""city\"": \""Kraków\"",\n      \""postcode\"": \""08540\"",\n      \""street\"": \""12 Baker St\""\n    },\n    \""contacts\"": [\n      {\n        \""contact\"": \""katherine.johnson@post.example\"",\n        \""method\"": \""email\"",\n        \""phone\"": null\n      }\n    ],\n    \""employment\"": {\n      \""company\"": \""Sun Micro\"",\n      \""role\"": \""research lead\"",\n      \""years\"": 21\n    },\n    \""interests\"": [\n      \""networking\"",\n      \""cryptography\""\n    ]\n  }        }""]"
json,JSONAdapter(),case-0027,validation_error,ValidationError,1.1547852590447292,1,json_object,0,10,0.0,False,,address.city;address.postcode;address.street;age;employment.company;employment.role;employment.years;name;tags[0];tags[1],,951,0,9,0.0,0,"[""{\n\n  \""record\"": {\n    \""name\"": \""Radia Torvalds\"",\n    \""age\"": 49,\n    \""address\"": {\n      \""city\"": \""Düsseldorf\"",\n      \""postcode\"": \""40237\"",\n      \""street\"": \""7 Nassau St\""\n    },\n    \""contacts\"": [\n      {\n        \""contact\"": \""email\"",\n        \""phone\"": \""phone\""\n      }\n    ],\n    \""employment\"": {\n      \""company\"": \""Bell Labs\"",\n      \""role\"": \""compiler architect\"",\n      \""years\"": 27\n    },\n    \""interests\"": [\n      \""networking\"",\n      \""cryptography\""\n    ]\n  }\n}""]"
json,JSONAdapter(),case-0028,ok,,1.1090067069744691,1,json_object,6,9,0.6667,False,,contacts[0].email;contacts[0].phone;tags[0],,947,5,8,0.625,0,"[""{\n\n  \""record\"": {\n    \""name\"": \""Grace Turing\"",\n    \""age\"": 42,\n    \""address\"": {\n      \""city\"": \""Osaka\"",\n      \""postcode\"": \""95014\"",\n      \""street\"": \""1 Infinite Loop\"",\n      \""contact\"": {\n        \""email\"": \""grace.turing@mail.test\"",\n        \""phone\"": \""+51 266 3147\""\n      },\n      \""employment\"": {\n        \""company\"": \""\"",\n        \""role\"": \""\"",\n        \""years\"": 0\n      },\n      \""tags\"": []\n    },\n    \""interests\"": \""distributed-systems\""\n  }\n}""]"
json,JSONAdapter(),case-0029,validation_error,ValidationError,1.5537777820136398,1,json_object,0,11,0.0,False,,address.city;address.postcode;address.street;age;employment.company;employment.role;employment.years;name;tags[0];tags[1];tags[2],,1008,0,11,0.0,0,"[""{\n\n  \""record\"": {\n    \""name\"": \""Grace Liskov\"",\n    \""age\"": 28,\n    \""address\"": {\n      \""city\"": \""Cupertino\"",\n      \""postcode\"": \""95014\"",\n      \""street\"": \""88 Königsallee\""\n    },\n    \""contacts\"": [\n      {\n        \""contactMethod\"": \""email\"",\n        \""email\"": \""grace.liskov@analyzinge engines.com\""\n      },\n      {\n        \""contactMethod\"": \""phone\"",\n        \""phone\"": \""+49 161 12345678\""\n      }\n    ],\n    \""employment\"": {\n      \""company\"": \""Analytical Engines Ltd\"",\n      \""role\"": \""staff engineer\"",\n      \""years\"": 4\n    },\n    \""interests\"": [\n      \""networking\"",\n      \""cryptography\"",\n      \""distributed-systems\""\n    ]\n  } \n\n}""]"
json-constrained,ConstrainedJSONAdapter(),case-0000,ok,,1.5224584640236571,1,json_schema,7,12,0.5833,False,contacts[0].phone;contacts[1].phone,employment;tags[0];tags[1],employment.company;employment.role;employment.years,1000,7,10,0.7,2,"[""{\n\n  \""record\"": {\n    \""name\"": \""Edsger Dijkstra\"",\n    \""age\"": 57,\n    \""address\"": {\n      \""street\"": \""88 Königsallee\"",\n      \""city\"": \""Cupertino\"",\n      \""postcode\"": \""40212\""\n    },\n    \""employment\"": {\n      \""company\"": \""no company\"",\n      \""role\"": \""no role\"",\n      \""years\"": 0\n    },\n    \""contacts\"": [\n      {\n        \""email\"": \""edsger.dijkstra@mail.test\"",\n        \""phone\"": \""+13 733 5104\""\n      },\n      {\n        \""email\"": \""edsger.dijkstra1@corp.example\"",\n        \""phone\"": \""phone +13 733 5104\""\n      }\n    ],\n    \""tags\"": []\n  }\n}""]"
json-constrained,ConstrainedJSONAdapter(),case-0001,ok,,1.5639536859816872,1,json_schema,14,14,1.0,True,,,,1022,14,14,1.0,0,"[""{\n\n  \""record\"": {\n    \""name\"": \""Alan Hopper\"",\n    \""age\"": 20,\n    \""address\"": {\n      \""street\"": \""1 Infinite Loop\"",\n      \""city\"": \""Osaka\"",\n      \""postcode\"": \""75009\""\n    },\n    \""employment\"": {\n      \""company\"": \""Analytical Engines Ltd\"",\n      \""role\"": \""network designer\"",\n      \""years\"": 1\n    },\n    \""contacts\"": [\n      {\n        \""email\"": \""alan.hopper@post.example\"",\n        \""phone\"": \""+98 885 1034\""\n      },\n      {\n        \""email\"": \""alan.hopper1@post.example\"",\n        \""phone\"": \""+30 705 2674\""\n      }\n    ],\n    \""tags\"": [\""compilers\"", \""mathematics\""]\n  } }""]"
json-constrained,ConstrainedJSONAdapter(),case-0002,ok,,1.302247677987907,1,json_schema,8,10,0.8,False,contacts[0].phone,employment,employment.company;employment.role;employment.years,944,8,8,1.0,2,"[""{\n\n  \""record\"": {\n    \""name\"": \""Ada Hopper\"",\n    \""age\"": 68,\n    \""address\"": {\n      \""street\"": \""7 Nassau St\"",\n      \""city\"": \""Paris\"",\n      \""postcode\"": \""08540\""\n    },\n    \""employment\"": {\n      \""company\"": \""N/A\"",\n      \""role\"": \""N/A\"",\n      \""years\"": 0\n    },\n    \""contacts\"": [\n      {\n        \""email\"": \""ada.hopper@example.com\"",\n        \""phone\"": \""N/A\""\n      }\n    ],\n    \""tags\"": [\n      \""cryptography\"",\n      \""networking\""\n    ]\n  }\n}""]"
json-constrained,ConstrainedJSONAdapter(),case-0003,ok,,1.3110878059524111,1,json_schema,11,11,1.0,False,,,contacts[0].email;contacts[0].phone,971,11,11,1.0,0,"[""{\n\n  \""record\"": {\n    \""name\"": \""Katherine Turing\"",\n    \""age\"": 37,\n    \""address\"": {\n      \""street\"": \""12 Baker St\"",\n      \""city\"": \""Osaka\"",\n      \""postcode\"": \""95014\""\n    },\n    \""employment\"": {\n      \""company\"": \""Bell Labs\"",\n      \""role\"": \""research lead\"",\n      \""years\"": 7\n    },\n    \""contacts\"": [\n      {\n        \""email\"": \""katherine.turing@bell-labs.com\"",\n        \""phone\"": \""1234567890\""\n      }\n    ],\n    \""tags\"": [\n      \""networking\"",\n      \""distributed-systems\"",\n      \""cryptography\""\n    ]\n  }\n}""]"
json-constrained,ConstrainedJSONAdapter(),case-0004,ok,,1.1902587040094659,1,json_schema,10,10,1.0,True,,,,963,10,10,1.0,0,"[""{\n\n  \""record\"": {\n    \""name\"": \""Katherine Torvalds\"",\n    \""age\"": 40,\n    \""address\"": {\n      \""street\"": \""12 Baker St\"",\n      \""city\"": \""London\"",\n      \""postcode\"": \""95014\""\n    },\n    \""employment\"": {\n      \""company\"": \""Sun Micro\"",\n      \""role\"": \""compiler architect\"",\n      \""years\"": 26\n    },\n    \""contacts\"": [\n      {\n        \""email\"": \""katherine.torvalds@example.com\"",\n        \""phone\"": \""+69 468 5533\""\n      }\n    ],\n    \""tags\"": []\n  }\n}""]"
json-constrained,ConstrainedJSONAdapter(),case-0005,ok,,1.3798651120159775,1,json_schema,6,8,0.75,False,address.postcode,employment,contacts[0].email;contacts[0].phone;employment.company;employment.role;employment.years,940,6,6,1.0,2,"[""{\n\n  \""record\"": {\n    \""name\"": \""Linus Liskov\"",\n    \""age\"": 32,\n    \""address\"": {\n      \""street\"": \""5 Rue Lafayette\"",\n      \""city\"": \""Kraków\"",\n      \""postcode\"": \""01-12345\""\n    },\n    \""employment\"": {\n      \""company\"": \""Google\"",\n      \""role\"": \""Software Engineer\"",\n      \""years\"": 20\n    },\n    \""contacts\"": [\n      {\n        \""email\"": \""linus@google.com\"",\n        \""phone\"": \""+48 1234567890\""\n      }\n    ],\n    \""tags\"": [\n      \""mathematics\"",\n      \""cryptography\""\n    ]\n  }\n}""]"
json-constrained,ConstrainedJSONAdapter(),case-0006,ok,,1.2409585919813253,1,json_schema,9,13,0.6923,False,address.postcode,tags[0];tags[1];tags[2],,962,9,12,0.75,1,"[""{\n\n  \""record\"": {\n    \""name\"": \""Grace Perlman\"",\n    \""age\"": 90,\n    \""address\"": {\n      \""street\"": \""1 Infinite Loop\"",\n      \""city\"": \""Osaka\"",\n      \""postcode\"": \""560-0001\""\n    },\n    \""employment\"": {\n      \""company\"": \""Bell Labs\"",\n      \""role\"": \""compiler architect\"",\n      \""years\"": 25\n    },\n    \""contacts\"": [\n      {\n        \""email\"": \""grace.perlman@example.com\"",\n        \""phone\"": \""+26 847 7783\""\n      }\n    ],\n    \""tags\"": []\n  }\n}""]"
json-constrained,ConstrainedJSONAdapter(),case-0007,ok,,0.8952182800276205,1,json_schema,8,10,0.8,False,,tags[0];tags[1],,922,8,10,0.8,0,"[""{\n\n  \""record\"": {\n    \""name\"": \""Barbara Turing\"",\n    \""age\"": 26,\n    \""address\"": {\n      \""street\"": \""7 Nassau St\"",\n      \""city\"": \""London\"",\n      \""postcode\"": \""08540\""\n    },\n    \""employment\"": {\n      \""company\"": \""Naval Systems\"",\n      \""role\"": \""staff engineer\"",\n      \""years\"": 3\n    },\n    \""contacts\"": [],\n    \""tags\"": []\n  }\n}""]"
json-constrained,ConstrainedJSONAdapter(),case-0008,ok,,1.3040136359632015,1,json_schema,7,8,0.875,False,address.postcode,,contacts[0].email;contacts[0].phone,943,7,7,1.0,1,"[""{\n\n  \""record\"": {\n    \""name\"": \""Katherine Liskov\"",\n    \""age\"": 21,\n    \""address\"": {\n      \""street\"": \""5 Rue Lafayette\"",\n      \""city\"": \""Paris\"",\n      \""postcode\"": \""75001\""\n    },\n    \""employment\"": {\n      \""company\"": \""Sun Micro\"",\n      \""role\"": \""research lead\"",\n      \""years\"": 13\n    },\n    \""contacts\"": [\n      {\n        \""email\"": \""katherine.liskov@example.com\"",\n        \""phone\"": \""+33 1 44 55 66 00\""\n      }\n    ],\n    \""tags\"": []\n  }\n}""]"
json-constrained,ConstrainedJSONAdapter(),case-0009,ok,,0.8975310369860381,1,json_schema,8,10,0.8,False,,tags[0];tags[1],,930,8,10,0.8,0,"[""{\n\n  \""record\"": {\n    \""name\"": \""Radia Liskov\"",\n    \""age\"": 66,\n    \""address\"": {\n      \""street\"": \""7 Nassau St\"",\n      \""city\"": \""Cupertino\"",\n      \""postcode\"": \""08540\""\n    },\n    \""employment\"": {\n      \""company\"": \""Analytical Engines Ltd\"",\n      \""role\"": \""compiler architect\"",\n      \""years\"": 18\n    },\n    \""contacts\"": [],\n    \""tags\"": []\n  }\n}""]"
json-constrained,ConstrainedJSONAdapter(),case-0010,ok,,1.2806906609912403,1,json_schema,8,14,0.5714,False,address.street;contacts[0].email,contacts[1].email;contacts[1].phone;tags[0];tags[1],,988,8,13,0.6154,0,"[""{\n\n  \""record\"": {\n    \""name\"": \""Ada Dijkstra\"",\n    \""age\"": 66,\n    \""address\"": {\n      \""street\"": \""Königsallee\"",\n      \""city\"": \""Kraków\"",\n      \""postcode\"": \""75009\""\n    },\n    \""employment\"": {\n      \""company\"": \""Analytical Engines Ltd\"",\n      \""role\"": \""network designer\"",\n      \""years\"": 11\n    },\n    \""contacts\"": [\n      {\n        \""email\"": \""ada.dijkstra1@post.example.com\"",\n        \""phone\"": \""+96 469 1730\""\n      }\n    ],\n    \""tags\"": []\n  }\n}""]"
json-constrained,ConstrainedJSONAdapter(),case-0011,ok,,1.2352876869845204,1,json_schema,7,9,0.7778,False,,employment;tags[0],employment.company;employment.role;employment.years,954,7,8,0.875,1,"[""{\n\n  \""record\"": {\n    \""name\"": \""Radia Perlman\"",\n    \""age\"": 23,\n    \""address\"": {\n      \""street\"": \""7 Nassau St\"",\n      \""city\"": \""Cupertino\"",\n      \""postcode\"": \""08540\""\n    },\n    \""employment\"": {\n      \""company\"": \""MIT\"",\n      \""role\"": \""Professor\"",\n      \""years\"": 50\n    },\n    \""contacts\"": [\n      {\n        \""email\"": \""radia.perlman@mail.test\"",\n        \""phone\"": \""+39 245 2485\""\n      }\n    ],\n    \""tags\"": []\n  }\n}""]"
json-constrained,ConstrainedJSONAdapter(),case-0012,ok,,1.346337257011328,1,json_schema,10,12,0.8333,False,address.postcode;contacts[0].phone,,,973,10,10,1.0,2,"[""{\n\n  \""record\"": {\n    \""name\"": \""Radia Torvalds\"",\n    \""age\"": 89,\n    \""address\"": {\n      \""street\"": \""12 Baker St\"",\n      \""city\"": \""Düsseldorf\"",\n      \""postcode\"": \""40211\""\n    },\n    \""employment\"": {\n      \""company\"": \""Xerox PARC\"",\n      \""role\"": \""compiler architect\"",\n      \""years\"": 21\n    },\n    \""contacts\"": [\n      {\n        \""email\"": \""radia.torvalds@post.example\"",\n        \""phone\"": \""not available\""\n      }\n    ],\n    \""tags\"": [\n      \""distributed-systems\"",\n      \""cryptography\""\n    ]\n  }\n}""]"
json-constrained,ConstrainedJSONAdapter(),case-0013,ok,,1.2054355849977583,1,json_schema,9,11,0.8182,False,address.postcode,tags[0],,950,8,9,0.8889,1,"[""{\n\n  \""record\"": {\n    \""name\"": \""Linus Torvalds\"",\n    \""age\"": 55,\n    \""address\"": {\n      \""street\"": \""5 Rue Lafayette\"",\n      \""city\"": \""Osaka\"",\n      \""postcode\"": \""542-0081\""\n    },\n    \""employment\"": {\n      \""company\"": \""Naval Systems\"",\n      \""role\"": \""research lead\"",\n      \""years\"": 5\n    },\n    \""contacts\"": [\n      {\n        \""email\"": \""linus.torvalds@example.com\"",\n        \""phone\"": null\n      }\n    ],\n    \""tags\"": []\n  }\n}""]"
json-constrained,ConstrainedJSONAdapter(),case-0014,ok,,1.20156950695673,1,json_schema,8,10,0.8,False,,tags[0];tags[1],contacts[0].email;contacts[0].phone,951,8,10,0.8,0,"[""{\n\n  \""record\"": {\n    \""name\"": \""Grace Johnson\"",\n    \""age\"": 63,\n    \""address\"": {\n      \""street\"": \""88 Königsallee\"",\n      \""city\"": \""Cupertino\"",\n      \""postcode\"": \""95014\""\n    },\n    \""employment\"": {\n      \""company\"": \""Xerox PARC\"",\n      \""role\"": \""staff engineer\"",\n      \""years\"": 9\n    },\n    \""contacts\"": [\n      {\n        \""email\"": \""grace.johnson@example.com\"",\n        \""phone\"": \""123-456-7890\""\n      }\n    ],\n    \""tags\"": []\n  }\n}""]"
json-constrained,ConstrainedJSONAdapter(),case-0015,ok,,1.1927299079834484,1,json_schema,10,10,1.0,True,,,,962,10,10,1.0,0,"[""{\n\n  \""record\"": {\n    \""name\"": \""Katherine Lovelace\"",\n    \""age\"": 51,\n    \""address\"": {\n      \""street\"": \""12 Baker St\"",\n      \""city\"": \""Osaka\"",\n      \""postcode\"": \""75009\""\n    },\n    \""employment\"": {\n      \""company\"": \""Bell Labs\"",\n      \""role\"": \""research lead\"",\n      \""years\"": 4\n    },\n    \""contacts\"": [\n      {\n        \""email\"": \""katherine.lovelace@corp.example\"",\n        \""phone\"": \""+46 387 7427\""\n      }\n    ],\n    \""tags\"": []\n  }\n}""]"
json-constrained,ConstrainedJSONAdapter(),case-0016,ok,,1.4909049550187774,1,json_schema,8,12,0.6667,False,contacts[0].email;contacts[0].phone;contacts[1].email;contacts[1].phone,,,1018,8,12,0.6667,0,"[""{\n\n  \""record\"": {\n    \""name\"": \""Barbara Perlman\"",\n    \""age\"": 20,\n    \""address\"": {\n      \""street\"": \""1 Infinite Loop\"",\n      \""city\"": \""Osaka\"",\n      \""postcode\"": \""40212\""\n    },\n    \""employment\"": {\n      \""company\"": \""Naval Systems\"",\n      \""role\"": \""research lead\"",\n      \""years\"": 1\n    },\n    \""contacts\"": [\n      {\n        \""email\"": \""barbara.perlman1@corp.example\"",\n        \""phone\"": \""+29 717 5153\""\n      },\n      {\n        \""email\"": \""barbara.perlman@corp.example\"",\n        \""phone\"": \""+43 782 3325\""\n      }\n    ],\n    \""tags\"": []\n  }\n}""]"
json-constrained,ConstrainedJSONAdapter(),case-0017,ok,,1.2710757220047526,1,json_schema,8,10,0.8,False,address.postcode;contacts[0].phone,,,954,8,8,1.0,2,"[""{\n\n  \""record\"": {\n    \""name\"": \""Edsger Torvalds\"",\n    \""age\"": 69,\n    \""address\"": {\n      \""street\"": \""12 Baker St\"",\n      \""city\"": \""Paris\"",\n      \""postcode\"": \""12345\""\n    },\n    \""employment\"": {\n      \""company\"": \""Xerox PARC\"",\n      \""role\"": \""network designer\"",\n      \""years\"": 9\n    },\n    \""contacts\"": [\n      {\n        \""email\"": \""edsger.torvalds@corp.example\"",\n        \""phone\"": \""phone number\""\n      }\n    ],\n    \""tags\"": []\n  }\n}""]"
json-constrained,ConstrainedJSONAdapter(),case-0018,ok,,1.229803691036068,1,json_schema,9,12,0.75,False,address.postcode,tags[0];tags[1],,964,9,11,0.8182,1,"[""{\n\n  \""record\"": {\n    \""name\"": \""Alan Hopper\"",\n    \""age\"": 48,\n    \""address\"": {\n      \""street\"": \""1 Infinite Loop\"",\n      \""city\"": \""Paris\"",\n      \""postcode\"": \""10113\""\n    },\n    \""employment\"": {\n      \""company\"": \""Xerox PARC\"",\n      \""role\"": \""compiler architect\"",\n      \""years\"": 15\n    },\n    \""contacts\"": [\n      {\n        \""email\"": \""alan.hopper@corp.example\"",\n        \""phone\"": \""+89 220 6315\""\n      }\n    ],\n    \""tags\"": []\n  }\n}""]"
json-constrained,ConstrainedJSONAdapter(),case-0019,ok,,1.162335358967539,1,json_schema,10,13,0.7692,False,,tags[0];tags[1];tags[2],,957,9,12,0.75,0,"[""{\n\n  \""record\"": {\n    \""name\"": \""Ada Hopper\"",\n    \""age\"": 20,\n    \""address\"": {\n      \""street\"": \""5 Rue Lafayette\"",\n      \""city\"": \""Princeton\"",\n      \""postcode\"": \""40212\""\n    },\n    \""employment\"": {\n      \""company\"": \""Analytical Engines Ltd\"",\n      \""role\"": \""compiler architect\"",\n      \""years\"": 14\n    },\n    \""contacts\"": [\n      {\n        \""email\"": \""ada.hopper@corp.example\"",\n        \""phone\"": null\n      }\n    ],\n    \""tags\"": []\n  }\n}""]"
json-constrained,ConstrainedJSONAdapter(),case-0020,ok,,1.3702929110149853,1,json_schema,6,8,0.75,False,address.postcode,employment,contacts[0].email;contacts[0].phone;employment.company;employment.role;employment.years,941,6,6,1.0,2,"[""{\n\n  \""record\"": {\n    \""name\"": \""Alan Torvalds\"",\n    \""age\"": 70,\n    \""address\"": {\n      \""street\"": \""7 Nassau St\"",\n      \""city\"": \""Paris\"",\n      \""postcode\"": \""75001\""\n    },\n    \""employment\"": {\n      \""company\"": \""Linux Foundation\"",\n      \""role\"": \""Co-Founder\"",\n      \""years\"": 20\n    },\n    \""contacts\"": [\n      {\n        \""email\"": \""alan@torvalds.net\"",\n        \""phone\"": \""+1 415 362 1234\""\n      }\n    ],\n    \""tags\"": [\n      \""mathematics\"",\n      \""networking\""\n    ]\n  }\n}""]"
json-constrained,ConstrainedJSONAdapter(),case-0021,ok,,1.390377416042611,1,json_schema,7,13,0.5385,False,address.postcode;contacts[0].email;contacts[0].phone;contacts[1].email;contacts[1].phone,tags[0],,988,7,11,0.6364,2,"[""{\n\n  \""record\"": {\n    \""name\"": \""Alan Dijkstra\"",\n    \""age\"": 47,\n    \""address\"": {\n      \""street\"": \""1 Infinite Loop\"",\n      \""city\"": \""Osaka\"",\n      \""postcode\"": \""560-0001\""\n    },\n    \""employment\"": {\n      \""company\"": \""Sun Micro\"",\n      \""role\"": \""research lead\"",\n      \""years\"": 17\n    },\n    \""contacts\"": [\n      {\n        \""email\"": \""alan.dijkstra1@example.com\"",\n        \""phone\"": \""+75 538 2134\""\n      },\n      {\n        \""email\"": \""alan.dijkstra@mail.test\"",\n        \""phone\"": null\n      }\n    ],\n    \""tags\"": []\n  }\n}""]"
json-constrained,ConstrainedJSONAdapter(),case-0022,ok,,1.1963211560505442,1,json_schema,7,8,0.875,False,,employment,employment.company;employment.role;employment.years,948,7,7,1.0,1,"[""{\n\n  \""record\"": {\n    \""name\"": \""Alan Johnson\"",\n    \""age\"": 88,\n    \""address\"": {\n      \""street\"": \""88 Königsallee\"",\n      \""city\"": \""Osaka\"",\n      \""postcode\"": \""NW1 6XE\""\n    },\n    \""employment\"": {\n      \""company\"": \""Unknown\"",\n      \""role\"": \""Unknown\"",\n      \""years\"": 0\n    },\n    \""contacts\"": [\n      {\n        \""email\"": \""alan.johnson@mail.test\"",\n        \""phone\"": \""+7 427 3934\""\n      }\n    ],\n    \""tags\"": []\n  }\n}""]"
json-constrained,ConstrainedJSONAdapter(),case-0023,ok,,1.4467049629893154,1,json_schema,8,15,0.5333,False,contacts[0].email;contacts[0].phone;contacts[1].email;contacts[1].phone,tags[0];tags[1];tags[2],,1006,8,14,0.5714,1,"[""{\n\n  \""record\"": {\n    \""name\"": \""Linus Hopper\"",\n    \""age\"": 25,\n    \""address\"": {\n      \""street\"": \""88 Königsallee\"",\n      \""city\"": \""Paris\"",\n      \""postcode\"": \""75009\""\n    },\n    \""employment\"": {\n      \""company\"": \""Bell Labs\"",\n      \""role\"": \""network designer\"",\n      \""years\"": 1\n    },\n    \""contacts\"": [\n      {\n        \""email\"": \""linus.hopper1@example.com\"",\n        \""phone\"": \""+91 610 7901\""\n      },\n      {\n        \""email\"": \""linus.hopper@mail.test\"",\n        \""phone\"": null\n      }\n    ],\n    \""tags\"": []\n  }\n}""]"
json-constrained,ConstrainedJSONAdapter(),case-0024,ok,,1.232796963013243,1,json_schema,10,10,1.0,True,,,,965,10,10,1.0,0,"[""{\n\n  \""record\"": {\n    \""name\"": \""Edsger Turing\"",\n    \""age\"": 56,\n    \""address\"": {\n      \""street\"": \""5 Rue Lafayette\"",\n      \""city\"": \""Osaka\"",\n      \""postcode\"": \""40212\""\n    },\n    \""employment\"": {\n      \""company\"": \""Analytical Engines Ltd\"",\n      \""role\"": \""network designer\"",\n      \""years\"": 15\n    },\n    \""contacts\"": [\n      {\n        \""email\"": \""edsger.turing@example.com\"",\n        \""phone\"": \""+22 603 8277\""\n      }\n    ],\n    \""tags\"": []\n  }\n}""]"
json-constrained,ConstrainedJSONAdapter(),case-0025,ok,,1.4490038829972036,1,json_schema,9,10,0.9,False,,employment,employment.company;employment.role;employment.years,987,8,8,1.0,1,"[""{\n\n  \""record\"": {\n    \""name\"": \""Edsger Lovelace\"",\n    \""age\"": 41,\n    \""address\"": {\n      \""street\"": \""88 Königsallee\"",\n      \""city\"": \""London\"",\n      \""postcode\"": \""40212\""\n    },\n    \""employment\"": {\n      \""company\"": \""None\"",\n      \""role\"": \""None\"",\n      \""years\"": 0\n    },\n    \""contacts\"": [\n      {\n        \""email\"": \""edsger.lovelace@post.example\"",\n        \""phone\"": \""+16 689 4229\""\n      },\n      {\n        \""email\"": \""edsger.lovelace1@corp.example\"",\n        \""phone\"": null\n      }\n    ],\n    \""tags\"": []\n  }\n}""]"
json-constrained,ConstrainedJSONAdapter(),case-0026,ok,,1.232287292019464,1,json_schema,9,12,0.75,False,contacts[0].phone,tags[0];tags[1],,959,9,11,0.8182,1,"[""{\n\n  \""record\"": {\n    \""name\"": \""Katherine Johnson\"",\n    \""age\"": 21,\n    \""address\"": {\n      \""street\"": \""12 Baker St\"",\n      \""city\"": \""Kraków\"",\n      \""postcode\"": \""08540\""\n    },\n    \""employment\"": {\n      \""company\"": \""Sun Micro\"",\n      \""role\"": \""research lead\"",\n      \""years\"": 21\n    },\n    \""contacts\"": [\n      {\n        \""email\"": \""katherine.johnson@post.example\"",\n        \""phone\"": \""phone number\""\n      }\n    ],\n    \""tags\"": []\n  }\n}""]"
json-constrained,ConstrainedJSONAdapter(),case-0027,ok,,1.3898305959883146,1,json_schema,9,10,0.9,False,address.postcode,,contacts[0].email;contacts[0].phone,966,9,9,1.0,1,"[""{\n\n  \""record\"": {\n    \""name\"": \""Radia Torvalds\"",\n    \""age\"": 49,\n    \""address\"": {\n      \""street\"": \""7 Nassau St\"",\n      \""city\"": \""Düsseldorf\"",\n      \""postcode\"": \""40231\""\n    },\n    \""employment\"": {\n      \""company\"": \""Bell Labs\"",\n      \""role\"": \""compiler architect\"",\n      \""years\"": 27\n    },\n    \""contacts\"": [\n      {\n        \""email\"": \""radia.torvalds@mit.edu\"",\n        \""phone\"": \""+1 212 255 5000\""\n      }\n    ],\n    \""tags\"": [\n      \""networking\"",\n      \""cryptography\""\n    ]\n  }\n}""]"
json-constrained,ConstrainedJSONAdapter(),case-0028,ok,,1.1996192749938928,1,json_schema,7,9,0.7778,False,,employment;tags[0],employment.company;employment.role;employment.years,947,7,8,0.875,1,"[""{\n\n  \""record\"": {\n    \""name\"": \""Grace Turing\"",\n    \""age\"": 42,\n    \""address\"": {\n      \""street\"": \""1 Infinite Loop\"",\n      \""city\"": \""Osaka\"",\n      \""postcode\"": \""95014\""\n    },\n    \""employment\"": {\n      \""company\"": \""N/A\"",\n      \""role\"": \""N/A\"",\n      \""years\"": 0\n    },\n    \""contacts\"": [\n      {\n        \""email\"": \""grace.turing@mail.test\"",\n        \""phone\"": \""+51 266 3147\""\n      }\n    ],\n    \""tags\"": []\n  }\n}""]"
json-constrained,ConstrainedJSONAdapter(),case-0029,ok,,1.5105412909761071,1,json_schema,11,11,1.0,False,,,contacts[0].email;contacts[0].phone,987,11,11,1.0,0,"[""{\n\n  \""record\"": {\n    \""name\"": \""Grace Liskov\"",\n    \""age\"": 28,\n    \""address\"": {\n      \""street\"": \""88 Königsallee\"",\n      \""city\"": \""Cupertino\"",\n      \""postcode\"": \""95014\""\n    },\n    \""employment\"": {\n      \""company\"": \""Analytical Engines Ltd\"",\n      \""role\"": \""staff engineer\"",\n      \""years\"": 4\n    },\n    \""contacts\"": [\n      {\n        \""email\"": \""grace.liskov@analyticalengines.com\"",\n        \""phone\"": \""+49 911 543 210\""\n      }\n    ],\n    \""tags\"": [\n      \""networking\"",\n      \""cryptography\"",\n      \""distributed-systems\""\n    ]\n  }\n}""]"
sola-jsonish-rescue,"StructuredOutputAdapter(output_mode=JSONISH, prompt_layout=SECTIONS, parse_config=ParseConfig())",case-0000,parse_error,AdapterParseError,1.7436609279830009,1,json_object,0,12,0.0,False,,address.city;address.postcode;address.street;age;contacts[0].email;contacts[0].phone;contacts[1].email;contacts[1].phone;employment;name;tags[0];tags[1],,579,0,10,0.0,0,"[""{\n\n\""record\"": {\n\n\""name\"": \""Edsger Dijkstra\"",\n\n\""age\"": 57,\n\n\""address\"": {\n\n\""street\"": \""88 Königsallee\"",\n\n\""city\"": \""Cupertino\"",\n\n\""postcode\"": \""40212\""\n\n},\n\n\""employment\"": {\n\n\""company\"": \""None\"",\n\n\""role\"": \""Distributed-systems\"",\n\n\""years\"": 0\n\n},\n\n\""contacts\"": {\n\n\""email\"": \""edsger.dijkstra@mail.test\"",\n\n\""phone\"": \""+13 733 5104\"",\n\n\""contact\"": \""edsger.dijkstra1@corp.example\""\n\n},\n\n\""tags\"": []\n\n} \n\n \n   \n\n\n   \n\n\n   \n\n\n   \n\n\n   \n\n\n   \n\n\n   \n\n\n   \n\n\n   \n\n\n   \n\n\n   \n\n\n   \n\n\n   \n\n\n   \n\n\n   ""]"
sola-jsonish-rescue,"StructuredOutputAdapter(output_mode=JSONISH, prompt_layout=SECTIONS, parse_config=ParseConfig())",case-0001,ok,,1.450610243016854,1,json_object,14,14,1.0,True,,,,628,14,14,1.0,0,"[""{\n\n  \""record\"": {\n    \""name\"": \""Alan Hopper\"",\n    \""age\"": 20,\n    \""address\"": {\n      \""street\"": \""1 Infinite Loop\"",\n      \""city\"": \""Osaka\"",\n      \""postcode\"": \""75009\""\n    },\n    \""employment\"": {\n      \""company\"": \""Analytical Engines Ltd\"",\n      \""role\"": \""network designer\"",\n      \""years\"": 1\n    },\n    \""contacts\"": [\n      {\n        \""email\"": \""alan.hopper@post.example\"",\n        \""phone\"": \""+98 885 1034\""\n      },\n      {\n        \""email\"": \""alan.hopper1@post.example\"",\n        \""phone\"": \""+30 705 2674\""\n      }\n    ],\n    \""tags\"": [\""compilers\"", \""mathematics\""]\n  }\n}""]"
sola-jsonish-rescue,"StructuredOutputAdapter(output_mode=JSONISH, prompt_layout=SECTIONS, parse_config=ParseConfig())",case-0002,validation_error,ValidationError,1.0673813569592312,1,json_object,0,10,0.0,False,,address.city;address.postcode;address.street;age;contacts[0].email;contacts[0].phone;employment;name;tags[0];tags[1],,525,0,8,0.0,0,"[""{\n\n\""record\"": {\n\n\""name\"": \""Ada Hopper\"",\n\n\""age\"": 68,\n\n\""address\"": {\n\n\""street\"": \""7 Nassau St\"",\n\n\""city\"": \""Paris\"",\n\n\""postcode\"": \""08540\""\n\n},\n\n\""employment\"": {\n\n\""company\"": \""Nassau St\"",\n\n\""role\"": \""Unknown\"",\n\n\""years\"": 0\n\n},\n\n\""contacts\"": {\n\n\""email\"": \""ada.hopper@example.com\"",\n\n\""phone\"": \""null\""\n\n},\n\n\""tags\"": [\""cryptography\"", \""networking\""]\n\n} \n\n \n  }""]"
sola-jsonish-rescue,"StructuredOutputAdapter(output_mode=JSONISH, prompt_layout=SECTIONS, parse_config=ParseConfig())",case-0003,ok,,1.2650697610224597,1,json_object,11,11,1.0,False,,,contacts[0].email;contacts[0].phone,571,11,11,1.0,0,"[""{\n\n  \""record\"": {\n    \""name\"": \""Katherine Turing\"",\n    \""age\"": 37,\n    \""address\"": {\n      \""street\"": \""12 Baker St\"",\n      \""city\"": \""Osaka\"",\n      \""postcode\"": \""95014\""\n    },\n    \""employment\"": {\n      \""company\"": \""Bell Labs\"",\n      \""role\"": \""research lead\"",\n      \""years\"": 7\n    },\n    \""contacts\"": [\n      {\n        \""email\"": \""katherine.turing@bell-labs.com\"",\n        \""phone\"": \""1234567890\""\n      }\n    ],\n    \""tags\"": [\""networking\"", \""distributed-systems\"", \""cryptography\""]\n  }\n}""]"
sola-jsonish-rescue,"StructuredOutputAdapter(output_mode=JSONISH, prompt_layout=SECTIONS, parse_config=ParseConfig())",case-0004,validation_error,ValidationError,1.0089717660448514,1,json_object,0,10,0.0,False,,address.city;address.postcode;address.street;age;contacts[0].email;contacts[0].phone;employment.company;employment.role;employment.years;name,,546,0,10,0.0,0,"[""{\n\n\""record\"": {\n\n\""name\"": \""Katherine Torvalds\"",\n\n\""age\"": 40,\n\n\""address\"": {\n\n\""street\"": \""12 Baker St\"",\n\n\""city\"": \""London\"",\n\n\""postcode\"": \""95014\""\n\n},\n\n\""employment\"": {\n\n\""company\"": \""Sun Micro\"",\n\n\""role\"": \""compiler architect\"",\n\n\""years\"": 26\n\n},\n\n\""contacts\"": {\n\n\""email\"": \""katherine.torvalds@example.com\"",\n\n\""phone\"": \""+69 468 5533\""\n\n},\n\n\""tags\"": []\n\n} }""]"
sola-jsonish-rescue,"StructuredOutputAdapter(output_mode=JSONISH, prompt_layout=SECTIONS, parse_config=ParseConfig())",case-0005,ok,,1.1897619729861617,1,json_object,6,8,0.75,False,address.postcode,employment,contacts[0].email;contacts[0].phone;employment.company;employment.role;employment.years,538,6,6,1.0,2,"[""{\n\n  \""record\"": {\n    \""name\"": \""Linus Liskov\"",\n    \""age\"": 32,\n    \""address\"": {\n      \""street\"": \""5 Rue Lafayette\"",\n      \""city\"": \""Kraków\"",\n      \""postcode\"": \""01\""\n    },\n    \""employment\"": {\n      \""company\"": \""Google\"",\n      \""role\"": \""Software Engineer\"",\n      \""years\"": 20\n    },\n    \""contacts\"": [\n      {\n        \""email\"": \""linus@lk.com\"",\n        \""phone\"": \""+48 1234567890\""\n      }\n    ],\n    \""tags\"": [\""mathematics\"", \""cryptography\""]\n  }\n}""]"
sola-jsonish-rescue,"StructuredOutputAdapter(output_mode=JSONISH, prompt_layout=SECTIONS, parse_config=ParseConfig())",case-0006,ok,,0.8471929960069247,1,json_object,4,13,0.3077,False,address.postcode,employment.company;employment.role;employment.years;contacts[0].email;contacts[0].phone;tags[0];tags[1];tags[2],employment,503,4,12,0.3333,1,"[""{\n\n\""record\"": {\n\n\""name\"": \""Grace Perlman\"",\n\n\""age\"": 90,\n\n\""address\"": {\n\n\""street\"": \""1 Infinite Loop\"",\n\n\""city\"": \""Osaka\"",\n\n\""postcode\"": \""560-0001\""  }\n\n}\n\n \n\n \n\n \n\n \n\n \n\n \n\n \n\n \n\n \n\n \n\n \n\n \n\n \n\n \n\n \n\n \n\n \n\n \n\n \n\n \n\n \n\n \n\n \n\n \n\n \n\n \n\n \n\n \n\n \n\n \n\n \n\n""]"
sola-jsonish-rescue,"StructuredOutputAdapter(output_mode=JSONISH, prompt_layout=SECTIONS, parse_config=ParseConfig())",case-0007,parse_error,AdapterParseError,1.6404098959756084,1,json_object,0,10,0.0,False,,address.city;address.postcode;address.street;age;employment.company;employment.role;employment.years;name;tags[0];tags[1],,556,0,10,0.0,0,"[""{\n\n\""record\"": {\n\n\""name\"": \""Barbara Turing\"",\n\n\""age\"": 26,\n\n\""address\"": {\n\n\""street\"": \""7 Nassau St\"",\n\n\""city\"": \""London\"",\n\n\""postcode\"": \""08540\""\n\n},\n\n\""employment\"": {\n\n\""company\"": \""Naval Systems\"",\n\n\""role\"": \""staff engineer\"",\n\n\""years\"": 3\n\n},\n\n\""contacts\"": {\n\n\""email\"": \""barbara.turing@example.com\"",\n\n\""phone\"": \""01234 567890\""\n\n},\n\n\""tags\"": [\""networking\"", \""distributed-systems\""]\n\n} \n\n \n   \n\n\n   \n\n\n   \n\n\n   \n\n\n   \n\n\n   \n\n\n   \n\n\n   \n\n\n   \n\n\n   \n\n\n   \n\n\n   \n\n\n   \n\n\n   \n\n\n   ""]"
sola-jsonish-rescue,"StructuredOutputAdapter(output_mode=JSONISH, prompt_layout=SECTIONS, parse_config=ParseConfig())",case-0008,ok,,0.5486215060227551,1,json_object,4,8,0.5,False,address.postcode,employment.company;employment.role;employment.years,employment,465,4,7,0.5714,1,"[""{\n\n\""record\"": {\n\n\""name\"": \""Katherine Liskov\"",\n\n\""age\"": 21,\n\n\""address\"": {\n\n\""street\"": \""5 Rue Lafayette\"",\n\n\""city\"": \""Paris\"",\n\n\""postcode\"": \""75001\""  }\n\n}\n\n        }""]"
sola-jsonish-rescue,"StructuredOutputAdapter(output_mode=JSONISH, prompt_layout=SECTIONS, parse_config=ParseConfig())",case-0009,validation_error,ValidationError,1.1160270129912533,1,json_object,0,10,0.0,False,,address.city;address.postcode;address.street;age;employment.company;employment.role;employment.years;name;tags[0];tags[1],,559,0,10,0.0,0,"[""{\n\n\""record\"": {\n\n\""name\"": \""Radia Liskov\"",\n\n\""age\"": 66,\n\n\""address\"": {\n\n\""street\"": \""7 Nassau St\"",\n\n\""city\"": \""Cupertino\"",\n\n\""postcode\"": \""08540\""\n\n},\n\n\""employment\"": {\n\n\""company\"": \""Analytical Engines Ltd\"",\n\n\""role\"": \""compiler architect\"",\n\n\""years\"": 18\n\n},\n\n\""contacts\"": {\n\n\""email\"": \""radia.liskov@analyticalengines.com\"",\n\n\""phone\"": \""+1 650 253 7000\""\n\n},\n\n\""tags\"": [\""distributed-systems\"", \""mathematics\""]\n\n} }""]"
sola-jsonish-rescue,"StructuredOutputAdapter(output_mode=JSONISH, prompt_layout=SECTIONS, parse_config=ParseConfig())",case-0010,validation_error,ValidationError,1.1054473639815114,1,json_object,0,14,0.0,False,,address.city;address.postcode;address.street;age;contacts[0].email;contacts[0].phone;contacts[1].email;contacts[1].phone;employment.company;employment.role;employment.years;name;tags[0];tags[1],,583,0,13,0.0,0,"[""{\n\n\""record\"": {\n\n\""name\"": \""Ada Dijkstra\"",\n\n\""age\"": 66,\n\n\""address\"": {\n\n\""street\"": \""Königsallee\"",\n\n\""city\"": \""Kraków\"",\n\n\""postcode\"": \""75009\"",\n\n\""country\"": \""Poland\""\n\n},\n\n\""employment\"": {\n\n\""company\"": \""Analytical Engines Ltd\"",\n\n\""role\"": \""network designer\"",\n\n\""years\"": 11\n\n},\n\n\""contacts\"": {\n\n\""email\"": \""ada.dijkstra@example.com\"",\n\n\""phone\"": \""+96 469 1730\""\n\n},\n\n\""tags\"": [\""distributed-systems\"", \""compilers\""]\n\n} }""]"
sola-jsonish-rescue,"StructuredOutputAdapter(output_mode=JSONISH, prompt_layout=SECTIONS, parse_config=ParseConfig())",case-0011,ok,,1.3002780659589916,1,json_object,6,9,0.6667,False,,contacts[0].email;contacts[0].phone;tags[0],,544,5,8,0.625,0,"[""{\n\n\""record\"": {\n\n\""name\"": \""Radia Perlman\"",\n\n\""age\"": 23,\n\n\""address\"": {\n\n\""street\"": \""7 Nassau St\"",\n\n\""city\"": \""Cupertino\"",\n\n\""postcode\"": \""08540\"",\n\n\""country\"": \""USA\"",\n\n\""region\"": \""California\"",\n\n\""state\"": \""California\"",\n\n\""cityState\"": \""CA\"",\n\n\""phone\"": \""+39 245 2485\"",\n\n\""email\"": \""radia.perlman@mail.test\""\n\n}\n\n} \n\n \n   \n\n\n   \n\n\n   \n\n\n   \n\n\n   \n\n\n   \n\n\n   \n\n\n   \n\n\n   \n\n\n   \n\n\n   \n\n\n   \n\n\n   \n\n\n   \n\n\n   ""]"
sola-jsonish-rescue,"StructuredOutputAdapter(output_mode=JSONISH, prompt_layout=SECTIONS, parse_config=ParseConfig())",case-0012,parse_error,AdapterParseError,1.5891132240067236,1,json_object,0,12,0.0,False,,address.city;address.postcode;address.street;age;contacts[0].email;contacts[0].phone;employment.company;employment.role;employment.years;name;tags[0];tags[1],,567,0,10,0.0,0,"[""{\n\n\""record\"": {\n\n\""name\"": \""Radia Torvalds\"",\n\n\""age\"": 89,\n\n\""address\"": {\n\n\""street\"": \""12 Baker St\"",\n\n\""city\"": \""Düsseldorf\"",\n\n\""postcode\"": \""40212\""\n\n},\n\n\""employment\"": {\n\n\""company\"": \""Xerox PARC\"",\n\n\""role\"": \""compiler architect\"",\n\n\""years\"": 21\n\n},\n\n\""contacts\"": {\n\n\""email\"": \""radia.torvalds@post.example\"",\n\n\""phone\"": \""1234567890\""\n\n},\n\n\""tags\"": [\""distributed-systems\"", \""cryptography\""]\n\n} \n\n \n   \n\n\n   \n\n\n   \n\n\n   \n\n\n   \n\n\n   \n\n\n   \n\n\n   \n\n\n   \n\n\n   \n\n\n   \n\n\n   \n\n\n   \n\n\n   \n\n\n   ""]"
sola-jsonish-rescue,"StructuredOutputAdapter(output_mode=JSONISH, prompt_layout=SECTIONS, parse_config=ParseConfig())",case-0013,validation_error,ValidationError,1.0845609820098616,1,json_object,0,11,0.0,False,,address.city;address.postcode;address.street;age;contacts[0].email;contacts[0].phone;employment.company;employment.role;employment.years;name;tags[0],,538,0,9,0.0,0,"[""{\n\n\""record\"": {\n\n\""name\"": \""Linus Torvalds\"",\n\n\""age\"": 55,\n\n\""address\"": {\n\n\""street\"": \""5 Rue Lafayette\"",\n\n\""city\"": \""Osaka\"",\n\n\""postcode\"": \""55201\""\n\n},\n\n\""employment\"": {\n\n\""company\"": \""Naval Systems\"",\n\n\""role\"": \""research lead\"",\n\n\""years\"": 5\n\n},\n\n\""contacts\"": {\n\n\""email\"": \""linus.torvalds@example.com\"",\n\n\""phone\"": \""no phone number available\""\n\n},\n\n\""tags\"": []\n\n} \n\n \n    }""]"
sola-jsonish-rescue,"StructuredOutputAdapter(output_mode=JSONISH, prompt_layout=SECTIONS, parse_config=ParseConfig())",case-0014,validation_error,ValidationError,1.025257182016503,1,json_object,0,10,0.0,False,,address.city;address.postcode;address.street;age;employment.company;employment.role;employment.years;name;tags[0];tags[1],,541,0,10,0.0,0,"[""{\n\n\""record\"": {\n\n\""name\"": \""Grace Johnson\"",\n\n\""age\"": 63,\n\n\""address\"": {\n\n\""street\"": \""88 Königsallee\"",\n\n\""city\"": \""Cupertino\"",\n\n\""postcode\"": \""95014\""\n\n},\n\n\""employment\"": {\n\n\""company\"": \""Xerox PARC\"",\n\n\""role\"": \""staff engineer\"",\n\n\""years\"": 9\n\n},\n\n\""contacts\"": {\n\n\""email\"": \""grace.johnson@example.com\"",\n\n\""phone\"": \""123-456-7890\""\n\n},\n\n\""tags\"": [\""cryptography\"", \""compilers\""]\n\n} }""]"
sola-jsonish-rescue,"StructuredOutputAdapter(output_mode=JSONISH, prompt_layout=SECTIONS, parse_config=ParseConfig())",case-0015,ok,,1.1413348189671524,1,json_object,10,10,1.0,True,,,,563,10,10,1.0,0,"[""{\n\n  \""record\"": {\n    \""name\"": \""Katherine Lovelace\"",\n    \""age\"": 51,\n    \""address\"": {\n      \""street\"": \""12 Baker St\"",\n      \""city\"": \""Osaka\"",\n      \""postcode\"": \""75009\""\n    },\n    \""employment\"": {\n      \""company\"": \""Bell Labs\"",\n      \""role\"": \""research lead\"",\n      \""years\"": 4\n    },\n    \""contacts\"": [\n      {\n        \""email\"": \""katherine.lovelace@corp.example\"",\n        \""phone\"": \""+46 387 7427\""\n      }\n    ]\n  }\n}""]"
sola-jsonish-rescue,"StructuredOutputAdapter(output_mode=JSONISH, prompt_layout=SECTIONS, parse_config=ParseConfig())",case-0016,validation_error,ValidationError,1.0926946599502116,1,json_object,0,12,0.0,False,,address.city;address.postcode;address.street;age;contacts[0].email;contacts[0].phone;contacts[1].email;contacts[1].phone;employment.company;employment.role;employment.years;name,,583,0,12,0.0,0,"[""{\n\n\""record\"": {\n\n\""name\"": \""Barbara Perlman\"",\n\n\""age\"": 20,\n\n\""address\"": {\n\n\""street\"": \""1 Infinite Loop\"",\n\n\""city\"": \""Osaka\"",\n\n\""postcode\"": \""40212\""\n\n},\n\n\""employment\"": {\n\n\""company\"": \""Naval Systems\"",\n\n\""role\"": \""research lead\"",\n\n\""years\"": 1\n\n},\n\n\""contacts\"": {\n\n\""email\"": \""barbara.perlman1@corp.example\"",\n\n\""phone\"": \""+29 717 5153\"",\n\n\""phone2\"": \""+43 782 3325\""\n\n},\n\n\""tags\"": []\n\n} }""]"
sola-jsonish-rescue,"StructuredOutputAdapter(output_mode=JSONISH, prompt_layout=SECTIONS, parse_config=ParseConfig())",case-0017,ok,,0.8137930310331285,1,json_object,4,10,0.4,False,address.postcode,employment.company;employment.role;employment.years;contacts[0].email;contacts[0].phone,employment,495,4,8,0.5,1,"[""{\n\n\""record\"": {\n\n\""name\"": \""Edsger Torvalds\"",\n\n\""age\"": 69,\n\n\""address\"": {\n\n\""street\"": \""12 Baker St\"",\n\n\""city\"": \""Paris\"",\n\n\""postcode\"": \""00000\""  }\n\n}\n\n \n\n \n\n \n\n \n\n \n\n \n\n \n\n \n\n \n\n \n\n \n\n \n\n \n\n \n\n \n\n \n\n \n\n \n\n \n\n \n\n \n\n \n\n \n\n \n\n \n\n \n\n \n\n \n\n \n\n \n\n \n\n""]"
sola-jsonish-rescue,"StructuredOutputAdapter(output_mode=JSONISH, prompt_layout=SECTIONS, parse_config=ParseConfig())",case-0018,ok,,0.8412182190222666,1,json_object,4,12,0.3333,False,address.postcode,employment.company;employment.role;employment.years;contacts[0].email;contacts[0].phone;tags[0];tags[1],employment,507,4,11,0.3636,1,"[""{\n\n\""record\"": {\n\n\""name\"": \""Alan Hopper\"",\n\n\""age\"": 48,\n\n\""address\"": {\n\n\""street\"": \""1 Infinite Loop\"",\n\n\""city\"": \""Paris\"",\n\n\""postcode\"": \""94124-0225\""  }\n\n}\n\n \n\n \n\n \n\n \n\n \n\n \n\n \n\n \n\n \n\n \n\n \n\n \n\n \n\n \n\n \n\n \n\n \n\n \n\n \n\n \n\n \n\n \n\n \n\n \n\n \n\n \n\n \n\n \n\n \n\n \n\n \n\n""]"
sola-jsonish-rescue,"StructuredOutputAdapter(output_mode=JSONISH, prompt_layout=SECTIONS, parse_config=ParseConfig())",case-0019,parse_error,AdapterParseError,1.535135635000188,1,json_object,0,13,0.0,False,,address.city;address.postcode;address.street;age;contacts[0].email;contacts[0].phone;employment.company;employment.role;employment.years;name;tags[0];tags[1];tags[2],,566,0,12,0.0,0,"[""{\n\n\""record\"": {\n\n\""name\"": \""Ada Hopper\"",\n\n\""age\"": 20,\n\n\""address\"": {\n\n\""street\"": \""5 Rue Lafayette\"",\n\n\""city\"": \""Princeton\"",\n\n\""postcode\"": \""40212\""\n\n},\n\n\""employment\"": {\n\n\""company\"": \""Analytical Engines Ltd\"",\n\n\""role\"": \""compiler architect\"",\n\n\""years\"": 14\n\n},\n\n\""contacts\"": {\n\n\""email\"": \""ada.hopper@corp.example\"",\n\n\""phone\"": \""null\""\n\n},\n\n\""tags\"": [\""mathematics\"", \""compilers\"", \""cryptography\""]\n\n} \n\n \n   \n\n\n   \n\n\n   \n\n\n   \n\n\n   \n\n\n   \n\n\n   \n\n\n   \n\n\n   \n\n\n   \n\n\n   \n\n\n   \n\n\n   \n\n\n   \n\n\n   ""]"
sola-jsonish-rescue,"StructuredOutputAdapter(output_mode=JSONISH, prompt_layout=SECTIONS, parse_config=ParseConfig())",case-0020,validation_error,ValidationError,1.2434522630064748,1,json_object,0,8,0.0,False,,address.city;address.postcode;address.street;age;employment;name;tags[0];tags[1],,543,0,6,0.0,0,"[""{\n\n  \""record\"": {\n    \""name\"": \""Alan Torvalds\"",\n    \""age\"": 70,\n    \""address\"": {\n      \""street\"": \""7 Nassau St\"",\n      \""city\"": \""Paris\"",\n      \""postcode\"": \""75001\""\n    },\n    \""employment\"": {\n      \""company\"": \""Linux Foundation\"",\n      \""role\"": \""Co-Founder\"",\n      \""years\"": 1991\n    },\n    \""contacts\"": [\n      {\n        \""email\"": \""alan@torvalds.net\"",\n        \""phone\"": \""+1 415 362 1234\""\n      }\n    ],\n    \""tags\"": [\""mathematics\"", \""networking\""]\n  }\n}""]"
sola-jsonish-rescue,"StructuredOutputAdapter(output_mode=JSONISH, prompt_layout=SECTIONS, parse_config=ParseConfig())",case-0021,ok,,0.5254819459514692,1,json_object,4,13,0.3077,False,address.postcode,employment.company;employment.role;employment.years;contacts[0].email;contacts[0].phone;contacts[1].email;contacts[1].phone;tags[0],employment,494,4,11,0.3636,1,"[""{\n\n\""record\"": {\n\n\""name\"": \""Alan Dijkstra\"",\n\n\""age\"": 47,\n\n\""address\"": {\n\n\""street\"": \""1 Infinite Loop\"",\n\n\""city\"": \""Osaka\"",\n\n\""postcode\"": \""560-0001\""}\n\n}\n\n}""]"
sola-jsonish-rescue,"StructuredOutputAdapter(output_mode=JSONISH, prompt_layout=SECTIONS, parse_config=ParseConfig())",case-0022,parse_error,AdapterParseError,1.4129002279951237,1,json_object,0,8,0.0,False,,address.city;address.postcode;address.street;age;contacts[0].email;contacts[0].phone;employment;name,,543,0,7,0.0,0,"[""{\n\n\""record\"": {\n\n\""name\"": \""Alan Johnson\"",\n\n\""age\"": 88,\n\n\""address\"": {\n\n\""street\"": \""88 Königsallee\"",\n\n\""city\"": \""Osaka\"",\n\n\""postcode\"": \""NW1 6XE\""\n\n},\n\n\""employment\"": {\n\n\""company\"": \""Unknown\"",\n\n\""role\"": \""Unknown\"",\n\n\""years\"": 0\n\n},\n\n\""contacts\"": [\n\n{\n\""email\"": \""alan.johnson@mail.test\"",\n\n\""phone\"": \""+7 427 3934\""\n}\n]\n\n} \n\n \n   \n\n\n   \n\n\n   \n\n\n   \n\n\n   \n\n\n   \n\n\n   \n\n\n   \n\n\n   \n\n\n   \n\n\n   \n\n\n   \n\n\n   \n\n\n   \n\n\n   ""]"
sola-jsonish-rescue,"StructuredOutputAdapter(output_mode=JSONISH, prompt_layout=SECTIONS, parse_config=ParseConfig())",case-0023,parse_error,AdapterParseError,1.5828519269707613,1,json_object,0,15,0.0,False,,address.city;address.postcode;address.street;age;contacts[0].email;contacts[0].phone;contacts[1].email;contacts[1].phone;employment.company;employment.role;employment.years;name;tags[0];tags[1];tags[2],,587,0,14,0.0,0,"[""{\n\n\""record\"": {\n\n\""name\"": \""Linus Hopper\"",\n\n\""age\"": 25,\n\n\""address\"": {\n\n\""street\"": \""Königsallee\"",\n\n\""city\"": \""Paris\"",\n\n\""postcode\"": \""75009\""\n\n},\n\n\""employment\"": {\n\n\""company\"": \""Bell Labs\"",\n\n\""role\"": \""network designer\"",\n\n\""years\"": 1\n\n},\n\n\""contacts\"": {\n\n\""email\"": \""linus.hopper1@example.com\"",\n\n\""phone\"": \""+91 610 7901\"",\n\n\""contact\"": \""linus.hopper@mail.test\""\n\n}\n\n} \n\n \n   \n\n\n   \n\n\n   \n\n\n   \n\n\n   \n\n\n   \n\n\n   \n\n\n   \n\n\n   \n\n\n   \n\n\n   \n\n\n   \n\n\n   \n\n\n   \n\n\n   ""]"
sola-jsonish-rescue,"StructuredOutputAdapter(output_mode=JSONISH, prompt_layout=SECTIONS, parse_config=ParseConfig())",case-0024,validation_error,ValidationError,0.9549418490496464,1,json_object,0,10,0.0,False,,address.city;address.postcode;address.street;age;contacts[0].email;contacts[0].phone;employment.company;employment.role;employment.years;name,,548,0,10,0.0,0,"[""{\n\n\""record\"": {\n\n\""name\"": \""Edsger Turing\"",\n\n\""age\"": 56,\n\n\""address\"": {\n\n\""street\"": \""5 Rue Lafayette\"",\n\n\""city\"": \""Osaka\"",\n\n\""postcode\"": \""40212\""\n\n},\n\n\""employment\"": {\n\n\""company\"": \""Analytical Engines Ltd\"",\n\n\""role\"": \""network designer\"",\n\n\""years\"": 15\n\n},\n\n\""contacts\"": {\n\n\""email\"": \""edsger.turing@example.com\"",\n\n\""phone\"": \""+22 603 8277\""\n\n},\n\n\""tags\"": []\n\n} }""]"
sola-jsonish-rescue,"StructuredOutputAdapter(output_mode=JSONISH, prompt_layout=SECTIONS, parse_config=ParseConfig())",case-0025,ok,,1.3468314629863016,1,json_object,9,10,0.9,False,,employment,employment.company;employment.role;employment.years,594,8,8,1.0,1,"[""{\n\n  \""record\"": {\n    \""name\"": \""Edsger Lovelace\"",\n    \""age\"": 41,\n    \""address\"": {\n      \""street\"": \""88 Königsallee\"",\n      \""city\"": \""London\"",\n      \""postcode\"": \""40212\""\n    },\n    \""employment\"": {\n      \""company\"": \""Post\"",\n      \""role\"": \""Software Engineer\"",\n      \""years\"": 0\n    },\n    \""contacts\"": [\n      {\n        \""email\"": \""edsger.lovelace@post.example\"",\n        \""phone\"": \""+16 689 4229\""\n      },\n      {\n        \""email\"": \""edsger.lovelace1@corp.example\"",\n        \""phone\"": null\n      }\n    ],\n    \""tags\"": []\n  }\n}""]"
sola-jsonish-rescue,"StructuredOutputAdapter(output_mode=JSONISH, prompt_layout=SECTIONS, parse_config=ParseConfig())",case-0026,validation_error,ValidationError,0.9218420080142096,1,json_object,0,12,0.0,False,,address.city;address.postcode;address.street;age;contacts[0].email;contacts[0].phone;employment.company;employment.role;employment.years;name;tags[0];tags[1],,541,0,11,0.0,0,"[""{\n\n\""record\"": {\n\n\""name\"": \""Katherine Johnson\"",\n\n\""age\"": 21,\n\n\""address\"": {\n\n\""street\"": \""12 Baker St\"",\n\n\""city\"": \""Kraków\"",\n\n\""postcode\"": \""08540\""\n\n},\n\n\""employment\"": {\n\n\""company\"": \""Sun Micro\"",\n\n\""role\"": \""research lead\"",\n\n\""years\"": 21\n\n},\n\n\""contacts\"": {\n\n\""email\"": \""katherine.johnson@post.example\"",\n\n\""phone\"": \""null\""\n\n},\n\n\""tags\"": []\n\n} }""]"
sola-jsonish-rescue,"StructuredOutputAdapter(output_mode=JSONISH, prompt_layout=SECTIONS, parse_config=ParseConfig())",case-0027,ok,,0.5451591029996052,1,json_object,4,10,0.4,False,address.postcode,employment.company;employment.role;employment.years;tags[0];tags[1],employment,476,4,9,0.4444,1,"[""{\n\n\""record\"": {\n\n\""name\"": \""Radia Torvalds\"",\n\n\""age\"": 49,\n\n\""address\"": {\n\n\""street\"": \""7 Nassau St\"",\n\n\""city\"": \""Düsseldorf\"",\n\n\""postcode\"": \""40237\""  }\n\n}\n\n}""]"
sola-jsonish-rescue,"StructuredOutputAdapter(output_mode=JSONISH, prompt_layout=SECTIONS, parse_config=ParseConfig())",case-0028,validation_error,ValidationError,0.9575363740441389,1,json_object,0,9,0.0,False,,address.city;address.postcode;address.street;age;contacts[0].email;contacts[0].phone;employment;name;tags[0],,530,0,8,0.0,0,"[""{\n\n\""record\"": {\n\n\""name\"": \""Grace Turing\"",\n\n\""age\"": 42,\n\n\""address\"": {\n\n\""street\"": \""1 Infinite Loop\"",\n\n\""city\"": \""Osaka\"",\n\n\""postcode\"": \""95014\""\n\n},\n\n\""employment\"": {\n\n\""company\"": \""N/A\"",\n\n\""role\"": \""N/A\"",\n\n\""years\"": 0\n\n},\n\n\""contacts\"": {\n\n\""email\"": \""grace.turing@mail.test\"",\n\n\""phone\"": \""+51 266 3147\""\n\n},\n\n\""tags\"": []\n\n} }""]"
sola-jsonish-rescue,"StructuredOutputAdapter(output_mode=JSONISH, prompt_layout=SECTIONS, parse_config=ParseConfig())",case-0029,ok,,1.2091029550065286,1,json_object,8,11,0.7273,False,,tags[0];tags[1];tags[2],contacts[0].email;contacts[0].phone,576,8,11,0.7273,0,"[""{\n\n  \""record\"": {\n    \""name\"": \""Grace Liskov\"",\n    \""age\"": 28,\n    \""address\"": {\n      \""street\"": \""88 Königsallee\"",\n      \""city\"": \""Cupertino\"",\n      \""postcode\"": \""95014\""\n    },\n    \""employment\"": {\n      \""company\"": \""Analytical Engines Ltd\"",\n      \""role\"": \""staff engineer\"",\n      \""years\"": 4\n    },\n    \""contacts\"": [\n      {\n        \""email\"": \""grace.liskov@analyzinge engines.com\"",\n        \""phone\"": \""+49 911 202 1234\""\n      }\n    ],\n    \""tags\"": []\n  }\n}""]"
sola-yaml-rescue,"StructuredOutputAdapter(output_mode=YAML, prompt_layout=SECTIONS, parse_config=ParseConfig())",case-0000,validation_error,ValidationError,1.2201052200398408,1,none,0,12,0.0,False,,address.city;address.postcode;address.street;age;contacts[0].email;contacts[0].phone;contacts[1].email;contacts[1].phone;employment;name;tags[0];tags[1],,542,0,10,0.0,0,"[""I can help you extract the person record from the given text. Here is the YAML-style object in the correct order:\n\n```\nrecord:\n  name: Edsger Dijkstra\n  age: 57\n  address:\n    street: Königsallee\n    city: Cupertino\n    postcode: 40212\n  employment:\n    company: None\n    role: None\n    years: 0\n  contacts:\n  - email: edsger.dijkstra@mail.test\n    phone: +13 733 5104\n  tags: []\n```\n\nThis object matches the schema described in the problem statement, with the required fields filled in and the optional fields left blank.""]"
sola-yaml-rescue,"StructuredOutputAdapter(output_mode=YAML, prompt_layout=SECTIONS, parse_config=ParseConfig())",case-0001,validation_error,ValidationError,1.509101069997996,1,none,0,14,0.0,False,,address.city;address.postcode;address.street;age;contacts[0].email;contacts[0].phone;contacts[1].email;contacts[1].phone;employment.company;employment.role;employment.years;name;tags[0];tags[1],,599,0,14,0.0,0,"[""Here is the extracted person record in YAML format:\n\n```\nrecord:\n  name: Alan Hopper\n  age: 20\n  address:\n    street: 1 Infinite Loop\n    city: Osaka\n    postcode: 75009\n  employment:\n    company: Analytical Engines Ltd\n    role: network designer\n    years: 1\n  contacts:\n  - email: alan.hopper@post.example\n    phone: +98 885 1034\n  - email: alan.hopper1@post.example\n    phone: +30 705 2674\n  tags: ['compilers', 'mathematics']\n```\n\nNote: I've assumed that the `tags` field is a list of strings, as per the provided YAML output. If the actual output is different, please let me know and I'll adjust the code accordingly.""]"
sola-yaml-rescue,"StructuredOutputAdapter(output_mode=YAML, prompt_layout=SECTIONS, parse_config=ParseConfig())",case-0002,ok,,1.1138607460306957,1,none,8,10,0.8,False,contacts[0].phone,employment,employment.company;employment.role;employment.years,501,8,8,1.0,2,"[""Here is the extracted person record in YAML format:\n\n```\nrecord:\n  name: Ada Hopper\n  age: 68\n  address:\n    street: 7 Nassau St\n    city: Paris\n    postcode: 08540\n  employment:\n    company: None\n    role: None\n    years: 0\n  contacts:\n    - email: ada.hopper@example.com\n      phone: None\n  tags: ['cryptography', 'networking']\n```\n\nThis YAML object matches the required structure and fields, and it can be easily parsed into a Python `PersonRecord` object.""]"
sola-yaml-rescue,"StructuredOutputAdapter(output_mode=YAML, prompt_layout=SECTIONS, parse_config=ParseConfig())",case-0003,validation_error,ValidationError,1.3697491370257922,1,none,0,11,0.0,False,,address.city;address.postcode;address.street;age;employment.company;employment.role;employment.years;name;tags[0];tags[1];tags[2],,552,0,11,0.0,0,"[""Here is the extracted person record in YAML format:\n\n```\nrecord:\n  name: Katherine Turing\n  age: 37\n  address:\n    street: 12 Baker St\n    city: Osaka\n    postcode: 95014\n  employment:\n    company: Bell Labs\n    role: research lead\n    years: 7\n  contacts:\n  - email: Katherine.Turing@bell-labs.com\n    phone: 1234567890\n  tags:\n  - networking\n  - distributed-systems\n  - cryptography\n```\n\nNote: I've assumed that the `email` field should be a string, and the `phone` field should be a string or null. If this is not the case, please let me know and I'll adjust the code accordingly.""]"
sola-yaml-rescue,"StructuredOutputAdapter(output_mode=YAML, prompt_layout=SECTIONS, parse_config=ParseConfig())",case-0004,validation_error,ValidationError,1.2525665289722383,1,none,0,10,0.0,False,,address.city;address.postcode;address.street;age;contacts[0].email;contacts[0].phone;employment.company;employment.role;employment.years;name,,532,0,10,0.0,0,"[""Here is the extracted person record in YAML format:\n\n```\nrecord:\n  name: Katherine Torvalds\n  age: 40\n  address:\n    street: 12 Baker St\n    city: London\n    postcode: 95014\n  employment:\n    company: Sun Micro\n    role: compiler architect\n    years: 26\n  contacts:\n    - email: katherine.torvalds@example.com\n      phone: +69 468 5533\n  tags: []\n```\n\nThis YAML object adheres to the specified structure and format, with the required fields filled in and the tags field left empty as per the schema.""]"
sola-yaml-rescue,"StructuredOutputAdapter(output_mode=YAML, prompt_layout=SECTIONS, parse_config=ParseConfig())",case-0005,ok,,0.9014111569849774,1,none,8,8,1.0,True,,,,473,6,6,1.0,0,"[""Here is the extracted person record in YAML format:\n\n```\nrecord:\n  name: Linus Liskov\n  age: 32\n  address:\n    street: 5 Rue Lafayette\n    city: Kraków\n    postcode: null\n  employment:\n    company: null\n    role: null\n    years: null\n  contacts:\n  - email: null\n    phone: null\n  tags: ['mathematics', 'cryptography']\n```\n\nThis YAML object matches the required structure and adheres to the specified fields.""]"
sola-yaml-rescue,"StructuredOutputAdapter(output_mode=YAML, prompt_layout=SECTIONS, parse_config=ParseConfig())",case-0006,ok,,1.1958921179757454,1,none,13,13,1.0,True,,,,552,12,12,1.0,0,"[""Here is the extracted person record in YAML format:\n\n```\nrecord:\n  name: Grace Perlman\n  age: 90\n  address:\n    street: 1 Infinite Loop\n    city: Osaka\n    postcode: \n  employment:\n    company: Bell Labs\n    role: compiler architect\n    years: 25\n  contacts:\n  - email: grace.perlman@example.com\n    phone: +26 847 7783\n  tags: ['distributed-systems', 'mathematics', 'networking']\n```\n\nNote: I've assumed that the `postcode` field is optional and has a default value of an empty string (`''`). If this is not the case, please let me know and I'll adjust the code accordingly.""]"
sola-yaml-rescue,"StructuredOutputAdapter(output_mode=YAML, prompt_layout=SECTIONS, parse_config=ParseConfig())",case-0007,ok,,1.1841157620074227,1,none,10,10,1.0,False,,,contacts[0].email;contacts[0].phone,543,10,10,1.0,0,"[""Here is the extracted person record in YAML format:\n\n```\nrecord:\n  name: Barbara Turing\n  age: 26\n  address:\n    street: 7 Nassau St\n    city: London\n    postcode: 08540\n  employment:\n    company: Naval Systems\n    role: staff engineer\n    years: 3\n  contacts:\n  - email: barbara.turing@example.com\n    phone: 01234 567890\n  tags: ['networking', 'distributed-systems']\n```\n\nNote: I've assumed the `email` and `phone` fields are strings, as they are not specified otherwise. If they should be lists or other types, please let me know and I'll adjust the code accordingly.""]"
sola-yaml-rescue,"StructuredOutputAdapter(output_mode=YAML, prompt_layout=SECTIONS, parse_config=ParseConfig())",case-0008,ok,,1.036655185976997,1,none,8,8,1.0,False,,,tags[0];tags[1],512,7,7,1.0,0,"[""Here is the extracted person record in YAML format:\n\n```\nrecord:\n  name: Katherine Liskov\n  age: 21\n  address:\n    street: 5 Rue Lafayette\n    city: Paris\n    postcode: null\n  employment:\n    company: Sun Micro\n    role: research lead\n    years: 13\n  contacts:\n  - email: null\n    phone: null\n  tags: ['researcher', 'engineer']\n```\n\nNote: I've assumed that the `null` values for the postcode and phone number are acceptable, as per the provided schema. If this is not the case, you may need to adjust the code accordingly.""]"
sola-yaml-rescue,"StructuredOutputAdapter(output_mode=YAML, prompt_layout=SECTIONS, parse_config=ParseConfig())",case-0009,ok,,1.1690085580339655,1,none,10,10,1.0,False,,,contacts[0].email;contacts[0].phone,551,10,10,1.0,0,"[""Here is the extracted person record in YAML format:\n\n```\nrecord:\n  name: Radia Liskov\n  age: 66\n  address:\n    street: 7 Nassau St\n    city: Cupertino\n    postcode: 08540\n  employment:\n    company: Analytical Engines Ltd\n    role: compiler architect\n    years: 18\n  contacts:\n    - email: <radia.liskov@analyticalengines.com>\n      phone: <phone number>\n  tags: ['distributed-systems', 'mathematics']\n```\n\nNote: I've assumed that the `phone` field is a string, as it's not specified otherwise. If it's an integer or a different type, you may need to adjust the code accordingly.""]"
sola-yaml-rescue,"StructuredOutputAdapter(output_mode=YAML, prompt_layout=SECTIONS, parse_config=ParseConfig())",case-0010,validation_error,ValidationError,1.2096171400044113,1,none,0,14,0.0,False,,address.city;address.postcode;address.street;age;contacts[0].email;contacts[0].phone;contacts[1].email;contacts[1].phone;employment.company;employment.role;employment.years;name;tags[0];tags[1],,582,0,13,0.0,0,"[""Here is the extracted person record in YAML format:\n\n```\nrecord:\n  name: Ada Dijkstra\n  age: 66\n  address:\n    street: Königsallee\n    city: Kraków\n    postcode: 75009\n  employment:\n    company: Analytical Engines Ltd\n    role: network designer\n    years: 11\n  contacts:\n    - email: ada.dijkstra1@post.example\n      phone: +96 469 1730\n  tags: ['distributed-systems', 'compilers']\n```\n\nNote: I've assumed that the `phone` field should be a string, and that the `tags` field should be a list of strings. If these assumptions are incorrect, please let me know and I'll adjust the code accordingly.""]"
sola-yaml-rescue,"StructuredOutputAdapter(output_mode=YAML, prompt_layout=SECTIONS, parse_config=ParseConfig())",case-0011,ok,,0.7359946150099859,1,none,7,9,0.7778,False,,contacts[0].email;contacts[0].phone,,488,6,8,0.75,0,"[""Here is the extracted person record in YAML format:\n\n```\nrecord:\n  name: Radia Perlman\n  age: 23\n  address:\n    street: 7 Nassau St\n    city: Cupertino\n    postcode: 08540\n  employment:\n    company: \n    role: \n    years: \n  contacts:\n  - email: \n    phone: \n  tags: ['distributed-systems']\n```\n\nLet me know if this is correct!""]"
sola-yaml-rescue,"StructuredOutputAdapter(output_mode=YAML, prompt_layout=SECTIONS, parse_config=ParseConfig())",case-0012,parse_error,AdapterParseError,0.8769189519807696,1,none,0,12,0.0,False,,address.city;address.postcode;address.street;age;contacts[0].email;contacts[0].phone;employment.company;employment.role;employment.years;name;tags[0];tags[1],,513,0,10,0.0,0,"[""Here is the extracted person record in YAML format:\n\n```\nrecord:\n  name: Radia Torvalds\n  age: 89\n  address:\n    street: 12 Baker St\n    city: Düsseldorf\n    postcode: null\n  employment:\n    company: Xerox PARC\n    role: compiler architect\n    years: 21\n  contacts:\n    - email: radia.torvalds@post.example\n    phone: null\n  tags: ['distributed-systems', 'cryptography']\n```\n\nLet me know if this is correct!""]"
sola-yaml-rescue,"StructuredOutputAdapter(output_mode=YAML, prompt_layout=SECTIONS, parse_config=ParseConfig())",case-0013,parse_error,AdapterParseError,0.8842180330539122,1,none,0,11,0.0,False,,address.city;address.postcode;address.street;age;contacts[0].email;contacts[0].phone;employment.company;employment.role;employment.years;name;tags[0],,506,0,9,0.0,0,"[""Here is the extracted person record in YAML format:\n\n```\nrecord:\n  name: Linus Torvalds\n  age: 55\n  address:\n    street: 5 Rue Lafayette\n    city: Osaka\n    postcode: null\n  employment:\n    company: Naval Systems\n    role: research lead\n    years: 5\n  contacts:\n    - email: linus.torvalds@example.com\n    phone: null\n  tags: ['cryptography']\n```\n\nThis YAML object matches the required structure and contains all the necessary fields for the person record.""]"
sola-yaml-rescue,"StructuredOutputAdapter(output_mode=YAML, prompt_layout=SECTIONS, parse_config=ParseConfig())",case-0014,validation_error,ValidationError,1.0345417209900916,1,none,0,10,0.0,False,,address.city;address.postcode;address.street;age;employment.company;employment.role;employment.years;name;tags[0];tags[1],,524,0,10,0.0,0,"[""I can help you extract the person record from the given text. Here is the YAML-style object in the correct order:\n\n```\nrecord:\n  name: Grace Johnson\n  age: 63\n  address:\n    street: 88 Königsallee\n    city: Cupertino\n    postcode: 95014\n  employment:\n    company: Xerox PARC\n    role: staff engineer\n    years: 9\n  contacts:\n    - email: null\n      phone: null\n  tags: ['cryptography', 'compilers']\n```\n\nThis YAML object follows the structure specified in the problem, with the required fields filled in and the optional fields left blank.""]"
sola-yaml-rescue,"StructuredOutputAdapter(output_mode=YAML, prompt_layout=SECTIONS, parse_config=ParseConfig())",case-0015,validation_error,ValidationError,1.0978338349959813,1,none,0,10,0.0,False,,address.city;address.postcode;address.street;age;contacts[0].email;contacts[0].phone;employment.company;employment.role;employment.years;name,,539,0,10,0.0,0,"[""I can help you extract the person record from the given text. Here is the YAML-style object in the correct order:\n\n```\nrecord:\n  name: Katherine Lovelace\n  age: 51\n  address:\n    street: 12 Baker St\n    city: Osaka\n    postcode: 75009\n  employment:\n    company: Bell Labs\n    role: research lead\n    years: 4\n  contacts:\n    - email: katherine.lovelace@corp.example\n      phone: +46 387 7427\n  tags: []\n```\n\nThis YAML object follows the structure specified in the problem, with the required fields filled in and the optional fields left blank.""]"
sola-yaml-rescue,"StructuredOutputAdapter(output_mode=YAML, prompt_layout=SECTIONS, parse_config=ParseConfig())",case-0016,validation_error,ValidationError,1.2709781199810095,1,none,0,12,0.0,False,,address.city;address.postcode;address.street;age;contacts[0].email;contacts[0].phone;contacts[1].email;contacts[1].phone;employment.company;employment.role;employment.years;name,,591,0,12,0.0,0,"[""Here is the extracted person record in YAML format:\n\n```\nrecord:\n  name: Barbara Perlman\n  age: 20\n  address:\n    street: 1 Infinite Loop\n    city: Osaka\n    postcode: 40212\n  employment:\n    company: Naval Systems\n    role: research lead\n    years: 1\n  contacts:\n  - email: barbara.perlman1@corp.example\n    phone: +29 717 5153\n  - email: barbara.perlman@corp.example\n    phone: +43 782 3325\n  tags: []\n```\n\nNote: I've used the `+` symbol to represent phone numbers with international dialing codes, as per the original text. If you'd like to use a different format, please let me know!""]"
sola-yaml-rescue,"StructuredOutputAdapter(output_mode=YAML, prompt_layout=SECTIONS, parse_config=ParseConfig())",case-0017,ok,,0.9719666280434467,1,none,10,10,1.0,True,,,,520,8,8,1.0,0,"[""Here is the extracted person record in YAML format:\n\n```\nrecord:\n  name: Edsger Torvalds\n  age: 69\n  address:\n    street: 12 Baker St\n    city: Paris\n    postcode: null\n  employment:\n    company: Xerox PARC\n    role: network designer\n    years: 9\n  contacts:\n    - email: edsger.torvalds@corp.example\n      phone: null\n  tags: []\n```\n\nThis YAML object adheres to the specified structure and format, with the required fields filled in and the tags field left empty as per the schema.""]"
sola-yaml-rescue,"StructuredOutputAdapter(output_mode=YAML, prompt_layout=SECTIONS, parse_config=ParseConfig())",case-0018,ok,,1.0631034299731255,1,none,12,12,1.0,True,,,,545,11,11,1.0,0,"[""Here is the extracted person record in YAML format:\n\n```\nrecord:\n  name: Alan Hopper\n  age: 48\n  address:\n    street: 1 Infinite Loop\n    city: Paris\n    postcode: null\n  employment:\n    company: Xerox PARC\n    role: compiler architect\n    years: 15\n  contacts:\n    - email: alan.hopper@corp.example\n      phone: +89 220 6315\n  tags: ['distributed-systems', 'cryptography']\n```\n\nNote: I've used the `null` value for the postcode field as per the problem statement. If you want to use a different value, please let me know.""]"
sola-yaml-rescue,"StructuredOutputAdapter(output_mode=YAML, prompt_layout=SECTIONS, parse_config=ParseConfig())",case-0019,validation_error,ValidationError,1.1452243470121175,1,none,0,13,0.0,False,,address.city;address.postcode;address.street;age;contacts[0].email;contacts[0].phone;employment.company;employment.role;employment.years;name;tags[0];tags[1];tags[2],,552,0,12,0.0,0,"[""Here is the extracted person record in YAML format:\n\n```\nrecord:\n  name: Ada Hopper\n  age: 20\n  address:\n    street: 5 Rue Lafayette\n    city: Princeton\n    postcode: 40212\n  employment:\n    company: Analytical Engines Ltd\n    role: compiler architect\n    years: 14\n  contacts:\n    - email: ada.hopper@corp.example\n    - phone: null\n  tags:\n  - mathematics\n  - compilers\n  - cryptography\n```\n\nNote: I've assumed that the `null` value for the phone number is acceptable, as it is not explicitly stated in the text. If you want to represent `null` differently, please let me know.""]"
sola-yaml-rescue,"StructuredOutputAdapter(output_mode=YAML, prompt_layout=SECTIONS, parse_config=ParseConfig())",case-0020,validation_error,ValidationError,0.8212059040088207,1,none,0,8,0.0,False,,address.city;address.postcode;address.street;age;employment;name;tags[0];tags[1],,469,0,6,0.0,0,"[""Here is the extracted person record in YAML format:\n\n```\nrecord:\n  name: Alan Torvalds\n  age: 70\n  address:\n    street: 7 Nassau St\n    city: Paris\n    postcode: null\n  employment:\n    company: \n    role: \n    years: 0\n  contacts:\n  - email: \n    phone: \n  tags: ['mathematics', 'networking']\n```\n\nThis YAML object matches the required structure and adheres to the specified fields.""]"
sola-yaml-rescue,"StructuredOutputAdapter(output_mode=YAML, prompt_layout=SECTIONS, parse_config=ParseConfig())",case-0021,ok,,1.1427342960378155,1,none,8,13,0.6154,False,contacts[0].email;contacts[0].phone;contacts[1].email;contacts[1].phone,tags[0],,554,7,11,0.6364,1,"[""I can help you extract the person record from the given text. Here is the YAML-style object in the correct order:\n\n```\nrecord:\n  name: Alan Dijkstra\n  age: 47\n  address:\n    street: 1 Infinite Loop\n    city: Osaka\n    postcode: \n  employment:\n    company: Sun Micro\n    role: research lead\n    years: 17\n  contacts:\n  - email: alan.dijkstra1@example.com\n    phone: +75 538 2134\n  - email: alan.dijkstra@mail.test\n    phone: \n  tags: []\n```\n\nThis YAML object follows the structure specified in the problem, with the required fields filled in and the optional fields left blank.""]"
sola-yaml-rescue,"StructuredOutputAdapter(output_mode=YAML, prompt_layout=SECTIONS, parse_config=ParseConfig())",case-0022,parse_error,AdapterParseError,1.0610650190501474,1,none,0,8,0.0,False,,address.city;address.postcode;address.street;age;contacts[0].email;contacts[0].phone;employment;name,,523,0,7,0.0,0,"[""I can help you extract the person record from the given text. Here is the YAML-style object in the correct order:\n\n```\nrecord:\n  name: Alan Johnson\n  age: 88\n  address:\n    street: 88 Königsallee\n    city: Osaka\n    postcode: NW1 6XE\n  employment:\n    company: -\n    role: -\n    years: 0\n  contacts:\n  - email: alan.johnson@mail.test\n    phone: +7 427 3934\n  tags: []\n```\n\nThis YAML object follows the structure specified in the problem, with the required fields filled in and the optional fields left blank.""]"
sola-yaml-rescue,"StructuredOutputAdapter(output_mode=YAML, prompt_layout=SECTIONS, parse_config=ParseConfig())",case-0023,validation_error,ValidationError,1.4521056399680674,1,none,0,15,0.0,False,,address.city;address.postcode;address.street;age;contacts[0].email;contacts[0].phone;contacts[1].email;contacts[1].phone;employment.company;employment.role;employment.years;name;tags[0];tags[1];tags[2],,588,0,14,0.0,0,"[""Here is the YAML-style object with the extracted information:\n\n```\nrecord:\n  name: Linus Hopper\n  age: 25\n  address:\n    street: 88 Königsallee\n    city: Paris\n    postcode: 75009\n  employment:\n    company: Bell Labs\n    role: network designer\n    years: 1\n  contacts:\n  - email: linus.hopper1@example.com\n    phone: +91 610 7901\n  - email: linus.hopper@mail.test\n    phone: \n  tags: []\n```\n\nNote that I've left the phone number field as `phone: +91 610 7901` since it's not clear what the format should be. If you'd like me to suggest a format, please let me know!""]"
sola-yaml-rescue,"StructuredOutputAdapter(output_mode=YAML, prompt_layout=SECTIONS, parse_config=ParseConfig())",case-0024,validation_error,ValidationError,0.9797112929518335,1,none,0,10,0.0,False,,address.city;address.postcode;address.street;age;contacts[0].email;contacts[0].phone;employment.company;employment.role;employment.years;name,,513,0,10,0.0,0,"[""Here is the extracted person record in YAML format:\n\n```\nrecord:\n  name: Edsger Turing\n  age: 56\n  address:\n    street: 5 Rue Lafayette\n    city: Osaka\n    postcode: 40212\n  employment:\n    company: Analytical Engines Ltd\n    role: network designer\n    years: 15\n  contacts:\n  - email: edsger.turing@example.com\n    phone: +22 603 8277\n  tags: []\n```\n\nLet me know if this is correct!""]"
sola-yaml-rescue,"StructuredOutputAdapter(output_mode=YAML, prompt_layout=SECTIONS, parse_config=ParseConfig())",case-0025,validation_error,ValidationError,1.3893057680106722,1,none,0,10,0.0,False,,address.city;address.postcode;address.street;age;contacts[0].email;contacts[0].phone;contacts[1].email;contacts[1].phone;employment;name,,559,0,8,0.0,0,"[""I can help you extract the person record from the text. Here is the YAML-style object in the correct order:\n\n```\nrecord:\n  name: Edsger Lovelace\n  age: 41\n  address:\n    street: 88 Königsallee\n    city: London\n    postcode: 40212\n  employment:\n    company: None\n    role: None\n    years: 0\n  contacts:\n  - email: edsger.lovelace@post.example\n    phone: +16 689 4229\n  - email: edsger.lovelace1@corp.example\n    phone: None\n  tags: []\n```\n\nThis YAML object follows the structure specified in the problem, with the required fields filled in and the optional fields left blank.""]"
sola-yaml-rescue,"StructuredOutputAdapter(output_mode=YAML, prompt_layout=SECTIONS, parse_config=ParseConfig())",case-0026,ok,,1.3096503690467216,1,none,12,12,1.0,True,,,,555,11,11,1.0,0,"[""Here is the extracted person record in YAML format:\n\n```\nrecord:\n  name: Katherine Johnson\n  age: 21\n  address:\n    street: 12 Baker St\n    city: Kraków\n    postcode: 08540\n  employment:\n    company: Sun Micro\n    role: research lead\n    years: 21\n  contacts:\n    - email: katherine.johnson@post.example\n      phone: null\n  tags: ['networking', 'cryptography']\n```\n\nNote: I've assumed that the `null` value for the phone number is acceptable, as it is not specified in the original text. If you want to represent it as `null` in the YAML output, you can use the `null` keyword.""]"
sola-yaml-rescue,"StructuredOutputAdapter(output_mode=YAML, prompt_layout=SECTIONS, parse_config=ParseConfig())",case-0027,ok,,1.2309285959927365,1,none,10,10,1.0,True,,,,526,9,9,1.0,0,"[""Here is the extracted person record in YAML format:\n\n```\nrecord:\n  name: Radia Torvalds\n  age: 49\n  address:\n    street: 7 Nassau St\n    city: Düsseldorf\n    postcode: null\n  employment:\n    company: Bell Labs\n    role: compiler architect\n    years: 27\n  contacts:\n  - email: null\n    phone: null\n  tags: ['networking', 'cryptography']\n```\n\nNote: I've assumed that the `null` values for the postcode and phone number are acceptable, as per the provided YAML output. If this is not the case, you may need to adjust the code accordingly.""]"
sola-yaml-rescue,"StructuredOutputAdapter(output_mode=YAML, prompt_layout=SECTIONS, parse_config=ParseConfig())",case-0028,parse_error,AdapterParseError,1.1319073620252311,1,none,0,9,0.0,False,,address.city;address.postcode;address.street;age;contacts[0].email;contacts[0].phone;employment;name;tags[0],,517,0,8,0.0,0,"[""I can help you extract the person record from the given text. Here is the YAML-style object in the correct order:\n\n```\nrecord:\n  name: Grace Turing\n  age: 42\n  address:\n    street: 1 Infinite Loop\n    city: Osaka\n    postcode: 95014\n  employment:\n    company: -\n    role: -\n    years: 0\n  contacts:\n  - email: grace.turing@mail.test\n    phone: +51 266 3147\n  tags: []\n```\n\nThis YAML object follows the structure specified, with the required fields filled in and the optional fields left blank.""]"
sola-yaml-rescue,"StructuredOutputAdapter(output_mode=YAML, prompt_layout=SECTIONS, parse_config=ParseConfig())",case-0029,validation_error,ValidationError,1.5286917579942383,1,none,0,11,0.0,False,,address.city;address.postcode;address.street;age;employment.company;employment.role;employment.years;name;tags[0];tags[1];tags[2],,577,0,11,0.0,0,"[""Here is the extracted person record in YAML format:\n\n```\nrecord:\n  name: Grace Liskov\n  age: 28\n  address:\n    street: 88 Königsallee\n    city: Cupertino\n    postcode: 95014\n  employment:\n    company: Analytical Engines Ltd\n    role: staff engineer\n    years: 4\n  contacts:\n  - email: <Grace Liskov@analyzinge engines.com>\n    phone: <Grace Liskov@analyzinge engines.com>\n  tags: ['networking', 'cryptography', 'distributed-systems']\n```\n\nNote: I've assumed that the email and phone numbers are in the format `<name>@company.com>`, as this is a common convention for email addresses and phone numbers. If this is not the case, please let me know and I'll adjust the output accordingly.""]"
