adapter,adapter_config,case_id,outcome,error_class,wall_s,lm_calls,response_format_sent,matched,total,ratio,exact,wrong,missing,spurious,total_tokens,recall_matched,recall_total,recall,invented,replies
json,JSONAdapter(),financial-ner-0000,validation_error,ValidationError,7.997651722980663,1,json_object,0,8,0.0,False,,Company[0];Company[1];Date;Location;Money;Person;Product;Quantity,,1057,0,2,0.0,0,"[""{\n  \""entities\"": [\n    {\n      \""type\"": \""string\"",\n      \""description\"": \""Albertsons\""\n    },\n    {\n      \""type\"": \""string\"",\n      \""description\"": \""Rite Aid\""\n    },\n    {\n      \""type\"": \""string\"",\n      \""description\"": \""advisory firms\""\n    }\n  ]\n}""]"
json,JSONAdapter(),financial-ner-0001,validation_error,ValidationError,2.0814021669793874,1,json_object,0,8,0.0,False,,Company[0];Company[1];Date;Location[0];Money;Person;Product;Quantity,,1167,0,3,0.0,0,"[""{\n  \""entities\"": [\n    {\n      \""type\"": \""string\"",\n      \""description\"": \""EU\""\n    },\n    {\n      \""type\"": \""string\"",\n      \""description\"": \""Clears\""\n    },\n    {\n      \""type\"": \""string\"",\n      \""description\"": \""merger\""\n    },\n    {\n      \""type\"": \""string\"",\n      \""description\"": \""of\""\n    },\n    {\n      \""type\"": \""string\"",\n      \""description\"": \""Essilor\""\n    },\n    {\n      \""type\"": \""string\"",\n      \""description\"": \""Luxottica\""\n    },\n    {\n      \""type\"": \""string\"",\n      \""description\"": \""without\""\n    },\n    {\n      \""type\"": \""string\"",\n      \""description\"": \""conditions\""\n    }\n  ]\n}""]"
json,JSONAdapter(),financial-ner-0002,validation_error,ValidationError,1.9702082129660994,1,json_object,0,9,0.0,False,,Company[0];Company[1];Company[2];Date[0];Location[0];Money[0];Person[0];Product;Quantity,,1198,0,7,0.0,0,"[""{\n  \""entities\"": [\n    {\n      \""type\"": \""string\"",\n      \""description\"": \""Broadcom\""\n    },\n    {\n      \""type\"": \""string\"",\n      \""description\"": \""Qualcomms\""\n    },\n    {\n      \""type\"": \""string\"",\n      \""description\"": \""NXP Semconductors\""\n    },\n    {\n      \""type\"": \""string\"",\n      \""description\"": \""US President Donald Trump\""\n    },\n    {\n      \""type\"": \""string\"",\n      \""description\"": \""US President Donald Trump\""\n    },\n    {\n      \""type\"": \""string\"",\n      \""description\"": \""US President Donald Trump\""\n    },\n    {\n      \""type\"": \""string\"",\n      \""description\"": \""US President Donald Trump\""\n    }\n  ]\n}""]"
json,JSONAdapter(),financial-ner-0003,validation_error,ValidationError,0.6671949480078183,1,json_object,0,8,0.0,False,,Company[0];Company[1];Date;Location;Money[0];Person;Product;Quantity,,1023,0,3,0.0,0,"[""{\n  \""entities\"": [\n    {\n      \""type\"": \""string\"",\n      \""description\"": \""Bank of America\""\n    },\n    {\n      \""type\"": \""string\"",\n      \""description\"": \""Merrill Lynch\""\n    }\n  ]\n}""]"
json,JSONAdapter(),financial-ner-0004,validation_error,ValidationError,1.8145082330447622,1,json_object,0,10,0.0,False,,Company[0];Company[1];Company[2];Company[3];Date;Location;Money[0];Person;Product;Quantity,,1152,0,5,0.0,0,"[""{\n  \""entities\"": [\n    {\n      \""type\"": \""string\"",\n      \""description\"": \""Broadcom\""\n    },\n    {\n      \""type\"": \""string\"",\n      \""description\"": \""Qualcomm\""\n    },\n    {\n      \""type\"": \""string\"",\n      \""description\"": \""offer\""\n    },\n    {\n      \""type\"": \""string\"",\n      \""description\"": \""117 billion\""\n    },\n    {\n      \""type\"": \""string\"",\n      \""description\"": \""new\""\n    },\n    {\n      \""type\"": \""string\"",\n      \""description\"": \""NXP\""\n    },\n    {\n      \""type\"": \""string\"",\n      \""description\"": \""deal\""\n    }\n  ]\n}""]"
json,JSONAdapter(),financial-ner-0005,validation_error,ValidationError,8.407387001963798,1,json_object,0,7,0.0,False,,Company[0];Date;Location[0];Money[0];Person;Product;Quantity,,1859,0,3,0.0,0,"[""{\n  \""entities\"": [\n    {\n      \""type\"": \""string\"",\n      \""description\"": \""British Company\""\n    },\n    {\n      \""type\"": \""string\"",\n      \""description\"": \""McI\""\n    },\n    {\n      \""type\"": \""string\"",\n      \""description\"": \""British Company\""\n    },\n    {\n      \""type\"": \""string\"",\n      \""description\"": \""British Company\""\n    },\n    {\n      \""type\"": \""string\"",\n      \""description\"": \""British Company\""\n    },\n    {\n      \""type\"": \""string\"",\n      \""description\"": \""McI\""\n    },\n    {\n      \""type\"": \""string\"",\n      \""description\"": \""British Company\""\n    },\n    {\n      \""type\"": \""string\"",\n      \""description\"": \""McI\""\n    },\n    {\n      \""type\"": \""string\"",\n      \""description\"": \""British Company\""\n    },\n    {\n      \""type\"": \""string\"",\n      \""description\"": \""McI\""\n    },\n    {\n      \""type\"": \""string\"",\n      \""description\"": \""British Company\""\n    },\n    {\n      \""type\"": \""string\"",\n      \""description\"": \""McI\""\n    },\n    {\n      \""type\"": \""string\"",\n      \""description\"": \""British Company\""\n    },\n    {\n      \""type\"": \""string\"",\n      \""description\"": \""McI\""\n    },\n    {\n      \""type\"": \""string\"",\n      \""description\"": \""British Company\""\n    },\n    {\n      \""type\"": \""string\"",\n      \""description\"": \""McI\""\n    },\n    {\n      \""type\"": \""string\"",\n      \""description\"": \""British Company\""\n    },\n    {\n      \""type\"": \""string\"",\n      \""description\"": \""McI\""\n    },\n    {\n      \""type\"": \""string\"",\n      \""description\"": \""British Company\""\n    },\n    {\n      \""type\"": \""string\"",\n      \""description\"": \""McI\""\n    },\n    {\n      \""type\"": \""string\"",\n      \""description\"": \""British Company\""\n    },\n    {\n      \""type\"": \""string\"",\n      \""description\"": \""McI\""\n    },\n    {\n      \""type\"": \""string\"",\n      \""description\"": \""British Company\""\n    },\n    {\n      \""type\"": \""string\"",\n      \""description\"": \""McI\""\n    },\n    {\n      \""type\"": \""string\"",\n      \""description\"": \""British Company\""\n    },\n    {\n      \""type\"": \""string\"",\n      \""description\"": \""McI\""\n    },\n    {\n      \""type\"": \""string\"",\n      \""description\"": \""British Company\""\n    },\n    {\n      \""type\"": \""string\"",\n      \""description\"": \""McI\""\n    },\n    {\n      \""type\"": \""string\"",\n      \""description\"": \""British Company\""\n    },\n    {\n      \""type\"": \""string\"",\n      \""description\"": \""McI\""\n    },\n    {\n      \""type\"": \""string\"",\n      \""description\"": \""British Company\""\n    },\n    {\n      \""type\"": \""string\"",\n      \""description\"": \""McI\""\n    },\n    {\n      \""type\"": \""string\"",\n      \""description\"": \""British Company\""\n    },\n    {\n      \""type\"": \""string\"",\n      \""description\"": \""McI\""\n    },\n    {\n      \""type\"": \""string\"",\n      \""description\"": \""British Company\""\n    },\n    {\n      \""type\"": \""string\"",\n      \""description\"":""]"
json,JSONAdapter(),financial-ner-0006,validation_error,ValidationError,6.537828878965229,1,json_object,0,13,0.0,False,,Company[0];Company[1];Company[2];Date;Location;Money[0];Money[1];Money[2];Money[3];Money[4];Person;Product;Quantity,,1722,0,8,0.0,0,"[""{\n  \""entities\"": [\n    {\n      \""type\"": \""string\"",\n      \""description\"": \""Johnson & Johnson\""\n    },\n    {\n      \""type\"": \""string\"",\n      \""description\"": \""Guidant\""\n    },\n    {\n      \""type\"": \""string\"",\n      \""description\"": \""Boston Scientific\""\n    },\n    {\n      \""type\"": \""string\"",\n      \""description\"": \""Guidant\""\n    },\n    {\n      \""type\"": \""string\"",\n      \""description\"": \""Boston Scientific\""\n    },\n    {\n      \""type\"": \""string\"",\n      \""description\"": \""Unsolicited offer\""\n    },\n    {\n      \""type\"": \""string\"",\n      \""description\"": \""lower price\""\n    },\n    {\n      \""type\"": \""string\"",\n      \""description\"": \""between Johnson & Johnson and Guidant\""\n    },\n    {\n      \""type\"": \""string\"",\n      \""description\"": \""Boston Scientific\""\n    },\n    {\n      \""type\"": \""string\"",\n      \""description\"": \""announced\""\n    },\n    {\n      \""type\"": \""string\"",\n      \""description\"": \""an unsolicited offer\""\n    },\n    {\n      \""type\"": \""string\"",\n      \""description\"": \""of $24.6 billion\""\n    },\n    {\n      \""type\"": \""string\"",\n      \""description\"": \""for Guidant\""\n    },\n    {\n      \""type\"": \""string\"",\n      \""description\"": \""an offer of $72 per share\""\n    },\n    {\n      \""type\"": \""string\"",\n      \""description\"": \""of Guidant\""\n    },\n    {\n      \""type\"": \""string\"",\n      \""description\"": \""in cash\""\n    },\n    {\n      \""type\"": \""string\"",\n      \""description\"": \""a fixed number of Boston Scientific shares valued at $36 a share\""\n    },\n    {\n      \""type\"": \""string\"",\n      \""description\"": \""valued at $36 a share\""\n    },\n    {\n      \""type\"": \""string\"",\n      \""description\"": \""a share\""\n    },\n    {\n      \""type\"": \""string\"",\n      \""description\"": \""of Guidant\""\n    },\n    {\n      \""type\"": \""string\"",\n      \""description\"": \""fixed\""\n    },\n    {\n      \""type\"": \""string\"",\n      \""description\"": \""number of Boston Scientific shares\""\n    },\n    {\n      \""type\"": \""string\"",\n      \""description\"": \""valued at $36 a share\""\n    },\n    {\n      \""type\"": \""string\"",\n      \""description\"": \""a share\""\n    },\n    {\n      \""type\"": \""string\"",\n      \""description\"": \""of Boston Scientific\""\n    }\n    ]\n}""]"
json,JSONAdapter(),financial-ner-0007,validation_error,ValidationError,0.6545221250271425,1,json_object,0,8,0.0,False,,Company[0];Company[1];Date;Location;Money[0];Person;Product;Quantity,,1027,0,3,0.0,0,"[""{\n  \""entities\"": [\n    {\n      \""type\"": \""string\"",\n      \""description\"": \""Time Warner\""\n    },\n    {\n      \""type\"": \""string\"",\n      \""description\"": \""21st Century Fox\""\n    }\n  ]\n}""]"
json,JSONAdapter(),financial-ner-0008,validation_error,ValidationError,1.085682571050711,1,json_object,0,7,0.0,False,,Company;Date;Location[0];Money;Person;Product;Quantity,,1073,0,1,0.0,0,"[""{\n  \""entities\"": [\n    {\n      \""type\"": \""string\"",\n      \""description\"": \""International Business\""\n    },\n    {\n      \""type\"": \""string\"",\n      \""description\"": \""Japan Banks\""\n    },\n    {\n      \""type\"": \""string\"",\n      \""description\"": \""Merge\""\n    },\n    {\n      \""type\"": \""string\"",\n      \""description\"": \""With Wider Effects\""\n    }\n  ]\n}""]"
json,JSONAdapter(),financial-ner-0009,validation_error,ValidationError,1.6037557019735686,1,json_object,0,7,0.0,False,,Company[0];Date[0];Location;Money;Person;Product;Quantity[0],,1162,0,3,0.0,0,"[""{\n  \""entities\"": [\n    {\n      \""type\"": \""string\"",\n      \""description\"": \""New Plan is filed by Columbia Group; Merger of Four Sub-sidiaries, Acquisition of Another is Proposed to SEC HEARING SET FOR SEPTEMBER 8. Consolidation to Form a New Corporation is Objective of Utilities Concern\""\n    },\n    {\n      \""type\"": \""string\"",\n      \""description\"": \""NEW PLAN IS FILED BY COLUMBIA GROUP; Merger of Four Subsidiaries, Acquisition of Another is Proposed to SEC HEARING SET FOR SEPT. 8\""\n    },\n    {\n      \""type\"": \""string\"",\n      \""description\"": \""Consolidation to Form a New Corporation is Objective of Utilities Concern\""\n    }\n  ]\n}""]"
json,JSONAdapter(),financial-ner-0010,validation_error,ValidationError,0.8785743360058405,1,json_object,0,9,0.0,False,,Company[0];Company[1];Company[2];Date;Location;Money;Person;Product;Quantity,,1053,0,3,0.0,0,"[""{\n  \""entities\"": [\n    {\n      \""type\"": \""string\"",\n      \""description\"": \""BB&T\""\n    },\n    {\n      \""type\"": \""string\"",\n      \""description\"": \""SunTrust\""\n    },\n    {\n      \""type\"": \""string\"",\n      \""description\"": \""U.S.\""\n    }\n  ]\n}""]"
json,JSONAdapter(),financial-ner-0011,validation_error,ValidationError,2.559757440001704,1,json_object,0,8,0.0,False,,Company[0];Company[1];Date;Location;Money;Person;Product;Quantity,,1238,0,2,0.0,0,"[""{\n  \""entities\"": [\n    {\n      \""type\"": \""string\"",\n      \""description\"": \""Statoil to buy Norsk Hydro 's oil, gas business\""\n    },\n    {\n      \""type\"": \""string\"",\n      \""description\"": \""Statoil\""\n    },\n    {\n      \""type\"": \""string\"",\n      \""description\"": \""Norsk Hydro\""\n    },\n    {\n      \""type\"": \""string\"",\n      \""description\"": \""oil\""\n    },\n    {\n      \""type\"": \""string\"",\n      \""description\"": \""gas\""\n    },\n    {\n      \""type\"": \""string\"",\n      \""description\"": \""business\""\n    },\n    {\n      \""type\"": \""string\"",\n      \""description\"": \""Statoil\""\n    },\n    {\n      \""type\"": \""string\"",\n      \""description\"": \""Norsk Hydro\""\n    },\n    {\n      \""type\"": \""string\"",\n      \""description\"": \""oil, gas\""\n    },\n    {\n      \""type\"": \""string\"",\n      \""description\"": \""business\""\n    }\n  ]\n}""]"
json,JSONAdapter(),financial-ner-0012,validation_error,ValidationError,1.5778940750169568,1,json_object,0,9,0.0,False,,Company[0];Company[1];Date;Location;Money[0];Money[1];Person;Product;Quantity,,1154,0,4,0.0,0,"[""{\n  \""entities\"": [\n    {\n      \""type\"": \""string\"",\n      \""description\"": \""Pfizer\""\n    },\n    {\n      \""type\"": \""string\"",\n      \""description\"": \""American Home Products\""\n    },\n    {\n      \""type\"": \""string\"",\n      \""description\"": \""American Home Products\""\n    },\n    {\n      \""type\"": \""string\"",\n      \""description\"": \""Pfizer\""\n    },\n    {\n      \""type\"": \""string\"",\n      \""description\"": \""American Home Products\""\n    },\n    {\n      \""type\"": \""string\"",\n      \""description\"": \""American Home Products\""\n    }\n  ]\n}""]"
json,JSONAdapter(),financial-ner-0013,validation_error,ValidationError,0.8282305049942806,1,json_object,0,8,0.0,False,,Company[0];Company[1];Date[0];Location;Money;Person;Product;Quantity,,1023,0,3,0.0,0,"[""{\n  \""entities\"": [\n    {\n      \""type\"": \""string\"",\n      \""description\"": \""United Technologies\""\n    },\n    {\n      \""type\"": \""string\"",\n      \""description\"": \""Raytheon\""\n    }\n  ]\n}""]"
json,JSONAdapter(),financial-ner-0014,validation_error,ValidationError,10.552731356001459,1,json_object,0,8,0.0,False,,Company[0];Company[1];Date;Location;Money[0];Person[0];Product;Quantity,,1865,0,4,0.0,0,"[""{\n  \""entities\"": [\n    {\n      \""type\"": \""string\"",\n      \""description\"": \""BMS CEO Giovanni Caforio Lays out Reasoning for $74 Billion Acquisition of Celgene\""\n    },\n    {\n      \""type\"": \""string\"",\n      \""description\"": \""Celgene\""\n    },\n    {\n      \""type\"": \""string\"",\n      \""description\"": \""Celgene\""\n    },\n    {\n      \""type\"": \""string\"",\n      \""description\"": \""Celgene\""\n    },\n    {\n      \""type\"": \""string\"",\n      \""description\"": \""Celgene\""\n    },\n    {\n      \""type\"": \""string\"",\n      \""description\"": \""Celgene\""\n    },\n    {\n      \""type\"": \""string\"",\n      \""description\"": \""Celgene\""\n    },\n    {\n      \""type\"": \""string\"",\n      \""description\"": \""Celgene\""\n    },\n    {\n      \""type\"": \""string\"",\n      \""description\"": \""Celgene\""\n    },\n    {\n      \""type\"": \""string\"",\n      \""description\"": \""Celgene\""\n    },\n    {\n      \""type\"": \""string\"",\n      \""description\"": \""Celgene\""\n    },\n    {\n      \""type\"": \""string\"",\n      \""description\"": \""Celgene\""\n    },\n    {\n      \""type\"": \""string\"",\n      \""description\"": \""Celgene\""\n    },\n    {\n      \""type\"": \""string\"",\n      \""description\"": \""Celgene\""\n    },\n    {\n      \""type\"": \""string\"",\n      \""description\"": \""Celgene\""\n    },\n    {\n      \""type\"": \""string\"",\n      \""description\"": \""Celgene\""\n    },\n    {\n      \""type\"": \""string\"",\n      \""description\"": \""Celgene\""\n    },\n    {\n      \""type\"": \""string\"",\n      \""description\"": \""Celgene\""\n    },\n    {\n      \""type\"": \""string\"",\n      \""description\"": \""Celgene\""\n    },\n    {\n      \""type\"": \""string\"",\n      \""description\"": \""Celgene\""\n    },\n    {\n      \""type\"": \""string\"",\n      \""description\"": \""Celgene\""\n    },\n    {\n      \""type\"": \""string\"",\n      \""description\"": \""Celgene\""\n    },\n    {\n      \""type\"": \""string\"",\n      \""description\"": \""Celgene\""\n    },\n    {\n      \""type\"": \""string\"",\n      \""description\"": \""Celgene\""\n    },\n    {\n      \""type\"": \""string\"",\n      \""description\"": \""Celgene\""\n    },\n    {\n      \""type\"": \""string\"",\n      \""description\"": \""Celgene\""\n    },\n    {\n      \""type\"": \""string\"",\n      \""description\"": \""Celgene\""\n    },\n    {\n      \""type\"": \""string\"",\n      \""description\"": \""Celgene\""\n    },\n    {\n      \""type\"": \""string\"",\n      \""description\"": \""Celgene\""\n    },\n    {\n      \""type\"": \""string\"",\n      \""description\"": \""Celgene\""\n    },\n    {\n      \""type\"": \""string\"",\n      \""description\"": \""Celgene\""\n    },\n    {\n      \""type\"": \""string\"",\n      \""description\"": \""Celgene\""\n    },\n    {\n      \""type\"": \""string\"",\n      \""description\"": \""Celgene\""\n    },\n    {\n      \""type\"": \""string\"",\n      \""description\"": \""Celgene\""\n    },\n    {\n      \""type\"": \""string\"",\n      \""description\"": \""Celgene\""\n""]"
json,JSONAdapter(),financial-ner-0015,validation_error,ValidationError,1.3232059120200574,1,json_object,0,8,0.0,False,,Company[0];Company[1];Date;Location;Money[0];Person;Product;Quantity,,1070,0,3,0.0,0,"[""{\n  \""entities\"": [\n    {\n      \""type\"": \""string\"",\n      \""description\"": \""CVS\""\n    },\n    {\n      \""type\"": \""string\"",\n      \""description\"": \""Caremark\""\n    },\n    {\n      \""type\"": \""string\"",\n      \""description\"": \""$21 billion\""\n    },\n    {\n      \""type\"": \""string\"",\n      \""description\"": \""Deal\""\n    }\n  ]\n}""]"
json,JSONAdapter(),financial-ner-0016,validation_error,ValidationError,2.297715238004457,1,json_object,0,10,0.0,False,,Company[0];Company[1];Company[2];Company[3];Date;Location[0];Money;Person;Product;Quantity,,1220,0,5,0.0,0,"[""{\n  \""entities\"": [\n    {\n      \""type\"": \""string\"",\n      \""description\"": \""Allergan\""\n    },\n    {\n      \""type\"": \""string\"",\n      \""description\"": \""Valeant\""\n    },\n    {\n      \""type\"": \""string\"",\n      \""description\"": \""cash\""\n    },\n    {\n      \""type\"": \""string\"",\n      \""description\"": \""stock\""\n    },\n    {\n      \""type\"": \""string\"",\n      \""description\"": \""Allergan plc\""\n    },\n    {\n      \""type\"": \""string\"",\n      \""description\"": \""Actavis plc\""\n    },\n    {\n      \""type\"": \""string\"",\n      \""description\"": \""Allergan plc\""\n    },\n    {\n      \""type\"": \""string\"",\n      \""description\"": \""Allergan\""\n    }\n  ]\n}""]"
json,JSONAdapter(),financial-ner-0017,validation_error,ValidationError,1.096871612011455,1,json_object,0,8,0.0,False,,Company[0];Company[1];Date;Location;Money[0];Person;Product;Quantity,,1062,0,3,0.0,0,"[""{\n  \""entities\"": [\n    {\n      \""type\"": \""string\"",\n      \""description\"": \""ChemChina\""\n    },\n    {\n      \""type\"": \""string\"",\n      \""description\"": \""Syngenta\""\n    },\n    {\n      \""type\"": \""string\"",\n      \""description\"": \""ChemChina Clinches Its $43 Billion Takeover of Syngenta\""\n    }\n  ]\n}""]"
json,JSONAdapter(),financial-ner-0018,validation_error,ValidationError,1.04731295700185,1,json_object,0,8,0.0,False,,Company[0];Company[1];Date;Location;Money[0];Person;Product;Quantity,,1053,0,3,0.0,0,"[""{\n  \""entities\"": [\n    {\n      \""type\"": \""string\"",\n      \""description\"": \""London Stock Exchange\""\n    },\n    {\n      \""type\"": \""string\"",\n      \""description\"": \""Refinitiv\""\n    },\n    {\n      \""type\"": \""string\"",\n      \""description\"": \""$27 billion\""\n    }\n  ]\n}""]"
json,JSONAdapter(),financial-ner-0019,validation_error,ValidationError,1.0414946509990841,1,json_object,0,8,0.0,False,,Company[0];Company[1];Date[0];Location;Money;Person;Product;Quantity,,1058,0,3,0.0,0,"[""{\n  \""entities\"": [\n    {\n      \""type\"": \""array\"",\n      \""items\"": [\n        {\n          \""description\"": \""Chrysler\"",\n          \""title\"": \""Chrysler\""\n        },\n        {\n          \""description\"": \""Daimler Benz\"",\n          \""title\"": \""Daimler Benz\""\n        }\n      ]\n    }\n  ]\n}""]"
json,JSONAdapter(),financial-ner-0020,validation_error,ValidationError,2.2105149860144593,1,json_object,0,7,0.0,False,,Company;Date;Location[0];Money;Person;Product;Quantity,,1187,0,1,0.0,0,"[""{\n  \""entities\"": [\n    {\n      \""type\"": \""string\"",\n      \""description\"": \""Chinese firms\""\n    },\n    {\n      \""type\"": \""string\"",\n      \""description\"": \""said to be in mega - merger talks\""\n    },\n    {\n      \""type\"": \""string\"",\n      \""description\"": \""but do they have chemistry?\""\n    },\n    {\n      \""type\"": \""string\"",\n      \""description\"": \""chemistry\""\n    },\n    {\n      \""type\"": \""string\"",\n      \""description\"": \""mega - merger talks\""\n    },\n    {\n      \""type\"": \""string\"",\n      \""description\"": \""but\""\n    },\n    {\n      \""type\"": \""string\"",\n      \""description\"": \""do they have\""\n    },\n    {\n      \""type\"": \""string\"",\n      \""description\"": \""chemistry?\""\n    }\n  ]\n}""]"
json,JSONAdapter(),financial-ner-0021,validation_error,ValidationError,0.8734288309933618,1,json_object,0,8,0.0,False,,Company[0];Company[1];Date;Location[0];Money[0];Person;Product;Quantity,,1055,0,4,0.0,0,"[""{\n  \""entities\"": [\n    {\n      \""type\"": \""string\"",\n      \""description\"": \""Hutchison\""\n    },\n    {\n      \""type\"": \""string\"",\n      \""description\"": \""VimpelCom\""\n    },\n    {\n      \""type\"": \""string\"",\n      \""description\"": \""Italy\""\n    }\n  ]\n}""]"
json,JSONAdapter(),financial-ner-0022,validation_error,ValidationError,0.6949593010358512,1,json_object,0,8,0.0,False,,Company[0];Company[1];Date;Location;Money[0];Person;Product;Quantity,,1027,0,3,0.0,0,"[""{\n  \""entities\"": [\n    {\n      \""type\"": \""string\"",\n      \""description\"": \""SoftBank completes $31 billion acquisition of ARM.\""\n    },\n    {\n      \""type\"": \""string\"",\n      \""description\"": \""None\""\n    }\n  ]\n}""]"
json,JSONAdapter(),financial-ner-0023,validation_error,ValidationError,8.266690481978003,1,json_object,0,8,0.0,False,,Company[0];Company[1];Date;Location;Money[0];Person;Product;Quantity,,1864,0,3,0.0,0,"[""{\n  \""entities\"": [\n    {\n      \""type\"": \""string\"",\n      \""description\"": \""Charles Schwab\""\n    },\n    {\n      \""type\"": \""string\"",\n      \""description\"": \""TD Ameritrade\""\n    },\n    {\n      \""type\"": \""string\"",\n      \""description\"": \""all - stock deal\""\n    },\n    {\n      \""type\"": \""string\"",\n      \""description\"": \""all - stock\""\n    },\n    {\n      \""type\"": \""string\"",\n      \""description\"": \""deal\""\n    },\n    {\n      \""type\"": \""string\"",\n      \""description\"": \""a $26 billion\""\n    },\n    {\n      \""type\"": \""string\"",\n      \""description\"": \""all - stock\""\n    },\n    {\n      \""type\"": \""string\"",\n      \""description\"": \""deal\""\n    },\n    {\n      \""type\"": \""string\"",\n      \""description\"": \""all - stock\""\n    },\n    {\n      \""type\"": \""string\"",\n      \""description\"": \""deal\""\n    },\n    {\n      \""type\"": \""string\"",\n      \""description\"": \""all - stock\""\n    },\n    {\n      \""type\"": \""string\"",\n      \""description\"": \""deal\""\n    },\n    {\n      \""type\"": \""string\"",\n      \""description\"": \""all - stock\""\n    },\n    {\n      \""type\"": \""string\"",\n      \""description\"": \""deal\""\n    },\n    {\n      \""type\"": \""string\"",\n      \""description\"": \""all - stock\""\n    },\n    {\n      \""type\"": \""string\"",\n      \""description\"": \""deal\""\n    },\n    {\n      \""type\"": \""string\"",\n      \""description\"": \""all - stock\""\n    },\n    {\n      \""type\"": \""string\"",\n      \""description\"": \""deal\""\n    },\n    {\n      \""type\"": \""string\"",\n      \""description\"": \""all - stock\""\n    },\n    {\n      \""type\"": \""string\"",\n      \""description\"": \""deal\""\n    },\n    {\n      \""type\"": \""string\"",\n      \""description\"": \""all - stock\""\n    },\n    {\n      \""type\"": \""string\"",\n      \""description\"": \""deal\""\n    },\n    {\n      \""type\"": \""string\"",\n      \""description\"": \""all - stock\""\n    },\n    {\n      \""type\"": \""string\"",\n      \""description\"": \""deal\""\n    },\n    {\n      \""type\"": \""string\"",\n      \""description\"": \""all - stock\""\n    },\n    {\n      \""type\"": \""string\"",\n      \""description\"": \""deal\""\n    },\n    {\n      \""type\"": \""string\"",\n      \""description\"": \""all - stock\""\n    },\n    {\n      \""type\"": \""string\"",\n      \""description\"": \""deal\""\n    },\n    {\n      \""type\"": \""string\"",\n      \""description\"": \""all - stock\""\n    },\n    {\n      \""type\"": \""string\"",\n      \""description\"": \""deal\""\n    },\n    {\n      \""type\"": \""string\"",\n      \""description\"": \""all - stock\""\n    },\n    {\n      \""type\"": \""string\"",\n      \""description\"": \""deal\""\n    },\n    {\n      \""type\"": \""string\"",\n      \""description\"": \""all - stock\""\n    },\n    {\n      \""type\"": \""string\"",\n      \""description\"": \""deal\""\n    },\n    {\n      \""type\"": \""string\"",\n      \""description\"": ""]"
json,JSONAdapter(),financial-ner-0024,validation_error,ValidationError,2.0500260830158368,1,json_object,0,8,0.0,False,,Company[0];Company[1];Date;Location;Money[0];Person;Product;Quantity,,1158,0,3,0.0,0,"[""{\n  \""entities\"": [\n    {\n      \""type\"": \""string\"",\n      \""description\"": \""Xerox 's $33.5 billion ( 25.8 billion ) cash - and - stock offer to buy bigger rival HP\""\n    },\n    {\n      \""type\"": \""string\"",\n      \""description\"": \""was declined\""\n    },\n    {\n      \""type\"": \""string\"",\n      \""description\"": \""with HP indicating it might make its own counter - offer for Xerox\""\n    },\n    {\n      \""type\"": \""string\"",\n      \""description\"": \""for Xerox\""\n    }\n  ]\n}""]"
json,JSONAdapter(),financial-ner-0025,validation_error,ValidationError,1.9570139329880476,1,json_object,0,7,0.0,False,,Company[0];Date;Location[0];Money;Person;Product;Quantity[0],,1171,0,3,0.0,0,"[""{\n  \""entities\"": [\n    {\n      \""type\"": \""string\"",\n      \""description\"": \""China Mobile\""\n    },\n    {\n      \""type\"": \""string\"",\n      \""description\"": \""state - owned mobile communications businesses\""\n    },\n    {\n      \""type\"": \""string\"",\n      \""description\"": \""mobile communications businesses\""\n    },\n    {\n      \""type\"": \""string\"",\n      \""description\"": \""state - owned mobile communications businesses\""\n    },\n    {\n      \""type\"": \""string\"",\n      \""description\"": \""mobile communications businesses\""\n    },\n    {\n      \""type\"": \""string\"",\n      \""description\"": \""mobile communications businesses\""\n    },\n    {\n      \""type\"": \""string\"",\n      \""description\"": \""state - owned mobile communications businesses\""\n    }\n  ]\n}""]"
json,JSONAdapter(),financial-ner-0026,validation_error,ValidationError,8.344443538982887,1,json_object,0,8,0.0,False,,Company[0];Company[1];Date;Location;Money[0];Person;Product;Quantity,,1857,0,3,0.0,0,"[""{\n  \""entities\"": [\n    {\n      \""type\"": \""string\"",\n      \""description\"": \""GSK\""\n    },\n    {\n      \""type\"": \""string\"",\n      \""description\"": \""Unilever\""\n    },\n    {\n      \""type\"": \""string\"",\n      \""description\"": \""consumer division\""\n    },\n    {\n      \""type\"": \""string\"",\n      \""description\"": \""division\""\n    },\n    {\n      \""type\"": \""string\"",\n      \""description\"": \""division\""\n    },\n    {\n      \""type\"": \""string\"",\n      \""description\"": \""consumer\""\n    },\n    {\n      \""type\"": \""string\"",\n      \""description\"": \""division\""\n    },\n    {\n      \""type\"": \""string\"",\n      \""description\"": \""division\""\n    },\n    {\n      \""type\"": \""string\"",\n      \""description\"": \""division\""\n    },\n    {\n      \""type\"": \""string\"",\n      \""description\"": \""consumer\""\n    },\n    {\n      \""type\"": \""string\"",\n      \""description\"": \""division\""\n    },\n    {\n      \""type\"": \""string\"",\n      \""description\"": \""division\""\n    },\n    {\n      \""type\"": \""string\"",\n      \""description\"": \""division\""\n    },\n    {\n      \""type\"": \""string\"",\n      \""description\"": \""division\""\n    },\n    {\n      \""type\"": \""string\"",\n      \""description\"": \""division\""\n    },\n    {\n      \""type\"": \""string\"",\n      \""description\"": \""division\""\n    },\n    {\n      \""type\"": \""string\"",\n      \""description\"": \""division\""\n    },\n    {\n      \""type\"": \""string\"",\n      \""description\"": \""division\""\n    },\n    {\n      \""type\"": \""string\"",\n      \""description\"": \""division\""\n    },\n    {\n      \""type\"": \""string\"",\n      \""description\"": \""division\""\n    },\n    {\n      \""type\"": \""string\"",\n      \""description\"": \""division\""\n    },\n    {\n      \""type\"": \""string\"",\n      \""description\"": \""division\""\n    },\n    {\n      \""type\"": \""string\"",\n      \""description\"": \""division\""\n    },\n    {\n      \""type\"": \""string\"",\n      \""description\"": \""division\""\n    },\n    {\n      \""type\"": \""string\"",\n      \""description\"": \""division\""\n    },\n    {\n      \""type\"": \""string\"",\n      \""description\"": \""division\""\n    },\n    {\n      \""type\"": \""string\"",\n      \""description\"": \""division\""\n    },\n    {\n      \""type\"": \""string\"",\n      \""description\"": \""division\""\n    },\n    {\n      \""type\"": \""string\"",\n      \""description\"": \""division\""\n    },\n    {\n      \""type\"": \""string\"",\n      \""description\"": \""division\""\n    },\n    {\n      \""type\"": \""string\"",\n      \""description\"": \""division\""\n    },\n    {\n      \""type\"": \""string\"",\n      \""description\"": \""division\""\n    },\n    {\n      \""type\"": \""string\"",\n      \""description\"": \""division\""\n    },\n    {\n      \""type\"": \""string\"",\n      \""description\"": \""division\""\n    },\n    {\n      \""type\"": \""string\"",\n      \""description\"": \""division\""\n    },\n    {\n      \""type\"": \""string\"",\n      \""description\"": \""division\""\n    },\n    {\n      \""type\"": \""string\"",\n      \""description\"": \""division\""\n    },\n""]"
json,JSONAdapter(),financial-ner-0027,validation_error,ValidationError,3.1742639010190032,1,json_object,0,8,0.0,False,,Company[0];Company[1];Date;Location;Money;Person;Product;Quantity,,1273,0,2,0.0,0,"[""{\n  \""entities\"": [\n    {\n      \""type\"": \""string\"",\n      \""description\"": \""The official name of a registered company or a brand.\""\n    },\n    {\n      \""type\"": \""string\"",\n      \""description\"": \""The official or unofficial name of a registered company or a brand.\""\n    },\n    {\n      \""type\"": \""string\"",\n      \""description\"": \""The date period, whether explicitly mentioned (e.g., 'year ended March 2020') or implicitly referred to (e.g., 'last month').\""\n    },\n    {\n      \""type\"": \""string\"",\n      \""description\"": \""The location, which can be a geographical region, country, state, city, road, or any other location.\""\n    },\n    {\n      \""type\"": \""string\"",\n      \""description\"": \""The monetary value expressed in any world currency.\""\n    },\n    {\n      \""type\"": \""string\"",\n      \""description\"": \""The name of an individual.\""\n    },\n    {\n      \""type\"": \""string\"",\n      \""description\"": \""The name of any physical object or service manufactured or provided by a company.\""\n    },\n    {\n      \""type\"": \""string\"",\n      \""description\"": \""The quantity, which can be a numeric value or a measurement.\""\n    }\n  ]\n}""]"
json,JSONAdapter(),financial-ner-0028,validation_error,ValidationError,0.8631588359712623,1,json_object,0,9,0.0,False,,Company[0];Company[1];Company[2];Date;Location;Money;Person;Product;Quantity,,1049,0,3,0.0,0,"[""{\n  \""entities\"": [\n    {\n      \""type\"": \""string\"",\n      \""description\"": \""Global Crossing\""\n    },\n    {\n      \""type\"": \""string\"",\n      \""description\"": \""US West\""\n    },\n    {\n      \""type\"": \""string\"",\n      \""description\"": \""Qwest\""\n    }\n  ]\n}""]"
json,JSONAdapter(),financial-ner-0029,validation_error,ValidationError,4.121399200055748,1,json_object,0,9,0.0,False,,Company[0];Company[1];Date;Location[0];Location[1];Money[0];Person;Product[0];Quantity,,1426,0,6,0.0,0,"[""{\n  \""entities\"": [\n    {\n      \""type\"": \""object\"",\n      \""properties\"": {\n        \""Company\"": {\n          \""description\"": \""Oilfield services provider Halliburton\"",\n          \""title\"": \""Company\""\n        },\n        \""Default\"": \""None\"",\n        \""Description\"": \""Smaller rival Baker Hughes\"",\n        \""Title\"": \""Company\""\n      }\n    },\n    {\n      \""type\"": \""object\"",\n      \""properties\"": {\n        \""Date\"": {\n          \""description\"": \""Specific time period, whether explicitly mentioned (e.g., \\\\\\\""year ended March 2020\\\\\\\"") or implicitly referred to (e.g., \\\\\\\""last month\\\\\\\""), in the past, present, or future.\"",\n          \""title\"": \""Date\""\n        },\n        \""Location\"": {\n          \""description\"": \""Geographical locations, such as political regions, countries, states, cities, roads, or any other location, even when used as adjectives.\"",\n          \""title\"": \""Location\""\n        },\n        \""Money\"": {\n          \""description\"": \""Monetary value expressed in any world currency, including digital currencies.\"",\n          \""title\"": \""Money\""\n        },\n        \""Person\"": {\n          \""description\"": \""Name of an individual.\"",\n          \""title\"": \""Person\""\n        },\n        \""Product\"": {\n          \""description\"": \""Any physical object or service manufactured or provided by a company to consumers, excluding references to businesses or sectors within the financial context.\"",\n          \""title\"": \""Product\""\n        },\n        \""Quantity\"": {\n          \""description\"": \""Any numeric value that is not categorized as Money, such as percentages, numbers, measurements (e.g., weight, length), or other similar quantities. Note that unit of measurements are also part of the entity.\"",\n          \""title\"": \""Quantity\""\n        }\n      }\n    }\n  ]\n}""]"
json-constrained,ConstrainedJSONAdapter(),financial-ner-0000,ok,,0.7927289539948106,1,json_schema,8,8,1.0,True,,,,1045,2,2,1.0,0,"[""{\n  \""entities\"": {\n    \""Company\"": [\n      \""Rite Aid\"",\n      \""Albertsons\""\n    ],\n    \""Date\"": [],\n    \""Location\"": [],\n    \""Money\"": [],\n    \""Person\"": [],\n    \""Product\"": [],\n    \""Quantity\"": []\n  }\n}""]"
json-constrained,ConstrainedJSONAdapter(),financial-ner-0001,ok,,0.9271135900053196,1,json_schema,6,8,0.75,False,Location[0],Date,Date[0],1053,2,3,0.6667,1,"[""{\n  \""entities\"": {\n    \""Company\"": [\n      \""Essilor\"",\n      \""Luxottica\""\n    ],\n    \""Date\"": [\n      \""2023-01-01\""\n    ],\n    \""Location\"": [],\n    \""Money\"": [],\n    \""Person\"": [],\n    \""Product\"": [],\n    \""Quantity\"": []\n  }\n}""]"
json-constrained,ConstrainedJSONAdapter(),financial-ner-0002,ok,,0.9466761789517477,1,json_schema,4,9,0.4444,False,Company[1];Date[0];Location[0];Money[0];Person[0],,Date[1],1094,2,7,0.2857,0,"[""{\n  \""entities\"": {\n    \""Company\"": [\n      \""Broadcom\"",\n      \""Qualcomms\""\n    ],\n    \""Date\"": [\n      \""February 21 , 2018\""\n    ],\n    \""Location\"": [],\n    \""Money\"": [],\n    \""Person\"": [],\n    \""Product\"": [],\n    \""Quantity\"": []\n  }\n}""]"
json-constrained,ConstrainedJSONAdapter(),financial-ner-0003,ok,,1.2159762009978294,1,json_schema,6,8,0.75,False,Money[0],Date,Date[0],1054,2,3,0.6667,1,"[""{\n  \""entities\"": {\n    \""Company\"": [\n      \""Bank of America\"",\n      \""Merrill Lynch\""\n    ],\n    \""Date\"": [\n      \""2023-01-01\""\n    ],\n    \""Location\"": [],\n    \""Money\"": [],\n    \""Person\"": [],\n    \""Product\"": [],\n    \""Quantity\"": []\n  }\n}""]"
json-constrained,ConstrainedJSONAdapter(),financial-ner-0004,ok,,1.232253127032891,1,json_schema,6,10,0.6,False,Company[1];Company[3];Money[0],Date,Date[0],1059,2,5,0.4,1,"[""{\n  \""entities\"": {\n    \""Company\"": [\n      \""Broadcom\"",\n      \""Qualcomm\""\n    ],\n    \""Date\"": [\n      \""2021-03-01\""\n    ],\n    \""Location\"": [],\n    \""Money\"": [],\n    \""Person\"": [],\n    \""Product\"": [],\n    \""Quantity\"": []\n  }\n}""]"
json-constrained,ConstrainedJSONAdapter(),financial-ner-0005,ok,,1.274497750971932,1,json_schema,3,7,0.4286,False,Company[0];Location[0];Money[0],Date,Company[1];Company[2];Date[0],1056,0,3,0.0,1,"[""{\n  \""entities\"": {\n    \""Company\"": [\n      \""McI\"",\n      \""British Company\""\n    ],\n    \""Date\"": [\n      \""2022\"",\n      \""2022\""\n    ],\n    \""Location\"": [],\n    \""Money\"": [],\n    \""Person\"": [],\n    \""Product\"": [],\n    \""Quantity\"": []\n  }\n}""]"
json-constrained,ConstrainedJSONAdapter(),financial-ner-0006,ok,,2.9736994430422783,1,json_schema,2,13,0.1538,False,Company[2];Money[0];Money[1];Money[2];Money[3];Money[4],Date;Location;Person;Product;Quantity,Date[0];Location[0];Location[1];Location[2];Money[5];Money[6];Money[7];Person[0];Person[1];Person[2];Product[0];Product[1];Quantity[0];Quantity[1];Quantity[2],1268,2,8,0.25,5,"[""{\n  \""entities\"": {\n    \""Company\"": [\n      \""Boston Scientific\"",\n      \""Guidant\""\n    ],\n    \""Date\"": [\n      \""2019-01-01\"",\n      \""2019-01-01\""\n    ],\n    \""Location\"": [\n      \""Boston\"",\n      \""Guidant\"",\n      \""Boston Scientific\""\n    ],\n    \""Money\"": [\n      \""21.5 billion\"",\n      \""24.6 billion\"",\n      \""72\""\n    ],\n    \""Person\"": [\n      \""Johnson & Johnson\"",\n      \""Boston Scientific\"",\n      \""Guidant\""\n    ],\n    \""Product\"": [\n      \""unre - negotiated lower price\"",\n      \""unspecified\""\n    ],\n    \""Quantity\"": [\n      \""lower price\"",\n      \""offer of $24.6 billion\"",\n      \""fixed number of Boston Scientific shares valued at $36 a share\""\n    ]\n  }\n}""]"
json-constrained,ConstrainedJSONAdapter(),financial-ner-0007,ok,,1.3339182439958677,1,json_schema,6,8,0.75,False,Money[0],Date,Date[0],1058,2,3,0.6667,1,"[""{\n  \""entities\"": {\n    \""Company\"": [\n      \""Time Warner\"",\n      \""21st Century Fox\""\n    ],\n    \""Date\"": [\n      \""2021-03-01\""\n    ],\n    \""Location\"": [],\n    \""Money\"": [],\n    \""Person\"": [],\n    \""Product\"": [],\n    \""Quantity\"": []\n  }\n}""]"
json-constrained,ConstrainedJSONAdapter(),financial-ner-0008,ok,,9.347968707035761,1,json_schema,5,7,0.7143,False,Location[0],Company,Company[0],1858,0,1,0.0,1,"[""{\n  \""entities\"": {\n    \""Company\"": [\n      \""Japan Banks\"",\n      \""Japan Banks\"",\n      \""Japan Banks\"",\n      \""Japan Banks\"",\n      \""Japan Banks\"",\n      \""Japan Banks\"",\n      \""Japan Banks\"",\n      \""Japan Banks\"",\n      \""Japan Banks\"",\n      \""Japan Banks\"",\n      \""Japan Banks\"",\n      \""Japan Banks\"",\n      \""Japan Banks\"",\n      \""Japan Banks\"",\n      \""Japan Banks\"",\n      \""Japan Banks\"",\n      \""Japan Banks\"",\n      \""Japan Banks\"",\n      \""Japan Banks\"",\n      \""Japan Banks\"",\n      \""Japan Banks\"",\n      \""Japan Banks\"",\n      \""Japan Banks\"",\n      \""Japan Banks\"",\n      \""Japan Banks\"",\n      \""Japan Banks\"",\n      \""Japan Banks\"",\n      \""Japan Banks\"",\n      \""Japan Banks\"",\n      \""Japan Banks\"",\n      \""Japan Banks\"",\n      \""Japan Banks\"",\n      \""Japan Banks\"",\n      \""Japan Banks\"",\n      \""Japan Banks\"",\n      \""Japan Banks\"",\n      \""Japan Banks\"",\n      \""Japan Banks\"",\n      \""Japan Banks\"",\n      \""Japan Banks\"",\n      \""Japan Banks\"",\n      \""Japan Banks\"",\n      \""Japan Banks\"",\n      \""Japan Banks\"",\n      \""Japan Banks\"",\n      \""Japan Banks\"",\n      \""Japan Banks\"",\n      \""Japan Banks\"",\n      \""Japan Banks\"",\n      \""Japan Banks\"",\n      \""Japan Banks\"",\n      \""Japan Banks\"",\n      \""Japan Banks\"",\n      \""Japan Banks\"",\n      \""Japan Banks\"",\n      \""Japan Banks\"",\n      \""Japan Banks\"",\n      \""Japan Banks\"",\n      \""Japan Banks\"",\n      \""Japan Banks\"",\n      \""Japan Banks\"",\n      \""Japan Banks\"",\n      \""Japan Banks\"",\n      \""Japan Banks\"",\n      \""Japan Banks\"",\n      \""Japan Banks\"",\n      \""Japan Banks\"",\n      \""Japan Banks\"",\n      \""Japan Banks\"",\n      \""Japan Banks\"",\n      \""Japan Banks\"",\n      \""Japan Banks\"",\n      \""Japan Banks\"",\n      \""Japan Banks\"",\n      \""Japan Banks\"",\n      \""Japan Banks\"",\n      \""Japan Banks\"",\n      \""Japan Banks\"",\n      \""Japan Banks\"",\n      \""Japan Banks\"",\n      \""Japan Banks\"",\n      \""Japan Banks\"",\n      \""Japan Banks\"",\n      \""Japan Banks\"",\n      \""Japan Banks\"",\n      \""Japan Banks\"",\n      \""Japan Banks\"",\n      \""Japan Banks\"",\n      \""Japan Banks\"",\n      \""Japan Banks\"",\n      \""Japan Banks\"",\n      \""Japan Banks\"",\n      \""Japan Banks\"",\n      \""Japan Banks\"",\n      \""Japan Banks\"",\n      \""Japan Banks\"",\n      \""Japan Banks\"",\n      \""Japan Banks\"",\n      \""Japan Banks\"",\n      \""Japan Banks\"",\n      \""Japan Banks\"",\n      \""Japan Banks\"",\n      \""Japan Banks\"",\n      \""Japan Banks\"",\n      \""Japan Banks\"",\n      \""Japan Banks\"",\n      \""Japan Banks\"",\n      \""Japan Banks\"",\n      \""Japan Banks\"",\n      \""Japan Banks\"",\n      \""Japan Banks\"",\n      \""Japan Banks\"",\n      \""Japan Banks\"",\n      \""Japan Banks\"",\n      \""Japan Banks\"",\n      \""Japan Banks\"",\n      \""Japan Banks\"",\n      \""Japan Banks\"",\n      \""Japan Banks\"",\n      \""Japan Banks\"",\n      \""Japan Banks\"",\n      \""Japan Banks\"",\n      \""Japan Banks\"",\n      \""Japan Banks\"",\n      \""Japan Banks\"",\n      \""Japan Banks\"",\n      \""Japan Banks\"",\n      \""Japan Banks\"",\n      \""Japan Banks\"",\n      \""Japan Banks\"",\n      \""Japan Banks\"",\n      \""Japan Banks\"",\n      \""Japan Banks\"",\n      \""Japan Banks\"",\n      \""Japan Banks\"",\n      \""Japan Banks\"",\n      \""Japan Banks\"",\n      \""Japan Banks\"",\n      \""Japan Banks\"",\n      \""Japan Banks\"",\n      \""Japan Banks\"",\n      \""Japan Banks\"",\n      \""Japan Banks\"",\n      \""Japan Banks\"",\n      \""Japan Banks\"",\n      \""Japan Banks\"",\n      \""Japan Banks\"",\n      \""""]"
json-constrained,ConstrainedJSONAdapter(),financial-ner-0009,ok,,1.0960387800005265,1,json_schema,4,7,0.5714,False,Company[0];Date[0];Quantity[0],,Company[1];Company[2];Date[1],1084,0,3,0.0,0,"[""{\n  \""entities\"": {\n    \""Company\"": [\n      \""Columbia Group\"",\n      \""Utilities Concern\""\n    ],\n    \""Date\"": [\n      \""September 8, 2021\""\n    ],\n    \""Location\"": [],\n    \""Money\"": [],\n    \""Person\"": [],\n    \""Product\"": [],\n    \""Quantity\"": []\n  }\n}""]"
json-constrained,ConstrainedJSONAdapter(),financial-ner-0010,ok,,0.9380953800282441,1,json_schema,7,9,0.7778,False,Company[2],Date,Date[0],1058,2,3,0.6667,1,"[""{\n  \""entities\"": {\n    \""Company\"": [\n      \""BB&T\"",\n      \""SunTrust\""\n    ],\n    \""Date\"": [\n      \""2023-01-01\""\n    ],\n    \""Location\"": [],\n    \""Money\"": [],\n    \""Person\"": [],\n    \""Product\"": [],\n    \""Quantity\"": []\n  }\n}""]"
json-constrained,ConstrainedJSONAdapter(),financial-ner-0011,ok,,1.0935528819682077,1,json_schema,7,8,0.875,False,,Date,Date[0],1071,2,2,1.0,1,"[""{\n  \""entities\"": {\n    \""Company\"": [\n      \""Statoil\"",\n      \""Norsk Hydro\""\n    ],\n    \""Date\"": [\n      \""2010-01-01\"",\n      \""2010-01-01\""\n    ],\n    \""Location\"": [],\n    \""Money\"": [],\n    \""Person\"": [],\n    \""Product\"": [],\n    \""Quantity\"": []\n  }\n}""]"
json-constrained,ConstrainedJSONAdapter(),financial-ner-0012,ok,,0.9492040859768167,1,json_schema,6,9,0.6667,False,Money[0];Money[1],Date,Date[0],1082,2,4,0.5,1,"[""{\n  \""entities\"": {\n    \""Company\"": [\n      \""Pfizer\"",\n      \""American Home Products\""\n    ],\n    \""Date\"": [\n      \""2023-03-01\""\n    ],\n    \""Location\"": [],\n    \""Money\"": [],\n    \""Person\"": [],\n    \""Product\"": [],\n    \""Quantity\"": []\n  }\n}""]"
json-constrained,ConstrainedJSONAdapter(),financial-ner-0013,ok,,0.7210129839950241,1,json_schema,7,8,0.875,False,Date[0],,,1030,2,3,0.6667,0,"[""{\n  \""entities\"": {\n    \""Company\"": [\""United Technologies\"", \""Raytheon\""],\n    \""Date\"": [],\n    \""Location\"": [],\n    \""Money\"": [],\n    \""Person\"": [],\n    \""Product\"": [],\n    \""Quantity\"": []\n  }\n}""]"
json-constrained,ConstrainedJSONAdapter(),financial-ner-0014,ok,,1.0919759990065359,1,json_schema,5,8,0.625,False,Money[0];Person[0],Date,Date[0],1074,2,4,0.5,1,"[""{\n  \""entities\"": {\n    \""Company\"": [\n      \""Celgene\"",\n      \""BMS\""\n    ],\n    \""Date\"": [\n      \""2019-01-01\"",\n      \""2019-01-01\""\n    ],\n    \""Location\"": [],\n    \""Money\"": [],\n    \""Person\"": [],\n    \""Product\"": [],\n    \""Quantity\"": []\n  }\n}""]"
json-constrained,ConstrainedJSONAdapter(),financial-ner-0015,ok,,0.8089436169830151,1,json_schema,7,8,0.875,False,Money[0],,,1033,2,3,0.6667,0,"[""{\n  \""entities\"": {\n    \""Company\"": [\n      \""Caremark\"",\n      \""CVS\""\n    ],\n    \""Date\"": [],\n    \""Location\"": [],\n    \""Money\"": [],\n    \""Person\"": [],\n    \""Product\"": [],\n    \""Quantity\"": []\n  }\n}""]"
json-constrained,ConstrainedJSONAdapter(),financial-ner-0016,ok,,2.1132556420052424,1,json_schema,3,10,0.3,False,Company[3];Location[0],Date;Money;Person;Product;Quantity,Date[0];Location[1];Money[0];Person[0];Person[1];Person[2];Product[0];Product[1];Quantity[0],1231,3,5,0.6,5,"[""{\n  \""entities\"": {\n    \""Company\"": [\n      \""Allergan\"",\n      \""Actavis plc\"",\n      \""Allergan plc\""\n    ],\n    \""Date\"": [\n      \""2019-01-01\"",\n      \""2019-01-01\"",\n      \""2019-01-01\""\n    ],\n    \""Location\"": [\n      \""Canada\"",\n      \""Canada\"",\n      \""Canada\""\n    ],\n    \""Money\"": [\n      \""None\"",\n      \""None\"",\n      \""None\""\n    ],\n    \""Person\"": [\n      \""Allergan\"",\n      \""Actavis plc\"",\n      \""Allergan plc\""\n    ],\n    \""Product\"": [\n      \""drug\"",\n      \""None\"",\n      \""None\""\n    ],\n    \""Quantity\"": [\n      \""None\"",\n      \""None\"",\n      \""None\""\n    ]\n  }\n}""]"
json-constrained,ConstrainedJSONAdapter(),financial-ner-0017,ok,,0.9487160780117847,1,json_schema,6,8,0.75,False,Money[0],Date,Date[0],1055,2,3,0.6667,1,"[""{\n  \""entities\"": {\n    \""Company\"": [\n      \""ChemChina\"",\n      \""Syngenta\""\n    ],\n    \""Date\"": [\n      \""2023-01-01\""\n    ],\n    \""Location\"": [],\n    \""Money\"": [],\n    \""Person\"": [],\n    \""Product\"": [],\n    \""Quantity\"": []\n  }\n}""]"
json-constrained,ConstrainedJSONAdapter(),financial-ner-0018,ok,,0.9937794500146993,1,json_schema,6,8,0.75,False,Money[0],Date,Date[0],1057,2,3,0.6667,1,"[""{\n  \""entities\"": {\n    \""Company\"": [\n      \""Refinitiv\"",\n      \""London Stock Exchange\""\n    ],\n    \""Date\"": [\n      \""2023-01-01\""\n    ],\n    \""Location\"": [],\n    \""Money\"": [],\n    \""Person\"": [],\n    \""Product\"": [],\n    \""Quantity\"": []\n  }\n}""]"
json-constrained,ConstrainedJSONAdapter(),financial-ner-0019,ok,,0.959956149046775,1,json_schema,8,8,1.0,True,,,,1061,3,3,1.0,0,"[""{\n  \""entities\"": {\n    \""Company\"": [\n      \""Chrysler\"",\n      \""Daimler Benz\""\n    ],\n    \""Date\"": [\n      \""May 7 , 1998\""\n    ],\n    \""Location\"": [],\n    \""Money\"": [],\n    \""Person\"": [],\n    \""Product\"": [],\n    \""Quantity\"": []\n  }\n}""]"
json-constrained,ConstrainedJSONAdapter(),financial-ner-0020,ok,,0.6393458729726262,1,json_schema,6,7,0.8571,False,Location[0],,,1025,0,1,0.0,0,"[""{\n  \""entities\"": {\n    \""Company\"": [],\n    \""Date\"": [],\n    \""Location\"": [],\n    \""Money\"": [],\n    \""Person\"": [],\n    \""Product\"": [],\n    \""Quantity\"": []\n  }\n}""]"
json-constrained,ConstrainedJSONAdapter(),financial-ner-0021,ok,,0.9861588749918155,1,json_schema,5,8,0.625,False,Location[0];Money[0],Date,Date[0],1062,2,4,0.5,1,"[""{\n  \""entities\"": {\n    \""Company\"": [\n      \""VimpelCom\"",\n      \""Hutchison\""\n    ],\n    \""Date\"": [\n      \""2023-01-01\""\n    ],\n    \""Location\"": [],\n    \""Money\"": [],\n    \""Person\"": [],\n    \""Product\"": [],\n    \""Quantity\"": []\n  }\n}""]"
json-constrained,ConstrainedJSONAdapter(),financial-ner-0022,ok,,0.9755339359981008,1,json_schema,6,8,0.75,False,Money[0],Date,Date[0],1049,2,3,0.6667,1,"[""{\n  \""entities\"": {\n    \""Company\"": [\n      \""SoftBank\"",\n      \""ARM\""\n    ],\n    \""Date\"": [\n      \""2023-01-01\""\n    ],\n    \""Location\"": [],\n    \""Money\"": [],\n    \""Person\"": [],\n    \""Product\"": [],\n    \""Quantity\"": []\n  }\n}""]"
json-constrained,ConstrainedJSONAdapter(),financial-ner-0023,ok,,1.0114514110027812,1,json_schema,6,8,0.75,False,Money[0],Date,Date[0],1061,2,3,0.6667,1,"[""{\n  \""entities\"": {\n    \""Company\"": [\n      \""Charles Schwab\"",\n      \""TD Ameritrade\""\n    ],\n    \""Date\"": [\n      \""2023-01-01\""\n    ],\n    \""Location\"": [],\n    \""Money\"": [],\n    \""Person\"": [],\n    \""Product\"": [],\n    \""Quantity\"": []\n  }\n}""]"
json-constrained,ConstrainedJSONAdapter(),financial-ner-0024,ok,,0.783364518021699,1,json_schema,7,8,0.875,False,Money[0],,,1076,2,3,0.6667,0,"[""{\n  \""entities\"": {\n    \""Company\"": [\n      \""Xerox\"",\n      \""HP\""\n    ],\n    \""Date\"": [],\n    \""Location\"": [],\n    \""Money\"": [],\n    \""Person\"": [],\n    \""Product\"": [],\n    \""Quantity\"": []\n  }\n}""]"
json-constrained,ConstrainedJSONAdapter(),financial-ner-0025,ok,,1.3050780820194632,1,json_schema,4,7,0.5714,False,Location[0];Quantity[0],Date,Company[1];Company[2];Date[0],1099,1,3,0.3333,1,"[""{\n  \""entities\"": {\n    \""Company\"": [\n      \""China Mobile\"",\n      \""state - owned mobile communications businesses\"",\n      \""mobile communications businesses\""\n    ],\n    \""Date\"": [\n      \""2019-01-01\"",\n      \""2019-01-01\"",\n      \""2019-01-01\""\n    ],\n    \""Location\"": [],\n    \""Money\"": [],\n    \""Person\"": [],\n    \""Product\"": [],\n    \""Quantity\"": []\n  }\n}""]"
json-constrained,ConstrainedJSONAdapter(),financial-ner-0026,ok,,0.9270767630077899,1,json_schema,6,8,0.75,False,Money[0],Date,Date[0],1052,2,3,0.6667,1,"[""{\n  \""entities\"": {\n    \""Company\"": [\n      \""GSK\"",\n      \""Unilever\""\n    ],\n    \""Date\"": [\n      \""2020-03-01\""\n    ],\n    \""Location\"": [],\n    \""Money\"": [],\n    \""Person\"": [],\n    \""Product\"": [],\n    \""Quantity\"": []\n  }\n}""]"
json-constrained,ConstrainedJSONAdapter(),financial-ner-0027,ok,,0.7524990550009534,1,json_schema,8,8,1.0,True,,,,1031,2,2,1.0,0,"[""{\n  \""entities\"": {\n    \""Company\"": [\n      \""Boston Scientific\"",\n      \""Guidant\""\n    ],\n    \""Date\"": [],\n    \""Location\"": [],\n    \""Money\"": [],\n    \""Person\"": [],\n    \""Product\"": [],\n    \""Quantity\"": []\n  }\n}""]"
json-constrained,ConstrainedJSONAdapter(),financial-ner-0028,ok,,0.7034184929798357,1,json_schema,8,9,0.8889,False,Company[1],,,1031,2,3,0.6667,0,"[""{\n  \""entities\"": {\n    \""Company\"": [\""Global Crossing\"", \""US West\""],\n    \""Date\"": [],\n    \""Location\"": [],\n    \""Money\"": [],\n    \""Person\"": [],\n    \""Product\"": [],\n    \""Quantity\"": []\n  }\n}""]"
json-constrained,ConstrainedJSONAdapter(),financial-ner-0029,ok,,1.0723965640063398,1,json_schema,4,9,0.4444,False,Location[0];Location[1];Money[0];Product[0],Date,Date[0],1085,2,6,0.3333,1,"[""{\n  \""entities\"": {\n    \""Company\"": [\n      \""Baker Hughes\"",\n      \""Halliburton\""\n    ],\n    \""Date\"": [\n      \""2019-01-01\"",\n      \""2019-01-01\""\n    ],\n    \""Location\"": [],\n    \""Money\"": [],\n    \""Person\"": [],\n    \""Product\"": [],\n    \""Quantity\"": []\n  }\n}""]"
sola-jsonish-rescue,"StructuredOutputAdapter(output_mode=JSONISH, prompt_layout=SECTIONS, parse_config=ParseConfig())",financial-ner-0000,ok,,1.753180022991728,1,json_object,2,8,0.25,False,,Date;Location;Money;Person;Product;Quantity,Date[0];Location[0];Money[0];Person[0];Person[1];Product[0];Quantity[0],808,2,2,1.0,6,"[""{\n  \""entities\"": [\n    {\n      \""Company\"": \""Albertsons\"",\n      \""Date\"": \""2021-01-01\"",\n      \""Location\"": \""United States\"",\n      \""Money\"": \""None\"",\n      \""Person\"": \""Albertsons\"",\n      \""Product\"": \""None\"",\n      \""Quantity\"": \""None\""\n    },\n    {\n      \""Company\"": \""Rite Aid\"",\n      \""Date\"": \""2021-01-01\"",\n      \""Location\"": \""United States\"",\n      \""Money\"": \""None\"",\n      \""Person\"": \""Rite Aid\"",\n      \""Product\"": \""None\"",\n      \""Quantity\"": \""None\""\n    }\n  ]\n}""]"
sola-jsonish-rescue,"StructuredOutputAdapter(output_mode=JSONISH, prompt_layout=SECTIONS, parse_config=ParseConfig())",financial-ner-0001,ok,,1.8009211709722877,1,json_object,2,8,0.25,False,Location[0],Date;Money;Person;Product;Quantity,Date[0];Location[1];Money[0];Person[0];Person[1];Product[0];Quantity[0],817,2,3,0.6667,5,"[""{\n  \""entities\"": [\n    {\n      \""Company\"": \""Essilor\"",\n      \""Date\"": \""2023-01-01\"",\n      \""Location\"": \""France\"",\n      \""Money\"": \""100 million euros\"",\n      \""Person\"": \""Essilor\"",\n      \""Product\"": \""Luxottica\"",\n      \""Quantity\"": \""100 million euros\""\n    },\n    {\n      \""Company\"": \""Luxottica\"",\n      \""Date\"": \""2023-01-01\"",\n      \""Location\"": \""France\"",\n      \""Money\"": \""100 million euros\"",\n      \""Person\"": \""Luxottica\"",\n      \""Product\"": \""Luxottica\"",\n      \""Quantity\"": \""100 million euros\""\n    }\n  ]\n}""]"
sola-jsonish-rescue,"StructuredOutputAdapter(output_mode=JSONISH, prompt_layout=SECTIONS, parse_config=ParseConfig())",financial-ner-0002,ok,,1.7914608680293895,1,json_object,3,9,0.3333,False,Company[1];Date[0];Location[0];Money[0],Product;Quantity,Date[1];Location[1];Money[1];Person[1];Product[0];Product[1];Quantity[0],853,3,7,0.4286,2,"[""{\n  \""entities\"": [\n    {\n      \""Company\"": \""Qualcomms\"",\n      \""Date\"": \""February 21, 2018\"",\n      \""Location\"": \""United States\"",\n      \""Money\"": \""117 billion\"",\n      \""Person\"": \""Donald Trump\"",\n      \""Product\"": \""NXP Semconductors\"",\n      \""Quantity\"": \""117 billion\""\n    },\n    {\n      \""Company\"": \""Broadcom\"",\n      \""Date\"": \""February 21, 2018\"",\n      \""Location\"": \""United States\"",\n      \""Money\"": \""117 billion\"",\n      \""Person\"": \""None\"",\n      \""Product\"": \""None\"",\n      \""Quantity\"": \""117 billion\""\n    }\n  ]\n}""]"
sola-jsonish-rescue,"StructuredOutputAdapter(output_mode=JSONISH, prompt_layout=SECTIONS, parse_config=ParseConfig())",financial-ner-0003,ok,,1.7162184410262853,1,json_object,2,8,0.25,False,Money[0],Date;Location;Person;Product;Quantity,Date[0];Location[0];Money[1];Money[2];Person[0];Person[1];Product[0];Product[1];Quantity[0],807,2,3,0.6667,5,"[""{\n  \""entities\"": [\n    {\n      \""Company\"": \""Bank of America\"",\n      \""Date\"": \""2023-01-01\"",\n      \""Location\"": \""United States\"",\n      \""Money\"": \""50 billion\"",\n      \""Person\"": \""Bank of America\"",\n      \""Product\"": \""Merrill Lynch\"",\n      \""Quantity\"": \""None\""\n    },\n    {\n      \""Company\"": \""Merrill Lynch\"",\n      \""Date\"": \""2023-01-01\"",\n      \""Location\"": \""United States\"",\n      \""Money\"": \""None\"",\n      \""Person\"": \""Merrill Lynch\"",\n      \""Product\"": \""Bank of America\"",\n      \""Quantity\"": \""None\""\n    }\n  ]\n}""]"
sola-jsonish-rescue,"StructuredOutputAdapter(output_mode=JSONISH, prompt_layout=SECTIONS, parse_config=ParseConfig())",financial-ner-0004,ok,,0.5436776669812389,1,json_object,6,10,0.6,False,Company[0];Company[2];Company[3];Money[0],,,684,1,5,0.2,0,"[""{\n  \""Company\"": [\""NXP\""],\n  \""Date\"": [],\n  \""Location\"": [],\n  \""Money\"": [],\n  \""Person\"": [],\n  \""Product\"": [],\n  \""Quantity\"": []\n}""]"
sola-jsonish-rescue,"StructuredOutputAdapter(output_mode=JSONISH, prompt_layout=SECTIONS, parse_config=ParseConfig())",financial-ner-0005,ok,,0.9195094300084747,1,json_object,0,7,0.0,False,Company[0];Location[0];Money[0],Date;Person;Product;Quantity,Company[1];Date[0];Location[1];Money[1];Person[0];Product[0];Quantity[0],720,0,3,0.0,4,"[""{\n  \""entities\"": [\n    {\n      \""Company\"": \""McI\"",\n      \""Date\"": \""2023-01-01\"",\n      \""Location\"": \""United Kingdom\"",\n      \""Money\"": \""22 billion\"",\n      \""Person\"": \""McI\"",\n      \""Product\"": \""coffee\"",\n      \""Quantity\"": \""coffee\""\n    }\n  ]\n}""]"
sola-jsonish-rescue,"StructuredOutputAdapter(output_mode=JSONISH, prompt_layout=SECTIONS, parse_config=ParseConfig())",financial-ner-0006,ok,,1.7143482969840989,1,json_object,2,13,0.1538,False,Company[2];Money[0];Money[1];Money[2];Money[3];Money[4],Date;Location;Person;Product;Quantity,Date[0];Location[0];Money[5];Money[6];Person[0];Person[1];Product[0];Product[1];Quantity[0],881,2,8,0.25,5,"[""{\n  \""entities\"": [\n    {\n      \""Company\"": \""Boston Scientific\"",\n      \""Date\"": \""2023-03-01\"",\n      \""Location\"": \""Boston\"",\n      \""Money\"": \""21.5 billion\"",\n      \""Person\"": \""Johnson & Johnson\"",\n      \""Product\"": \""Boston Scientific\"",\n      \""Quantity\"": \""unspecified\""\n    },\n    {\n      \""Company\"": \""Guidant\"",\n      \""Date\"": \""2023-03-01\"",\n      \""Location\"": \""Boston\"",\n      \""Money\"": \""24.6 billion\"",\n      \""Person\"": \""Guidant\"",\n      \""Product\"": \""Guidant\"",\n      \""Quantity\"": \""unspecified\""\n    }\n  ]\n}""]"
sola-jsonish-rescue,"StructuredOutputAdapter(output_mode=JSONISH, prompt_layout=SECTIONS, parse_config=ParseConfig())",financial-ner-0007,ok,,1.7262411760166287,1,json_object,2,8,0.25,False,Money[0],Date;Location;Person;Product;Quantity,Date[0];Location[0];Money[1];Person[0];Person[1];Product[0];Quantity[0],814,2,3,0.6667,5,"[""{\n  \""entities\"": [\n    {\n      \""Company\"": \""Time Warner\"",\n      \""Date\"": \""2021-03-01\"",\n      \""Location\"": \""United States\"",\n      \""Money\"": \""80B\"",\n      \""Person\"": \""Time Warner\"",\n      \""Product\"": \""TV networks\"",\n      \""Quantity\"": \""TV networks\""\n    },\n    {\n      \""Company\"": \""21st Century Fox\"",\n      \""Date\"": \""2021-03-01\"",\n      \""Location\"": \""United States\"",\n      \""Money\"": \""80B\"",\n      \""Person\"": \""21st Century Fox\"",\n      \""Product\"": \""TV networks\"",\n      \""Quantity\"": \""TV networks\""\n    }\n  ]\n}""]"
sola-jsonish-rescue,"StructuredOutputAdapter(output_mode=JSONISH, prompt_layout=SECTIONS, parse_config=ParseConfig())",financial-ner-0008,ok,,1.576341713021975,1,json_object,1,7,0.1429,False,,Company;Date;Money;Person;Product;Quantity,Company[0];Company[1];Date[0];Money[0];Person[0];Product[0];Quantity[0],795,1,1,1.0,6,"[""{\n  \""entities\"": [\n    {\n      \""Company\"": \""Japan Banks\"",\n      \""Date\"": \""2023-01-01\"",\n      \""Location\"": \""Japan\"",\n      \""Money\"": \""None\"",\n      \""Person\"": \""None\"",\n      \""Product\"": \""None\"",\n      \""Quantity\"": \""None\""\n    },\n    {\n      \""Company\"": \""Wider Effects\"",\n      \""Date\"": \""2023-01-01\"",\n      \""Location\"": \""Japan\"",\n      \""Money\"": \""None\"",\n      \""Person\"": \""None\"",\n      \""Product\"": \""None\"",\n      \""Quantity\"": \""None\""\n    }\n  ]\n}""]"
sola-jsonish-rescue,"StructuredOutputAdapter(output_mode=JSONISH, prompt_layout=SECTIONS, parse_config=ParseConfig())",financial-ner-0009,ok,,1.5310900649637915,1,json_object,0,7,0.0,False,Company[0];Date[0];Quantity[0],Location;Money;Person;Product,Company[1];Company[2];Date[1];Date[2];Location[0];Money[0];Person[0];Product[0];Quantity[1],817,0,3,0.0,4,"[""{\n  \""entities\"": [\n    {\n      \""Company\"": \""Columbia Group\"",\n      \""Date\"": \""September 8, 2023\"",\n      \""Location\"": \""United States\"",\n      \""Money\"": \""None\"",\n      \""Person\"": \""None\"",\n      \""Product\"": \""None\"",\n      \""Quantity\"": \""None\""\n    },\n    {\n      \""Company\"": \""None\"",\n      \""Date\"": \""None\"",\n      \""Location\"": \""United States\"",\n      \""Money\"": \""None\"",\n      \""Person\"": \""None\"",\n      \""Product\"": \""None\"",\n      \""Quantity\"": \""None\""\n    }\n  ]\n}""]"
sola-jsonish-rescue,"StructuredOutputAdapter(output_mode=JSONISH, prompt_layout=SECTIONS, parse_config=ParseConfig())",financial-ner-0010,ok,,1.6425200369558297,1,json_object,1,9,0.1111,False,Company[1];Company[2],Date;Location;Money;Person;Product;Quantity,Company[3];Date[0];Location[0];Money[0];Person[0];Person[1];Product[0];Quantity[0],806,1,3,0.3333,6,"[""{\n  \""entities\"": [\n    {\n      \""Company\"": \""BB&T\"",\n      \""Date\"": \""2023-01-01\"",\n      \""Location\"": \""United States\"",\n      \""Money\"": \""None\"",\n      \""Person\"": \""BB&T\"",\n      \""Product\"": \""bank\"",\n      \""Quantity\"": \""None\""\n    },\n    {\n      \""Company\"": \""SunTrust Banks\"",\n      \""Date\"": \""2023-01-01\"",\n      \""Location\"": \""United States\"",\n      \""Money\"": \""None\"",\n      \""Person\"": \""SunTrust Banks\"",\n      \""Product\"": \""bank\"",\n      \""Quantity\"": \""None\""\n    }\n  ]\n}""]"
sola-jsonish-rescue,"StructuredOutputAdapter(output_mode=JSONISH, prompt_layout=SECTIONS, parse_config=ParseConfig())",financial-ner-0011,ok,,8.258803618024103,1,json_object,1,8,0.125,False,Company[1],Date;Location;Money;Person;Product;Quantity,Date[0];Location[0];Money[0];Person[0];Product[0];Quantity[0],1524,1,2,0.5,6,"[""{\n  \""entities\"": [\n    {\n      \""Company\"": \""Statoil\"",\n      \""Date\"": \""2010-01-01\"",\n      \""Location\"": \""Norway\"",\n      \""Money\"": \""None\"",\n      \""Person\"": \""Statoil\"",\n      \""Product\"": \""Oil\"",\n      \""Quantity\"": \""None\"",\n    \n    \""Company\"": \""Norsk Hydro\"",\n      \""Date\"": \""2010-01-01\"",\n      \""Location\"": \""Norway\"",\n      \""Money\"": \""None\"",\n      \""Person\"": \""Norsk Hydro\"",\n      \""Product\"": \""Oil\"",\n      \""Quantity\"": \""None\"",\n    \n    \""Company\"": \""Statoil\"",\n      \""Date\"": \""2010-01-01\"",\n      \""Location\"": \""Norway\"",\n      \""Money\"": \""None\"",\n      \""Person\"": \""Statoil\"",\n      \""Product\"": \""Gas\"",\n      \""Quantity\"": \""None\"",\n    \n    \""Company\"": \""Norsk Hydro\"",\n      \""Date\"": \""2010-01-01\"",\n      \""Location\"": \""Norway\"",\n      \""Money\"": \""None\"",\n      \""Person\"": \""Norsk Hydro\"",\n      \""Product\"": \""Gas\"",\n      \""Quantity\"": \""None\"",\n    \n    \""Company\"": \""Statoil\"",\n      \""Date\"": \""2010-01-01\"",\n      \""Location\"": \""Norway\"",\n      \""Money\"": \""None\"",\n      \""Person\"": \""Statoil\"",\n      \""Product\"": \""Gas\"",\n      \""Quantity\"": \""None\"",\n    \n    \""Company\"": \""Norsk Hydro\"",\n      \""Date\"": \""2010-01-01\"",\n      \""Location\"": \""Norway\"",\n      \""Money\"": \""None\"",\n      \""Person\"": \""Norsk Hydro\"",\n      \""Product\"": \""Gas\"",\n      \""Quantity\"": \""None\"",\n    \n    \""Company\"": \""Statoil\"",\n      \""Date\"": \""2010-01-01\"",\n      \""Location\"": \""Norway\"",\n      \""Money\"": \""None\"",\n      \""Person\"": \""Statoil\"",\n      \""Product\"": \""Oil\"",\n      \""Quantity\"": \""None\"",\n    \n    \""Company\"": \""Norsk Hydro\"",\n      \""Date\"": \""2010-01-01\"",\n      \""Location\"": \""Norway\"",\n      \""Money\"": \""None\"",\n      \""Person\"": \""Norsk Hydro\"",\n      \""Product\"": \""Oil\"",\n      \""Quantity\"": \""None\"",\n    \n    \""Company\"": \""Statoil\"",\n      \""Date\"": \""2010-01-01\"",\n      \""Location\"": \""Norway\"",\n      \""Money\"": \""None\"",\n      \""Person\"": \""Statoil\"",\n      \""Product\"": \""Gas\"",\n      \""Quantity\"": \""None\"",\n    \n    \""Company\"": \""Norsk Hydro\"",\n      \""Date\"": \""2010-01-01\"",\n      \""Location\"": \""Norway\"",\n      \""Money\"": \""None\"",\n      \""Person\"": \""Norsk Hydro\"",\n      \""Product\"": \""Gas\"",\n      \""Quantity\"": \""None\"",\n    \n    \""Company\"": \""Statoil\"",\n      \""Date\"": \""2010-01-01\"",\n      \""Location\"": \""Norway\"",\n      \""Money\"": \""None\"",\n      \""Person\"": \""Statoil\"",\n      \""Product\"": \""Oil\"",\n      \""Quantity\"": \""None\"",\n    \n    \""Company\"": \""Norsk Hydro\"",\n      \""Date\"": \""2010-01-01\"",\n      ""]"
sola-jsonish-rescue,"StructuredOutputAdapter(output_mode=JSONISH, prompt_layout=SECTIONS, parse_config=ParseConfig())",financial-ner-0012,ok,,8.350303215964232,1,json_object,1,9,0.1111,False,Company[0];Money[0];Money[1],Date;Location;Person;Product;Quantity,Date[0];Location[0];Money[2];Person[0];Product[0];Quantity[0],1550,1,4,0.25,5,"[""{\n  \""entities\"": [\n    {\n      \""Company\"": \""Pfizer\"",\n      \""Date\"": \""after the announcement of a $65 billion deal with American Home Products\"",\n      \""Location\"": \""United States\"",\n      \""Money\"": \""billions\"",\n      \""Person\"": \""Pfizer\"",\n      \""Product\"": \""bids\"",\n      \""Quantity\"": \""made\"",\n    \n    \""Company\"": \""American Home Products\"",\n    \""Date\"": \""just after the announcement of a $65 billion deal with American Home Products\"",\n    \""Location\"": \""United States\"",\n    \""Money\"": \""billions\"",\n    \""Person\"": \""American Home Products\"",\n    \""Product\"": \""purchase\"",\n    \""Quantity\"": \""would be in excess of $90 billion\"",\n    \n    \""Company\"": \""American Home Products\"",\n    \""Date\"": \""just after the announcement of a $65 billion deal with American Home Products\"",\n    \""Location\"": \""United States\"",\n    \""Money\"": \""billions\"",\n    \""Person\"": \""American Home Products\"",\n    \""Product\"": \""purchase\"",\n    \""Quantity\"": \""would be in excess of $90 billion\"",\n    \n    \""Company\"": \""Pfizer\"",\n    \""Date\"": \""just after the announcement of a $65 billion deal with American Home Products\"",\n    \""Location\"": \""United States\"",\n    \""Money\"": \""billions\"",\n    \""Person\"": \""Pfizer\"",\n    \""Product\"": \""bid\"",\n    \""Quantity\"": \""made\"",\n    \n    \""Company\"": \""American Home Products\"",\n    \""Date\"": \""just after the announcement of a $65 billion deal with American Home Products\"",\n    \""Location\"": \""United States\"",\n    \""Money\"": \""billions\"",\n    \""Person\"": \""American Home Products\"",\n    \""Product\"": \""deal\"",\n    \""Quantity\"": \""American Home Products\"",\n    \n    \""Company\"": \""Pfizer\"",\n    \""Date\"": \""just after the announcement of a $65 billion deal with American Home Products\"",\n    \""Location\"": \""United States\"",\n    \""Money\"": \""billions\"",\n    \""Person\"": \""Pfizer\"",\n    \""Product\"": \""purchase\"",\n    \""Quantity\"": \""would be in excess of $90 billion\"",\n    \n    \""Company\"": \""American Home Products\"",\n    \""Date\"": \""just after the announcement of a $65 billion deal with American Home Products\"",\n    \""Location\"": \""United States\"",\n    \""Money\"": \""billions\"",\n    \""Person\"": \""American Home Products\"",\n    \""Product\"": \""purchase\"",\n    \""Quantity\"": \""would be in excess of $90 billion\"",\n    \n    \""Company\"": \""Pfizer\"",\n    \""Date\"": \""just after the announcement of a $65 billion deal with American Home Products\"",\n    \""Location\"": \""United States\"",\n    \""Money\"": \""billions\"",\n    \""Person\"": \""Pfizer\"",\n    \""Product\"": \""bid\"",\n    \""Quantity\"": \""made\"",\n    \n    \""Company\"": \""American Home Products\"",\n    \""Date\"": \""just after the announcement of a $65 billion deal with American Home Products\"",\n    \""Location\"": \""United States\"",\n    \""Money\"": \""billions\"",\n    \""Person\"": \""American Home Products\"",\n    \""Product\"": \""deal\"",\n    \""Quantity\"": \""American Home Products\"",\n    \n    \""Company\"": \""Pfizer\"",\n    \""Date\"": \""just after the announcement of a $65 billion deal with American Home Products\"",\n    \""Location\"": \""United States\"",\n    \""Money\"": \""billions\"",\n    \""Person\"": \""Pfizer\"",\n    \""Product\"": \""bid\"",\n    \""Quantity\"": \""made\"",\n""]"
sola-jsonish-rescue,"StructuredOutputAdapter(output_mode=JSONISH, prompt_layout=SECTIONS, parse_config=ParseConfig())",financial-ner-0013,ok,,1.7182616969803348,1,json_object,3,8,0.375,False,,Location;Money;Person;Product;Quantity,Location[0];Money[0];Person[0];Person[1];Product[0];Quantity[0],793,3,3,1.0,5,"[""{\n  \""entities\"": [\n    {\n      \""Company\"": \""United Technologies\"",\n      \""Date\"": \""early 2020\"",\n      \""Location\"": \""United States\"",\n      \""Money\"": \""deal\"",\n      \""Person\"": \""Raytheon\"",\n      \""Product\"": \""regulations\"",\n      \""Quantity\"": \""expected\""\n    },\n    {\n      \""Company\"": \""Raytheon\"",\n      \""Date\"": \""early 2020\"",\n      \""Location\"": \""United States\"",\n      \""Money\"": \""deal\"",\n      \""Person\"": \""United Technologies\"",\n      \""Product\"": \""regulations\"",\n      \""Quantity\"": \""expected\""\n    }\n  ]\n}""]"
sola-jsonish-rescue,"StructuredOutputAdapter(output_mode=JSONISH, prompt_layout=SECTIONS, parse_config=ParseConfig())",financial-ner-0014,ok,,1.772123180970084,1,json_object,3,8,0.375,False,Money[0],Date;Location;Product;Quantity,Date[0];Location[0];Money[1];Money[2];Product[0];Product[1];Quantity[0],821,3,4,0.75,4,"[""{\n  \""entities\"": [\n    {\n      \""Company\"": \""Celgene\"",\n      \""Date\"": \""2017-01-01\"",\n      \""Location\"": \""United States\"",\n      \""Money\"": \""74,000,000\"",\n      \""Person\"": \""Giovanni Caforio\"",\n      \""Product\"": \""Celgene\"",\n      \""Quantity\"": \""None\""\n    },\n    {\n      \""Company\"": \""BMS\"",\n      \""Date\"": \""2017-01-01\"",\n      \""Location\"": \""United States\"",\n      \""Money\"": \""None\"",\n      \""Person\"": \""Giovanni Caforio\"",\n      \""Product\"": \""None\"",\n      \""Quantity\"": \""None\""\n    }\n  ]\n}""]"
sola-jsonish-rescue,"StructuredOutputAdapter(output_mode=JSONISH, prompt_layout=SECTIONS, parse_config=ParseConfig())",financial-ner-0015,ok,,1.6663471449865028,1,json_object,1,8,0.125,False,Company[0];Money[0],Date;Location;Person;Product;Quantity,Company[2];Date[0];Location[0];Money[1];Person[0];Person[1];Product[0];Quantity[0];Quantity[1],801,1,3,0.3333,5,"[""{\n  \""entities\"": [\n    {\n      \""Company\"": \""Caremark\"",\n      \""Date\"": \""2023-01-01\"",\n      \""Location\"": \""United States\"",\n      \""Money\"": \""None\"",\n      \""Person\"": \""Caremark\"",\n      \""Product\"": \""medical devices\"",\n      \""Quantity\"": \""None\""\n    },\n    {\n      \""Company\"": \""CVS Health\"",\n      \""Date\"": \""2023-01-01\"",\n      \""Location\"": \""United States\"",\n      \""Money\"": \""None\"",\n      \""Person\"": \""CVS Health\"",\n      \""Product\"": \""medical devices\"",\n      \""Quantity\"": \""1000\""\n    }\n  ]\n}""]"
sola-jsonish-rescue,"StructuredOutputAdapter(output_mode=JSONISH, prompt_layout=SECTIONS, parse_config=ParseConfig())",financial-ner-0016,ok,,1.6203302589710802,1,json_object,2,10,0.2,False,Company[1];Company[3];Location[0],Date;Money;Person;Product;Quantity,Date[0];Location[1];Money[0];Person[0];Person[1];Product[0];Quantity[0],846,2,5,0.4,5,"[""{\n  \""entities\"": [\n    {\n      \""Company\"": \""Allergan plc\"",\n      \""Date\"": \""2023-01-01\"",\n      \""Location\"": \""Canada\"",\n      \""Money\"": \""None\"",\n      \""Person\"": \""Allergan\"",\n      \""Product\"": \""None\"",\n      \""Quantity\"": \""None\""\n    },\n    {\n      \""Company\"": \""Actavis plc\"",\n      \""Date\"": \""2023-01-01\"",\n      \""Location\"": \""Canada\"",\n      \""Money\"": \""None\"",\n      \""Person\"": \""Actavis plc\"",\n      \""Product\"": \""None\"",\n      \""Quantity\"": \""None\""\n    }\n  ]\n}""]"
sola-jsonish-rescue,"StructuredOutputAdapter(output_mode=JSONISH, prompt_layout=SECTIONS, parse_config=ParseConfig())",financial-ner-0017,ok,,1.6620331379817799,1,json_object,2,8,0.25,False,Money[0],Date;Location;Person;Product;Quantity,Date[0];Location[0];Money[1];Money[2];Person[0];Person[1];Product[0];Product[1];Quantity[0],804,2,3,0.6667,5,"[""{\n  \""entities\"": [\n    {\n      \""Company\"": \""ChemChina\"",\n      \""Date\"": \""2023-01-01\"",\n      \""Location\"": \""China\"",\n      \""Money\"": \""43 billion\"",\n      \""Person\"": \""ChemChina\"",\n      \""Product\"": \""Syngenta\"",\n      \""Quantity\"": \""None\""\n    },\n    {\n      \""Company\"": \""Syngenta\"",\n      \""Date\"": \""2023-01-01\"",\n      \""Location\"": \""China\"",\n      \""Money\"": \""None\"",\n      \""Person\"": \""Syngenta\"",\n      \""Product\"": \""ChemChina\"",\n      \""Quantity\"": \""None\""\n    }\n  ]\n}""]"
sola-jsonish-rescue,"StructuredOutputAdapter(output_mode=JSONISH, prompt_layout=SECTIONS, parse_config=ParseConfig())",financial-ner-0018,ok,,0.7288090049987659,1,json_object,3,8,0.375,False,Company[1];Money[0],Date;Location;Person,Date[0];Location[0];Money[1];Person[0],702,1,3,0.3333,3,"[""{\n  \""Company\"": \""London Stock Exchange\"",\n  \""Date\"": \""2023-01-01\"",\n  \""Location\"": \""London\"",\n  \""Money\"": \""27 billion\"",\n  \""Person\"": \""Refinitiv\"",\n  \""Product\"": [],\n  \""Quantity\"": []\n}""]"
sola-jsonish-rescue,"StructuredOutputAdapter(output_mode=JSONISH, prompt_layout=SECTIONS, parse_config=ParseConfig())",financial-ner-0019,ok,,0.7152913370518945,1,json_object,8,8,1.0,True,,,,702,3,3,1.0,0,"[""{\n  \""Company\"": [\""Chrysler\"", \""Daimler Benz\""],\n  \""Date\"": [\""May 7 , 1998\""],\n  \""Location\"": [],\n  \""Money\"": [],\n  \""Person\"": [],\n  \""Product\"": [],\n  \""Quantity\"": []\n}""]"
sola-jsonish-rescue,"StructuredOutputAdapter(output_mode=JSONISH, prompt_layout=SECTIONS, parse_config=ParseConfig())",financial-ner-0020,validation_error,ValidationError,0.34306968899909407,1,json_object,0,7,0.0,False,,Company;Date;Location[0];Money;Person;Product;Quantity,,660,0,1,0.0,0,"[""{\n  \""entities\"": [\n    \""Chinese firms\"",\n    \""mega - merger talks\"",\n    \""chemistry\""\n  ]\n}""]"
sola-jsonish-rescue,"StructuredOutputAdapter(output_mode=JSONISH, prompt_layout=SECTIONS, parse_config=ParseConfig())",financial-ner-0021,ok,,0.6657125960336998,1,json_object,5,8,0.625,False,Company[0];Location[0];Money[0],,,697,1,4,0.25,0,"[""{\n  \""Company\"": [\""VimpelCom\""],\n  \""Date\"": [],\n  \""Location\"": [],\n  \""Money\"": [],\n  \""Person\"": [],\n  \""Product\"": [],\n  \""Quantity\"": [],\n  \""Entity\"": [\""Hutchison\""]\n}""]"
sola-jsonish-rescue,"StructuredOutputAdapter(output_mode=JSONISH, prompt_layout=SECTIONS, parse_config=ParseConfig())",financial-ner-0022,ok,,1.9208249050425366,1,json_object,0,8,0.0,False,Company[0];Company[1];Money[0],Date;Location;Person;Product;Quantity,Company[2];Company[3];Date[0];Location[0];Location[1];Money[1];Money[2];Person[0];Product[0];Product[1];Quantity[0],827,0,3,0.0,5,"[""{\n  \""entities\"": [\n    {\n      \""Company\"": \""SoftBank Group Co., Ltd.\"",\n      \""Date\"": \""2023-01-01\"",\n      \""Location\"": \""Japan\"",\n      \""Money\"": \""31,000,000,000 USD\"",\n      \""Person\"": \""SoftBank Group Co., Ltd.\"",\n      \""Product\"": \""ARM Holdings\"",\n      \""Quantity\"": \""1\""\n    },\n    {\n      \""Company\"": \""ARM Holdings\"",\n      \""Date\"": \""2023-01-01\"",\n      \""Location\"": \""United States\"",\n      \""Money\"": \""0 USD\"",\n      \""Person\"": \""SoftBank Group Co., Ltd.\"",\n      \""Product\"": \""ARM Cortex-A53\"",\n      \""Quantity\"": \""1\""\n    }\n  ]\n}""]"
sola-jsonish-rescue,"StructuredOutputAdapter(output_mode=JSONISH, prompt_layout=SECTIONS, parse_config=ParseConfig())",financial-ner-0023,ok,,1.6803494680207223,1,json_object,2,8,0.25,False,Money[0],Date;Location;Person;Product;Quantity,Date[0];Location[0];Money[1];Person[0];Person[1];Product[0];Product[1];Quantity[0],811,2,3,0.6667,5,"[""{\n  \""entities\"": [\n    {\n      \""Company\"": \""Charles Schwab\"",\n      \""Date\"": \""2023-01-01\"",\n      \""Location\"": \""United States\"",\n      \""Money\"": \""None\"",\n      \""Person\"": \""Charles Schwab\"",\n      \""Product\"": \""TD Ameritrade\"",\n      \""Quantity\"": \""None\""\n    },\n    {\n      \""Company\"": \""TD Ameritrade\"",\n      \""Date\"": \""2023-01-01\"",\n      \""Location\"": \""United States\"",\n      \""Money\"": \""None\"",\n      \""Person\"": \""TD Ameritrade\"",\n      \""Product\"": \""None\"",\n      \""Quantity\"": \""None\""\n    }\n  ]\n}""]"
sola-jsonish-rescue,"StructuredOutputAdapter(output_mode=JSONISH, prompt_layout=SECTIONS, parse_config=ParseConfig())",financial-ner-0024,ok,,2.4215055530075915,1,json_object,2,8,0.25,False,Money[0],Date;Location;Person;Product;Quantity,Date[0];Location[0];Money[1];Person[0];Person[1];Product[0];Product[1];Quantity[0];Quantity[1],928,2,3,0.6667,5,"[""{\n  \""entities\"": [\n    {\n      \""Company\"": \""Xerox\"",\n      \""Date\"": \""2023-03-20\"",\n      \""Location\"": \""United States\"",\n      \""Money\"": \""33.5 billion\"",\n      \""Person\"": \""Xerox\"",\n      \""Product\"": \""cash\"",\n      \""Quantity\"": \""stock\""\n    },\n    {\n      \""Company\"": \""HP\"",\n      \""Date\"": \""2023-03-20\"",\n      \""Location\"": \""United States\"",\n      \""Money\"": \""33.5 billion\"",\n      \""Person\"": \""HP\"",\n      \""Product\"": \""cash\"",\n      \""Quantity\"": \""stock\""\n    },\n    {\n      \""Company\"": \""HP\"",\n      \""Date\"": \""2023-03-20\"",\n      \""Location\"": \""United States\"",\n      \""Money\"": \""33.5 billion\"",\n      \""Person\"": \""HP\"",\n      \""Product\"": \""stock\"",\n      \""Quantity\"": \""none\""\n    }\n  ]\n}""]"
sola-jsonish-rescue,"StructuredOutputAdapter(output_mode=JSONISH, prompt_layout=SECTIONS, parse_config=ParseConfig())",financial-ner-0025,ok,,5.4226684349705465,1,json_object,1,7,0.1429,False,Location[0];Quantity[0],Date;Money;Person;Product,Company[1];Date[0];Location[1];Money[0];Person[0];Product[0];Quantity[1],1224,1,3,0.3333,4,"[""{\n  \""entities\"": [\n    {\n      \""Company\"": \""China Mobile\"",\n      \""Date\"": \""2023-01-01\"",\n      \""Location\"": \""China\"",\n      \""Money\"": \""None\"",\n      \""Person\"": \""None\"",\n      \""Product\"": \""Mobile communications businesses\"",\n      \""Quantity\"": \""None\""\n    },\n    {\n      \""Company\"": \""State - owned mobile communications businesses\"",\n      \""Date\"": \""2023-01-01\"",\n      \""Location\"": \""China\"",\n      \""Money\"": \""None\"",\n      \""Person\"": \""None\"",\n      \""Product\"": \""Mobile communications businesses\"",\n      \""Quantity\"": \""None\""\n    },\n    {\n      \""Company\"": \""China Mobile\"",\n      \""Date\"": \""2023-01-01\"",\n      \""Location\"": \""China\"",\n      \""Money\"": \""None\"",\n      \""Person\"": \""None\"",\n      \""Product\"": \""Mobile communications businesses\"",\n      \""Quantity\"": \""None\""\n    },\n    {\n      \""Company\"": \""State - owned mobile communications businesses\"",\n      \""Date\"": \""2023-01-01\"",\n      \""Location\"": \""China\"",\n      \""Money\"": \""None\"",\n      \""Person\"": \""None\"",\n      \""Product\"": \""Mobile communications businesses\"",\n      \""Quantity\"": \""None\""\n    },\n    {\n      \""Company\"": \""China Mobile\"",\n      \""Date\"": \""2023-01-01\"",\n      \""Location\"": \""China\"",\n      \""Money\"": \""None\"",\n      \""Person\"": \""None\"",\n      \""Product\"": \""Mobile communications businesses\"",\n      \""Quantity\"": \""None\""\n    },\n    {\n      \""Company\"": \""State - owned mobile communications businesses\"",\n      \""Date\"": \""2023-01-01\"",\n      \""Location\"": \""China\"",\n      \""Money\"": \""None\"",\n      \""Person\"": \""None\"",\n      \""Product\"": \""Mobile communications businesses\"",\n      \""Quantity\"": \""None\""\n    },\n    {\n      \""Company\"": \""China Mobile\"",\n      \""Date\"": \""2023-01-01\"",\n      \""Location\"": \""China\"",\n      \""Money\"": \""None\"",\n      \""Person\"": \""None\"",\n      \""Product\"": \""Mobile communications businesses\"",\n      \""Quantity\"": \""None\""\n    }\n  ]\n}""]"
sola-jsonish-rescue,"StructuredOutputAdapter(output_mode=JSONISH, prompt_layout=SECTIONS, parse_config=ParseConfig())",financial-ner-0026,ok,,1.7801654260256328,1,json_object,2,8,0.25,False,Money[0],Date;Location;Person;Product;Quantity,Date[0];Location[0];Location[1];Money[1];Money[2];Person[0];Person[1];Product[0];Quantity[0];Quantity[1],805,2,3,0.6667,5,"[""{\n  \""entities\"": [\n    {\n      \""Company\"": \""GSK\"",\n      \""Date\"": \""2023-01-01\"",\n      \""Location\"": \""United States\"",\n      \""Money\"": \""68 billion\"",\n      \""Person\"": \""GSK\"",\n      \""Product\"": \""consumer division\"",\n      \""Quantity\"": \""68 billion\""\n    },\n    {\n      \""Company\"": \""Unilever\"",\n      \""Date\"": \""2023-01-01\"",\n      \""Location\"": \""United Kingdom\"",\n      \""Money\"": \""1 billion\"",\n      \""Person\"": \""Unilever\"",\n      \""Product\"": \""consumer division\"",\n      \""Quantity\"": \""1 billion\""\n    }\n  ]\n}""]"
sola-jsonish-rescue,"StructuredOutputAdapter(output_mode=JSONISH, prompt_layout=SECTIONS, parse_config=ParseConfig())",financial-ner-0027,ok,,0.9276265850057825,1,json_object,1,8,0.125,False,Company[1],Date;Location;Money;Person;Product;Quantity,Date[0];Location[0];Money[0];Person[0];Product[0];Quantity[0],717,1,2,0.5,6,"[""{\n  \""entities\"": [\n    {\n      \""Company\"": \""Boston Scientific\"",\n      \""Date\"": \""2023-01-01\"",\n      \""Location\"": \""Boston\"",\n      \""Money\"": \""None\"",\n      \""Person\"": \""Dr. John B. Guidant\"",\n      \""Product\"": \""Heart Valve\"",\n      \""Quantity\"": \""1\""\n    }\n  ]\n}""]"
sola-jsonish-rescue,"StructuredOutputAdapter(output_mode=JSONISH, prompt_layout=SECTIONS, parse_config=ParseConfig())",financial-ner-0028,ok,,1.4832119140191935,1,json_object,2,9,0.2222,False,Company[1],Date;Location;Money;Person;Product;Quantity,Date[0];Date[1];Location[0];Money[0];Person[0];Product[0];Quantity[0],785,2,3,0.6667,6,"[""{\n  \""entities\"": [\n    {\n      \""Company\"": \""Global Crossing\"",\n      \""Date\"": \""Qwest outbid them\"",\n      \""Location\"": \""US\"",\n      \""Money\"": \""None\"",\n      \""Person\"": \""None\"",\n      \""Product\"": \""None\"",\n      \""Quantity\"": \""None\""\n    },\n    {\n      \""Company\"": \""US West\"",\n      \""Date\"": \""lost out on acquiring\"",\n      \""Location\"": \""US\"",\n      \""Money\"": \""None\"",\n      \""Person\"": \""None\"",\n      \""Product\"": \""None\"",\n      \""Quantity\"": \""None\""\n    }\n  ]\n}""]"
sola-jsonish-rescue,"StructuredOutputAdapter(output_mode=JSONISH, prompt_layout=SECTIONS, parse_config=ParseConfig())",financial-ner-0029,ok,,1.750840672000777,1,json_object,2,9,0.2222,False,Location[0];Location[1];Money[0];Product[0],Date;Person;Quantity,Date[0];Location[2];Money[1];Person[0];Person[1];Product[1];Quantity[0],826,2,6,0.3333,3,"[""{\n  \""entities\"": [\n    {\n      \""Company\"": \""Baker Hughes\"",\n      \""Date\"": \""2023-01-01\"",\n      \""Location\"": \""United States\"",\n      \""Money\"": \""28 billion\"",\n      \""Person\"": \""Baker Hughes\"",\n      \""Product\"": \""merger deal\"",\n      \""Quantity\"": \""28 billion\""\n    },\n    {\n      \""Company\"": \""Halliburton\"",\n      \""Date\"": \""2023-01-01\"",\n      \""Location\"": \""United States\"",\n      \""Money\"": \""28 billion\"",\n      \""Person\"": \""Halliburton\"",\n      \""Product\"": \""merger deal\"",\n      \""Quantity\"": \""28 billion\""\n    }\n  ]\n}""]"
sola-yaml-rescue,"StructuredOutputAdapter(output_mode=YAML, prompt_layout=SECTIONS, parse_config=ParseConfig())",financial-ner-0000,validation_error,ValidationError,0.40780174103565514,1,none,0,8,0.0,False,,Company[0];Company[1];Date;Location;Money;Person;Product;Quantity,,661,0,2,0.0,0,"[""```yaml\nentities: [\n    \""Albertsons\"",\n    \""Rite Aid\"",\n    \""merger\""\n]\n```""]"
sola-yaml-rescue,"StructuredOutputAdapter(output_mode=YAML, prompt_layout=SECTIONS, parse_config=ParseConfig())",financial-ner-0001,validation_error,ValidationError,0.3986067289952189,1,none,0,8,0.0,False,,Company[0];Company[1];Date;Location[0];Money;Person;Product;Quantity,,663,0,3,0.0,0,"[""```yaml\nentities: [\n    \""EU\"",\n    \""Essilor\"",\n    \""Luxottica\"",\n    \""Essilor , Luxottica\""\n]\n```""]"
sola-yaml-rescue,"StructuredOutputAdapter(output_mode=YAML, prompt_layout=SECTIONS, parse_config=ParseConfig())",financial-ner-0002,ok,,0.8034410019754432,1,none,2,9,0.2222,False,Company[0];Company[1];Company[2];Date[0];Location[0];Money[0];Person[0],,,749,0,7,0.0,0,"[""```yaml\nentities:\n  Broadcom: company\n  Qualcomms: company\n  NXP Semconductors: company\n  US President: person\n  Donald Trump: person\n  US President: person\n  US President: person\n  Qualcomms: company\n  NXP Semconductors: company\n  US President: person\n  US President: person\n  US President: person\n```""]"
sola-yaml-rescue,"StructuredOutputAdapter(output_mode=YAML, prompt_layout=SECTIONS, parse_config=ParseConfig())",financial-ner-0003,ok,,0.40339897701051086,1,none,5,8,0.625,False,Company[0];Company[1];Money[0],,,662,0,3,0.0,0,"[""```yaml\nentities:\n  Bank: [\""Bank of America\""]\n  Merrill Lynch: [\""Merrill Lynch\""]\n  Amount: [\""$50 Billion\""]\n```""]"
sola-yaml-rescue,"StructuredOutputAdapter(output_mode=YAML, prompt_layout=SECTIONS, parse_config=ParseConfig())",financial-ner-0004,validation_error,ValidationError,0.4755705179995857,1,none,0,10,0.0,False,,Company[0];Company[1];Company[2];Company[3];Date;Location;Money[0];Person;Product;Quantity,,677,0,5,0.0,0,"[""```yaml\nentities: [\n    \""Broadcom\"",\n    \""Qualcomm\"",\n    \""offer\"",\n    \""117 billion\"",\n    \""NXP\"",\n    \""deal\""\n]\n```""]"
sola-yaml-rescue,"StructuredOutputAdapter(output_mode=YAML, prompt_layout=SECTIONS, parse_config=ParseConfig())",financial-ner-0005,validation_error,ValidationError,0.6803096960065886,1,none,0,7,0.0,False,,Company[0];Date;Location[0];Money[0];Person;Product;Quantity,,695,0,3,0.0,0,"[""```yaml\nentities:\n  Company: British\n  Date: 2022-03-01\n  Location: United Kingdom\n  Money: 22_000_000_000\n  Person: McI\n  Product: McI\n  Quantity: 1\n```""]"
sola-yaml-rescue,"StructuredOutputAdapter(output_mode=YAML, prompt_layout=SECTIONS, parse_config=ParseConfig())",financial-ner-0006,validation_error,ValidationError,0.9328449839958921,1,none,0,13,0.0,False,,Company[0];Company[1];Company[2];Date;Location;Money[0];Money[1];Money[2];Money[3];Money[4];Person;Product;Quantity,,793,0,8,0.0,0,"[""```yaml\nentities:\n  Company: Boston Scientific\n  Date: 2023-03-01\n  Location: Boston\n  Money: $21.5 billion\n  Person: Johnson & Johnson\n  Product: Guidant\n  Quantity: $72\n  Person: Boston Scientific\n  Product: Boston Scientific\n  Quantity: $36\n  Entity: Guidant\n  Entity: Boston Scientific\n```""]"
sola-yaml-rescue,"StructuredOutputAdapter(output_mode=YAML, prompt_layout=SECTIONS, parse_config=ParseConfig())",financial-ner-0007,parse_error,AdapterParseError,8.129211415012833,1,none,0,8,0.0,False,,Company[0];Company[1];Date;Location;Money[0];Person;Product;Quantity,,1525,0,3,0.0,0,"[""```yaml\nentities: [\n    \""Time Warner\"",\n    \""21st Century Fox\"",\n    \""Offer\"",\n    \""Money\"",\n    \""Request\"",\n    \""Time\"",\n    \""Warner\"",\n    \""Fox\"",\n    \""Accept\"",\n    \""Offer\"",\n    \""Money\"",\n    \""Request\"",\n    \""Time\"",\n    \""Warner\"",\n    \""Fox\"",\n    \""Accept\"",\n    \""Money\"",\n    \""Request\"",\n    \""Time\"",\n    \""Warner\"",\n    \""Fox\"",\n    \""Accept\"",\n    \""Money\"",\n    \""Request\"",\n    \""Time\"",\n    \""Warner\"",\n    \""Fox\"",\n    \""Accept\"",\n    \""Money\"",\n    \""Request\"",\n    \""Time\"",\n    \""Warner\"",\n    \""Fox\"",\n    \""Accept\"",\n    \""Money\"",\n    \""Request\"",\n    \""Time\"",\n    \""Warner\"",\n    \""Fox\"",\n    \""Accept\"",\n    \""Money\"",\n    \""Request\"",\n    \""Time\"",\n    \""Warner\"",\n    \""Fox\"",\n    \""Accept\"",\n    \""Money\"",\n    \""Request\"",\n    \""Time\"",\n    \""Warner\"",\n    \""Fox\"",\n    \""Accept\"",\n    \""Money\"",\n    \""Request\"",\n    \""Time\"",\n    \""Warner\"",\n    \""Fox\"",\n    \""Accept\"",\n    \""Money\"",\n    \""Request\"",\n    \""Time\"",\n    \""Warner\"",\n    \""Fox\"",\n    \""Accept\"",\n    \""Money\"",\n    \""Request\"",\n    \""Time\"",\n    \""Warner\"",\n    \""Fox\"",\n    \""Accept\"",\n    \""Money\"",\n    \""Request\"",\n    \""Time\"",\n    \""Warner\"",\n    \""Fox\"",\n    \""Accept\"",\n    \""Money\"",\n    \""Request\"",\n    \""Time\"",\n    \""Warner\"",\n    \""Fox\"",\n    \""Accept\"",\n    \""Money\"",\n    \""Request\"",\n    \""Time\"",\n    \""Warner\"",\n    \""Fox\"",\n    \""Accept\"",\n    \""Money\"",\n    \""Request\"",\n    \""Time\"",\n    \""Warner\"",\n    \""Fox\"",\n    \""Accept\"",\n    \""Money\"",\n    \""Request\"",\n    \""Time\"",\n    \""Warner\"",\n    \""Fox\"",\n    \""Accept\"",\n    \""Money\"",\n    \""Request\"",\n    \""Time\"",\n    \""Warner\"",\n    \""Fox\"",\n    \""Accept\"",\n    \""Money\"",\n    \""Request\"",\n    \""Time\"",\n    \""Warner\"",\n    \""Fox\"",\n    \""Accept\"",\n    \""Money\"",\n    \""Request\"",\n    \""Time\"",\n    \""Warner\"",\n    \""Fox\"",\n    \""Accept\"",\n    \""Money\"",\n    \""Request\"",\n    \""Time\"",\n    \""Warner\"",\n    \""Fox\"",\n    \""Accept\"",\n    \""Money\"",\n    \""Request\"",\n    \""Time\"",\n    \""Warner\"",\n    \""Fox\"",\n    \""Accept\"",\n    \""Money\"",\n    \""Request\"",\n    \""Time\"",\n    \""Warner\"",\n    \""Fox\"",\n    \""Accept\"",\n    \""Money\"",\n    \""Request\"",\n    \""Time\"",\n    \""Warner\"",\n    \""Fox\"",\n    \""Accept\"",\n    \""Money\"",\n    \""Request\"",\n    \""Time\"",\n    \""Warner\"",\n    \""Fox\"",\n    \""Accept\"",\n    \""Money\"",\n    \""Request\"",\n    \""Time\"",\n    \""Warner\"",\n    \""Fox\"",\n    \""Accept\"",\n    \""Money\"",\n    \""Request\"",\n    \""Time\"",\n    \""Warner\"",\n    \""Fox\"",\n    \""Accept\"",\n    \""Money\"",\n    \""Request\"",\n    \""Time\"",\n    \""Warner\"",\n    \""Fox\"",\n    \""Accept\"",\n    \""Money\"",\n    \""Request\"",\n    \""Time\"",\n    \""Warner\"",\n    \""Fox\"",\n    \""Accept\"",\n    \""Money\"",\n    \""Request\"",\n    \""Time\"",\n    \""Warner\"",\n    \""Fox\"",\n    \""""]"
sola-yaml-rescue,"StructuredOutputAdapter(output_mode=YAML, prompt_layout=SECTIONS, parse_config=ParseConfig())",financial-ner-0008,validation_error,ValidationError,0.5082690439885482,1,none,0,7,0.0,False,,Company;Date;Location[0];Money;Person;Product;Quantity,,661,0,1,0.0,0,"[""```yaml\nentities: [\n    \""Japan\"",\n    \""banks\"",\n    \""International\"",\n    \""Business\"",\n    \""Merges\""\n]\n```""]"
sola-yaml-rescue,"StructuredOutputAdapter(output_mode=YAML, prompt_layout=SECTIONS, parse_config=ParseConfig())",financial-ner-0009,validation_error,ValidationError,0.8495038749533705,1,none,0,7,0.0,False,,Company[0];Date[0];Location;Money;Person;Product;Quantity[0],,744,0,3,0.0,0,"[""```yaml\nentities: [\n    \""Columbia Group\"",\n    \""Utilities\"",\n    \""merger\"",\n    \""subsidiaries\"",\n    \""acquisition\"",\n    \""Utilities Concern\"",\n    \""consolidation\"",\n    \""New Corporation\"",\n    \""Proposed\"",\n    \""Proposed to SEC HEARING\"",\n    \""SEPT. 8\"",\n    \""Consolidation to Form\""\n]\n```""]"
sola-yaml-rescue,"StructuredOutputAdapter(output_mode=YAML, prompt_layout=SECTIONS, parse_config=ParseConfig())",financial-ner-0010,ok,,1.1407365140039474,1,none,6,9,0.6667,False,Company[0];Company[1];Company[2],,,752,0,3,0.0,0,"[""```yaml\nentities:\n  BB&T:\n    Company: BB&T Bank\n    Date: 2023-01-01\n    Location: United States\n    Money: 0\n    Person: BB&T Bank\n    Product: Bank\n    Quantity: 1\n\nSunTrust:\n    Company: SunTrust Banks\n    Date: 2023-01-01\n    Location: United States\n    Money: 0\n    Person: SunTrust Banks\n    Product: Banks\n    Quantity: 1\n```""]"
sola-yaml-rescue,"StructuredOutputAdapter(output_mode=YAML, prompt_layout=SECTIONS, parse_config=ParseConfig())",financial-ner-0011,validation_error,ValidationError,0.4077863310230896,1,none,0,8,0.0,False,,Company[0];Company[1];Date;Location;Money;Person;Product;Quantity,,666,0,2,0.0,0,"[""```yaml\nentities: [\n    \""Statoil\"",\n    \""Norsk Hydro\"",\n    \""oil\"",\n    \""gas\"",\n    \""business\""\n]\n```""]"
sola-yaml-rescue,"StructuredOutputAdapter(output_mode=YAML, prompt_layout=SECTIONS, parse_config=ParseConfig())",financial-ner-0012,ok,,8.186763425997924,1,none,5,9,0.5556,False,Company[0];Company[1];Money[0];Money[1],,,1551,0,4,0.0,0,"[""```yaml\nentities:\n  Pfizer: [\""Company\""]\n  American Home Products: [\""Company\""]\n  American Home Products: [\""Company\""]\n  American Home Products: [\""Company\""]\n  American Home Products: [\""Company\""]\n  American Home Products: [\""Company\""]\n  American Home Products: [\""Company\""]\n  American Home Products: [\""Company\""]\n  American Home Products: [\""Company\""]\n  American Home Products: [\""Company\""]\n  American Home Products: [\""Company\""]\n  American Home Products: [\""Company\""]\n  American Home Products: [\""Company\""]\n  American Home Products: [\""Company\""]\n  American Home Products: [\""Company\""]\n  American Home Products: [\""Company\""]\n  American Home Products: [\""Company\""]\n  American Home Products: [\""Company\""]\n  American Home Products: [\""Company\""]\n  American Home Products: [\""Company\""]\n  American Home Products: [\""Company\""]\n  American Home Products: [\""Company\""]\n  American Home Products: [\""Company\""]\n  American Home Products: [\""Company\""]\n  American Home Products: [\""Company\""]\n  American Home Products: [\""Company\""]\n  American Home Products: [\""Company\""]\n  American Home Products: [\""Company\""]\n  American Home Products: [\""Company\""]\n  American Home Products: [\""Company\""]\n  American Home Products: [\""Company\""]\n  American Home Products: [\""Company\""]\n  American Home Products: [\""Company\""]\n  American Home Products: [\""Company\""]\n  American Home Products: [\""Company\""]\n  American Home Products: [\""Company\""]\n  American Home Products: [\""Company\""]\n  American Home Products: [\""Company\""]\n  American Home Products: [\""Company\""]\n  American Home Products: [\""Company\""]\n  American Home Products: [\""Company\""]\n  American Home Products: [\""Company\""]\n  American Home Products: [\""Company\""]\n  American Home Products: [\""Company\""]\n  American Home Products: [\""Company\""]\n  American Home Products: [\""Company\""]\n  American Home Products: [\""Company\""]\n  American Home Products: [\""Company\""]\n  American Home Products: [\""Company\""]\n  American Home Products: [\""Company\""]\n  American Home Products: [\""Company\""]\n  American Home Products: [\""Company\""]\n  American Home Products: [\""Company\""]\n  American Home Products: [\""Company\""]\n  American Home Products: [\""Company\""]\n  American Home Products: [\""Company\""]\n  American Home Products: [\""Company\""]\n  American Home Products: [\""Company\""]\n  American Home Products: [\""Company\""]\n  American Home Products: [\""Company\""]\n  American Home Products: [\""Company\""]\n  American Home Products: [\""Company\""]\n  American Home Products: [\""Company\""]\n  American Home Products: [\""Company\""]\n  American Home Products: [\""Company\""]\n  American Home Products: [\""Company\""]\n  American Home Products: [\""Company\""]\n  American Home Products: [\""Company\""]\n  American Home Products: [\""Company\""]\n  American Home Products: [\""Company\""]\n  American Home Products: [\""Company\""]\n  American Home Products: [\""Company\""]\n  American Home Products: [\""Company\""]\n  American Home Products: [\""Company\""]\n  American Home Products: [\""Company\""]\n  American Home Products: [\""Company\""]\n  American Home Products: [\""Company\""]\n  American Home Products: [\""Company\""]\n  American Home Products: [\""Company\""]\n  American Home Products: [\""Company\""]\n  American Home Products: [\""Company\""]\n  American Home Products: [\""Company\""]\n  American Home Products: [\""Company\""]\n  American Home Products: [\""Company\""]\n  American Home Products: [\""Company\""]\n  American Home Products: [\""Company\""]\n  American Home Products: [\""Company\""]\n  American Home Products: [\""Company\""]\n  American Home Products: [\""Company\""]\n  American Home Products: ""]"
sola-yaml-rescue,"StructuredOutputAdapter(output_mode=YAML, prompt_layout=SECTIONS, parse_config=ParseConfig())",financial-ner-0013,validation_error,ValidationError,0.6482335000182502,1,none,0,8,0.0,False,,Company[0];Company[1];Date[0];Location;Money;Person;Product;Quantity,,677,0,3,0.0,0,"[""```yaml\nentities: [\n    \""United Technologies\"",\n    \""Raytheon\"",\n    \""early\"",\n    \""2020\"",\n    \""regulatory\"",\n    \""approvals\"",\n    \""deal\""\n]\n```""]"
sola-yaml-rescue,"StructuredOutputAdapter(output_mode=YAML, prompt_layout=SECTIONS, parse_config=ParseConfig())",financial-ner-0014,parse_error,AdapterParseError,8.147885107959155,1,none,0,8,0.0,False,,Company[0];Company[1];Date;Location;Money[0];Person[0];Product;Quantity,,1530,0,4,0.0,0,"[""```yaml\nentities: [\n    \""Celgene\"",\n    \""BMS\"",\n    \""Giovanni Caforio\"",\n    \""Celgene\"",\n    \""Celgene\"",\n    \""Celgene\"",\n    \""Celgene\"",\n    \""Celgene\"",\n    \""Celgene\"",\n    \""Celgene\"",\n    \""Celgene\"",\n    \""Celgene\"",\n    \""Celgene\"",\n    \""Celgene\"",\n    \""Celgene\"",\n    \""Celgene\"",\n    \""Celgene\"",\n    \""Celgene\"",\n    \""Celgene\"",\n    \""Celgene\"",\n    \""Celgene\"",\n    \""Celgene\"",\n    \""Celgene\"",\n    \""Celgene\"",\n    \""Celgene\"",\n    \""Celgene\"",\n    \""Celgene\"",\n    \""Celgene\"",\n    \""Celgene\"",\n    \""Celgene\"",\n    \""Celgene\"",\n    \""Celgene\"",\n    \""Celgene\"",\n    \""Celgene\"",\n    \""Celgene\"",\n    \""Celgene\"",\n    \""Celgene\"",\n    \""Celgene\"",\n    \""Celgene\"",\n    \""Celgene\"",\n    \""Celgene\"",\n    \""Celgene\"",\n    \""Celgene\"",\n    \""Celgene\"",\n    \""Celgene\"",\n    \""Celgene\"",\n    \""Celgene\"",\n    \""Celgene\"",\n    \""Celgene\"",\n    \""Celgene\"",\n    \""Celgene\"",\n    \""Celgene\"",\n    \""Celgene\"",\n    \""Celgene\"",\n    \""Celgene\"",\n    \""Celgene\"",\n    \""Celgene\"",\n    \""Celgene\"",\n    \""Celgene\"",\n    \""Celgene\"",\n    \""Celgene\"",\n    \""Celgene\"",\n    \""Celgene\"",\n    \""Celgene\"",\n    \""Celgene\"",\n    \""Celgene\"",\n    \""Celgene\"",\n    \""Celgene\"",\n    \""Celgene\"",\n    \""Celgene\"",\n    \""Celgene\"",\n    \""Celgene\"",\n    \""Celgene\"",\n    \""Celgene\"",\n    \""Celgene\"",\n    \""Celgene\"",\n    \""Celgene\"",\n    \""Celgene\"",\n    \""Celgene\"",\n    \""Celgene\"",\n    \""Celgene\"",\n    \""Celgene\"",\n    \""Celgene\"",\n    \""Celgene\"",\n    \""Celgene\"",\n    \""Celgene\"",\n    \""Celgene\"",\n    \""Celgene\"",\n    \""Celgene\"",\n    \""Celgene\"",\n    \""Celgene\"",\n    \""Celgene\"",\n    \""Celgene\"",\n    \""Celgene\"",\n    \""Celgene\"",\n    \""Celgene\"",\n    \""Celgene\"",\n    \""Celgene\"",\n    \""Celgene\"",\n    \""Celgene\"",\n    \""Celgene\"",\n    \""Celgene\"",\n    \""Celgene\"",\n    \""Celgene\"",\n    \""Celgene\"",\n    \""Celgene\"",\n    \""Celgene\"",\n    \""Celgene\"",\n    \""Celgene\"",\n    \""Celgene\"",\n    \""Celgene\"",\n    \""Celgene\"",\n    \""Celgene\"",\n    \""Celgene\"",\n    \""Celgene\"",\n    \""Celgene\"",\n    \""Celgene\"",\n    \""Celgene\"",\n    \""Celgene\"",\n    \""Celgene\"",\n    \""Celgene\"",\n    \""Celgene\"",\n    \""Celgene\"",\n    \""Celgene\"",\n    \""Celgene\"",\n    \""Celgene\"",\n    \""Celgene\"",\n    \""Celgene\"",\n    \""Celgene\"",\n    \""Celgene\"",\n    \""Celgene\"",\n    \""Celgene\"",\n    \""Celgene\"",\n    \""Celgene\"",\n    \""Celgene\"",\n    \""Celgene\"",\n    \""Celgene\"",\n    \""Celgene\"",\n    \""Celgene\"",\n    \""Celgene\"",\n    \""Celgene\"",\n    \""Celgene\"",\n    \""Celgene\"",\n    \""Celgene\"",\n    \""Celgene\"",\n    \""Celgene\"",\n    \""Celgene\"",\n    \""Celgene\"",\n    ""]"
sola-yaml-rescue,"StructuredOutputAdapter(output_mode=YAML, prompt_layout=SECTIONS, parse_config=ParseConfig())",financial-ner-0015,validation_error,ValidationError,0.5845590050448664,1,none,0,8,0.0,False,,Company[0];Company[1];Date;Location;Money[0];Person;Product;Quantity,,666,0,3,0.0,0,"[""```yaml\nentities: [\n    \""CVS\"",\n    \""Caremark\"",\n    \""Deal\"",\n    \""21 Billion\"",\n    \""Buy\"",\n    \""Transaction\""\n]\n```""]"
sola-yaml-rescue,"StructuredOutputAdapter(output_mode=YAML, prompt_layout=SECTIONS, parse_config=ParseConfig())",financial-ner-0016,ok,,1.482521035009995,1,none,5,10,0.5,False,Company[0];Company[1];Company[2];Company[3];Location[0],,,827,0,5,0.0,0,"[""```yaml\nentities:\n  Allergan:\n    company: Allergan plc\n    date: \""2019-01-01\""\n    location: \""Canada\""\n  Valeant:\n    company: Valeant Pharmaceuticals\n    date: \""2019-01-01\""\n    location: \""Canada\""\n  Actavis:\n    company: Actavis plc\n    date: \""2019-01-01\""\n    location: \""Canada\""\n  Allergan plc:\n    company: Allergan plc\n    date: \""2019-01-01\""\n    location: \""Canada\""\n```""]"
sola-yaml-rescue,"StructuredOutputAdapter(output_mode=YAML, prompt_layout=SECTIONS, parse_config=ParseConfig())",financial-ner-0017,parse_error,AdapterParseError,8.156340960005764,1,none,0,8,0.0,False,,Company[0];Company[1];Date;Location;Money[0];Person;Product;Quantity,,1524,0,3,0.0,0,"[""```yaml\nentities: [\n    \""ChemChina\"",\n    \""Syngenta\"",\n    \""China\"",\n    \""Syngenta\"",\n    \""ChemChina\"",\n    \""Syngenta\"",\n    \""China\"",\n    \""Syngenta\"",\n    \""China\"",\n    \""Syngenta\"",\n    \""ChemChina\"",\n    \""Syngenta\"",\n    \""China\"",\n    \""Syngenta\"",\n    \""China\"",\n    \""Syngenta\"",\n    \""ChemChina\"",\n    \""Syngenta\"",\n    \""China\"",\n    \""Syngenta\"",\n    \""China\"",\n    \""Syngenta\"",\n    \""ChemChina\"",\n    \""Syngenta\"",\n    \""China\"",\n    \""Syngenta\"",\n    \""China\"",\n    \""Syngenta\"",\n    \""ChemChina\"",\n    \""Syngenta\"",\n    \""China\"",\n    \""Syngenta\"",\n    \""China\"",\n    \""Syngenta\"",\n    \""ChemChina\"",\n    \""Syngenta\"",\n    \""China\"",\n    \""Syngenta\"",\n    \""China\"",\n    \""Syngenta\"",\n    \""ChemChina\"",\n    \""Syngenta\"",\n    \""China\"",\n    \""Syngenta\"",\n    \""China\"",\n    \""Syngenta\"",\n    \""ChemChina\"",\n    \""Syngenta\"",\n    \""China\"",\n    \""Syngenta\"",\n    \""China\"",\n    \""Syngenta\"",\n    \""ChemChina\"",\n    \""Syngenta\"",\n    \""China\"",\n    \""Syngenta\"",\n    \""China\"",\n    \""Syngenta\"",\n    \""ChemChina\"",\n    \""Syngenta\"",\n    \""China\"",\n    \""Syngenta\"",\n    \""China\"",\n    \""Syngenta\"",\n    \""ChemChina\"",\n    \""Syngenta\"",\n    \""China\"",\n    \""Syngenta\"",\n    \""China\"",\n    \""Syngenta\"",\n    \""ChemChina\"",\n    \""Syngenta\"",\n    \""China\"",\n    \""Syngenta\"",\n    \""China\"",\n    \""Syngenta\"",\n    \""ChemChina\"",\n    \""Syngenta\"",\n    \""China\"",\n    \""Syngenta\"",\n    \""China\"",\n    \""Syngenta\"",\n    \""ChemChina\"",\n    \""Syngenta\"",\n    \""China\"",\n    \""Syngenta\"",\n    \""China\"",\n    \""Syngenta\"",\n    \""ChemChina\"",\n    \""Syngenta\"",\n    \""China\"",\n    \""Syngenta\"",\n    \""China\"",\n    \""Syngenta\"",\n    \""ChemChina\"",\n    \""Syngenta\"",\n    \""China\"",\n    \""Syngenta\"",\n    \""China\"",\n    \""Syngenta\"",\n    \""ChemChina\"",\n    \""Syngenta\"",\n    \""China\"",\n    \""Syngenta\"",\n    \""China\"",\n    \""Syngenta\"",\n    \""ChemChina\"",\n    \""Syngenta\"",\n    \""China\"",\n    \""Syngenta\"",\n    \""China\"",\n    \""Syngenta\"",\n    \""ChemChina\"",\n    \""Syngenta\"",\n    \""China\"",\n    \""Syngenta\"",\n    \""China\"",\n    \""Syngenta\"",\n    \""ChemChina\"",\n    \""Syngenta\"",\n    \""China\"",\n    \""Syngenta\"",\n    \""China\"",\n    \""Syngenta\"",\n    \""ChemChina\"",\n    \""Syngenta\"",\n    \""China\"",\n    \""Syngenta\"",\n    \""China\"",\n    \""Syngenta\"",\n    \""ChemChina\"",\n    \""Syngenta\"",\n    \""China\"",\n    \""Syngenta\"",\n    \""China\"",\n    \""Syngenta\"",\n    \""ChemChina\"",\n    \""Syngenta\"",\n    \""China\"",\n    \""Syngenta\"",\n    \""China\"",\n    \""Syngenta\"",\n    \""ChemChina\"",\n    \""Syngenta\"",\n    \""China""]"
sola-yaml-rescue,"StructuredOutputAdapter(output_mode=YAML, prompt_layout=SECTIONS, parse_config=ParseConfig())",financial-ner-0018,validation_error,ValidationError,0.7003065710305236,1,none,0,8,0.0,False,,Company[0];Company[1];Date;Location;Money[0];Person;Product;Quantity,,686,0,3,0.0,0,"[""```yaml\nentities: [\n    \""London Stock Exchange\"",\n    \""Refinitiv\"",\n    \""27 billion\"",\n    \""London Stock Exchange\"",\n    \""Refinitiv\"",\n    \""27 billion\"",\n    \""London Stock Exchange\""\n]\n```""]"
sola-yaml-rescue,"StructuredOutputAdapter(output_mode=YAML, prompt_layout=SECTIONS, parse_config=ParseConfig())",financial-ner-0019,validation_error,ValidationError,0.25615689397091046,1,none,0,8,0.0,False,,Company[0];Company[1];Date[0];Location;Money;Person;Product;Quantity,,655,0,3,0.0,0,"[""```yaml\nentities: [\n    \""Chrysler\"",\n    \""Daimler Benz\"",\n]\n```""]"
sola-yaml-rescue,"StructuredOutputAdapter(output_mode=YAML, prompt_layout=SECTIONS, parse_config=ParseConfig())",financial-ner-0020,validation_error,ValidationError,0.37194512598216534,1,none,0,7,0.0,False,,Company;Date;Location[0];Money;Person;Product;Quantity,,665,0,1,0.0,0,"[""```yaml\nentities: [\n    \""Chinese\"",\n    \""firms\"",\n    \""mega\"",\n    \""merger\"",\n    \""chemistry\""\n]\n```""]"
sola-yaml-rescue,"StructuredOutputAdapter(output_mode=YAML, prompt_layout=SECTIONS, parse_config=ParseConfig())",financial-ner-0021,parse_error,AdapterParseError,8.14550678699743,1,none,0,8,0.0,False,,Company[0];Company[1];Date;Location[0];Money[0];Person;Product;Quantity,,1529,0,4,0.0,0,"[""```yaml\nentities: [\n    \""Hutchison\"",\n    \""VimpelCom\"",\n    \""Italy\"",\n    \""Assets\"",\n    \""Deal\"",\n    \""Italy\"",\n    \""24 Billion\"",\n    \""Currency\"",\n    \""Currency\"",\n    \""Currency\"",\n    \""Currency\"",\n    \""Currency\"",\n    \""Currency\"",\n    \""Currency\"",\n    \""Currency\"",\n    \""Currency\"",\n    \""Currency\"",\n    \""Currency\"",\n    \""Currency\"",\n    \""Currency\"",\n    \""Currency\"",\n    \""Currency\"",\n    \""Currency\"",\n    \""Currency\"",\n    \""Currency\"",\n    \""Currency\"",\n    \""Currency\"",\n    \""Currency\"",\n    \""Currency\"",\n    \""Currency\"",\n    \""Currency\"",\n    \""Currency\"",\n    \""Currency\"",\n    \""Currency\"",\n    \""Currency\"",\n    \""Currency\"",\n    \""Currency\"",\n    \""Currency\"",\n    \""Currency\"",\n    \""Currency\"",\n    \""Currency\"",\n    \""Currency\"",\n    \""Currency\"",\n    \""Currency\"",\n    \""Currency\"",\n    \""Currency\"",\n    \""Currency\"",\n    \""Currency\"",\n    \""Currency\"",\n    \""Currency\"",\n    \""Currency\"",\n    \""Currency\"",\n    \""Currency\"",\n    \""Currency\"",\n    \""Currency\"",\n    \""Currency\"",\n    \""Currency\"",\n    \""Currency\"",\n    \""Currency\"",\n    \""Currency\"",\n    \""Currency\"",\n    \""Currency\"",\n    \""Currency\"",\n    \""Currency\"",\n    \""Currency\"",\n    \""Currency\"",\n    \""Currency\"",\n    \""Currency\"",\n    \""Currency\"",\n    \""Currency\"",\n    \""Currency\"",\n    \""Currency\"",\n    \""Currency\"",\n    \""Currency\"",\n    \""Currency\"",\n    \""Currency\"",\n    \""Currency\"",\n    \""Currency\"",\n    \""Currency\"",\n    \""Currency\"",\n    \""Currency\"",\n    \""Currency\"",\n    \""Currency\"",\n    \""Currency\"",\n    \""Currency\"",\n    \""Currency\"",\n    \""Currency\"",\n    \""Currency\"",\n    \""Currency\"",\n    \""Currency\"",\n    \""Currency\"",\n    \""Currency\"",\n    \""Currency\"",\n    \""Currency\"",\n    \""Currency\"",\n    \""Currency\"",\n    \""Currency\"",\n    \""Currency\"",\n    \""Currency\"",\n    \""Currency\"",\n    \""Currency\"",\n    \""Currency\"",\n    \""Currency\"",\n    \""Currency\"",\n    \""Currency\"",\n    \""Currency\"",\n    \""Currency\"",\n    \""Currency\"",\n    \""Currency\"",\n    \""Currency\"",\n    \""Currency\"",\n    \""Currency\"",\n    \""Currency\"",\n    \""Currency\"",\n    \""Currency\"",\n    \""Currency\"",\n    \""Currency\"",\n    \""Currency\"",\n    \""Currency\"",\n    \""Currency\"",\n    \""Currency\"",\n    \""Currency\"",\n    \""Currency\"",\n    \""Currency\"",\n    \""Currency\"",\n    \""Currency\"",\n    \""Currency\"",\n    \""Currency\"",\n    \""Currency\"",\n    \""Currency\"",\n    \""Currency\"",\n    \""Currency\"",\n    \""Currency\"",\n    \""Currency\"",\n    \""Currency\"",\n    \""Currency\"",\n    \""Currency\"",\n    \""Currency\"",\n    \""Currency\"",\n    \""Currency\"",\n    \""Currency\"",\n    \""Currency\"",\n    \""Currency\"",\n    \""Currency\"",\n    \""Currency\"",\n    \""Currency\"",\n    \""Currency\"",\n    \""Currency\"",\n    \""Currency\"",\n    \""Currency\"",\n    \""Currency\"",\n    \""Currency\"",\n    \""Currency\"",\n    \""Currency\"",\n    \""Currency\"",\n    \""Currency\"",\n    \""Currency\"",\n    \""Currency\"",\n    \""Currency\"",\n    \""Currency\"",\n    \""Currency\"",\n    \""Currency\"",\n    \""Currency\"",\n    \""Currency\"",\n    \""Currency\"",\n    \""Currency\"",\n    \""Currency\"",\n    \""Currency\"",\n    \""Currency\"",\n    \""Currency\"",\n    \""Currency\"",\n    \""Currency\"",\n    \""Currency\"",\n    \""Currency\"",\n    \""Currency\"",\n    \""Currency\"",\n    \""Currency\"",\n""]"
sola-yaml-rescue,"StructuredOutputAdapter(output_mode=YAML, prompt_layout=SECTIONS, parse_config=ParseConfig())",financial-ner-0022,parse_error,AdapterParseError,8.280378277006093,1,none,0,8,0.0,False,,Company[0];Company[1];Date;Location;Money[0];Person;Product;Quantity,,1520,0,3,0.0,0,"[""```yaml\nentities: [\n    \""SoftBank\"",\n    \""ARM\"",\n    \""acquisition\"",\n    \""$31 billion\"",\n    \""acquisition\"",\n    \""softbank\"",\n    \""ARM\"",\n    \""softbank\"",\n    \""acquisition\"",\n    \""31 billion\"",\n    \""acquisition\"",\n    \""softbank\"",\n    \""ARM\"",\n    \""acquisition\"",\n    \""31 billion\"",\n    \""acquisition\"",\n    \""softbank\"",\n    \""ARM\"",\n    \""acquisition\"",\n    \""31 billion\"",\n    \""acquisition\"",\n    \""softbank\"",\n    \""ARM\"",\n    \""acquisition\"",\n    \""31 billion\"",\n    \""acquisition\"",\n    \""softbank\"",\n    \""ARM\"",\n    \""acquisition\"",\n    \""31 billion\"",\n    \""acquisition\"",\n    \""softbank\"",\n    \""ARM\"",\n    \""acquisition\"",\n    \""31 billion\"",\n    \""acquisition\"",\n    \""softbank\"",\n    \""ARM\"",\n    \""acquisition\"",\n    \""31 billion\"",\n    \""acquisition\"",\n    \""softbank\"",\n    \""ARM\"",\n    \""acquisition\"",\n    \""31 billion\"",\n    \""acquisition\"",\n    \""softbank\"",\n    \""ARM\"",\n    \""acquisition\"",\n    \""31 billion\"",\n    \""acquisition\"",\n    \""softbank\"",\n    \""ARM\"",\n    \""acquisition\"",\n    \""31 billion\"",\n    \""acquisition\"",\n    \""softbank\"",\n    \""ARM\"",\n    \""acquisition\"",\n    \""31 billion\"",\n    \""acquisition\"",\n    \""softbank\"",\n    \""ARM\"",\n    \""acquisition\"",\n    \""31 billion\"",\n    \""acquisition\"",\n    \""softbank\"",\n    \""ARM\"",\n    \""acquisition\"",\n    \""31 billion\"",\n    \""acquisition\"",\n    \""softbank\"",\n    \""ARM\"",\n    \""acquisition\"",\n    \""31 billion\"",\n    \""acquisition\"",\n    \""softbank\"",\n    \""ARM\"",\n    \""acquisition\"",\n    \""31 billion\"",\n    \""acquisition\"",\n    \""softbank\"",\n    \""ARM\"",\n    \""acquisition\"",\n    \""31 billion\"",\n    \""acquisition\"",\n    \""softbank\"",\n    \""ARM\"",\n    \""acquisition\"",\n    \""31 billion\"",\n    \""acquisition\"",\n    \""softbank\"",\n    \""ARM\"",\n    \""acquisition\"",\n    \""31 billion\"",\n    \""acquisition\"",\n    \""softbank\"",\n    \""ARM\"",\n    \""acquisition\"",\n    \""31 billion\"",\n    \""acquisition\"",\n    \""softbank\"",\n    \""ARM\"",\n    \""acquisition\"",\n    \""31 billion\"",\n    \""acquisition\"",\n    \""softbank\"",\n    \""ARM\"",\n    \""acquisition\"",\n    \""31 billion\"",\n    \""acquisition\"",\n    \""softbank\"",\n    \""ARM\"",\n    \""acquisition\"",\n    \""31 billion\"",\n    \""acquisition\"",\n    \""softbank\"",\n    \""ARM\"",\n    \""acquisition\"",\n    \""31 billion\"",\n    \""acquisition\"",\n    \""softbank\"",\n    \""ARM\"",\n    \""acquisition\"",\n    \""31 billion\"",\n    \""acquisition\"",\n    \""softbank\"",\n    \""ARM\"",\n    \""acquisition\"",\n    \""31 billion\"",\n    \""acquisition\"",\n    \""softbank\"",\n    \""ARM\"",\n    \""acquisition\"",\n    \""31 billion\"",\n    \""acquisition\"",\n    \""softbank\"",\n    \""ARM\"",\n    \""acquisition\"",\n    \""31 billion\"",\n    \""acquisition\"",\n    \""softbank\"",\n    \""ARM\"",\n    \""acquisition\"",\n    \""31 billion\"",\n    \""acquisition\"",\n    \""softbank\"",\n    \""ARM\"",\n    \""acquisition\"",\n    \""31 billion\"",\n    \""acquisition\"",\n    \""softbank\"",\n    \""ARM\"",\n    \""acquisition\"",\n    \""31 billion\"",\n    \""acquisition\"",\n    \""softbank\"",\n    \""ARM\"",\n    \""acquisition\"",\n    ""]"
sola-yaml-rescue,"StructuredOutputAdapter(output_mode=YAML, prompt_layout=SECTIONS, parse_config=ParseConfig())",financial-ner-0023,validation_error,ValidationError,0.6697728839935735,1,none,0,8,0.0,False,,Company[0];Company[1];Date;Location;Money[0];Person;Product;Quantity,,685,0,3,0.0,0,"[""```yaml\nentities: [\n    \""Charles Schwab\"",\n    \""TD Ameritrade\"",\n    \""all\"",\n    \""stock\"",\n    \""deal\"",\n    \""26 billion\"",\n    \""all - stock\""\n]\n```""]"
sola-yaml-rescue,"StructuredOutputAdapter(output_mode=YAML, prompt_layout=SECTIONS, parse_config=ParseConfig())",financial-ner-0024,ok,,1.2387940299813636,1,none,5,8,0.625,False,Company[0];Company[1];Money[0],,,799,0,3,0.0,0,"[""```yaml\nentities:\n  Xerox:\n    Company: Xerox\n    Date: \""2023-03-01\""\n    Location: \""United States\""\n    Money: \""33.5 billion (25.8 billion)\""\n    Person: \""Xerox Corporation\""\n  HP:\n    Company: HP\n    Date: \""2023-03-01\""\n    Location: \""United States\""\n    Money: \""33.5 billion (25.8 billion)\""\n    Person: \""HP Inc.\""\n```""]"
sola-yaml-rescue,"StructuredOutputAdapter(output_mode=YAML, prompt_layout=SECTIONS, parse_config=ParseConfig())",financial-ner-0025,validation_error,ValidationError,0.6414020279771648,1,none,0,7,0.0,False,,Company[0];Date;Location[0];Money;Person;Product;Quantity[0],,696,0,3,0.0,0,"[""```yaml\nentities: [\n    \""China Mobile\"",\n    \""state - owned mobile communications businesses\"",\n    \""mobile communications businesses\"",\n    \""China Mobile\"",\n    \""mobile communications businesses\"",\n    \""state - owned mobile communications businesses\"",\n    \""mobile communications businesses\"",\n]\n```""]"
sola-yaml-rescue,"StructuredOutputAdapter(output_mode=YAML, prompt_layout=SECTIONS, parse_config=ParseConfig())",financial-ner-0026,parse_error,AdapterParseError,8.215148123970721,1,none,0,8,0.0,False,,Company[0];Company[1];Date;Location;Money[0];Person;Product;Quantity,,1522,0,3,0.0,0,"[""```yaml\nentities: [\n    \""GSK\"",\n    \""Unilever\"",\n    \""consumer division\"",\n    \""USD\"",\n    \""billion\"",\n    \""bid\"",\n    \""consumer\"",\n    \""division\"",\n    \""USD\"",\n    \""billion\"",\n    \""USD\"",\n    \""USD\"",\n    \""billion\"",\n    \""bid\"",\n    \""consumer\"",\n    \""division\"",\n    \""USD\"",\n    \""billion\"",\n    \""USD\"",\n    \""billion\"",\n    \""bid\"",\n    \""consumer\"",\n    \""division\"",\n    \""USD\"",\n    \""billion\"",\n    \""USD\"",\n    \""billion\"",\n    \""bid\"",\n    \""consumer\"",\n    \""division\"",\n    \""USD\"",\n    \""billion\"",\n    \""USD\"",\n    \""billion\"",\n    \""bid\"",\n    \""consumer\"",\n    \""division\"",\n    \""USD\"",\n    \""billion\"",\n    \""USD\"",\n    \""billion\"",\n    \""bid\"",\n    \""consumer\"",\n    \""division\"",\n    \""USD\"",\n    \""billion\"",\n    \""USD\"",\n    \""billion\"",\n    \""bid\"",\n    \""consumer\"",\n    \""division\"",\n    \""USD\"",\n    \""billion\"",\n    \""USD\"",\n    \""billion\"",\n    \""bid\"",\n    \""consumer\"",\n    \""division\"",\n    \""USD\"",\n    \""billion\"",\n    \""USD\"",\n    \""billion\"",\n    \""bid\"",\n    \""consumer\"",\n    \""division\"",\n    \""USD\"",\n    \""billion\"",\n    \""USD\"",\n    \""billion\"",\n    \""bid\"",\n    \""consumer\"",\n    \""division\"",\n    \""USD\"",\n    \""billion\"",\n    \""USD\"",\n    \""billion\"",\n    \""bid\"",\n    \""consumer\"",\n    \""division\"",\n    \""USD\"",\n    \""billion\"",\n    \""USD\"",\n    \""billion\"",\n    \""bid\"",\n    \""consumer\"",\n    \""division\"",\n    \""USD\"",\n    \""billion\"",\n    \""USD\"",\n    \""billion\"",\n    \""bid\"",\n    \""consumer\"",\n    \""division\"",\n    \""USD\"",\n    \""billion\"",\n    \""USD\"",\n    \""billion\"",\n    \""bid\"",\n    \""consumer\"",\n    \""division\"",\n    \""USD\"",\n    \""billion\"",\n    \""USD\"",\n    \""billion\"",\n    \""bid\"",\n    \""consumer\"",\n    \""division\"",\n    \""USD\"",\n    \""billion\"",\n    \""USD\"",\n    \""billion\"",\n    \""bid\"",\n    \""consumer\"",\n    \""division\"",\n    \""USD\"",\n    \""billion\"",\n    \""USD\"",\n    \""billion\"",\n    \""bid\"",\n    \""consumer\"",\n    \""division\"",\n    \""USD\"",\n    \""billion\"",\n    \""USD\"",\n    \""billion\"",\n    \""bid\"",\n    \""consumer\"",\n    \""division\"",\n    \""USD\"",\n    \""billion\"",\n    \""USD\"",\n    \""billion\"",\n    \""bid\"",\n    \""consumer\"",\n    \""division\"",\n    \""USD\"",\n    \""billion\"",\n    \""USD\"",\n    \""billion\"",\n    \""bid\"",\n    \""consumer\"",\n    \""division\"",\n    \""USD\"",\n    \""billion\"",\n    \""USD\"",\n    \""billion\"",\n    \""bid\"",\n    \""consumer\"",\n    \""division\"",\n    \""USD\"",\n    \""billion\"",\n    \""USD\"",\n    \""billion\"",\n    \""bid\"",\n    \""consumer\"",\n    \""division\"",\n    \""USD\"",\n    \""billion\"",\n    \""USD\"",\n    \""billion\"",\n    \""bid\"",\n    \""consumer\"",\n    \""division\"",\n    \""USD\"",\n    \""billion\"",\n    \""USD\"",\n    \""billion\"",\n    \""bid\"",\n    \""consumer\"",\n    \""division\"",\n    \""USD\"",\n    \""billion\"",\n    \""USD\"",\n    \""billion\"",\n    \""bid\"",\n    \""consumer\"",\n    \""division\"",\n    \""USD\"",""]"
sola-yaml-rescue,"StructuredOutputAdapter(output_mode=YAML, prompt_layout=SECTIONS, parse_config=ParseConfig())",financial-ner-0027,parse_error,AdapterParseError,8.281774671981111,1,none,0,8,0.0,False,,Company[0];Company[1];Date;Location;Money;Person;Product;Quantity,,1518,0,2,0.0,0,"[""```yaml\nentities: [\n    \""Boston Scientific\"",\n    \""Guidant\"",\n    \""Boston Scientific\"",\n    \""Boston Scientific\"",\n    \""Boston Scientific\"",\n    \""Boston Scientific\"",\n    \""Boston Scientific\"",\n    \""Boston Scientific\"",\n    \""Boston Scientific\"",\n    \""Boston Scientific\"",\n    \""Boston Scientific\"",\n    \""Boston Scientific\"",\n    \""Boston Scientific\"",\n    \""Boston Scientific\"",\n    \""Boston Scientific\"",\n    \""Boston Scientific\"",\n    \""Boston Scientific\"",\n    \""Boston Scientific\"",\n    \""Boston Scientific\"",\n    \""Boston Scientific\"",\n    \""Boston Scientific\"",\n    \""Boston Scientific\"",\n    \""Boston Scientific\"",\n    \""Boston Scientific\"",\n    \""Boston Scientific\"",\n    \""Boston Scientific\"",\n    \""Boston Scientific\"",\n    \""Boston Scientific\"",\n    \""Boston Scientific\"",\n    \""Boston Scientific\"",\n    \""Boston Scientific\"",\n    \""Boston Scientific\"",\n    \""Boston Scientific\"",\n    \""Boston Scientific\"",\n    \""Boston Scientific\"",\n    \""Boston Scientific\"",\n    \""Boston Scientific\"",\n    \""Boston Scientific\"",\n    \""Boston Scientific\"",\n    \""Boston Scientific\"",\n    \""Boston Scientific\"",\n    \""Boston Scientific\"",\n    \""Boston Scientific\"",\n    \""Boston Scientific\"",\n    \""Boston Scientific\"",\n    \""Boston Scientific\"",\n    \""Boston Scientific\"",\n    \""Boston Scientific\"",\n    \""Boston Scientific\"",\n    \""Boston Scientific\"",\n    \""Boston Scientific\"",\n    \""Boston Scientific\"",\n    \""Boston Scientific\"",\n    \""Boston Scientific\"",\n    \""Boston Scientific\"",\n    \""Boston Scientific\"",\n    \""Boston Scientific\"",\n    \""Boston Scientific\"",\n    \""Boston Scientific\"",\n    \""Boston Scientific\"",\n    \""Boston Scientific\"",\n    \""Boston Scientific\"",\n    \""Boston Scientific\"",\n    \""Boston Scientific\"",\n    \""Boston Scientific\"",\n    \""Boston Scientific\"",\n    \""Boston Scientific\"",\n    \""Boston Scientific\"",\n    \""Boston Scientific\"",\n    \""Boston Scientific\"",\n    \""Boston Scientific\"",\n    \""Boston Scientific\"",\n    \""Boston Scientific\"",\n    \""Boston Scientific\"",\n    \""Boston Scientific\"",\n    \""Boston Scientific\"",\n    \""Boston Scientific\"",\n    \""Boston Scientific\"",\n    \""Boston Scientific\"",\n    \""Boston Scientific\"",\n    \""Boston Scientific\"",\n    \""Boston Scientific\"",\n    \""Boston Scientific\"",\n    \""Boston Scientific\"",\n    \""Boston Scientific\"",\n    \""Boston Scientific\"",\n    \""Boston Scientific\"",\n    \""Boston Scientific\"",\n    \""Boston Scientific\"",\n    \""Boston Scientific\"",\n    \""Boston Scientific\"",\n    \""Boston Scientific\"",\n    \""Boston Scientific\"",\n    \""Boston Scientific\"",\n    \""Boston Scientific\"",\n    \""Boston Scientific\"",\n    \""Boston Scientific\"",\n    \""Boston Scientific\"",\n    \""Boston Scientific\"",\n    \""Boston Scientific\"",\n    \""Boston Scientific\"",\n    \""Boston Scientific\"",\n    \""Boston Scientific\"",\n    \""Boston Scientific\"",\n    \""Boston Scientific\"",\n    \""Boston Scientific\"",\n    \""Boston Scientific\"",\n    \""Boston Scientific\"",\n    \""Boston Scientific\"",\n    \""Boston Scientific\"",\n    \""Boston Scientific\"",\n    \""Boston Scientific\"",\n    \""Boston Scientific\"",\n    \""Boston Scientific\"",\n    \""Boston Scientific\"",\n    \""Boston Scientific\"",\n    \""Boston Scientific\"",\n    \""Boston Scientific\"",\n    \""Boston Scientific\"",\n    \""Boston Scientific\"",\n    \""Boston Scientific\"",\n    \""Boston Scientific\"",\n    \""Boston Scientific\"",\n    \""Boston Scientific\"",\n    \""Boston Scientific\"",\n    \""Boston Scientific\"",\n    \""Boston Scientific\"",\n    \""Boston Scientific\"",\n    \""Boston Scientific\"",\n    \""Boston Scientific\"",\n    \""Boston Scientific\"",\n    \""Boston Scientific\"",\n    \""Boston Scientific\"",\n    \""Boston Scientific\"",\n    \""Boston Scientific\"",\n    \""Boston Scientific\"",\n    \""Boston Scientific\"",\n    \""Boston Scientific\"",\n    \""Boston Scientific\"",\n    \""Boston Scientific\"",\n    \""Boston Scientific\"",\n    \""Boston Scientific\"",\n    \""Boston Scientific\"",\n    \""Boston Scientific\"",\n    \""Boston Scientific\"",\n    \""Boston Scientific\"",\n    \""Boston Scientific\"",\n    \""Boston Scientific\"",\n    \""Boston Scientific""]"
sola-yaml-rescue,"StructuredOutputAdapter(output_mode=YAML, prompt_layout=SECTIONS, parse_config=ParseConfig())",financial-ner-0028,validation_error,ValidationError,0.47422590805217624,1,none,0,9,0.0,False,,Company[0];Company[1];Company[2];Date;Location;Money;Person;Product;Quantity,,660,0,3,0.0,0,"[""```yaml\nentities: [\n    \""Global Crossing\"",\n    \""US West\"",\n    \""Qwest\"",\n    \""US\""\n]\n```""]"
sola-yaml-rescue,"StructuredOutputAdapter(output_mode=YAML, prompt_layout=SECTIONS, parse_config=ParseConfig())",financial-ner-0029,parse_error,AdapterParseError,8.16085586103145,1,none,0,9,0.0,False,,Company[0];Company[1];Date;Location[0];Location[1];Money[0];Person;Product[0];Quantity,,1541,0,6,0.0,0,"[""```yaml\nentities: [\n    \""Oilfield services provider\"",\n    \""Baker Hughes\"",\n    \""Halliburton\"",\n    \""U.S.\"",\n    \""European antitrust regulators\"",\n    \""U.S.\"",\n    \""European antitrust regulators\"",\n    \""merger deal\"",\n    \""deal\"",\n    \""U.S.\"",\n    \""U.S.\"",\n    \""U.S.\"",\n    \""U.S.\"",\n    \""U.S.\"",\n    \""U.S.\"",\n    \""U.S.\"",\n    \""U.S.\"",\n    \""U.S.\"",\n    \""U.S.\"",\n    \""U.S.\"",\n    \""U.S.\"",\n    \""U.S.\"",\n    \""U.S.\"",\n    \""U.S.\"",\n    \""U.S.\"",\n    \""U.S.\"",\n    \""U.S.\"",\n    \""U.S.\"",\n    \""U.S.\"",\n    \""U.S.\"",\n    \""U.S.\"",\n    \""U.S.\"",\n    \""U.S.\"",\n    \""U.S.\"",\n    \""U.S.\"",\n    \""U.S.\"",\n    \""U.S.\"",\n    \""U.S.\"",\n    \""U.S.\"",\n    \""U.S.\"",\n    \""U.S.\"",\n    \""U.S.\"",\n    \""U.S.\"",\n    \""U.S.\"",\n    \""U.S.\"",\n    \""U.S.\"",\n    \""U.S.\"",\n    \""U.S.\"",\n    \""U.S.\"",\n    \""U.S.\"",\n    \""U.S.\"",\n    \""U.S.\"",\n    \""U.S.\"",\n    \""U.S.\"",\n    \""U.S.\"",\n    \""U.S.\"",\n    \""U.S.\"",\n    \""U.S.\"",\n    \""U.S.\"",\n    \""U.S.\"",\n    \""U.S.\"",\n    \""U.S.\"",\n    \""U.S.\"",\n    \""U.S.\"",\n    \""U.S.\"",\n    \""U.S.\"",\n    \""U.S.\"",\n    \""U.S.\"",\n    \""U.S.\"",\n    \""U.S.\"",\n    \""U.S.\"",\n    \""U.S.\"",\n    \""U.S.\"",\n    \""U.S.\"",\n    \""U.S.\"",\n    \""U.S.\"",\n    \""U.S.\"",\n    \""U.S.\"",\n    \""U.S.\"",\n    \""U.S.\"",\n    \""U.S.\"",\n    \""U.S.\"",\n    \""U.S.\"",\n    \""U.S.\"",\n    \""U.S.\"",\n    \""U.S.\"",\n    \""U.S.\"",\n    \""U.S.\"",\n    \""U.S.\"",\n    \""U.S.\"",\n    \""U.S.\"",\n    \""U.S.\"",\n    \""U.S.\"",\n    \""U.S.\"",\n    \""U.S.\"",\n    \""U.S.\"",\n    \""U.S.\"",\n    \""U.S.\"",\n    \""U.S.\"",\n    \""U.S.\"",\n    \""U.S.\"",\n    \""U.S.\"",\n    \""U.S.\"",\n    \""U.S.\"",\n    \""U.S.\"",\n    \""U.S.\"",\n    \""U.S.\"",\n    \""U.S.\"",\n    \""U.S.\"",\n    \""U.S.\"",\n    \""U.S.\"",\n    \""U.S.\"",\n    \""U.S.\"",\n    \""U.S.\"",\n    \""U.S.\"",\n    \""U.S.\"",\n    \""U.S.\"",\n    \""U.S.\"",\n    \""U.S.\"",\n    \""U.S.\"",\n    \""U.S.\"",\n    \""U.S.\"",\n    \""U.S.\"",\n    \""U.S.\"",\n    \""U.S.\"",\n    \""U.S.\"",\n    \""U.S.\"",\n    \""U.S.\"",\n""]"
