adapter,adapter_config,case_id,outcome,error_class,wall_s,lm_calls,response_format_sent,matched,total,ratio,exact,wrong,missing,spurious,total_tokens,recall_matched,recall_total,recall,invented,replies
json,JSONAdapter(),financial-ner-0000,validation_error,ValidationError,7.9770325280260295,1,json_object,0,8,0.0,False,,Company[0];Company[1];Date;Location;Money;Person;Product;Quantity,,955,0,2,0.0,0,"[""{\n  \""entities\"": [\n    {\n      \""type\"": \""organization\"",\n      \""title\"": \""Albertsons\"",\n      \""description\"": \""A supermarket chain in the United States\"",\n      \""entities\"": [\n        \""Albertsons\"",\n        \""Rite Aid\""\n      ]\n    },\n    {\n      \""type\"": \""organization\"",\n      \""title\"": \""Rite Aid\"",\n      \""description\"": \""A supermarket chain in the United States\"",\n      \""entities\"": [\n        \""Albertsons\"",\n        \""Rite Aid\""\n      ]\n    }\n  ]\n}""]"
json,JSONAdapter(),financial-ner-0001,validation_error,ValidationError,0.3499637749628164,1,json_object,0,8,0.0,False,,Company[0];Company[1];Date;Location[0];Money;Person;Product;Quantity,,871,0,3,0.0,0,"[""{\n  \""entities\"": [\n    \""Essilor\"",\n    \""Luxottica\"",\n    \""EU\"",\n    \""merger\"",\n    \""no conditions\""\n  ]\n}""]"
json,JSONAdapter(),financial-ner-0002,validation_error,ValidationError,0.6890944509650581,1,json_object,0,9,0.0,False,,Company[0];Company[1];Company[2];Date[0];Location[0];Money[0];Person[0];Product;Quantity,,952,0,7,0.0,0,"[""{\n\n  \""entities\"": [\n    {\""type\"": \""Company\"", \""value\"": \""Broadcom\""},\n    {\""type\"": \""Company\"", \""value\"": \""Qualcomms\""},\n    {\""type\"": \""Person\"", \""value\"": \""Donald Trump\""},\n    {\""type\"": \""Location\"", \""value\"": \""United States\""},\n    {\""type\"": \""Date\"", \""value\"": \""February 21\""}\n  ]\n}""]"
json,JSONAdapter(),financial-ner-0003,validation_error,ValidationError,0.27904925897018984,1,json_object,0,8,0.0,False,,Company[0];Company[1];Date;Location;Money[0];Person;Product;Quantity,,863,0,3,0.0,0,"[""{\n  \""entities\"": [\n    \""Bank of America\"",\n    \""Merrill Lynch\"",\n    \""50 Billion\""\n  ]\n}""]"
json,JSONAdapter(),financial-ner-0004,validation_error,ValidationError,0.33792671002447605,1,json_object,0,10,0.0,False,,Company[0];Company[1];Company[2];Company[3];Date;Location;Money[0];Person;Product;Quantity,,870,0,5,0.0,0,"[""{\n  \""entities\"": [\n    \""Broadcom\"",\n    \""Qualcomm\"",\n    \""NXP\"",\n    \""117 billion\""\n  ]\n}""]"
json,JSONAdapter(),financial-ner-0005,validation_error,ValidationError,6.616368336020969,1,json_object,0,7,0.0,False,,Company[0];Date;Location[0];Money[0];Person;Product;Quantity,,1738,0,3,0.0,0,"[""{\n\n  \""entities\"": [\n    \""McDonald's Corporation\"",\n    \""McDonald's\"",\n    \""United Kingdom\"",\n    \""McDonald's\"",\n    \""McDonald's Corporation\"",\n    \""McDonald's\"",\n    \""McDonald's Corporation\"",\n    \""McDonald's\"",\n    \""McDonald's Corporation\"",\n    \""McDonald's\"",\n    \""McDonald's Corporation\"",\n    \""McDonald's\"",\n    \""McDonald's Corporation\"",\n    \""McDonald's\"",\n    \""McDonald's Corporation\"",\n    \""McDonald's\"",\n    \""McDonald's Corporation\"",\n    \""McDonald's\"",\n    \""McDonald's Corporation\"",\n    \""McDonald's\"",\n    \""McDonald's Corporation\"",\n    \""McDonald's\"",\n    \""McDonald's Corporation\"",\n    \""McDonald's\"",\n    \""McDonald's Corporation\"",\n    \""McDonald's\"",\n    \""McDonald's Corporation\"",\n    \""McDonald's\"",\n    \""McDonald's Corporation\"",\n    \""McDonald's\"",\n    \""McDonald's Corporation\"",\n    \""McDonald's\"",\n    \""McDonald's Corporation\"",\n    \""McDonald's\"",\n    \""McDonald's Corporation\"",\n    \""McDonald's\"",\n    \""McDonald's Corporation\"",\n    \""McDonald's\"",\n    \""McDonald's Corporation\"",\n    \""McDonald's\"",\n    \""McDonald's Corporation\"",\n    \""McDonald's\"",\n    \""McDonald's Corporation\"",\n    \""McDonald's\"",\n    \""McDonald's Corporation\"",\n    \""McDonald's\"",\n    \""McDonald's Corporation\"",\n    \""McDonald's\"",\n    \""McDonald's Corporation\"",\n    \""McDonald's\"",\n    \""McDonald's Corporation\"",\n    \""McDonald's\"",\n    \""McDonald's Corporation\"",\n    \""McDonald's\"",\n    \""McDonald's Corporation\"",\n    \""McDonald's\"",\n    \""McDonald's Corporation\"",\n    \""McDonald's\"",\n    \""McDonald's Corporation\"",\n    \""McDonald's\"",\n    \""McDonald's Corporation\"",\n    \""McDonald's\"",\n    \""McDonald's Corporation\"",\n    \""McDonald's\"",\n    \""McDonald's Corporation\"",\n    \""McDonald's\"",\n    \""McDonald's Corporation\"",\n    \""McDonald's\"",\n    \""McDonald's Corporation\"",\n    \""McDonald's\"",\n    \""McDonald's Corporation\"",\n    \""McDonald's\"",\n    \""McDonald's Corporation\"",\n    \""McDonald's\"",\n    \""McDonald's Corporation\"",\n    \""McDonald's\"",\n    \""McDonald's Corporation\"",\n    \""McDonald's\"",\n    \""McDonald's Corporation\"",\n    \""McDonald's\"",\n    \""McDonald's Corporation\"",\n    \""McDonald's\"",\n    \""McDonald's Corporation\"",\n    \""McDonald's\"",\n    \""McDonald's Corporation\"",\n    \""McDonald's\"",\n    \""McDonald's Corporation\"",\n    \""McDonald's\"",\n    \""McDonald's Corporation\"",\n    \""McDonald's\"",\n    \""McDonald's Corporation\"",\n    \""McDonald's\"",\n    \""McDonald's Corporation\"",\n    \""McDonald's\"",\n    \""McDonald's Corporation\"",\n    \""McDonald's\"",\n    \""McDonald's Corporation\"",\n    \""McDonald's\"",\n    \""McDonald's Corporation\"",\n    \""McDonald's\"",\n    \""McDonald's Corporation\"",\n    \""McDonald's\"",\n    \""McDonald's Corporation\"",\n    \""McDonald's\"",\n    \""McDonald's Corporation\"",\n    \""McDonald's\"",\n    \""McDonald's Corporation\"",\n    \""McDonald's\"",\n    \""McDonald's Corporation\"",\n    \""McDonald's\"",\n    \""McDonald's Corporation\"",\n    \""McDonald's\"",\n    \""McDonald's Corporation\"",\n    \""McDonald's\"",\n    \""McDonald's Corporation\"",\n    \""McDonald's\"",\n    \""McDonald's Corporation\"",\n    \""McDonald's\"",\n    \""McDonald's Corporation\"",\n    \""McDonald's\"",\n    \""McDonald's Corporation\"",\n    \""McDonald's\"",\n    \""McDonald's Corporation\"",\n    \""McDonald's\"",\n    \""McDonald's Corporation\"",\n    \""McDonald's\"",\n    \""McDonald's Corporation\"",\n    \""McDonald's\"",\n    \""McDonald's Corporation\"",\n    \""McDonald's\"",\n    \""McDonald's Corporation\"",\n    \""McDonald's\"",\n    \""McDonald's Corporation\"",\n    \""McDonald's\"",\n    \""McDonald's Corporation\"",\n    \""McDonald's\"",\n    \""McDonald's Corporation\"",\n    \""McDonald's""]"
json,JSONAdapter(),financial-ner-0006,validation_error,ValidationError,1.4293991210288368,1,json_object,0,13,0.0,False,,Company[0];Company[1];Company[2];Date;Location;Money[0];Money[1];Money[2];Money[3];Money[4];Person;Product;Quantity,,1080,0,8,0.0,0,"[""{\n  \""entities\"": [\n    {\n      \""type\"": \""organization\"",\n      \""title\"": \""Guidant\"",\n      \""value\"": \""$72 per share\"",\n      \""description\"": \""Offer of $72 per share of Guidant\""\n    },\n    {\n      \""type\"": \""organization\"",\n      \""title\"": \""Boston Scientific\"",\n      \""value\"": \""$36 in cash\"",\n      \""description\"": \""Fixed number of Boston Scientific shares valued at $36 a share\""\n    },\n    {\n      \""type\"": \""organization\"",\n      \""title\"": \""Johnson & Johnson\"",\n      \""value\"": \""$21.5 billion\"",\n      \""description\"": \""Lower price of $21.5 billion\""\n    },\n    {\n      \""type\"": \""organization\"",\n      \""title\"": \""Guidant\"",\n      \""value\"": \""$24.6 billion\"",\n      \""description\"": \""Unsolicited offer of $24.6 billion\""\n    }\n  ]\n}""]"
json,JSONAdapter(),financial-ner-0007,validation_error,ValidationError,6.507060922042001,1,json_object,0,8,0.0,False,,Company[0];Company[1];Date;Location;Money[0];Person;Product;Quantity,,1737,0,3,0.0,0,"[""{\n  \""entities\"": [\n    \""Time Warner\"",\n    \""21st Century Fox\"",\n    \""Fox Corporation\"",\n    \""21st Century Fox\"",\n    \""WarnerMedia\"",\n    \""Warner Bros. Entertainment\"",\n    \""Warner Bros. Pictures\"",\n    \""Warner Music Group\"",\n    \""Warner Theatrical Distribution\"",\n    \""Warner Home Video\"",\n    \""Warner Digital Cinema\"",\n    \""Warner Digital Distribution\"",\n    \""Warner Digital Marketing\"",\n    \""Warner Digital Sales\"",\n    \""Warner Digital Services\"",\n    \""Warner Digital Technology\"",\n    \""Warner Digital Services\"",\n    \""Warner Digital Services\"",\n    \""Warner Digital Services\"",\n    \""Warner Digital Services\"",\n    \""Warner Digital Services\"",\n    \""Warner Digital Services\"",\n    \""Warner Digital Services\"",\n    \""Warner Digital Services\"",\n    \""Warner Digital Services\"",\n    \""Warner Digital Services\"",\n    \""Warner Digital Services\"",\n    \""Warner Digital Services\"",\n    \""Warner Digital Services\"",\n    \""Warner Digital Services\"",\n    \""Warner Digital Services\"",\n    \""Warner Digital Services\"",\n    \""Warner Digital Services\"",\n    \""Warner Digital Services\"",\n    \""Warner Digital Services\"",\n    \""Warner Digital Services\"",\n    \""Warner Digital Services\"",\n    \""Warner Digital Services\"",\n    \""Warner Digital Services\"",\n    \""Warner Digital Services\"",\n    \""Warner Digital Services\"",\n    \""Warner Digital Services\"",\n    \""Warner Digital Services\"",\n    \""Warner Digital Services\"",\n    \""Warner Digital Services\"",\n    \""Warner Digital Services\"",\n    \""Warner Digital Services\"",\n    \""Warner Digital Services\"",\n    \""Warner Digital Services\"",\n    \""Warner Digital Services\"",\n    \""Warner Digital Services\"",\n    \""Warner Digital Services\"",\n    \""Warner Digital Services\"",\n    \""Warner Digital Services\"",\n    \""Warner Digital Services\"",\n    \""Warner Digital Services\"",\n    \""Warner Digital Services\"",\n    \""Warner Digital Services\"",\n    \""Warner Digital Services\"",\n    \""Warner Digital Services\"",\n    \""Warner Digital Services\"",\n    \""Warner Digital Services\"",\n    \""Warner Digital Services\"",\n    \""Warner Digital Services\"",\n    \""Warner Digital Services\"",\n    \""Warner Digital Services\"",\n    \""Warner Digital Services\"",\n    \""Warner Digital Services\"",\n    \""Warner Digital Services\"",\n    \""Warner Digital Services\"",\n    \""Warner Digital Services\"",\n    \""Warner Digital Services\"",\n    \""Warner Digital Services\"",\n    \""Warner Digital Services\"",\n    \""Warner Digital Services\"",\n    \""Warner Digital Services\"",\n    \""Warner Digital Services\"",\n    \""Warner Digital Services\"",\n    \""Warner Digital Services\"",\n    \""Warner Digital Services\"",\n    \""Warner Digital Services\"",\n    \""Warner Digital Services\"",\n    \""Warner Digital Services\"",\n    \""Warner Digital Services\"",\n    \""Warner Digital Services\"",\n    \""Warner Digital Services\"",\n    \""Warner Digital Services\"",\n    \""Warner Digital Services\"",\n    \""Warner Digital Services\"",\n    \""Warner Digital Services\"",\n    \""Warner Digital Services\"",\n    \""Warner Digital Services\"",\n    \""Warner Digital Services\"",\n    \""Warner Digital Services\"",\n    \""Warner Digital Services\"",\n    \""Warner Digital Services\"",\n    \""Warner Digital Services\"",\n    \""Warner Digital Services\"",\n    \""Warner Digital Services\"",\n    \""Warner Digital Services\"",\n    \""Warner Digital Services\"",\n    \""Warner Digital Services\"",\n    \""Warner Digital Services\"",\n    \""Warner Digital Services\"",\n    \""Warner Digital Services\"",\n    \""Warner Digital Services\"",\n    \""Warner Digital Services\"",\n    \""Warner Digital Services\"",\n    \""Warner Digital Services\"",\n    \""Warner Digital Services\"",\n    \""Warner Digital Services\"",\n    \""Warner Digital Services\"",\n    \""Warner Digital Services\"",\n    \""Warner Digital Services\"",\n    \""Warner Digital Services\"",\n    \""Warner Digital Services\"",\n    \""Warner Digital Services\"",\n    \""Warner Digital Services\"",\n    \""Warner Digital Services\"",\n    \""Warner Digital Services\"",\n    \""Warner Digital Services\"",\n    \""Warner Digital Services\"",\n    \""Warner Digital Services\"",\n    \""Warner Digital Services\"",\n    \""Warner Digital Services\"",\n    \""Warner Digital Services\"",\n    \""Warner Digital Services\"",\n    \""Warner Digital Services""]"
json,JSONAdapter(),financial-ner-0008,validation_error,ValidationError,0.30897768400609493,1,json_object,0,7,0.0,False,,Company;Date;Location[0];Money;Person;Product;Quantity,,866,0,1,0.0,0,"[""{\n\n  \""entities\"": [\n    \""Japan\"",\n    \""Banks\"",\n    \""Merge\"",\n    \""Wider effects\""\n  ]\n}""]"
json,JSONAdapter(),financial-ner-0009,validation_error,ValidationError,0.43132813402917236,1,json_object,0,7,0.0,False,,Company[0];Date[0];Location;Money;Person;Product;Quantity[0],,927,0,3,0.0,0,"[""{\n\n  \""entities\"": [\n    \""Columbia Group\"",\n    \""Merger of Four Subsidiaries\"",\n    \""Acquisition of Another\"",\n    \""SEC Hearing\"",\n    \""Consolidation\"",\n    \""New Corporation\"",\n    \""Utilities\""\n  ]\n}""]"
json,JSONAdapter(),financial-ner-0010,validation_error,ValidationError,0.36879143898840994,1,json_object,0,9,0.0,False,,Company[0];Company[1];Company[2];Date;Location;Money;Person;Product;Quantity,,885,0,3,0.0,0,"[""{\n  \""entities\"": [\n    \""BB&T\"",\n    \""SunTrust\"",\n    \""U.S. Bank\"",\n    \""deal\"",\n    \""biggest\"",\n    \""U.S.\"",\n    \""Bank\""\n  ]\n}""]"
json,JSONAdapter(),financial-ner-0011,validation_error,ValidationError,0.47272701701149344,1,json_object,0,8,0.0,False,,Company[0];Company[1];Date;Location;Money;Person;Product;Quantity,,898,0,2,0.0,0,"[""{\n  \""entities\"": [\n    {\""type\"": \""company\"", \""value\"": \""Statoil\""},\n    {\""type\"": \""company\"", \""value\"": \""Norsk Hydro\""},\n    {\""type\"": \""organization\"", \""value\"": \""Norsk Hydro's oil , gas business\""}\n  ]\n}""]"
json,JSONAdapter(),financial-ner-0012,validation_error,ValidationError,0.7964830140117556,1,json_object,0,9,0.0,False,,Company[0];Company[1];Date;Location;Money[0];Money[1];Person;Product;Quantity,,966,0,4,0.0,0,"[""{\n  \""entities\"": [\n    {\n      \""type\"": \""company\"",\n      \""value\"": \""Pfizer\""\n    },\n    {\n      \""type\"": \""organization\"",\n      \""value\"": \""American Home Products\""\n    },\n    {\n      \""type\"": \""date\"",\n      \""value\"": \""2020\""\n    },\n    {\n      \""type\"": \""amount\"",\n      \""value\"": \""$65 billion\""\n    },\n    {\n      \""type\"": \""amount\"",\n      \""value\"": \""$90 billion\""\n    }\n  ]\n}""]"
json,JSONAdapter(),financial-ner-0013,validation_error,ValidationError,0.416903336008545,1,json_object,0,8,0.0,False,,Company[0];Company[1];Date[0];Location;Money;Person;Product;Quantity,,891,0,3,0.0,0,"[""{\n  \""entities\"": [\n    {\""type\"": \""organization\"", \""value\"": \""United Technologies\""},\n    {\""type\"": \""organization\"", \""value\"": \""Raytheon\""},\n    {\""type\"": \""organization\"", \""value\"": \""Regulatory body\""}\n  ]\n}""]"
json,JSONAdapter(),financial-ner-0014,validation_error,ValidationError,0.32681275496724993,1,json_object,0,8,0.0,False,,Company[0];Company[1];Date;Location;Money[0];Person[0];Product;Quantity,,883,0,4,0.0,0,"[""{\n\n  \""entities\"": [\n    \""BMS\"",\n    \""Giovanni Caforio\"",\n    \""Celgene\"",\n    \""74 billion\"",\n    \""acquisition\""\n  ]\n}""]"
json,JSONAdapter(),financial-ner-0015,validation_error,ValidationError,6.524951516010333,1,json_object,0,8,0.0,False,,Company[0];Company[1];Date;Location;Money[0];Person;Product;Quantity,,1735,0,3,0.0,0,"[""{\n  \""entities\"": [\n    \""Caremark\"",\n    \""CVS\"",\n    \""UnitedHealth Group\"",\n    \""Aetna\"",\n    \""UnitedHealthcare\"",\n    \""CVS Pharmacy\"",\n    \""CVS Health\"",\n    \""Aetna Corporation\"",\n    \""UnitedHealth Group Incorporated\"",\n    \""CVS Caremark Corporation\"",\n    \""CVS Health Corporation\"",\n    \""CVS Pharmacy Incorporated\"",\n    \""CVS Holdings\"",\n    \""CVS Inc.\"",\n    \""CVS\"",\n    \""CVS Pharmacy\"",\n    \""CVS Health\"",\n    \""CVS Corporation\"",\n    \""CVS Holdings\"",\n    \""CVS Inc.\"",\n    \""CVS Pharmacy\"",\n    \""CVS Health\"",\n    \""CVS Corporation\"",\n    \""CVS Holdings\"",\n    \""CVS Inc.\"",\n    \""CVS Pharmacy\"",\n    \""CVS Health\"",\n    \""CVS Corporation\"",\n    \""CVS Holdings\"",\n    \""CVS Inc.\"",\n    \""CVS Pharmacy\"",\n    \""CVS Health\"",\n    \""CVS Corporation\"",\n    \""CVS Holdings\"",\n    \""CVS Inc.\"",\n    \""CVS Pharmacy\"",\n    \""CVS Health\"",\n    \""CVS Corporation\"",\n    \""CVS Holdings\"",\n    \""CVS Inc.\"",\n    \""CVS Pharmacy\"",\n    \""CVS Health\"",\n    \""CVS Corporation\"",\n    \""CVS Holdings\"",\n    \""CVS Inc.\"",\n    \""CVS Pharmacy\"",\n    \""CVS Health\"",\n    \""CVS Corporation\"",\n    \""CVS Holdings\"",\n    \""CVS Inc.\"",\n    \""CVS Pharmacy\"",\n    \""CVS Health\"",\n    \""CVS Corporation\"",\n    \""CVS Holdings\"",\n    \""CVS Inc.\"",\n    \""CVS Pharmacy\"",\n    \""CVS Health\"",\n    \""CVS Corporation\"",\n    \""CVS Holdings\"",\n    \""CVS Inc.\"",\n    \""CVS Pharmacy\"",\n    \""CVS Health\"",\n    \""CVS Corporation\"",\n    \""CVS Holdings\"",\n    \""CVS Inc.\"",\n    \""CVS Pharmacy\"",\n    \""CVS Health\"",\n    \""CVS Corporation\"",\n    \""CVS Holdings\"",\n    \""CVS Inc.\"",\n    \""CVS Pharmacy\"",\n    \""CVS Health\"",\n    \""CVS Corporation\"",\n    \""CVS Holdings\"",\n    \""CVS Inc.\"",\n    \""CVS Pharmacy\"",\n    \""CVS Health\"",\n    \""CVS Corporation\"",\n    \""CVS Holdings\"",\n    \""CVS Inc.\"",\n    \""CVS Pharmacy\"",\n    \""CVS Health\"",\n    \""CVS Corporation\"",\n    \""CVS Holdings\"",\n    \""CVS Inc.\"",\n    \""CVS Pharmacy\"",\n    \""CVS Health\"",\n    \""CVS Corporation\"",\n    \""CVS Holdings\"",\n    \""CVS Inc.\"",\n    \""CVS Pharmacy\"",\n    \""CVS Health\"",\n    \""CVS Corporation\"",\n    \""CVS Holdings\"",\n    \""CVS Inc.\"",\n    \""CVS Pharmacy\"",\n    \""CVS Health\"",\n    \""CVS Corporation\"",\n    \""CVS Holdings\"",\n    \""CVS Inc.\"",\n    \""CVS Pharmacy\"",\n    \""CVS Health\"",\n    \""CVS Corporation\"",\n    \""CVS Holdings\"",\n    \""CVS Inc.\"",\n    \""CVS Pharmacy\"",\n    \""CVS Health\"",\n    \""CVS Corporation\"",\n    \""CVS Holdings\"",\n    \""CVS Inc.\"",\n    \""CVS Pharmacy\"",\n    \""CVS Health\"",\n    \""CVS Corporation\"",\n    \""CVS Holdings\"",\n    \""CVS Inc.\"",\n    \""CVS Pharmacy\"",\n    \""CVS Health\"",\n    \""CVS Corporation\"",\n    \""CVS Holdings\"",\n    \""CVS Inc.\"",\n    \""CVS Pharmacy\"",\n    \""CVS Health\"",\n    \""CVS Corporation\"",\n    \""CVS Holdings\"",\n    \""CVS Inc.\"",\n    \""CVS Pharmacy\"",\n    \""CVS Health\"",\n    \""CVS Corporation\"",\n    \""CVS Holdings\"",\n    \""CVS Inc.\"",\n    \""CVS Pharmacy\"",\n    \""CVS Health\"",\n    \""CVS Corporation\"",\n    \""CVS Holdings\"",\n    \""CVS Inc.\"",\n    \""CVS Pharmacy\"",\n    \""CVS Health\"",\n    \""CVS Corporation\"",\n    \""CVS Holdings\"",\n    \""CVS Inc.\"",\n    \""CVS Pharmacy\"",\n    \""CVS Health\"",\n    \""CVS Corporation\"",\n    \""CVS Holdings\"",\n    \""CVS Inc.\"",\n    \""CVS Pharmacy\"",\n    \""CVS Health\"",\n    \""CVS Corporation\"",\n    \""CV""]"
json,JSONAdapter(),financial-ner-0016,validation_error,ValidationError,0.5000315689831041,1,json_object,0,10,0.0,False,,Company[0];Company[1];Company[2];Company[3];Date;Location[0];Money;Person;Product;Quantity,,936,0,5,0.0,0,"[""{\n  \""entities\"": [\n    {\""type\"": \""Company\"", \""value\"": \""Allergan\""},\n    {\""type\"": \""Company\"", \""value\"": \""Actavis plc\""},\n    {\""type\"": \""Company\"", \""value\"": \""Valeant\""}\n  ]\n}""]"
json,JSONAdapter(),financial-ner-0017,validation_error,ValidationError,0.38114740897435695,1,json_object,0,8,0.0,False,,Company[0];Company[1];Date;Location;Money[0];Person;Product;Quantity,,885,0,3,0.0,0,"[""{\n  \""entities\"": [\n    \""ChemChina\"",\n    \""Syngenta\"",\n    \""43 billion\"",\n    \""takeover\"",\n    \""ChemChina\"",\n    \""Syngenta\"",\n    \""2020\""\n  ]\n}""]"
json,JSONAdapter(),financial-ner-0018,validation_error,ValidationError,0.2951807880308479,1,json_object,0,8,0.0,False,,Company[0];Company[1];Date;Location;Money[0];Person;Product;Quantity,,874,0,3,0.0,0,"[""{\n  \""entities\"": [\n    \""London Stock Exchange\"",\n    \""Refinitiv\"",\n    \""buy\"",\n    \""billion\"",\n    \""Stock Exchange\""\n  ]\n}""]"
json,JSONAdapter(),financial-ner-0019,validation_error,ValidationError,0.3280704360222444,1,json_object,0,8,0.0,False,,Company[0];Company[1];Date[0];Location;Money;Person;Product;Quantity,,882,0,3,0.0,0,"[""{\n\n  \""entities\"": [\n    \""Chrysler\"",\n    \""Daimler Benz\"",\n    \""auto merger deal\"",\n    \""May 7\"",\n    \""1998\""\n  ]\n}""]"
json,JSONAdapter(),financial-ner-0020,validation_error,ValidationError,0.9189703480224125,1,json_object,0,7,0.0,False,,Company;Date;Location[0];Money;Person;Product;Quantity,,962,0,1,0.0,0,"[""{\n  \""entities\"": [\n    {\""type\"": \""organization\"", \""value\"": \""Chinese firms\""},\n    {\""type\"": \""location\"", \""value\"": \""China\""},\n    {\""type\"": \""organization\"", \""value\"": \""merger talks\""},\n    {\""type\"": \""organization\"", \""value\"": \""Baidu\""},\n    {\""type\"": \""organization\"", \""value\"": \""Alibaba\""},\n    {\""type\"": \""organization\"", \""value\"": \""Ant Financial\""},\n    {\""type\"": \""organization\"", \""value\"": \"" Tencent Holdings\""},\n    {\""type\"": \""organization\"", \""value\"": \""Huawei\""}\n  ]\n}""]"
json,JSONAdapter(),financial-ner-0021,validation_error,ValidationError,0.3589519440429285,1,json_object,0,8,0.0,False,,Company[0];Company[1];Date;Location[0];Money[0];Person;Product;Quantity,,885,0,4,0.0,0,"[""{\n\n  \""entities\"": [\n    \""Hutchison\"",\n    \""VimpelCom\"",\n    \""Italy\"",\n    \""24 billion\"",\n    \""deal\"",\n    \""merge\"",\n    \""assets\""\n  ]\n\n}""]"
json,JSONAdapter(),financial-ner-0022,validation_error,ValidationError,6.602789829019457,1,json_object,0,8,0.0,False,,Company[0];Company[1];Date;Location;Money[0];Person;Product;Quantity,,1733,0,3,0.0,0,"[""{\n  \""entities\"": [\n    \""SoftBank\"",\n    \""ARM\"",\n    \""ARM Holdings\"",\n    \""ARM Limited\"",\n    \""ARM Corporation\"",\n    \""ARM Limited Partnership\"",\n    \""ARM Holdings Limited\"",\n    \""ARM Limited Partnership\"",\n    \""ARM Corporation Limited\"",\n    \""SoftBank Group\"",\n    \""ARM Holdings Plc\"",\n    \""ARM Limited\"",\n    \""ARM Corporation Limited\"",\n    \""ARM Holdings Plc\"",\n    \""ARM Limited Partnership\"",\n    \""ARM Holdings Limited\"",\n    \""ARM Corporation Limited Partnership\"",\n    \""ARM Holdings Plc\"",\n    \""ARM Holdings Limited Partnership\"",\n    \""ARM Holdings Plc\"",\n    \""ARM Holdings Limited Partnership\"",\n    \""ARM Holdings Plc\"",\n    \""ARM Holdings Limited\"",\n    \""ARM Holdings Plc\"",\n    \""ARM Holdings Limited Partnership\"",\n    \""ARM Holdings Limited Partnership\"",\n    \""ARM Holdings Plc\"",\n    \""ARM Holdings Limited Partnership\"",\n    \""ARM Holdings Plc\"",\n    \""ARM Holdings Limited Partnership\"",\n    \""ARM Holdings Plc\"",\n    \""ARM Holdings Limited Partnership\"",\n    \""ARM Holdings Plc\"",\n    \""ARM Holdings Limited Partnership\"",\n    \""ARM Holdings Plc\"",\n    \""ARM Holdings Limited Partnership\"",\n    \""ARM Holdings Plc\"",\n    \""ARM Holdings Limited Partnership\"",\n    \""ARM Holdings Plc\"",\n    \""ARM Holdings Limited Partnership\"",\n    \""ARM Holdings Plc\"",\n    \""ARM Holdings Limited Partnership\"",\n    \""ARM Holdings Plc\"",\n    \""ARM Holdings Limited Partnership\"",\n    \""ARM Holdings Plc\"",\n    \""ARM Holdings Limited Partnership\"",\n    \""ARM Holdings Plc\"",\n    \""ARM Holdings Limited Partnership\"",\n    \""ARM Holdings Plc\"",\n    \""ARM Holdings Limited Partnership\"",\n    \""ARM Holdings Plc\"",\n    \""ARM Holdings Limited Partnership\"",\n    \""ARM Holdings Plc\"",\n    \""ARM Holdings Limited Partnership\"",\n    \""ARM Holdings Plc\"",\n    \""ARM Holdings Limited Partnership\"",\n    \""ARM Holdings Plc\"",\n    \""ARM Holdings Limited Partnership\"",\n    \""ARM Holdings Plc\"",\n    \""ARM Holdings Limited Partnership\"",\n    \""ARM Holdings Plc\"",\n    \""ARM Holdings Limited Partnership\"",\n    \""ARM Holdings Plc\"",\n    \""ARM Holdings Limited Partnership\"",\n    \""ARM Holdings Plc\"",\n    \""ARM Holdings Limited Partnership\"",\n    \""ARM Holdings Plc\"",\n    \""ARM Holdings Limited Partnership\"",\n    \""ARM Holdings Plc\"",\n    \""ARM Holdings Limited Partnership\"",\n    \""ARM Holdings Plc\"",\n    \""ARM Holdings Limited Partnership\"",\n    \""ARM Holdings Plc\"",\n    \""ARM Holdings Limited Partnership\"",\n    \""ARM Holdings Plc\"",\n    \""ARM Holdings Limited Partnership\"",\n    \""ARM Holdings Plc\"",\n    \""ARM Holdings Limited Partnership\"",\n    \""ARM Holdings Plc\"",\n    \""ARM Holdings Limited Partnership\"",\n    \""ARM Holdings Plc\"",\n    \""ARM Holdings Limited Partnership\"",\n    \""ARM Holdings Plc\"",\n    \""ARM Holdings Limited Partnership\"",\n    \""ARM Holdings Plc\"",\n    \""ARM Holdings Limited Partnership\"",\n    \""ARM Holdings Plc\"",\n    \""ARM Holdings Limited Partnership\"",\n    \""ARM Holdings Plc\"",\n    \""ARM Holdings Limited Partnership\"",\n    \""ARM Holdings Plc\"",\n    \""ARM Holdings Limited Partnership\"",\n    \""ARM Holdings Plc\"",\n    \""ARM Holdings Limited Partnership\"",\n    \""ARM Holdings Plc\"",\n    \""ARM Holdings Limited Partnership\"",\n    \""ARM Holdings Plc\"",\n    \""ARM Holdings Limited Partnership\"",\n    \""ARM Holdings Plc\"",\n    \""ARM Holdings Limited Partnership\"",\n    \""ARM Holdings Plc\"",\n    \""ARM Holdings Limited Partnership\"",\n    \""ARM Holdings Plc\"",\n    \""ARM Holdings Limited Partnership\"",\n    \""ARM Holdings Plc\"",\n    \""ARM Holdings Limited Partnership\"",\n    \""ARM Holdings Plc\"",\n    \""ARM Holdings Limited Partnership\"",\n    \""ARM Holdings Plc\"",\n    \""ARM Holdings Limited Partnership\"",\n    \""ARM Holdings Plc\"",\n    \""ARM Holdings Limited Partnership\"",\n    \""ARM Holdings Plc\"",\n    \""ARM Holdings Limited Partnership\"",\n    \""ARM Holdings Plc\"",\n    \""ARM Holdings Limited Partnership\"",\n    \""ARM Holdings Plc\"",\n    \""ARM Holdings Limited Partnership\"",\n    \""ARM Holdings Plc\"",\n    \""ARM Holdings Limited Partnership\"",\n    \""ARM Holdings Plc\"",\n    \""ARM Holdings Limited Partnership\"",\n    \""ARM Holdings Plc\"",\n    \""ARM Holdings Limited Partnership\"",\n    \""ARM Holdings Plc\"",\n    \""ARM Holdings Limited Partnership\"",\n    \""ARM Holdings Plc\"",\n    \""ARM Holdings Limited Partnership\"",\n    \""ARM Holdings Plc\"",\n    \""ARM Holdings Limited Partnership\"",\n    \""ARM Holdings Plc""]"
json,JSONAdapter(),financial-ner-0023,validation_error,ValidationError,0.3590172689873725,1,json_object,0,8,0.0,False,,Company[0];Company[1];Date;Location;Money[0];Person;Product;Quantity,,876,0,3,0.0,0,"[""{\n  \""entities\"": [\n    \""Charles Schwab\"",\n    \""TD Ameritrade\"",\n    \""all-stock deal\"",\n    \""26 billion\""\n  ]\n}""]"
json,JSONAdapter(),financial-ner-0024,validation_error,ValidationError,6.737106215965468,1,json_object,0,8,0.0,False,,Company[0];Company[1];Date;Location;Money[0];Person;Product;Quantity,,1768,0,3,0.0,0,"[""{\n  \""entities\"": [\n    {\n      \""type\"": \""organization\"",\n      \""title\"": \""Xerox Corporation\"",\n      \""entities\"": [\n        \""Xerox\"",\n        \""Xerox Corporation\"",\n        \""Xerox Holdings\"",\n        \""Xerox\"",\n        \""Xerox Holdings\""\n      ]\n    },\n    {\n      \""type\"": \""organization\"",\n      \""title\"": \""HP Inc.\"",\n      \""entities\"": [\n        \""HP\"",\n        \""HP Inc.\"",\n        \""HP Inc.\"",\n        \""HP Inc.\"",\n        \""HP Inc.\"",\n        \""HP Inc.\"",\n        \""HP Inc.\"",\n        \""HP Inc.\"",\n        \""HP Inc.\"",\n        \""HP Inc.\"",\n        \""HP Inc.\"",\n        \""HP Inc.\"",\n        \""HP Inc.\"",\n        \""HP Inc.\"",\n        \""HP Inc.\"",\n        \""HP Inc.\"",\n        \""HP Inc.\"",\n        \""HP Inc.\"",\n        \""HP Inc.\"",\n        \""HP Inc.\"",\n        \""HP Inc.\"",\n        \""HP Inc.\"",\n        \""HP Inc.\"",\n        \""HP Inc.\"",\n        \""HP Inc.\"",\n        \""HP Inc.\"",\n        \""HP Inc.\"",\n        \""HP Inc.\"",\n        \""HP Inc.\"",\n        \""HP Inc.\"",\n        \""HP Inc.\"",\n        \""HP Inc.\"",\n        \""HP Inc.\"",\n        \""HP Inc.\"",\n        \""HP Inc.\"",\n        \""HP Inc.\"",\n        \""HP Inc.\"",\n        \""HP Inc.\"",\n        \""HP Inc.\"",\n        \""HP Inc.\"",\n        \""HP Inc.\"",\n        \""HP Inc.\"",\n        \""HP Inc.\"",\n        \""HP Inc.\"",\n        \""HP Inc.\"",\n        \""HP Inc.\"",\n        \""HP Inc.\"",\n        \""HP Inc.\"",\n        \""HP Inc.\"",\n        \""HP Inc.\"",\n        \""HP Inc.\"",\n        \""HP Inc.\"",\n        \""HP Inc.\"",\n        \""HP Inc.\"",\n        \""HP Inc.\"",\n        \""HP Inc.\"",\n        \""HP Inc.\"",\n        \""HP Inc.\"",\n        \""HP Inc.\"",\n        \""HP Inc.\"",\n        \""HP Inc.\"",\n        \""HP Inc.\"",\n        \""HP Inc.\"",\n        \""HP Inc.\"",\n        \""HP Inc.\"",\n        \""HP Inc.\"",\n        \""HP Inc.\"",\n        \""HP Inc.\"",\n        \""HP Inc.\"",\n        \""HP Inc.\"",\n        \""HP Inc.\"",\n        \""HP Inc.\"",\n        \""HP Inc.\"",\n        \""HP Inc.\"",\n        \""HP Inc.\"",\n        \""HP Inc.\"",\n        \""HP Inc.\"",\n        \""HP Inc.\"",\n        \""HP Inc.\"",\n        \""HP Inc.\"",\n        \""HP Inc.\"",\n        \""HP Inc.\"",\n        \""HP Inc.\"",\n        \""HP Inc.\"",\n        \""HP Inc.\"",\n        \""HP Inc.\"",\n        \""HP Inc.\"",\n        \""HP Inc.\"",\n        \""HP Inc.\"",\n        \""HP Inc.\"",\n        \""HP Inc.\"",\n        \""HP Inc.\"",\n        \""HP Inc.\"",\n        \""HP Inc.\"",\n        \""HP Inc.\"",\n        \""HP Inc.\"",\n        \""HP Inc.\"",\n        \""HP Inc.\"",\n        \""HP Inc.\"",\n        \""HP Inc.\"",\n        \""HP Inc.\"",\n        \""HP Inc.\"",\n        \""HP Inc.\"",\n        \""HP Inc.\"",\n        \""HP Inc.\"",\n        \""HP Inc.\"",\n        \""HP Inc.\"",\n        \""HP Inc.\"",\n        \""HP Inc.\"",\n        \""HP Inc.\"",\n        \""HP Inc.\"",\n        \""HP Inc.\"",\n        \""HP Inc.\"",\n        \""HP Inc.\"",\n        \""HP Inc.\"",\n        \""HP Inc.\"",\n        \""HP Inc.\"",\n        \""HP Inc.\"",\n        \""HP Inc.\"",\n        \""HP Inc.\"",\n        \""HP Inc.\"",\n        \""HP Inc.\"",\n        \""HP Inc.\"",\n        \""HP Inc.\"",\n        \""HP Inc.\"",\n        \""HP Inc.\"",\n        \""HP Inc.\"",\n        \""HP Inc.\"",\n        \""HP Inc.\"",\n        \""HP Inc.\"",\n        \""HP Inc.\"",\n        \""HP Inc.\"",\n        \""HP Inc.\"",\n        \""HP Inc.\"",\n        \""HP Inc.\"",\n        \""HP Inc.\"",\n        \""HP Inc.\"",\n        \""HP Inc.\"",\n        \""HP Inc.\"",\n        \""HP Inc.\"",\n        \""HP Inc.\"",\n        \""HP Inc.\"",\n        \""HP Inc.\"",\n        \""HP Inc.\"",\n        \""HP Inc.\"",\n        \""HP Inc.\"",\n        \""HP Inc.\"",\n        \""HP Inc.\"",\n        \""HP Inc.\"",\n        \""HP Inc.\"",\n        \""HP Inc.\"",\n        \""HP Inc.\"",\n        \""HP Inc.\"",\n        \""HP Inc.\"",\n        \""HP Inc.\"",\n        \""HP Inc.\"",\n        \""HP Inc.\"",\n        \""HP Inc.\"",\n        \""HP Inc.\"",\n        \""HP Inc.\"",\n        \""HP Inc.\"",\n        \""HP Inc.\"",\n        \""HP Inc.\"",\n        \""HP""]"
json,JSONAdapter(),financial-ner-0025,validation_error,ValidationError,0.3853799380012788,1,json_object,0,7,0.0,False,,Company[0];Date;Location[0];Money;Person;Product;Quantity[0],,882,0,3,0.0,0,"[""{\n  \""entities\"": [\n    \""China Mobile\"",\n    \""Chinese state-owned mobile communications businesses\"",\n    \""Seven Chinese state-owned mobile communications businesses\"",\n    \""Consolidation effort\""\n  ]\n}""]"
json,JSONAdapter(),financial-ner-0026,validation_error,ValidationError,0.43511752400081605,1,json_object,0,8,0.0,False,,Company[0];Company[1];Date;Location;Money[0];Person;Product;Quantity,,890,0,3,0.0,0,"[""{\n  \""entities\"": [\n    {\""type\"": \""organization\"", \""value\"": \""GSK\""},\n    {\""type\"": \""organization\"", \""value\"": \""Unilever\""},\n    {\""type\"": \""organization\"", \""value\"": \""Consumer Goods\""}\n  ]\n}""]"
json,JSONAdapter(),financial-ner-0027,validation_error,ValidationError,0.2936261629802175,1,json_object,0,8,0.0,False,,Company[0];Company[1];Date;Location;Money;Person;Product;Quantity,,868,0,2,0.0,0,"[""{\n\n  \""entities\"": [\n    \""Boston Scientific\"",\n    \""Guidant\"",\n    \""Boston Scientific\"",\n    \""Boston Scientific\"",\n    \""Guidant\""\n  ]\n}""]"
json,JSONAdapter(),financial-ner-0028,validation_error,ValidationError,0.22218560200417414,1,json_object,0,9,0.0,False,,Company[0];Company[1];Company[2];Date;Location;Money;Person;Product;Quantity,,863,0,3,0.0,0,"[""{\n  \""entities\"": [\n    \""US West\"",\n    \""Qwest\"",\n    \""Global Crossing\""\n  ]\n}""]"
json,JSONAdapter(),financial-ner-0029,validation_error,ValidationError,5.703413966984954,1,json_object,0,9,0.0,False,,Company[0];Company[1];Date;Location[0];Location[1];Money[0];Person;Product[0];Quantity,,1645,0,6,0.0,0,"[""{\n  \""entities\"": [\n    {\""type\"": \""Company\"", \""value\"": \""Halliburton\"", \""title\"": \""Oilfield services provider\"", \""description\"": \""A company that provides services for oil and gas operations.\""},\n    {\""type\"": \""Company\"", \""value\"": \""Baker Hughes\"", \""title\"": \""Smaller rival\"", \""description\"": \""A smaller company that competes with Halliburton in the oilfield services industry.\""},\n    {\""type\"": \""Company\"", \""value\"": \""U.S.\"", \""title\"": \""United States\"", \""description\"": \""A country where the merger deal was terminated.\""},\n    {\""type\"": \""Company\"", \""value\"": \""European Union\"", \""title\"": \""European Union\"", \""description\"": \""A political entity in Europe.\""},\n    {\""type\"": \""Date\"", \""value\"": \""2020\"", \""title\"": \""Year\"", \""description\"": \""A year in which the merger deal was terminated.\""},\n    {\""type\"": \""Date\"", \""value\"": \""March\"", \""title\"": \""Month\"", \""description\"": \""A month in which the merger deal was terminated.\""},\n    {\""type\"": \""Date\"", \""value\"": \""2020\"", \""title\"": \""Year\"", \""description\"": \""A year in which the merger deal was terminated.\""},\n    {\""type\"": \""Date\"", \""value\"": \""June\"", \""title\"": \""Month\"", \""description\"": \""A month in which the merger deal was terminated.\""},\n    {\""type\"": \""Location\"", \""value\"": \""United States\"", \""title\"": \""Country\"", \""description\"": \""A country where the merger deal was terminated.\""},\n    {\""type\"": \""Location\"", \""value\"": \""European Union\"", \""title\"": \""Political entity\"", \""description\"": \""A political entity in Europe.\""},\n    {\""type\"": \""Person\"", \""value\"": \""Antonia Nester\"", \""title\"": \""Antitrust regulator\"", \""description\"": \""A person who regulates antitrust laws in the U.S.\""},\n    {\""type\"": \""Person\"", \""value\"": \""Antonia Nester\"", \""title\"": \""Antitrust regulator\"", \""description\"": \""A person who regulates antitrust laws in the European Union.\""},\n    {\""type\"": \""Date\"", \""value\"": \""2020\"", \""title\"": \""Year\"", \""description\"": \""A year in which the merger deal was terminated.\""},\n    {\""type\"": \""Date\"", \""value\"": \""March\"", \""title\"": \""Month\"", \""description\"": \""A month in which the merger deal was terminated.\""},\n    {\""type\"": \""Date\"", \""value\"": \""June\"", \""title\"": \""Month\"", \""description\"": \""A month in which the merger deal was terminated.\""},\n    {\""type\"": \""Money\"", \""value\"": \""28 billion\"", \""title\"": \""Amount\"", \""description\"": \""A monetary value.\""},\n    {\""type\"": \""Person\"", \""value\"": \""Antonia Nester\"", \""title\"": \""Antitrust regulator\"", \""description\"": \""A person who regulates antitrust laws in the U.S.\""},\n    {\""type\"": \""Person\"", \""value\"": \""Antonia Nester\"", \""title\"": \""Antitrust regulator\"", \""description\"": \""A person who regulates antitrust laws in the European Union.\""},\n    {\""type\"": \""Product\"", \""value\"": \""Oilfield services\"", \""title\"": \""Industry\"", \""description\"": \""A product or service related to oil and gas operations.\""},\n    {\""type\"": \""Product\"", \""value\"": \""Services\"", \""title\"": \""Industry\"", \""description\"": \""A product or service related to oil and gas operations.\""},\n    {\""type\"": \""Quantity\"", \""value\"": \""28 billion\"", \""title\"": \""Amount\"", \""description\"": \""A monetary value.\""},\n    {\""type\"": \""Company\"", \""value\"": \""Baker Hughes\"", \""title\"": \""Smaller rival\"", \""description\"": \""A smaller company that competes with Halliburton in the oilfield services industry.\""}\n  ]\n}""]"
json-constrained,ConstrainedJSONAdapter(),financial-ner-0000,ok,,0.923254112014547,1,json_schema,2,8,0.25,False,,Date;Location;Money;Person;Product;Quantity,Date[0];Location[0];Money[0];Person[0];Product[0];Quantity[0],944,2,2,1.0,6,"[""{\n  \""entities\"": {\n    \""Company\"": [\n      \""Albertsons\"",\n      \""Rite Aid\""\n    ],\n    \""Date\"": [\n      \""2023-01-01\""\n    ],\n    \""Location\"": [\n      \""United States\""\n    ],\n    \""Money\"": [\n      \""None\""\n    ],\n    \""Person\"": [\n      \""None\""\n    ],\n    \""Product\"": [\n      \""None\""\n    ],\n    \""Quantity\"": [\n      \""None\""\n    ]\n  }\n}""]"
json-constrained,ConstrainedJSONAdapter(),financial-ner-0001,ok,,0.9666096559958532,1,json_schema,2,8,0.25,False,Location[0],Date;Money;Person;Product;Quantity,Date[0];Location[1];Money[0];Person[0];Person[1];Product[0];Quantity[0],954,2,3,0.6667,5,"[""{\n  \""entities\"": {\n    \""Company\"": [\n      \""Essilor\"",\n      \""Luxottica\""\n    ],\n    \""Date\"": [\n      \""2021-01-01\""\n    ],\n    \""Location\"": [\n      \""Paris, France\""\n    ],\n    \""Money\"": [\n      \""€1.2 billion\""\n    ],\n    \""Person\"": [\n      \""Jean-Louis Dumas\"",\n      \""François Rimini\""\n    ],\n    \""Product\"": [\n      \""Contact lenses\""\n    ],\n    \""Quantity\"": [\n      \""100 million\""\n    ]\n  }\n}""]"
json-constrained,ConstrainedJSONAdapter(),financial-ner-0002,ok,,1.0029310270329006,1,json_schema,4,9,0.4444,False,Company[1];Location[0];Money[0],Product;Quantity,Company[3];Company[4];Date[1];Location[1];Money[1];Product[0];Quantity[0],993,4,7,0.5714,2,"[""{\n\n  \""entities\"": {\n    \""Company\"": [\n      \""Broadcom\"",\n      \""Qualcomms\"",\n      \""NXP Semiconductors\"",\n      \""US President Donald Trump\""\n    ],\n    \""Date\"": [\n      \""February 21\"",\n      \""2023\""\n    ],\n    \""Location\"": [\n      \""United States\""\n    ],\n    \""Money\"": [\n      \""117 billion\""\n    ],\n    \""Person\"": [\n      \""Donald Trump\""\n    ],\n    \""Product\"": [\n      \""Semiconductors\""\n    ],\n    \""Quantity\"": [\n      \""None\""\n    ]\n  }\n}""]"
json-constrained,ConstrainedJSONAdapter(),financial-ner-0003,ok,,0.8812809400260448,1,json_schema,2,8,0.25,False,Money[0],Date;Location;Person;Product;Quantity,Date[0];Location[0];Money[1];Person[0];Product[0];Quantity[0],944,2,3,0.6667,5,"[""{\n  \""entities\"": {\n    \""Company\"": [\n      \""Bank of America\"",\n      \""Merrill Lynch\""\n    ],\n    \""Date\"": [\n      \""2023-02-20\""\n    ],\n    \""Location\"": [\n      \""United States\""\n    ],\n    \""Money\"": [\n      \""50 billion USD\""\n    ],\n    \""Person\"": [\n      \""Michael Corbat\""\n    ],\n    \""Product\"": [\n      \""Mortgage Services\""\n    ],\n    \""Quantity\"": [\n      \""1\""\n    ]\n  }\n}""]"
json-constrained,ConstrainedJSONAdapter(),financial-ner-0004,ok,,1.2377115549752489,1,json_schema,3,10,0.3,False,Company[3];Money[0],Date;Location;Person;Product;Quantity,Date[0];Location[0];Money[1];Person[0];Product[0];Quantity[0],992,3,5,0.6,5,"[""{\n  \""entities\"": {\n    \""Company\"": [\n      \""Broadcom\"",\n      \""Qualcomm\"",\n      \""NXP\""\n    ],\n    \""Date\"": [\n      \""2023-03-01\"",\n      \""2023-03-01\""\n    ],\n    \""Location\"": [\n      \""San Jose, California\"",\n      \""San Jose, California\""\n    ],\n    \""Money\"": [\n      \""117 billion\"",\n      \""117 billion\""\n    ],\n    \""Person\"": [\n      \""Rajeev Ganesh\"",\n      \""Rajeev Ganesh\""\n    ],\n    \""Product\"": [\n      \""Semiconductor\"",\n      \""Semiconductor\""\n    ],\n    \""Quantity\"": [\n      \""1\"",\n      \""1\""\n    ]\n  }\n}""]"
json-constrained,ConstrainedJSONAdapter(),financial-ner-0005,ok,,3.7398315639584325,1,json_schema,1,7,0.1429,False,Location[0];Money[0],Date;Person;Product;Quantity,Company[1];Company[2];Company[3];Company[4];Company[5];Company[6];Company[7];Date[0];Location[1];Money[1];Person[0];Product[0];Quantity[0],1333,1,3,0.3333,4,"[""{\n\n  \""entities\"": {\n    \""Company\"": [\n      \""British\"",\n      \""Company\"",\n      \""Weighs\"",\n      \""Buying\"",\n      \""Mci\"",\n      \""Deal\"",\n      \""22\"",\n      \""Billion\"",\n      \""Deal\""\n    ],\n    \""Date\"": [\n      \""2023-01-01T00:00:00.000Z\"",\n      \""2023-01-01T00:00:00.000Z\"",\n      \""2023-01-01T00:00:00.000Z\"",\n      \""2023-01-01T00:00:00.000Z\"",\n      \""2023-01-01T00:00:00.000Z\"",\n      \""2023-01-01T00:00:00.000Z\"",\n      \""2023-01-01T00:00:00.000Z\"",\n      \""2023-01-01T00:00:00.000Z\"",\n      \""2023-01-01T00:00:00.000Z\"",\n      \""2023-01-01T00:00:00.000Z\""\n    ],\n    \""Location\"": [\n      \""United Kingdom\"",\n      \""United Kingdom\"",\n      \""United Kingdom\"",\n      \""United Kingdom\"",\n      \""United Kingdom\"",\n      \""United Kingdom\"",\n      \""United Kingdom\"",\n      \""United Kingdom\"",\n      \""United Kingdom\""\n    ],\n    \""Money\"": [\n      \""22\"",\n      \""22\"",\n      \""22\"",\n      \""22\"",\n      \""22\"",\n      \""22\"",\n      \""22\"",\n      \""22\"",\n      \""22\""\n    ],\n    \""Person\"": [\n      \""Weighs\"",\n      \""Weighs\"",\n      \""Weighs\"",\n      \""Weighs\"",\n      \""Weighs\"",\n      \""Weighs\"",\n      \""Weighs\"",\n      \""Weighs\"",\n      \""Weighs\""\n    ],\n    \""Product\"": [\n      \""Mci\"",\n      \""Mci\"",\n      \""Mci\"",\n      \""Mci\"",\n      \""Mci\"",\n      \""Mci\"",\n      \""Mci\"",\n      \""Mci\"",\n      \""Mci\""\n    ],\n    \""Quantity\"": [\n      \""1\"",\n      \""1\"",\n      \""1\"",\n      \""1\"",\n      \""1\"",\n      \""1\"",\n      \""1\"",\n      \""1\"",\n      \""1\""\n    ]\n  }\n}""]"
json-constrained,ConstrainedJSONAdapter(),financial-ner-0006,ok,,6.617396078014281,1,json_schema,4,13,0.3077,False,Money[0];Money[1];Money[2];Money[3];Money[4],Date;Location;Person;Product,Date[0];Location[0];Money[5];Money[6];Money[7];Money[8];Person[0];Product[0];Product[1],1792,3,8,0.375,4,"[""{\n  \""entities\"": {\n    \""Company\"": [\n      \""Johnson & Johnson\"",\n      \""Guidant\"",\n      \""Boston Scientific\""\n    ],\n    \""Date\"": [\n      \""2020\"",\n      \""2020\""\n    ],\n    \""Location\"": [\n      \""Boston\"",\n      \""Boston\""\n    ],\n    \""Money\"": [\n      \""21.5 billion\"",\n      \""24.6 billion\"",\n      \""72\"",\n      \""36\"",\n      \""36\"",\n      \""36\""\n    ],\n    \""Person\"": [\n      \""David C. Reston\"",\n      \""David C. Reston\""\n    ],\n    \""Product\"": [\n      \""Cardiac rhythm management\"",\n      \""Cardiac rhythm management\"",\n      \""Cardiac rhythm management\"",\n      \""Cardiac rhythm management\"",\n      \""Cardiac rhythm management\"",\n      \""Cardiac rhythm management\"",\n      \""Cardiac rhythm management\"",\n      \""Cardiac rhythm management\"",\n      \""Cardiac rhythm management\"",\n      \""Cardiac rhythm management\"",\n      \""Cardiac rhythm management\"",\n      \""Cardiac rhythm management\"",\n      \""Cardiac rhythm management\"",\n      \""Cardiac rhythm management\"",\n      \""Cardiac rhythm management\"",\n      \""Cardiac rhythm management\"",\n      \""Cardiac rhythm management\"",\n      \""Cardiac rhythm management\"",\n      \""Cardiac rhythm management\"",\n      \""Cardiac rhythm management\"",\n      \""Cardiac rhythm management\"",\n      \""Cardiac rhythm management\"",\n      \""Cardiac rhythm management\"",\n      \""Cardiac rhythm management\"",\n      \""Cardiac rhythm management\"",\n      \""Cardiac rhythm management\"",\n      \""Cardiac rhythm management\"",\n      \""Cardiac rhythm management\"",\n      \""Cardiac rhythm management\"",\n      \""Cardiac rhythm management\"",\n      \""Cardiac rhythm management\"",\n      \""Cardiac rhythm management\"",\n      \""Cardiac rhythm management\"",\n      \""Cardiac rhythm management\"",\n      \""Cardiac rhythm management\"",\n      \""Cardiac rhythm management\"",\n      \""Cardiac rhythm management\"",\n      \""Cardiac rhythm management\"",\n      \""Cardiac rhythm management\"",\n      \""Cardiac rhythm management\"",\n      \""Cardiac rhythm management\"",\n      \""Cardiac rhythm management\"",\n      \""Cardiac rhythm management\"",\n      \""Cardiac rhythm management\"",\n      \""Cardiac rhythm management\"",\n      \""Cardiac rhythm management\"",\n      \""Cardiac rhythm management\"",\n      \""Cardiac rhythm management\"",\n      \""Cardiac rhythm management\"",\n      \""Cardiac rhythm management\"",\n      \""Cardiac rhythm management\"",\n      \""Cardiac rhythm management\"",\n      \""Cardiac rhythm management\"",\n      \""Cardiac rhythm management\"",\n      \""Cardiac rhythm management\"",\n      \""Cardiac rhythm management\"",\n      \""Cardiac rhythm management\"",\n      \""Cardiac rhythm management\"",\n      \""Cardiac rhythm management\"",\n      \""Cardiac rhythm management\"",\n      \""Cardiac rhythm management\"",\n      \""Cardiac rhythm management\"",\n      \""Cardiac rhythm management\"",\n      \""Cardiac rhythm management\"",\n      \""Cardiac rhythm management\"",\n      \""Cardiac rhythm management\"",\n      \""Cardiac rhythm management\"",\n      \""Cardiac rhythm management\"",\n      \""Cardiac rhythm management\"",\n      \""Cardiac rhythm management\"",\n      \""Cardiac rhythm management\"",\n      \""Cardiac rhythm management\"",\n      \""Cardiac rhythm management\"",\n      \""Cardiac rhythm management\"",\n      \""Cardiac rhythm management\"",\n      \""Cardiac rhythm management\"",\n      \""Cardiac rhythm management\"",\n      \""Cardiac rhythm management\"",\n      \""Cardiac rhythm management\"",\n      \""Cardiac rhythm management\"",\n      \""Cardiac rhythm management\"",\n      \""Cardiac rhythm management\"",\n      \""Cardiac rhythm management\"",\n      \""Cardiac rhythm management\"",\n      \""Cardiac rhythm management\"",\n      \""Cardiac rhythm management\"",\n      \""Cardiac rhythm management\"",\n      \""Cardiac rhythm management\"",\n      \""Cardiac rhythm management\"",\n      \""Cardiac rhythm management\"",\n      \""Cardiac rhythm management\"",\n      \""Cardiac rhythm management\"",\n      \""Cardiac rhythm management\"",\n      \""Cardiac rhythm management\"",\n      \""Cardiac rhythm management\"",\n      \""Cardiac rhythm management\"",\n      \""Cardiac rhythm management\"",\n      \""Cardiac rhythm management\"",\n      \""Cardiac rhythm management\"",\n      \""Cardiac rhythm management\"",\n      \""Cardiac rhythm management\"",\n      \""Cardiac rhythm management\"",\n      \""Cardiac rhythm management\"",\n      \""Cardiac rhythm management\"",\n      \""Cardiac rhythm management\"",\n      \""Cardiac rhythm management\"",\n      \""Cardiac rhythm management\"",\n      \""Cardiac rhythm management\"",\n      \""Cardiac rhythm management\"",\n      \""Cardiac rhythm management\"",\n      \""Cardiac""]"
json-constrained,ConstrainedJSONAdapter(),financial-ner-0007,ok,,0.9325881859986112,1,json_schema,2,8,0.25,False,Money[0],Date;Location;Person;Product;Quantity,Date[0];Location[0];Money[1];Person[0];Person[1];Product[0];Quantity[0],952,2,3,0.6667,5,"[""{\n  \""entities\"": {\n    \""Company\"": [\n      \""Time Warner\"",\n      \""21st Century Fox\""\n    ],\n    \""Date\"": [\n      \""2023-02-20\""\n    ],\n    \""Location\"": [\n      \""New York City\""\n    ],\n    \""Money\"": [\n      \""80B\""\n    ],\n    \""Person\"": [\n      \""Randall Stephenson\"",\n      \""Lachlan Murdoch\""\n    ],\n    \""Product\"": [\n      \""Television network\""\n    ],\n    \""Quantity\"": [\n      \""None\""\n    ]\n  }\n}""]"
json-constrained,ConstrainedJSONAdapter(),financial-ner-0008,ok,,0.8281481500016525,1,json_schema,0,7,0.0,False,Location[0],Company;Date;Money;Person;Product;Quantity,Company[0];Company[1];Date[0];Location[1];Money[0];Person[0];Product[0];Quantity[0],943,0,1,0.0,6,"[""{\n\n  \""entities\"": {\n    \""Company\"": [\n      \""Japan\"",\n      \""Bank\""\n    ],\n    \""Date\"": [\n      \""2023-03-01\""\n    ],\n    \""Location\"": [\n      \""Tokyo\""\n    ],\n    \""Money\"": [\n      \""¥100,000,000\""\n    ],\n    \""Person\"": [\n      \""Taro Yamada\""\n    ],\n    \""Product\"": [\n      \""Automobile\""\n    ],\n    \""Quantity\"": [\n      \""100\""\n    ]\n  }\n}""]"
json-constrained,ConstrainedJSONAdapter(),financial-ner-0009,ok,,1.6377628830377944,1,json_schema,0,7,0.0,False,Company[0];Date[0];Quantity[0],Location;Money;Person;Product,Company[1];Date[1];Location[0];Money[0];Person[0];Product[0];Quantity[1],1092,0,3,0.0,4,"[""{\n\n  \""entities\"": {\n    \""Company\"": [\n      \""Columbia Group\"",\n      \""Columbia Group\"",\n      \""Columbia Group\"",\n      \""Columbia Group\""\n    ],\n    \""Date\"": [\n      \""2023-06-01\"",\n      \""2023-06-01\"",\n      \""2023-06-01\"",\n      \""2023-06-01\""\n    ],\n    \""Location\"": [\n      \""New York\"",\n      \""New York\"",\n      \""New York\"",\n      \""New York\""\n    ],\n    \""Money\"": [\n      \""4.5 billion\"",\n      \""4.5 billion\"",\n      \""4.5 billion\"",\n      \""4.5 billion\""\n    ],\n    \""Person\"": [\n      \""John Smith\"",\n      \""John Smith\"",\n      \""John Smith\"",\n      \""John Smith\""\n    ],\n    \""Product\"": [\n      \""Utilities\"",\n      \""Utilities\"",\n      \""Utilities\"",\n      \""Utilities\""\n    ],\n    \""Quantity\"": [\n      \""1\"",\n      \""1\"",\n      \""1\"",\n      \""1\""\n    ]\n  }\n}""]"
json-constrained,ConstrainedJSONAdapter(),financial-ner-0010,ok,,0.9575864829821512,1,json_schema,3,9,0.3333,False,,Date;Location;Money;Person;Product;Quantity,Date[0];Location[0];Money[0];Person[0];Person[1];Product[0];Quantity[0],966,3,3,1.0,6,"[""{\n  \""entities\"": {\n    \""Company\"": [\n      \""BB&T\"",\n      \""SunTrust\"",\n      \""U.S. Bank\""\n    ],\n    \""Date\"": [\n      \""2023-02-01\""\n    ],\n    \""Location\"": [\n      \""Atlanta, Georgia\""\n    ],\n    \""Money\"": [\n      \""approximately $14.7 billion\""\n    ],\n    \""Person\"": [\n      \""Ken Gushue\"",\n      \""David T. DeWitt\""\n    ],\n    \""Product\"": [\n      \""SunTrust Bank\""\n    ],\n    \""Quantity\"": [\n      \""1\""\n    ]\n  }\n}""]"
json-constrained,ConstrainedJSONAdapter(),financial-ner-0011,ok,,1.0294749889872037,1,json_schema,2,8,0.25,False,,Date;Location;Money;Person;Product;Quantity,Date[0];Location[0];Money[0];Person[0];Product[0];Quantity[0],958,2,2,1.0,6,"[""{\n  \""entities\"": {\n    \""Company\"": [\n      \""Statoil\"",\n      \""Norsk Hydro\""\n    ],\n    \""Date\"": [\n      \""2020\""\n    ],\n    \""Location\"": [\n      \""Norway\""\n    ],\n    \""Money\"": [\n      \""NOK 13.5 billion\""\n    ],\n    \""Person\"": [\n      \""Kjell Inge Rønne\""\n    ],\n    \""Product\"": [\n      \""oil and gas\""\n    ],\n    \""Quantity\"": [\n      \""Norsk Hydro's oil and gas business\""\n    ]\n  }\n}""]"
json-constrained,ConstrainedJSONAdapter(),financial-ner-0012,ok,,1.0358847749885172,1,json_schema,2,9,0.2222,False,Money[0];Money[1],Date;Location;Person;Product;Quantity,Date[0];Date[1];Location[0];Location[1];Money[2];Person[0];Product[0];Quantity[0],991,2,4,0.5,5,"[""{\n  \""entities\"": {\n    \""Company\"": [\n      \""Pfizer\"",\n      \""American Home Products\""\n    ],\n    \""Date\"": [\n      \""2023-02-01\"",\n      \""2023-02-02\""\n    ],\n    \""Location\"": [\n      \""New York\"",\n      \""Washington D.C.\""\n    ],\n    \""Money\"": [\n      \""None\"",\n      \""None\""\n    ],\n    \""Person\"": [\n      \""None\"",\n      \""None\""\n    ],\n    \""Product\"": [\n      \""None\"",\n      \""None\""\n    ],\n    \""Quantity\"": [\n      \""None\"",\n      \""None\""\n    ]\n  }\n}""]"
json-constrained,ConstrainedJSONAdapter(),financial-ner-0013,ok,,0.8547868669847958,1,json_schema,3,8,0.375,False,,Location;Money;Person;Product;Quantity,Location[0];Money[0];Person[0];Product[0];Quantity[0],942,3,3,1.0,5,"[""{\n  \""entities\"": {\n    \""Company\"": [\n      \""United Technologies\"",\n      \""Raytheon\""\n    ],\n    \""Date\"": [\n      \""early 2020\""\n    ],\n    \""Location\"": [\n      \""United States\""\n    ],\n    \""Money\"": [\n      \""Regulatory approvals\""\n    ],\n    \""Person\"": [\n      \""Robert S. Saper\""\n    ],\n    \""Product\"": [\n      \""Raytheon\""\n    ],\n    \""Quantity\"": [\n      \""None\""\n    ]\n  }\n}""]"
json-constrained,ConstrainedJSONAdapter(),financial-ner-0014,ok,,0.8432810680242255,1,json_schema,3,8,0.375,False,Money[0],Date;Location;Product;Quantity,Date[0];Location[0];Money[1];Product[0];Quantity[0],952,3,4,0.75,4,"[""{\n\n  \""entities\"": {\n    \""Company\"": [\n      \""BMS\"",\n      \""Celgene\""\n    ],\n    \""Date\"": [\n      \""2023-02-01\""\n    ],\n    \""Location\"": [\n      \""United States\""\n    ],\n    \""Money\"": [\n      \""74 billion\""\n    ],\n    \""Person\"": [\n      \""Giovanni Caforio\""\n    ],\n    \""Product\"": [\n      \""Lymphoma treatment\""\n    ],\n    \""Quantity\"": [\n      \""1\""\n    ]\n  }\n}""]"
json-constrained,ConstrainedJSONAdapter(),financial-ner-0015,ok,,0.9081622639787383,1,json_schema,1,8,0.125,False,Company[0];Money[0],Date;Location;Person;Product;Quantity,Company[2];Date[0];Location[0];Money[1];Person[0];Person[1];Product[0];Quantity[0],951,1,3,0.3333,5,"[""{\n  \""entities\"": {\n    \""Company\"": [\n      \""Caremark\"",\n      \""CVS Health\""\n    ],\n    \""Date\"": [\n      \""2021-01-01\""\n    ],\n    \""Location\"": [\n      \""United States\""\n    ],\n    \""Money\"": [\n      \""21 billion USD\""\n    ],\n    \""Person\"": [\n      \""Richard D. Fairbank\"",\n      \""Robert A. Wood\""\n    ],\n    \""Product\"": [\n      \""Pharmacy benefit management\""\n    ],\n    \""Quantity\"": [\n      \""None\""\n    ]\n  }\n}""]"
json-constrained,ConstrainedJSONAdapter(),financial-ner-0016,ok,,0.9464272449840792,1,json_schema,3,10,0.3,False,Company[2];Location[0],Date;Money;Person;Product;Quantity,Company[4];Date[0];Location[1];Money[0];Person[0];Product[0];Quantity[0],999,3,5,0.6,5,"[""{\n  \""entities\"": {\n    \""Company\"": [\n      \""Allergan\"",\n      \""Actavis plc\"",\n      \""Valeant\"",\n      \""Canadian drug-maker\""\n    ],\n    \""Date\"": [\n      \""2020\""\n    ],\n    \""Location\"": [\n      \""Canada\""\n    ],\n    \""Money\"": [\n      \""stock offer\""\n    ],\n    \""Person\"": [\n      \""Allergan's shareholders\""\n    ],\n    \""Product\"": [\n      \""cash - and - stock offer\""\n    ],\n    \""Quantity\"": [\n      \""None\""\n    ]\n  }\n}""]"
json-constrained,ConstrainedJSONAdapter(),financial-ner-0017,ok,,0.8798854160122573,1,json_schema,2,8,0.25,False,Money[0],Date;Location;Person;Product;Quantity,Date[0];Location[0];Money[1];Person[0];Product[0];Quantity[0],947,2,3,0.6667,5,"[""{\n  \""entities\"": {\n    \""Company\"": [\n      \""ChemChina\"",\n      \""Syngenta\""\n    ],\n    \""Date\"": [\n      \""2021-01-01\""\n    ],\n    \""Location\"": [\n      \""China\""\n    ],\n    \""Money\"": [\n      \""43 billion USD\""\n    ],\n    \""Person\"": [\n      \""Li Ka-shing\""\n    ],\n    \""Product\"": [\n      \""Pesticides\""\n    ],\n    \""Quantity\"": [\n      \""1000 million tons\""\n    ]\n  }\n}""]"
json-constrained,ConstrainedJSONAdapter(),financial-ner-0018,ok,,0.9062007340253331,1,json_schema,2,8,0.25,False,Money[0],Date;Location;Person;Product;Quantity,Date[0];Location[0];Money[1];Person[0];Product[0];Quantity[0],952,2,3,0.6667,5,"[""{\n  \""entities\"": {\n    \""Company\"": [\n      \""London Stock Exchange\"",\n      \""Refinitiv\""\n    ],\n    \""Date\"": [\n      \""2023-03-01\""\n    ],\n    \""Location\"": [\n      \""United Kingdom\""\n    ],\n    \""Money\"": [\n      \""27 billion USD\""\n    ],\n    \""Person\"": [\n      \""James Robinson, CEO of Refinitiv\""\n    ],\n    \""Product\"": [\n      \""Financial data and analytics platform\""\n    ],\n    \""Quantity\"": [\n      \""1\""\n    ]\n  }\n}""]"
json-constrained,ConstrainedJSONAdapter(),financial-ner-0019,ok,,0.8733394810114987,1,json_schema,3,8,0.375,False,,Location;Money;Person;Product;Quantity,Location[0];Money[0];Person[0];Product[0];Quantity[0],953,3,3,1.0,5,"[""{\n\n  \""entities\"": {\n    \""Company\"": [\n      \""Chrysler\"",\n      \""Daimler Benz\""\n    ],\n    \""Date\"": [\n      \""May 7 , 1998\""\n    ],\n    \""Location\"": [\n      \""Germany\""\n    ],\n    \""Money\"": [\n      \""€ 1.4 billion\""\n    ],\n    \""Person\"": [\n      \""Thomas Mueller\""\n    ],\n    \""Product\"": [\n      \""Mercedes-Benz\""\n    ],\n    \""Quantity\"": [\n      \""1000\""\n    ]\n  }\n}""]"
json-constrained,ConstrainedJSONAdapter(),financial-ner-0020,ok,,6.746223382011522,1,json_schema,5,7,0.7143,False,Location[0],Company,Company[0];Company[10];Company[1];Company[2];Company[3];Company[4];Company[5];Company[6];Company[7];Company[8];Company[9],1740,0,1,0.0,1,"[""{\n  \""entities\"": {\n    \""Company\"": [\n      \""Alibaba Group\"",\n      \""China National Petroleum Corporation (CNPC)\"",\n      \""China Telecom Corporation\"",\n      \""China Southern Airlines\"",\n      \""China Construction Bank\"",\n      \""China Petroleum Corporation (CNPC)\"",\n      \""China Railway Group\"",\n      \""China Aerospace Science and Industry Corporation\"",\n      \""China Electronics Technology Group Corporation\"",\n      \""China National Offshore Oil Corporation (CNOOC)\"",\n      \""China National Petroleum Corporation (CNPC)\"",\n      \""China Railway Group\"",\n      \""China Aerospace Science and Industry Corporation\"",\n      \""China Electronics Technology Group Corporation\"",\n      \""China National Offshore Oil Corporation (CNOOC)\"",\n      \""China National Petroleum Corporation (CNPC)\"",\n      \""China Railway Group\"",\n      \""China Aerospace Science and Industry Corporation\"",\n      \""China Electronics Technology Group Corporation\"",\n      \""China National Offshore Oil Corporation (CNOOC)\"",\n      \""China National Petroleum Corporation (CNPC)\"",\n      \""China Railway Group\"",\n      \""China Aerospace Science and Industry Corporation\"",\n      \""China Electronics Technology Group Corporation\"",\n      \""China National Offshore Oil Corporation (CNOOC)\"",\n      \""China National Petroleum Corporation (CNPC)\"",\n      \""China Railway Group\"",\n      \""China Aerospace Science and Industry Corporation\"",\n      \""China Electronics Technology Group Corporation\"",\n      \""China National Offshore Oil Corporation (CNOOC)\"",\n      \""China National Petroleum Corporation (CNPC)\"",\n      \""China Railway Group\"",\n      \""China Aerospace Science and Industry Corporation\"",\n      \""China Electronics Technology Group Corporation\"",\n      \""China National Offshore Oil Corporation (CNOOC)\"",\n      \""China National Petroleum Corporation (CNPC)\"",\n      \""China Railway Group\"",\n      \""China Aerospace Science and Industry Corporation\"",\n      \""China Electronics Technology Group Corporation\"",\n      \""China National Offshore Oil Corporation (CNOOC)\"",\n      \""China National Petroleum Corporation (CNPC)\"",\n      \""China Railway Group\"",\n      \""China Aerospace Science and Industry Corporation\"",\n      \""China Electronics Technology Group Corporation\"",\n      \""China National Offshore Oil Corporation (CNOOC)\"",\n      \""China National Petroleum Corporation (CNPC)\"",\n      \""China Railway Group\"",\n      \""China Aerospace Science and Industry Corporation\"",\n      \""China Electronics Technology Group Corporation\"",\n      \""China National Offshore Oil Corporation (CNOOC)\"",\n      \""China National Petroleum Corporation (CNPC)\"",\n      \""China Railway Group\"",\n      \""China Aerospace Science and Industry Corporation\"",\n      \""China Electronics Technology Group Corporation\"",\n      \""China National Offshore Oil Corporation (CNOOC)\"",\n      \""China National Petroleum Corporation (CNPC)\"",\n      \""China Railway Group\"",\n      \""China Aerospace Science and Industry Corporation\"",\n      \""China Electronics Technology Group Corporation\"",\n      \""China National Offshore Oil Corporation (CNOOC)\"",\n      \""China National Petroleum Corporation (CNPC)\"",\n      \""China Railway Group\"",\n      \""China Aerospace Science and Industry Corporation\"",\n      \""China Electronics Technology Group Corporation\"",\n      \""China National Offshore Oil Corporation (CNOOC)\"",\n      \""China National Petroleum Corporation (CNPC)\"",\n      \""China Railway Group\"",\n      \""China Aerospace Science and Industry Corporation\"",\n      \""China Electronics Technology Group Corporation\"",\n      \""China National Offshore Oil Corporation (CNOOC)\"",\n      \""China National Petroleum Corporation (CNPC)\"",\n      \""China Railway Group\"",\n      \""China Aerospace Science and Industry Corporation\"",\n      \""China Electronics Technology Group Corporation\"",\n      \""China National Offshore Oil Corporation (CNOOC)\"",\n      \""China National Petroleum Corporation (CNPC)\"",\n      \""China Railway Group\"",\n      \""China Aerospace Science and Industry Corporation\"",\n      \""China Electronics Technology Group Corporation\"",\n      \""China National Offshore Oil Corporation (CNOOC)\"",\n      \""China National Petroleum Corporation (CNPC)\"",\n      \""China Railway Group\"",\n      \""China Aerospace Science and Industry Corporation\"",\n      \""China Electronics Technology Group Corporation\"",\n      \""China National Offshore Oil Corporation (CNOOC)\"",\n      \""China National Petroleum Corporation (CNPC)\"",\n      \""China Railway Group\"",\n      \""China Aerospace Science and Industry Corporation\"",\n      \""China Electronics Technology Group Corporation\"",\n      \""China National Offshore Oil Corporation (CNOOC)\"",\n      \""China National Petroleum Corporation (CNPC)\"",\n      \""China Railway Group\"",\n      \""China Aerospace Science and Industry Corporation\"",\n      \""China Electronics Technology Group Corporation\"",\n      \""China National Offshore Oil Corporation (CNOOC)\"",\n      \""China National Petroleum Corporation (CNPC)\"",\n      \""China Railway Group\"",\n      \""China Aerospace Science and Industry Corporation\"",\n      \""China""]"
json-constrained,ConstrainedJSONAdapter(),financial-ner-0021,ok,,0.8673575089778751,1,json_schema,4,8,0.5,False,,Date;Person;Product;Quantity,Date[0];Person[0];Product[0];Quantity[0],943,4,4,1.0,4,"[""{\n\n  \""entities\"": {\n    \""Company\"": [\n      \""Hutchison\"",\n      \""VimpelCom\""\n    ],\n    \""Date\"": [\n      \""2023-02-20\""\n    ],\n    \""Location\"": [\n      \""Italy\""\n    ],\n    \""Money\"": [\n      \""$24 Billion\""\n    ],\n    \""Person\"": [\n      \""None\""\n    ],\n    \""Product\"": [\n      \""None\""\n    ],\n    \""Quantity\"": [\n      \""None\""\n    ]\n  }\n}""]"
json-constrained,ConstrainedJSONAdapter(),financial-ner-0022,ok,,0.8509761180030182,1,json_schema,2,8,0.25,False,Money[0],Date;Location;Person;Product;Quantity,Date[0];Location[0];Money[1];Person[0];Product[0];Quantity[0],938,2,3,0.6667,5,"[""{\n  \""entities\"": {\n    \""Company\"": [\n      \""SoftBank\"",\n      \""ARM\""\n    ],\n    \""Date\"": [\n      \""2021-04-29\""\n    ],\n    \""Location\"": [\n      \""United Kingdom\""\n    ],\n    \""Money\"": [\n      \""31 billion\""\n    ],\n    \""Person\"": [\n      \""Bernard Arnault\""\n    ],\n    \""Product\"": [\n      \""Semiconductors\""\n    ],\n    \""Quantity\"": [\n      \""None\""\n    ]\n  }\n}""]"
json-constrained,ConstrainedJSONAdapter(),financial-ner-0023,ok,,0.8566823410219513,1,json_schema,2,8,0.25,False,Money[0],Date;Location;Person;Product;Quantity,Date[0];Location[0];Money[1];Person[0];Product[0];Quantity[0],948,2,3,0.6667,5,"[""{\n  \""entities\"": {\n    \""Company\"": [\n      \""Charles Schwab\"",\n      \""TD Ameritrade\""\n    ],\n    \""Date\"": [\n      \""2023-02-01\""\n    ],\n    \""Location\"": [\n      \""United States\""\n    ],\n    \""Money\"": [\n      \""26 billion\""\n    ],\n    \""Person\"": [\n      \""Charles Schwab\""\n    ],\n    \""Product\"": [\n      \""stock deal\""\n    ],\n    \""Quantity\"": [\n      \""all\""\n    ]\n  }\n}""]"
json-constrained,ConstrainedJSONAdapter(),financial-ner-0024,ok,,0.8978053909959272,1,json_schema,2,8,0.25,False,Money[0],Date;Location;Person;Product;Quantity,Date[0];Location[0];Money[1];Money[2];Person[0];Product[0];Quantity[0],977,2,3,0.6667,5,"[""{\n  \""entities\"": {\n    \""Company\"": [\n      \""Xerox\"",\n      \""HP\""\n    ],\n    \""Date\"": [\n      \""2023-02-20\""\n    ],\n    \""Location\"": [\n      \""United States\""\n    ],\n    \""Money\"": [\n      \""33.5 billion\"",\n      \""25.8 billion\""\n    ],\n    \""Person\"": [\n      \""Michael Dell\""\n    ],\n    \""Product\"": [\n      \""Printer\""\n    ],\n    \""Quantity\"": [\n      \""1\""\n    ]\n  }\n}""]"
json-constrained,ConstrainedJSONAdapter(),financial-ner-0025,ok,,2.2714724830002524,1,json_schema,1,7,0.1429,False,Location[0];Quantity[0],Date;Money;Person;Product,Date[0];Location[1];Money[0];Person[0];Product[0];Quantity[1],1138,1,3,0.3333,4,"[""{\n  \""entities\"": {\n    \""Company\"": [\n      \""China Mobile\"",\n      \""China Mobile\"",\n      \""China Mobile\"",\n      \""China Mobile\"",\n      \""China Mobile\"",\n      \""China Mobile\"",\n      \""China Mobile\""\n    ],\n    \""Date\"": [\n      \""2020\"",\n      \""2020\"",\n      \""2020\"",\n      \""2020\"",\n      \""2020\"",\n      \""2020\"",\n      \""2020\""\n    ],\n    \""Location\"": [\n      \""China\"",\n      \""China\"",\n      \""China\"",\n      \""China\"",\n      \""China\"",\n      \""China\"",\n      \""China\""\n    ],\n    \""Money\"": [\n      \""7\"",\n      \""7\"",\n      \""7\"",\n      \""7\"",\n      \""7\"",\n      \""7\"",\n      \""7\""\n    ],\n    \""Person\"": [\n      \""Ren Zhengfei\"",\n      \""Ren Zhengfei\"",\n      \""Ren Zhengfei\"",\n      \""Ren Zhengfei\"",\n      \""Ren Zhengfei\"",\n      \""Ren Zhengfei\"",\n      \""Ren Zhengfei\""\n    ],\n    \""Product\"": [\n      \""mobile communications\"",\n      \""mobile communications\"",\n      \""mobile communications\"",\n      \""mobile communications\"",\n      \""mobile communications\"",\n      \""mobile communications\"",\n      \""mobile communications\""\n    ],\n    \""Quantity\"": [\n      \""7\"",\n      \""7\"",\n      \""7\"",\n      \""7\"",\n      \""7\"",\n      \""7\"",\n      \""7\""\n    ]\n  }\n}""]"
json-constrained,ConstrainedJSONAdapter(),financial-ner-0026,ok,,0.9050380230182782,1,json_schema,2,8,0.25,False,Money[0],Date;Location;Person;Product;Quantity,Date[0];Location[0];Money[1];Person[0];Person[1];Product[0];Quantity[0],952,2,3,0.6667,5,"[""{\n  \""entities\"": {\n    \""Company\"": [\n      \""GSK\"",\n      \""Unilever\""\n    ],\n    \""Date\"": [\n      \""2023-02-20\""\n    ],\n    \""Location\"": [\n      \""London, UK\""\n    ],\n    \""Money\"": [\n      \""68 billion\""\n    ],\n    \""Person\"": [\n      \""Andrew Witty\"",\n      \""Niall FitzGerald\""\n    ],\n    \""Product\"": [\n      \""Consumer division\""\n    ],\n    \""Quantity\"": [\n      \""68 billion\""\n    ]\n  }\n}""]"
json-constrained,ConstrainedJSONAdapter(),financial-ner-0027,ok,,1.1212588290218264,1,json_schema,2,8,0.25,False,,Date;Location;Money;Person;Product;Quantity,Date[0];Date[1];Location[0];Money[0];Money[1];Person[0];Product[0];Product[1];Quantity[0];Quantity[1],967,2,2,1.0,6,"[""{\n\n  \""entities\"": {\n    \""Company\"": [\n      \""Boston Scientific\"",\n      \""Guidant\""\n    ],\n    \""Date\"": [\n      \""2020\"",\n      \""2021\""\n    ],\n    \""Location\"": [\n      \""Boston, USA\""\n    ],\n    \""Money\"": [\n      \""1.1 billion\"",\n      \""1.2 billion\""\n    ],\n    \""Person\"": [\n      \""Michael F. Daniels\""\n    ],\n    \""Product\"": [\n      \""Guidant pacemaker\"",\n      \""Guidant stent\""\n    ],\n    \""Quantity\"": [\n      \""1.1 billion\"",\n      \""1.2 billion\""\n    ]\n  }\n\n}""]"
json-constrained,ConstrainedJSONAdapter(),financial-ner-0028,ok,,0.8542853130493313,1,json_schema,3,9,0.3333,False,,Date;Location;Money;Person;Product;Quantity,Date[0];Location[0];Money[0];Person[0];Product[0];Quantity[0],945,3,3,1.0,6,"[""{\n  \""entities\"": {\n    \""Company\"": [\n      \""Global Crossing\"",\n      \""US West\"",\n      \""Qwest\""\n    ],\n    \""Date\"": [\n      \""2020\""\n    ],\n    \""Location\"": [\n      \""United States\""\n    ],\n    \""Money\"": [\n      \""null\""\n    ],\n    \""Person\"": [\n      \""Michael J. Rothenberg\""\n    ],\n    \""Product\"": [\n      \""Telecommunications services\""\n    ],\n    \""Quantity\"": [\n      \""null\""\n    ]\n  }\n}""]"
json-constrained,ConstrainedJSONAdapter(),financial-ner-0029,ok,,0.8726250700419769,1,json_schema,3,9,0.3333,False,Location[0];Location[1];Money[0],Date;Person;Quantity,Date[0];Location[2];Money[1];Person[0];Quantity[0],961,3,6,0.5,3,"[""{\n  \""entities\"": {\n    \""Company\"": [\n      \""Halliburton\"",\n      \""Baker Hughes\""\n    ],\n    \""Date\"": [\n      \""2023-02-01\""\n    ],\n    \""Location\"": [\n      \""United States\""\n    ],\n    \""Money\"": [\n      \""28 billion\""\n    ],\n    \""Person\"": [\n      \""David Zilberman\""\n    ],\n    \""Product\"": [\n      \""Oilfield services\""\n    ],\n    \""Quantity\"": [\n      \""1\""\n    ]\n  }\n}""]"
sola-jsonish-rescue,"StructuredOutputAdapter(output_mode=JSONISH, prompt_layout=SECTIONS, parse_config=ParseConfig())",financial-ner-0000,ok,,1.2535032670130022,1,json_object,8,8,1.0,False,,,Company[2],703,2,2,1.0,0,"[""{\n\""entities\"": [\n  {\n    \""Company\"": \""Albertsons\"",\n    \""Date\"": null,\n    \""Location\"": null,\n    \""Money\"": null,\n    \""Person\"": null,\n    \""Product\"": null,\n    \""Quantity\"": null\n  },\n  {\n    \""Company\"": \""Rite Aid\"",\n    \""Date\"": null,\n    \""Location\"": null,\n    \""Money\"": null,\n    \""Person\"": null,\n    \""Product\"": null,\n    \""Quantity\"": null\n  },\n  {\n    \""Company\"": \""None\"",\n    \""Date\"": null,\n    \""Location\"": null,\n    \""Money\"": null,\n    \""Person\"": null,\n    \""Product\"": null,\n    \""Quantity\"": null\n  }\n] }""]"
sola-jsonish-rescue,"StructuredOutputAdapter(output_mode=JSONISH, prompt_layout=SECTIONS, parse_config=ParseConfig())",financial-ner-0001,ok,,1.1646182970143855,1,json_object,1,8,0.125,False,Company[0];Location[0],Date;Money;Person;Product;Quantity,Date[0];Location[1];Money[0];Person[0];Product[0];Quantity[0],694,1,3,0.3333,5,"[""{\n\""entities\"": [\n  {\n    \""Company\"": \""Luxottica\"",\n    \""Date\"": \""2020\"",\n    \""Location\"": \""Italy\"",\n    \""Money\"": \""€1.2 billion\"",\n    \""Person\"": \""François-Henri Pinault\"",\n    \""Product\"": \""Eye wear\"",\n    \""Quantity\"": \""1\"",\n    \""entities\"": [\n      {\n        \""Company\"": \""Essilor\"",\n        \""Date\"": \""2019\"",\n        \""Location\"": \""France\"",\n        \""Money\"": \""€1.1 billion\"",\n        \""Person\"": \""Jean-Paul Kress\"",\n        \""Product\"": \""Eye wear\"",\n        \""Quantity\"": \""1\"",\n        \""entities\"": []\n      }\n    ]\n  }\n]}""]"
sola-jsonish-rescue,"StructuredOutputAdapter(output_mode=JSONISH, prompt_layout=SECTIONS, parse_config=ParseConfig())",financial-ner-0002,ok,,1.890421861957293,1,json_object,4,9,0.4444,False,Company[1];Location[0];Money[0],Product;Quantity,Company[3];Company[4];Date[1];Location[1];Money[1];Product[0];Quantity[0],818,4,7,0.5714,2,"[""{\n\n\""entities\"": [\n  {\n    \""Company\"": \""Broadcom\"",\n    \""Date\"": \""February 21\"",\n    \""Location\"": \""N/A\"",\n    \""Money\"": \""None\"",\n    \""Person\"": \""Donald Trump\"",\n    \""Product\"": \""None\"",\n    \""Quantity\"": \""None\""\n  },\n  {\n    \""Company\"": \""Qualcomms\"",\n    \""Date\"": \""None\"",\n    \""Location\"": \""N/A\"",\n    \""Money\"": \""None\"",\n    \""Person\"": \""Donald Trump\"",\n    \""Product\"": \""None\"",\n    \""Quantity\"": \""None\""\n  },\n  {\n    \""Company\"": \""NXP Semiconductors\"",\n    \""Date\"": \""None\"",\n    \""Location\"": \""N/A\"",\n    \""Money\"": \""None\"",\n    \""Person\"": \""Donald Trump\"",\n    \""Product\"": \""None\"",\n    \""Quantity\"": \""None\""\n  },\n  {\n    \""Company\"": \""US President\"",\n    \""Date\"": \""February 21\"",\n    \""Location\"": \""N/A\"",\n    \""Money\"": \""None\"",\n    \""Person\"": \""Donald Trump\"",\n    \""Product\"": \""None\"",\n    \""Quantity\"": \""None\""\n  }\n] }""]"
sola-jsonish-rescue,"StructuredOutputAdapter(output_mode=JSONISH, prompt_layout=SECTIONS, parse_config=ParseConfig())",financial-ner-0003,ok,,1.0961296550231054,1,json_object,2,8,0.25,False,Money[0],Date;Location;Person;Product;Quantity,Date[0];Location[0];Money[1];Person[0];Product[0];Product[1];Quantity[0],684,2,3,0.6667,5,"[""{\n\""entities\"": [\n  {\n    \""Company\"": \""Bank of America\"",\n    \""Date\"": \""2023-02-20\"",\n    \""Location\"": \""United States\"",\n    \""Money\"": \""50 Billion\"",\n    \""Person\"": \""Michael Corbat\"",\n    \""Product\"": \""Merrill Lynch\"",\n    \""Quantity\"": \""1\""\n  },\n  {\n    \""Company\"": \""Merrill Lynch\"",\n    \""Date\"": \""2023-02-20\"",\n    \""Location\"": \""United States\"",\n    \""Money\"": \""50 Billion\"",\n    \""Person\"": \""Michael Corbat\"",\n    \""Product\"": \""Bank of America\"",\n    \""Quantity\"": \""1\""\n  }\n]}""]"
sola-jsonish-rescue,"StructuredOutputAdapter(output_mode=JSONISH, prompt_layout=SECTIONS, parse_config=ParseConfig())",financial-ner-0004,ok,,1.6977189079625532,1,json_object,3,10,0.3,False,Company[1];Company[3],Date;Location;Person;Product;Quantity,Company[4];Date[0];Location[0];Location[1];Money[1];Person[0];Person[1];Person[2];Product[0];Quantity[0],759,3,5,0.6,5,"[""{\n\""entities\"": [\n  {\n    \""Company\"": \""Broadcom\"",\n    \""Date\"": \""2023-02-20\"",\n    \""Location\"": \""United States\"",\n    \""Money\"": \""$117 billion\"",\n    \""Person\"": \""Michael Sievert\"",\n    \""Product\"": \""Semiconductor\"",\n    \""Quantity\"": \""1.0\""\n  },\n  {\n    \""Company\"": \""Qualcomm\"",\n    \""Date\"": \""2023-02-20\"",\n    \""Location\"": \""United States\"",\n    \""Money\"": \""$0.0\"",\n    \""Person\"": \""Greg Block\"",\n    \""Product\"": \""Semiconductor\"",\n    \""Quantity\"": \""1.0\""\n  },\n  {\n    \""Company\"": \""NXP Semiconductors\"",\n    \""Date\"": \""2023-02-20\"",\n    \""Location\"": \""Netherlands\"",\n    \""Money\"": \""$0.0\"",\n    \""Person\"": \""Mark Weigand\"",\n    \""Product\"": \""Semiconductor\"",\n    \""Quantity\"": \""1.0\""\n  }\n] }""]"
sola-jsonish-rescue,"StructuredOutputAdapter(output_mode=JSONISH, prompt_layout=SECTIONS, parse_config=ParseConfig())",financial-ner-0005,ok,,1.0549148590071127,1,json_object,2,7,0.2857,False,Location[0],Date;Person;Product;Quantity,Company[1];Date[0];Location[1];Money[1];Person[0];Product[0];Quantity[0],674,2,3,0.6667,4,"[""{\n\n\""entities\"": [\n  {\n    \""Company\"": \""Mci\"",\n    \""Date\"": \""2023-02-20\"",\n    \""Location\"": \""United Kingdom\"",\n    \""Money\"": \""$22 Billion\"",\n    \""Person\"": \""None\"",\n    \""Product\"": \""None\"",\n    \""Quantity\"": \""None\""\n  },\n  {\n    \""Company\"": \""British Company\"",\n    \""Date\"": \""2023-02-20\"",\n    \""Location\"": \""United Kingdom\"",\n    \""Money\"": \""None\"",\n    \""Person\"": \""None\"",\n    \""Product\"": \""None\"",\n    \""Quantity\"": \""None\""\n  }\n] }""]"
sola-jsonish-rescue,"StructuredOutputAdapter(output_mode=JSONISH, prompt_layout=SECTIONS, parse_config=ParseConfig())",financial-ner-0006,ok,,1.5475078350282274,1,json_object,2,13,0.1538,False,Company[0];Money[0];Money[1];Money[2];Money[3];Money[4],Date;Location;Person;Product;Quantity,Date[0];Location[0];Money[5];Money[6];Money[7];Person[0];Person[1];Product[0];Quantity[0],794,2,8,0.25,5,"[""{\n\n\""entities\"": [\n  {\n    \""Company\"": \""Johnson & Johnson\"",\n    \""Date\"": \""2023-02-01\"",\n    \""Location\"": \""Boston\"",\n    \""Money\"": \""21.5 billion\"",\n    \""Person\"": \""None\"",\n    \""Product\"": \""None\"",\n    \""Quantity\"": \""None\""\n  },\n  {\n    \""Company\"": \""Guidant\"",\n    \""Date\"": \""2023-02-01\"",\n    \""Location\"": \""Boston\"",\n    \""Money\"": \""24.6 billion\"",\n    \""Person\"": \""Boston Scientific\"",\n    \""Product\"": \""None\"",\n    \""Quantity\"": \""None\""\n  },\n  {\n    \""Company\"": \""Guidant\"",\n    \""Date\"": \""2023-02-01\"",\n    \""Location\"": \""Boston\"",\n    \""Money\"": \""72 per share\"",\n    \""Person\"": \""None\"",\n    \""Product\"": \""None\"",\n    \""Quantity\"": \""None\""\n  }\n] }""]"
sola-jsonish-rescue,"StructuredOutputAdapter(output_mode=JSONISH, prompt_layout=SECTIONS, parse_config=ParseConfig())",financial-ner-0007,ok,,1.1107579999952577,1,json_object,2,8,0.25,False,Money[0],Date;Location;Person;Product;Quantity,Date[0];Location[0];Money[1];Person[0];Person[1];Product[0];Quantity[0],687,2,3,0.6667,5,"[""{\n\""entities\"": [\n  {\n    \""Company\"": \""Time Warner\"",\n    \""Date\"": \""2023-02-20\"",\n    \""Location\"": \""New York\"",\n    \""Money\"": \""80B\"",\n    \""Person\"": \""Jeff Bewley\"",\n    \""Product\"": \""Media and Entertainment\"",\n    \""Quantity\"": \""80B\""\n  },\n  {\n    \""Company\"": \""21st Century Fox\"",\n    \""Date\"": \""2023-02-20\"",\n    \""Location\"": \""New York\"",\n    \""Money\"": \""80B\"",\n    \""Person\"": \""Lachlan Murdoch\"",\n    \""Product\"": \""Media and Entertainment\"",\n    \""Quantity\"": \""80B\""\n  }\n]}""]"
sola-jsonish-rescue,"StructuredOutputAdapter(output_mode=JSONISH, prompt_layout=SECTIONS, parse_config=ParseConfig())",financial-ner-0008,ok,,6.819521928962786,1,json_object,0,7,0.0,False,Location[0],Company;Date;Money;Person;Product;Quantity,Company[0];Company[1];Date[0];Location[1];Money[0];Person[0];Product[0];Quantity[0],1444,0,1,0.0,6,"[""{\n\""entities\"": [\n  {\n    \""Company\"": \""Japan Banks to Merge\"",\n    \""Date\"": \""None\"",\n    \""Location\"": \""None\"",\n    \""Money\"": \""None\"",\n    \""Person\"": \""None\"",\n    \""Product\"": \""None\"",\n    \""Quantity\"": \""None\""\n  },\n  {\n    \""Company\"": \""None\"",\n    \""Date\"": \""None\"",\n    \""Location\"": \""None\"",\n    \""Money\"": \""None\"",\n    \""Person\"": \""None\"",\n    \""Product\"": \""None\"",\n    \""Quantity\"": \""None\""\n  },\n  {\n    \""Company\"": \""None\"",\n    \""Date\"": \""None\"",\n    \""Location\"": \""None\"",\n    \""Money\"": \""None\"",\n    \""Person\"": \""None\"",\n    \""Product\"": \""None\"",\n    \""Quantity\"": \""None\""\n  },\n  {\n    \""Company\"": \""None\"",\n    \""Date\"": \""None\"",\n    \""Location\"": \""None\"",\n    \""Money\"": \""None\"",\n    \""Person\"": \""None\"",\n    \""Product\"": \""None\"",\n    \""Quantity\"": \""None\""\n  },\n  {\n    \""Company\"": \""None\"",\n    \""Date\"": \""None\"",\n    \""Location\"": \""None\"",\n    \""Money\"": \""None\"",\n    \""Person\"": \""None\"",\n    \""Product\"": \""None\"",\n    \""Quantity\"": \""None\""\n  },\n  {\n    \""Company\"": \""None\"",\n    \""Date\"": \""None\"",\n    \""Location\"": \""None\"",\n    \""Money\"": \""None\"",\n    \""Person\"": \""None\"",\n    \""Product\"": \""None\"",\n    \""Quantity\"": \""None\""\n  },\n  {\n    \""Company\"": \""None\"",\n    \""Date\"": \""None\"",\n    \""Location\"": \""None\"",\n    \""Money\"": \""None\"",\n    \""Person\"": \""None\"",\n    \""Product\"": \""None\"",\n    \""Quantity\"": \""None\""\n  },\n  {\n    \""Company\"": \""None\"",\n    \""Date\"": \""None\"",\n    \""Location\"": \""None\"",\n    \""Money\"": \""None\"",\n    \""Person\"": \""None\"",\n    \""Product\"": \""None\"",\n    \""Quantity\"": \""None\""\n  },\n  {\n    \""Company\"": \""None\"",\n    \""Date\"": \""None\"",\n    \""Location\"": \""None\"",\n    \""Money\"": \""None\"",\n    \""Person\"": \""None\"",\n    \""Product\"": \""None\"",\n    \""Quantity\"": \""None\""\n  },\n  {\n    \""Company\"": \""None\"",\n    \""Date\"": \""None\"",\n    \""Location\"": \""None\"",\n    \""Money\"": \""None\"",\n    \""Person\"": \""None\"",\n    \""Product\"": \""None\"",\n    \""Quantity\"": \""None\""\n  },\n  {\n    \""Company\"": \""None\"",\n    \""Date\"": \""None\"",\n    \""Location\"": \""None\"",\n    \""Money\"": \""None\"",\n    \""Person\"": \""None\"",\n    \""Product\"": \""None\"",\n    \""Quantity\"": \""None\""\n  },\n  {\n    \""Company\"": \""None\"",\n    \""Date\"": \""None\"",\n    \""Location\"": \""None\"",\n    \""Money\"": \""None\"",\n    \""Person\"": \""None\"",\n    \""Product\"": \""None\"",\n    \""Quantity\"": \""None\""\n  },\n  {\n    \""Company\"": \""None\"",\n    \""Date\"": \""None\"",\n    \""Location\"": \""None\"",\n    \""Money\"": \""None\"",\n    \""Person\"": \""None\"",\n    \""Product\"": \""None\"",\n    \""Quantity\"": \""None\""\n  },\n  {\n    \""Company\"": \""None\"",\n    \""Date\"": \""None\"",\n    \""Location\"": \""None\"",\n    \""Money\"": \""None\"",\n    \""Person\"": \""None\"",\n    \""Product\"": \""None\"",\n    \""Quantity\"": \""None\""\n  },\n  {\n    \""Company\"": \""None\"",\n    \""Date\"": \""None\"",\n    \""Location\"": \""None\"",\n    \""Money\"": \""None\"",\n    \""Person\"": \""None\"",\n    \""Product\"": \""None\"",\n    \""Quantity\"": \""None\""\n  },\n  {\n    \""Company\"": \""None\"",\n    \""Date\"": \""None\"",\n    \""Location\"": \""None\"",\n    \""Money\"": \""None\"",\n    \""Person\"": \""None\"",\n    \""Product\"": \""None\"",\n    \""Quantity\"": \""None\""\n  },\n  {\n    \""Company\"": \""None\"",\n    \""Date\"": \""None\"",\n    \""Location\"": \""None\"",\n    \""Money\"": \""None\"",\n    \""Person\"": \""None\"",\n    \""Product\"": \""None\"",\n""]"
sola-jsonish-rescue,"StructuredOutputAdapter(output_mode=JSONISH, prompt_layout=SECTIONS, parse_config=ParseConfig())",financial-ner-0009,ok,,4.016343941970263,1,json_object,0,7,0.0,False,Company[0];Date[0];Quantity[0],Location;Money;Person;Product,Company[1];Date[1];Location[0];Money[0];Person[0];Product[0];Quantity[1],1086,0,3,0.0,4,"[""{\n\n\""entities\"": [\n  {\n    \""Company\"": \""Columbia Group\"",\n    \""Date\"": \""2023-06-01\"",\n    \""Location\"": \""United States\"",\n    \""Money\"": \""None\"",\n    \""Person\"": \""None\"",\n    \""Product\"": \""None\"",\n    \""Quantity\"": \""None\""\n  },\n  {\n    \""Company\"": \""Four Subsidiaries\"",\n    \""Date\"": \""2023-06-01\"",\n    \""Location\"": \""United States\"",\n    \""Money\"": \""None\"",\n    \""Person\"": \""None\"",\n    \""Product\"": \""None\"",\n    \""Quantity\"": \""None\""\n  },\n  {\n    \""Company\"": \""Another\"",\n    \""Date\"": \""2023-06-01\"",\n    \""Location\"": \""United States\"",\n    \""Money\"": \""None\"",\n    \""Person\"": \""None\"",\n    \""Product\"": \""None\"",\n    \""Quantity\"": \""None\""\n  },\n  {\n    \""Company\"": \""SEC\"",\n    \""Date\"": \""2023-06-01\"",\n    \""Location\"": \""United States\"",\n    \""Money\"": \""None\"",\n    \""Person\"": \""None\"",\n    \""Product\"": \""None\"",\n    \""Quantity\"": \""None\""\n  },\n  {\n    \""Company\"": \""Utilities\"",\n    \""Date\"": \""2023-06-01\"",\n    \""Location\"": \""United States\"",\n    \""Money\"": \""None\"",\n    \""Person\"": \""None\"",\n    \""Product\"": \""None\"",\n    \""Quantity\"": \""None\""\n  },\n  {\n    \""Company\"": \""Consolidation\"",\n    \""Date\"": \""2023-06-01\"",\n    \""Location\"": \""United States\"",\n    \""Money\"": \""None\"",\n    \""Person\"": \""None\"",\n    \""Product\"": \""None\"",\n    \""Quantity\"": \""None\""\n  },\n  {\n    \""Company\"": \""New Plan\"",\n    \""Date\"": \""2023-06-01\"",\n    \""Location\"": \""United States\"",\n    \""Money\"": \""None\"",\n    \""Person\"": \""None\"",\n    \""Product\"": \""None\"",\n    \""Quantity\"": \""None\""\n  },\n  {\n    \""Company\"": \""Columbia Group\"",\n    \""Date\"": \""2023-09-08\"",\n    \""Location\"": \""United States\"",\n    \""Money\"": \""None\"",\n    \""Person\"": \""None\"",\n    \""Product\"": \""None\"",\n    \""Quantity\"": \""None\""\n  }\n] \n\n \n\n \n\n \n\n \n\n \n\n \n\n \n\n \n\n \n\n \n\n \n\n \n\n \n\n \n\n \n\n \n\n \n\n \n\n \n\n \n\n \n\n \n\n \n\n \n\n \n\n \n\n \n\n \n\n \n\n \n\n""]"
sola-jsonish-rescue,"StructuredOutputAdapter(output_mode=JSONISH, prompt_layout=SECTIONS, parse_config=ParseConfig())",financial-ner-0010,ok,,1.505358750000596,1,json_object,3,9,0.3333,False,,Date;Location;Money;Person;Product;Quantity,Date[0];Location[0];Money[0];Person[0];Product[0];Quantity[0],737,3,3,1.0,6,"[""{\n\""entities\"": [\n  {\n    \""Company\"": \""BB&T\"",\n    \""Date\"": \""n/a\"",\n    \""Location\"": \""n/a\"",\n    \""Money\"": \""n/a\"",\n    \""Person\"": \""n/a\"",\n    \""Product\"": \""n/a\"",\n    \""Quantity\"": \""n/a\""\n  },\n  {\n    \""Company\"": \""SunTrust\"",\n    \""Date\"": \""n/a\"",\n    \""Location\"": \""n/a\"",\n    \""Money\"": \""n/a\"",\n    \""Person\"": \""n/a\"",\n    \""Product\"": \""n/a\"",\n    \""Quantity\"": \""n/a\""\n  },\n  {\n    \""Company\"": \""U.S. Bank\"",\n    \""Date\"": \""n/a\"",\n    \""Location\"": \""n/a\"",\n    \""Money\"": \""n/a\"",\n    \""Person\"": \""n/a\"",\n    \""Product\"": \""n/a\"",\n    \""Quantity\"": \""n/a\""\n  }\n]}""]"
sola-jsonish-rescue,"StructuredOutputAdapter(output_mode=JSONISH, prompt_layout=SECTIONS, parse_config=ParseConfig())",financial-ner-0011,ok,,1.1618373090168461,1,json_object,3,8,0.375,False,,Date;Location;Money;Person;Product,Date[0];Location[0];Money[0];Person[0];Product[0],693,2,2,1.0,5,"[""{\n\""entities\"": [\n  {\n    \""Company\"": \""Norsk Hydro\"",\n    \""Date\"": \""2023-02-20\"",\n    \""Location\"": \""Norway\"",\n    \""Money\"": \""NOK 1.1 billion\"",\n    \""Person\"": \""Kjell Inge Røe\"",\n    \""Product\"": \""oil and gas business\""\n  },\n  {\n    \""Company\"": \""Statoil\"",\n    \""Date\"": \""2023-02-20\"",\n    \""Location\"": \""Norway\"",\n    \""Money\"": \""NOK 1.1 billion\"",\n    \""Person\"": \""Kjell Inge Røe\"",\n    \""Product\"": \""oil and gas business\""\n  }\n]}""]"
sola-jsonish-rescue,"StructuredOutputAdapter(output_mode=JSONISH, prompt_layout=SECTIONS, parse_config=ParseConfig())",financial-ner-0012,ok,,1.4815733180148527,1,json_object,2,9,0.2222,False,Money[0];Money[1],Date;Location;Person;Product;Quantity,Company[2];Date[0];Location[0];Money[2];Person[0];Product[0];Quantity[0],755,2,4,0.5,5,"[""{\n\n\""entities\"": [\n  {\n    \""Company\"": \""Pfizer\"",\n    \""Date\"": \""2023-02-20\"",\n    \""Location\"": \""United States\"",\n    \""Money\"": \""None\"",\n    \""Person\"": \""None\"",\n    \""Product\"": \""None\"",\n    \""Quantity\"": \""None\""\n  },\n  {\n    \""Company\"": \""American Home Products\"",\n    \""Date\"": \""2023-02-20\"",\n    \""Location\"": \""United States\"",\n    \""Money\"": \""None\"",\n    \""Person\"": \""None\"",\n    \""Product\"": \""None\"",\n    \""Quantity\"": \""None\""\n  },\n  {\n    \""Company\"": \""None\"",\n    \""Date\"": \""2023-02-20\"",\n    \""Location\"": \""United States\"",\n    \""Money\"": \""None\"",\n    \""Person\"": \""None\"",\n    \""Product\"": \""None\"",\n    \""Quantity\"": \""None\""\n  }\n] }""]"
sola-jsonish-rescue,"StructuredOutputAdapter(output_mode=JSONISH, prompt_layout=SECTIONS, parse_config=ParseConfig())",financial-ner-0013,ok,,0.9478795059840195,1,json_object,3,8,0.375,False,,Location;Money;Person;Product;Quantity,Date[1];Location[0];Money[0];Person[0];Product[0];Quantity[0],666,3,3,1.0,5,"[""{\n\n\""entities\"": [\n  {\n    \""Company\"": \""United Technologies\"",\n    \""Date\"": \""early 2020\"",\n    \""Location\"": \""United States\"",\n    \""Money\"": \""None\"",\n    \""Person\"": \""None\"",\n    \""Product\"": \""None\"",\n    \""Quantity\"": \""None\""\n  },\n  {\n    \""Company\"": \""Raytheon\"",\n    \""Date\"": \""None\"",\n    \""Location\"": \""United States\"",\n    \""Money\"": \""None\"",\n    \""Person\"": \""None\"",\n    \""Product\"": \""None\"",\n    \""Quantity\"": \""None\""\n  }\n] }""]"
sola-jsonish-rescue,"StructuredOutputAdapter(output_mode=JSONISH, prompt_layout=SECTIONS, parse_config=ParseConfig())",financial-ner-0014,ok,,1.1564582990249619,1,json_object,4,8,0.5,False,,Date;Location;Product;Quantity,Date[0];Date[1];Location[0];Product[0];Quantity[0],699,4,4,1.0,4,"[""{\n\n\""entities\"": [\n  {\n    \""Company\"": \""BMS\"",\n    \""Date\"": [\""2023\"", \""2024\""],\n    \""Location\"": \""United States\"",\n    \""Money\"": \""$74 Billion\"",\n    \""Person\"": \""Giovanni Caforio\"",\n    \""Product\"": \""Acquisition of Celgene\"",\n    \""Quantity\"": \""74\""\n  },\n  {\n    \""Company\"": \""Celgene\"",\n    \""Date\"": [\""2023\"", \""2024\""],\n    \""Location\"": \""United States\"",\n    \""Money\"": \""$74 Billion\"",\n    \""Person\"": \""Giovanni Caforio\"",\n    \""Product\"": \""Acquisition of Celgene\"",\n    \""Quantity\"": \""74\""\n  }\n] }""]"
sola-jsonish-rescue,"StructuredOutputAdapter(output_mode=JSONISH, prompt_layout=SECTIONS, parse_config=ParseConfig())",financial-ner-0015,ok,,0.9726009269943461,1,json_object,3,8,0.375,False,,Date;Location;Person;Product;Quantity,Date[0];Date[1];Location[0];Money[1];Person[0];Product[0];Product[1];Quantity[0],663,3,3,1.0,5,"[""{\n\""entities\"": [\n  {\n    \""Company\"": \""Caremark\"",\n    \""Date\"": \""2020\"",\n    \""Location\"": \""United States\"",\n    \""Money\"": \""$21 Billion\"",\n    \""Person\"": \""None\"",\n    \""Product\"": \""None\"",\n    \""Quantity\"": \""None\""\n  },\n  {\n    \""Company\"": \""CVS\"",\n    \""Date\"": \""None\"",\n    \""Location\"": \""United States\"",\n    \""Money\"": \""None\"",\n    \""Person\"": \""None\"",\n    \""Product\"": \""Pharmacy\"",\n    \""Quantity\"": \""None\""\n  }\n]}""]"
sola-jsonish-rescue,"StructuredOutputAdapter(output_mode=JSONISH, prompt_layout=SECTIONS, parse_config=ParseConfig())",financial-ner-0016,ok,,2.0566412750049494,1,json_object,1,10,0.1,False,Company[0];Company[2];Company[3];Location[0],Date;Money;Person;Product;Quantity,Date[0];Location[1];Money[0];Person[0];Product[0];Quantity[0],831,1,5,0.2,5,"[""{\n\n\""entities\"": [\n  {\n    \""Company\"": \""Allergan\"",\n    \""Date\"": \""2020\"",\n    \""Location\"": \""Canada\"",\n    \""Money\"": \""None\"",\n    \""Person\"": \""None\"",\n    \""Product\"": \""None\"",\n    \""Quantity\"": \""None\""\n  },\n  {\n    \""Company\"": \""Valeant\"",\n    \""Date\"": \""None\"",\n    \""Location\"": \""None\"",\n    \""Money\"": \""None\"",\n    \""Person\"": \""None\"",\n    \""Product\"": \""None\"",\n    \""Quantity\"": \""None\""\n  },\n  {\n    \""Company\"": \""Actavis\"",\n    \""Date\"": \""None\"",\n    \""Location\"": \""None\"",\n    \""Money\"": \""None\"",\n    \""Person\"": \""None\"",\n    \""Product\"": \""None\"",\n    \""Quantity\"": \""None\""\n  },\n  {\n    \""Company\"": \""Allergan\"",\n    \""Date\"": \""None\"",\n    \""Location\"": \""Canada\"",\n    \""Money\"": \""None\"",\n    \""Person\"": \""None\"",\n    \""Product\"": \""None\"",\n    \""Quantity\"": \""None\""\n  }\n] \n\n \n\n \n\n \n\n \n\n \n\n \n\n \n\n \n\n \n\n \n\n \n\n \n\n \n\n \n\n \n\n \n\n \n\n \n\n \n\n \n\n \n\n \n\n \n\n \n\n \n\n \n\n \n\n \n\n \n\n \n\n""]"
sola-jsonish-rescue,"StructuredOutputAdapter(output_mode=JSONISH, prompt_layout=SECTIONS, parse_config=ParseConfig())",financial-ner-0017,ok,,1.011372084962204,1,json_object,3,8,0.375,False,,Date;Location;Person;Product;Quantity,Date[0];Location[0];Location[1];Person[0];Product[0];Quantity[0],675,3,3,1.0,5,"[""{\n\""entities\"": [\n  {\n    \""Company\"": \""ChemChina\"",\n    \""Date\"": \""2021-01-01\"",\n    \""Location\"": \""China\"",\n    \""Money\"": \""$43 Billion\"",\n    \""Person\"": \""None\"",\n    \""Product\"": \""None\"",\n    \""Quantity\"": \""None\""\n  },\n  {\n    \""Company\"": \""Syngenta\"",\n    \""Date\"": \""2021-01-01\"",\n    \""Location\"": \""Switzerland\"",\n    \""Money\"": \""$43 Billion\"",\n    \""Person\"": \""None\"",\n    \""Product\"": \""None\"",\n    \""Quantity\"": \""None\""\n  }\n]}""]"
sola-jsonish-rescue,"StructuredOutputAdapter(output_mode=JSONISH, prompt_layout=SECTIONS, parse_config=ParseConfig())",financial-ner-0018,ok,,0.5899114380008541,1,json_object,1,8,0.125,False,Company[0];Money[0],Date;Location;Person;Product;Quantity,Date[0];Location[0];Money[1];Person[0];Product[0];Quantity[0],617,1,3,0.3333,5,"[""{\n\""entities\"": [\n  {\n    \""Company\"": \""Refinitiv\"",\n    \""Date\"": \""2022-01-01\"",\n    \""Location\"": \""London\"",\n    \""Money\"": \""27 billion\"",\n    \""Person\"": \""None\"",\n    \""Product\"": \""Financial data and analytics\"",\n    \""Quantity\"": \""None\""\n  }\n]\n}""]"
sola-jsonish-rescue,"StructuredOutputAdapter(output_mode=JSONISH, prompt_layout=SECTIONS, parse_config=ParseConfig())",financial-ner-0019,ok,,1.0119964909972623,1,json_object,2,8,0.25,False,Date[0],Location;Money;Person;Product;Quantity,Date[1];Location[0];Money[0];Person[0];Product[0];Quantity[0],678,2,3,0.6667,5,"[""{\n\n\""entities\"": [\n  {\n    \""Company\"": \""Chrysler\"",\n    \""Date\"": \""1998-05-07\"",\n    \""Location\"": \""Germany\"",\n    \""Money\"": \""None\"",\n    \""Person\"": \""None\"",\n    \""Product\"": \""None\"",\n    \""Quantity\"": \""None\""\n  },\n  {\n    \""Company\"": \""Daimler Benz\"",\n    \""Date\"": \""1998-05-07\"",\n    \""Location\"": \""Germany\"",\n    \""Money\"": \""None\"",\n    \""Person\"": \""None\"",\n    \""Product\"": \""None\"",\n    \""Quantity\"": \""None\""\n  }\n] }""]"
sola-jsonish-rescue,"StructuredOutputAdapter(output_mode=JSONISH, prompt_layout=SECTIONS, parse_config=ParseConfig())",financial-ner-0020,ok,,6.662217922043055,1,json_object,0,7,0.0,False,Location[0],Company;Date;Money;Person;Product;Quantity,Company[0];Date[0];Location[1];Location[2];Money[0];Person[0];Product[0];Quantity[0],1447,0,1,0.0,6,"[""{\n\""entities\"": [\n  {\n    \""Company\"": \""None\"",\n    \""Date\"": \""2023-03-01\"",\n    \""Location\"": \""None\"",\n    \""Money\"": \""None\"",\n    \""Person\"": \""None\"",\n    \""Product\"": \""None\"",\n    \""Quantity\"": \""None\""\n  },\n  {\n    \""Company\"": \""None\"",\n    \""Date\"": \""2023-03-01\"",\n    \""Location\"": \""None\"",\n    \""Money\"": \""None\"",\n    \""Person\"": \""None\"",\n    \""Product\"": \""None\"",\n    \""Quantity\"": \""None\""\n  },\n  {\n    \""Company\"": \""None\"",\n    \""Date\"": \""2023-03-01\"",\n    \""Location\"": \""None\"",\n    \""Money\"": \""None\"",\n    \""Person\"": \""None\"",\n    \""Product\"": \""None\"",\n    \""Quantity\"": \""None\""\n  },\n  {\n    \""Company\"": \""None\"",\n    \""Date\"": \""2023-03-01\"",\n    \""Location\"": \""None\"",\n    \""Money\"": \""None\"",\n    \""Person\"": \""None\"",\n    \""Product\"": \""None\"",\n    \""Quantity\"": \""None\""\n  },\n  {\n    \""Company\"": \""None\"",\n    \""Date\"": \""2023-03-01\"",\n    \""Location\"": \""None\"",\n    \""Money\"": \""None\"",\n    \""Person\"": \""None\"",\n    \""Product\"": \""None\"",\n    \""Quantity\"": \""None\""\n  },\n  {\n    \""Company\"": \""None\"",\n    \""Date\"": \""2023-03-01\"",\n    \""Location\"": \""None\"",\n    \""Money\"": \""None\"",\n    \""Person\"": \""None\"",\n    \""Product\"": \""None\"",\n    \""Quantity\"": \""None\""\n  },\n  {\n    \""Company\"": \""None\"",\n    \""Date\"": \""2023-03-01\"",\n    \""Location\"": \""None\"",\n    \""Money\"": \""None\"",\n    \""Person\"": \""None\"",\n    \""Product\"": \""None\"",\n    \""Quantity\"": \""None\""\n  },\n  {\n    \""Company\"": \""None\"",\n    \""Date\"": \""2023-03-01\"",\n    \""Location\"": \""None\"",\n    \""Money\"": \""None\"",\n    \""Person\"": \""None\"",\n    \""Product\"": \""None\"",\n    \""Quantity\"": \""None\""\n  },\n  {\n    \""Company\"": \""None\"",\n    \""Date\"": \""2023-03-01\"",\n    \""Location\"": \""None\"",\n    \""Money\"": \""None\"",\n    \""Person\"": \""None\"",\n    \""Product\"": \""None\"",\n    \""Quantity\"": \""None\""\n  },\n  {\n    \""Company\"": \""None\"",\n    \""Date\"": \""2023-03-01\"",\n    \""Location\"": \""None\"",\n    \""Money\"": \""None\"",\n    \""Person\"": \""None\"",\n    \""Product\"": \""None\"",\n    \""Quantity\"": \""None\""\n  },\n  {\n    \""Company\"": \""None\"",\n    \""Date\"": \""2023-03-01\"",\n    \""Location\"": \""None\"",\n    \""Money\"": \""None\"",\n    \""Person\"": \""None\"",\n    \""Product\"": \""None\"",\n    \""Quantity\"": \""None\""\n  },\n  {\n    \""Company\"": \""None\"",\n    \""Date\"": \""2023-03-01\"",\n    \""Location\"": \""None\"",\n    \""Money\"": \""None\"",\n    \""Person\"": \""None\"",\n    \""Product\"": \""None\"",\n    \""Quantity\"": \""None\""\n  },\n  {\n    \""Company\"": \""None\"",\n    \""Date\"": \""2023-03-01\"",\n    \""Location\"": \""None\"",\n    \""Money\"": \""None\"",\n    \""Person\"": \""None\"",\n    \""Product\"": \""None\"",\n    \""Quantity\"": \""None\""\n  },\n  {\n    \""Company\"": \""None\"",\n    \""Date\"": \""2023-03-01\"",\n    \""Location\"": \""None\"",\n    \""Money\"": \""None\"",\n    \""Person\"": \""None\"",\n    \""Product\"": \""None\"",\n    \""Quantity\"": \""None\""\n  },\n  {\n    \""Company\"": \""None\"",\n    \""Date\"": \""2023-03-01\"",\n    \""Location\"": \""None\"",\n    \""Money\"": \""None\"",\n    \""Person\"": \""None\"",\n    \""Product\"": \""None\"",\n    \""Quantity\"": \""None\""\n  },\n  {\n    \""Company\"": \""None\"",\n    \""Date\"": \""2023-03-01\"",\n    \""Location\"":""]"
sola-jsonish-rescue,"StructuredOutputAdapter(output_mode=JSONISH, prompt_layout=SECTIONS, parse_config=ParseConfig())",financial-ner-0021,ok,,1.081105399003718,1,json_object,4,8,0.5,False,,Date;Person;Product;Quantity,Date[0];Person[0];Product[0];Quantity[0],679,4,4,1.0,4,"[""{\n\""entities\"": [\n  {\n    \""Company\"": \""Hutchison\"",\n    \""Date\"": \""2023-02-20\"",\n    \""Location\"": \""Italy\"",\n    \""Money\"": \""$24 Billion\"",\n    \""Person\"": \""None\"",\n    \""Product\"": \""Assets\"",\n    \""Quantity\"": \""None\""\n  },\n  {\n    \""Company\"": \""VimpelCom\"",\n    \""Date\"": \""2023-02-20\"",\n    \""Location\"": \""Italy\"",\n    \""Money\"": \""$24 Billion\"",\n    \""Person\"": \""None\"",\n    \""Product\"": \""Assets\"",\n    \""Quantity\"": \""None\""\n  }\n]}""]"
sola-jsonish-rescue,"StructuredOutputAdapter(output_mode=JSONISH, prompt_layout=SECTIONS, parse_config=ParseConfig())",financial-ner-0022,ok,,1.1060669519938529,1,json_object,1,8,0.125,False,Company[0];Money[0],Date;Location;Person;Product;Quantity,Company[2];Date[0];Location[0];Money[1];Person[0];Product[0];Quantity[0],680,1,3,0.3333,5,"[""{\n\""entities\"": [\n  {\n    \""Company\"": \""SoftBank\"",\n    \""Date\"": \""2022-01-01\"",\n    \""Location\"": \""United Kingdom\"",\n    \""Money\"": \""31 billion\"",\n    \""Person\"": \""Bernard Arnault\"",\n    \""Product\"": \""ARM Holdings\"",\n    \""Quantity\"": \""31 billion\""\n  },\n  {\n    \""Company\"": \""ARM Holdings\"",\n    \""Date\"": \""2022-01-01\"",\n    \""Location\"": \""United Kingdom\"",\n    \""Money\"": \""31 billion\"",\n    \""Person\"": \""Bernard Arnault\"",\n    \""Product\"": \""ARM Holdings\"",\n    \""Quantity\"": \""31 billion\""\n  }\n] }""]"
sola-jsonish-rescue,"StructuredOutputAdapter(output_mode=JSONISH, prompt_layout=SECTIONS, parse_config=ParseConfig())",financial-ner-0023,ok,,1.0807390909758396,1,json_object,2,8,0.25,False,Money[0],Date;Location;Person;Product;Quantity,Date[0];Location[0];Money[1];Money[2];Person[0];Person[1];Product[0];Quantity[0],688,2,3,0.6667,5,"[""{\n\""entities\"": [\n  {\n    \""Company\"": \""Charles Schwab\"",\n    \""Date\"": \""2023-02-20\"",\n    \""Location\"": \""United States\"",\n    \""Money\"": \""26 billion\"",\n    \""Person\"": \""Charles Schwab\"",\n    \""Product\"": \""stock deal\"",\n    \""Quantity\"": \""all\""\n  },\n  {\n    \""Company\"": \""TD Ameritrade\"",\n    \""Date\"": \""2023-02-20\"",\n    \""Location\"": \""United States\"",\n    \""Money\"": \""0\"",\n    \""Person\"": \""TD Ameritrade\"",\n    \""Product\"": \""stock deal\"",\n    \""Quantity\"": \""all\""\n  }\n]}""]"
sola-jsonish-rescue,"StructuredOutputAdapter(output_mode=JSONISH, prompt_layout=SECTIONS, parse_config=ParseConfig())",financial-ner-0024,ok,,0.9535491070128046,1,json_object,3,8,0.375,False,Money[0],Date;Location;Person;Quantity,Date[0];Location[0];Money[1];Money[2];Person[0];Person[1];Quantity[0];Quantity[1],695,2,3,0.6667,4,"[""{\n\n\""entities\"": [\n  {\n    \""Company\"": \""Xerox\"",\n    \""Date\"": \""2023-02-20\"",\n    \""Location\"": \""United States\"",\n    \""Money\"": \""33.5 billion\"",\n    \""Person\"": \""Xerox\"",\n    \""Quantity\"": \""25.8 billion\""\n  },\n  {\n    \""Company\"": \""HP\"",\n    \""Date\"": \""2023-02-20\"",\n    \""Location\"": \""United States\"",\n    \""Money\"": \""None\"",\n    \""Person\"": \""HP\"",\n    \""Quantity\"": \""None\""\n  }\n] }""]"
sola-jsonish-rescue,"StructuredOutputAdapter(output_mode=JSONISH, prompt_layout=SECTIONS, parse_config=ParseConfig())",financial-ner-0025,ok,,4.126920612005051,1,json_object,1,7,0.1429,False,Location[0];Quantity[0],Date;Money;Person;Product,Date[0];Location[1];Money[0];Person[0];Product[0];Quantity[1],1069,1,3,0.3333,4,"[""{\n\n\""entities\"": [\n  {\n    \""Company\"": \""China Mobile\"",\n    \""Date\"": \""2020\"",\n    \""Location\"": \""China\"",\n    \""Money\"": \""7\"",\n    \""Person\"": \""None\"",\n    \""Product\"": \""mobile communications businesses\"",\n    \""Quantity\"": \""7\""\n  },\n  {\n    \""Company\"": \""China Mobile\"",\n    \""Date\"": \""2020\"",\n    \""Location\"": \""China\"",\n    \""Money\"": \""7\"",\n    \""Person\"": \""None\"",\n    \""Product\"": \""mobile communications businesses\"",\n    \""Quantity\"": \""7\""\n  },\n  {\n    \""Company\"": \""China Mobile\"",\n    \""Date\"": \""2020\"",\n    \""Location\"": \""China\"",\n    \""Money\"": \""7\"",\n    \""Person\"": \""None\"",\n    \""Product\"": \""mobile communications businesses\"",\n    \""Quantity\"": \""7\""\n  },\n  {\n    \""Company\"": \""China Mobile\"",\n    \""Date\"": \""2020\"",\n    \""Location\"": \""China\"",\n    \""Money\"": \""7\"",\n    \""Person\"": \""None\"",\n    \""Product\"": \""mobile communications businesses\"",\n    \""Quantity\"": \""7\""\n  },\n  {\n    \""Company\"": \""China Mobile\"",\n    \""Date\"": \""2020\"",\n    \""Location\"": \""China\"",\n    \""Money\"": \""7\"",\n    \""Person\"": \""None\"",\n    \""Product\"": \""mobile communications businesses\"",\n    \""Quantity\"": \""7\""\n  },\n  {\n    \""Company\"": \""China Mobile\"",\n    \""Date\"": \""2020\"",\n    \""Location\"": \""China\"",\n    \""Money\"": \""7\"",\n    \""Person\"": \""None\"",\n    \""Product\"": \""mobile communications businesses\"",\n    \""Quantity\"": \""7\""\n  },\n  {\n    \""Company\"": \""China Mobile\"",\n    \""Date\"": \""2020\"",\n    \""Location\"": \""China\"",\n    \""Money\"": \""7\"",\n    \""Person\"": \""None\"",\n    \""Product\"": \""mobile communications businesses\"",\n    \""Quantity\"": \""7\""\n  },\n  {\n    \""Company\"": \""China Mobile\"",\n    \""Date\"": \""2020\"",\n    \""Location\"": \""China\"",\n    \""Money\"": \""7\"",\n    \""Person\"": \""None\"",\n    \""Product\"": \""mobile communications businesses\"",\n    \""Quantity\"": \""7\""\n  },\n  {\n    \""Company\"": \""China Mobile\"",\n    \""Date\"": \""2020\"",\n    \""Location\"": \""China\"",\n    \""Money\"": \""7\"",\n    \""Person\"": \""None\"",\n    \""Product\"": \""mobile communications businesses\"",\n    \""Quantity\"": \""7\""\n  }\n]\n\n}""]"
sola-jsonish-rescue,"StructuredOutputAdapter(output_mode=JSONISH, prompt_layout=SECTIONS, parse_config=ParseConfig())",financial-ner-0026,ok,,1.1874924100120552,1,json_object,2,8,0.25,False,Money[0],Date;Location;Person;Product;Quantity,Date[0];Location[0];Location[1];Money[1];Money[2];Person[0];Person[1];Product[0];Quantity[0];Quantity[1],683,2,3,0.6667,5,"[""{\n\""entities\"": [\n  {\n    \""Company\"": \""GSK\"",\n    \""Date\"": \""2023-02-20\"",\n    \""Location\"": \""United Kingdom\"",\n    \""Money\"": \""68 billion\"",\n    \""Person\"": \""Andrew Witty\"",\n    \""Product\"": \""consumer division\"",\n    \""Quantity\"": \""68 billion\""\n  },\n  {\n    \""Company\"": \""Unilever\"",\n    \""Date\"": \""2023-02-20\"",\n    \""Location\"": \""Netherlands\"",\n    \""Money\"": \""null\"",\n    \""Person\"": \""Niall Connolly\"",\n    \""Product\"": \""consumer division\"",\n    \""Quantity\"": \""null\""\n  }\n] }""]"
sola-jsonish-rescue,"StructuredOutputAdapter(output_mode=JSONISH, prompt_layout=SECTIONS, parse_config=ParseConfig())",financial-ner-0027,ok,,1.0221792199881747,1,json_object,2,8,0.25,False,,Date;Location;Money;Person;Product;Quantity,Date[0];Date[1];Location[0];Money[0];Person[0];Product[0];Quantity[0],674,2,2,1.0,6,"[""{\n\""entities\"": [\n  {\n    \""Company\"": \""Boston Scientific\"",\n    \""Date\"": \""2020\"",\n    \""Location\"": \""United States\"",\n    \""Money\"": \""1.1 billion\"",\n    \""Person\"": \""Michael D. Diamond\"",\n    \""Product\"": \""Guidant\"",\n    \""Quantity\"": \""1\""\n  },\n  {\n    \""Company\"": \""Guidant\"",\n    \""Date\"": \""2007\"",\n    \""Location\"": \""United States\"",\n    \""Money\"": \""1.1 billion\"",\n    \""Person\"": \""Michael D. Diamond\"",\n    \""Product\"": \""Guidant\"",\n    \""Quantity\"": \""1\""\n  }\n]}""]"
sola-jsonish-rescue,"StructuredOutputAdapter(output_mode=JSONISH, prompt_layout=SECTIONS, parse_config=ParseConfig())",financial-ner-0028,ok,,1.282904324005358,1,json_object,3,9,0.3333,False,,Date;Location;Money;Person;Product;Quantity,Date[0];Location[0];Money[0];Person[0];Product[0];Quantity[0],715,3,3,1.0,6,"[""{\n\""entities\"": [\n  {\n    \""Company\"": \""Global Crossing\"",\n    \""Date\"": \""null\"",\n    \""Location\"": \""null\"",\n    \""Money\"": \""null\"",\n    \""Person\"": \""null\"",\n    \""Product\"": \""null\"",\n    \""Quantity\"": \""null\""\n  },\n  {\n    \""Company\"": \""US West\"",\n    \""Date\"": \""null\"",\n    \""Location\"": \""null\"",\n    \""Money\"": \""null\"",\n    \""Person\"": \""null\"",\n    \""Product\"": \""null\"",\n    \""Quantity\"": \""null\""\n  },\n  {\n    \""Company\"": \""Qwest\"",\n    \""Date\"": \""null\"",\n    \""Location\"": \""null\"",\n    \""Money\"": \""null\"",\n    \""Person\"": \""null\"",\n    \""Product\"": \""null\"",\n    \""Quantity\"": \""null\""\n  }\n] }""]"
sola-jsonish-rescue,"StructuredOutputAdapter(output_mode=JSONISH, prompt_layout=SECTIONS, parse_config=ParseConfig())",financial-ner-0029,ok,,1.0535624530166388,1,json_object,3,9,0.3333,False,Location[0];Location[1];Money[0],Date;Person;Quantity,Date[0];Location[2];Money[1];Person[0];Quantity[0],697,3,6,0.5,3,"[""{\n\n\""entities\"": [\n  {\n    \""Company\"": \""Halliburton\"",\n    \""Date\"": \""2023-02-01\"",\n    \""Location\"": \""United States\"",\n    \""Money\"": \""28 billion\"",\n    \""Person\"": \""None\"",\n    \""Product\"": \""Oilfield services\"",\n    \""Quantity\"": \""None\""\n  },\n  {\n    \""Company\"": \""Baker Hughes\"",\n    \""Date\"": \""2023-02-01\"",\n    \""Location\"": \""United States\"",\n    \""Money\"": \""28 billion\"",\n    \""Person\"": \""None\"",\n    \""Product\"": \""Oilfield services\"",\n    \""Quantity\"": \""None\""\n  }\n] }""]"
sola-yaml-rescue,"StructuredOutputAdapter(output_mode=YAML, prompt_layout=SECTIONS, parse_config=ParseConfig())",financial-ner-0000,ok,,2.1140743760042824,1,none,8,8,1.0,False,,,Company[2],841,2,2,1.0,0,"[""I can help you identify and extract entities from the given financial news text into the specified categories. Here is the output in YAML format:\n\n```\nentities:\n  - Company: Albertsons\n    Date: null\n    Location: null\n    Money: null\n    Person: null\n    Product: null\n    Quantity: null\n  - Company: Rite Aid\n    Date: null\n    Location: null\n    Money: null\n    Person: null\n    Product: null\n    Quantity: null\n  - Company: None\n    Date: null\n    Location: null\n    Money: null\n    Person: null\n    Product: null\n    Quantity: null\n  - Company: None\n    Date: null\n    Location: null\n    Money: null\n    Person: null\n    Product: null\n    Quantity: null\n```\n\nHere's a brief explanation of the entities extracted:\n\n- `Albertsons` and `Rite Aid` are the two companies that called off the planned merger.\n- The exact dates, locations, and monetary values are not explicitly mentioned in the text, so they are set to `null`.\n- The `Person` and `Product` entities are not mentioned in the text, so they are set to `null`.\n- The `Quantity` entity is not mentioned in the text, so it is set to `null`.""]"
sola-yaml-rescue,"StructuredOutputAdapter(output_mode=YAML, prompt_layout=SECTIONS, parse_config=ParseConfig())",financial-ner-0001,validation_error,ValidationError,1.9713718090206385,1,none,0,8,0.0,False,,Company[0];Company[1];Date;Location[0];Money;Person;Product;Quantity,,819,0,3,0.0,0,"[""I can help you identify and extract entities from the given financial news text into the specified categories. Here is the output in YAML format:\n\n```\nentities:\n  - Company: Essilor\n    Date: 2020\n    Location: France\n    Money: null\n    Person: null\n    Product: lenses\n    Quantity: null\n  - Company: Luxottica\n    Date: 2020\n    Location: Italy\n    Money: null\n    Person: null\n    Product: sunglasses\n    Quantity: null\n  - Company: Essilor\n    Date: 2020\n    Location: France\n    Money: null\n    Person: Jean-Jacques Rodolphe\n    Product: lenses\n    Quantity: null\n  - Company: Luxottica\n    Date: 2020\n    Location: Italy\n    Money: null\n    Person: Giorgio Armani\n    Product: sunglasses\n    Quantity: null\n```\n\nNote that I've assumed the following entities:\n\n* Essilor: a French multinational company that produces lenses\n* Luxottica: an Italian multinational company that produces sunglasses\n* Jean-Jacques Rodolphe: the CEO of Essilor\n* Giorgio Armani: the founder of Giorgio Armani, a luxury fashion brand""]"
sola-yaml-rescue,"StructuredOutputAdapter(output_mode=YAML, prompt_layout=SECTIONS, parse_config=ParseConfig())",financial-ner-0002,ok,,6.433891360997222,1,none,6,9,0.6667,False,Company[1],Product;Quantity,Company[3];Company[4];Company[5];Date[1];Money[1];Product[0];Product[1];Product[2];Quantity[0],1482,6,7,0.8571,2,"[""I can help you extract the entities from the given financial news text. Here is the output in YAML-style objects:\n\n```\nentities:\n  - Company: Broadcom\n    Date: February 21\n    Location: US\n    Money: $117 billion\n    Person: Donald Trump\n    Product: Offer\n    Quantity: None\n  - Company: Qualcomm\n    Date: None\n    Location: US\n    Money: None\n    Person: Donald Trump\n    Product: Bid\n    Quantity: None\n  - Company: NXP Semiconductors\n    Date: None\n    Location: US\n    Money: None\n    Person: Donald Trump\n    Product: Bid\n    Quantity: None\n  - Company: Qualcomms\n    Date: None\n    Location: US\n    Money: None\n    Person: Donald Trump\n    Product: Bid\n    Quantity: None\n  - Company: US\n    Date: February 21\n    Location: US\n    Money: None\n    Person: Donald Trump\n    Product: Deal\n    Quantity: None\n  - Company: Broadcom\n    Date: February 21\n    Location: US\n    Money: $117 billion\n    Person: Donald Trump\n    Product: Offer\n    Quantity: None\n  - Company: NXP Semiconductors\n    Date: February 21\n    Location: US\n    Money: $117 billion\n    Person: Donald Trump\n    Product: Offer\n    Quantity: None\n  - Company: Qualcomm\n    Date: February 21\n    Location: US\n    Money: $117 billion\n    Person: Donald Trump\n    Product: Offer\n    Quantity: None\n  - Company: US\n    Date: February 21\n    Location: US\n    Money: $117 billion\n    Person: Donald Trump\n    Product: Offer\n    Quantity: None\n  - Company: Qualcomms\n    Date: February 21\n    Location: US\n    Money: $117 billion\n    Person: Donald Trump\n    Product: Offer\n    Quantity: None\n  - Company: NXP Semiconductors\n    Date: February 21\n    Location: US\n    Money: $117 billion\n    Person: Donald Trump\n    Product: Offer\n    Quantity: None\n  - Company: Qualcomm\n    Date: February 21\n    Location: US\n    Money: $117 billion\n    Person: Donald Trump\n    Product: Offer\n    Quantity: None\n  - Company: US\n    Date: February 21\n    Location: US\n    Money: $117 billion\n    Person: Donald Trump\n    Product: Offer\n    Quantity: None\n  - Company: Broadcom\n    Date: February 21\n    Location: US\n    Money: $117 billion\n    Person: Donald Trump\n    Product: Offer\n    Quantity: None\n  - Company: NXP Semiconductors\n    Date: February 21\n    Location: US\n    Money: $117 billion\n    Person: Donald Trump\n    Product: Offer\n    Quantity: None\n  - Company: Qualcomm\n    Date: February 21\n    Location: US\n    Money: $117 billion\n    Person: Donald Trump\n    Product: Offer\n    Quantity: None\n  - Company: US\n    Date: February 21\n    Location: US\n    Money: $117 billion\n    Person: Donald Trump\n    Product: Offer\n    Quantity: None\n  - Company: Qualcomms\n    Date: February 21\n    Location: US\n    Money: $117 billion\n    Person: Donald Trump\n    Product: Offer\n    Quantity: None\n  - Company: NXP Semiconductors\n    Date: February 21\n    Location: US\n    Money: $117 billion\n    Person: Donald Trump\n    Product: Offer\n    Quantity: None\n  - Company: Qualcomm\n    Date: February 21\n    Location: US\n    Money: $117 billion\n    Person: Donald Trump\n    Product: Offer\n    Quantity: None\n  - Company: US\n    Date: February 21\n    Location: US\n    Money: $117 billion\n    Person: Donald Trump\n    Product: Offer\n""]"
sola-yaml-rescue,"StructuredOutputAdapter(output_mode=YAML, prompt_layout=SECTIONS, parse_config=ParseConfig())",financial-ner-0003,validation_error,ValidationError,2.364111036004033,1,none,0,8,0.0,False,,Company[0];Company[1];Date;Location;Money[0];Person;Product;Quantity,,869,0,3,0.0,0,"[""I can help you identify and extract entities from the given financial news text into the specified categories. Here is the output in YAML format:\n\n```\nentities:\n  - Company: Bank of America\n    Date: 2023-02-20\n    Location: United States\n    Money: $50 Billion\n    Person: \n      - Name: Brian Moynihan\n    Product: Financial Services\n    Quantity: 1\n  - Company: Merrill Lynch\n    Date: 2023-02-20\n    Location: United States\n    Money: $50 Billion\n    Person: \n      - Name: James Gorman\n    Product: Financial Services\n    Quantity: 1\n  - Company: None\n    Date: 2023-02-20\n    Location: None\n    Money: None\n    Person: None\n    Product: None\n    Quantity: None\n```\n\nNote that I've extracted the entities as follows:\n\n* `Bank of America` and `Merrill Lynch` are explicitly mentioned in the text.\n* `Brian Moynihan` and `James Gorman` are the names of individuals who are mentioned as being involved in the deal.\n* `United States` is a location mentioned in the text.\n* `$50 Billion` is a monetary value mentioned in the text.\n* `Financial Services` is a product mentioned in the text.\n* `2023-02-20` is a date mentioned in the text.\n* `None` is used to represent the absence of entities in the `Company` category.""]"
sola-yaml-rescue,"StructuredOutputAdapter(output_mode=YAML, prompt_layout=SECTIONS, parse_config=ParseConfig())",financial-ner-0004,validation_error,ValidationError,1.7041700099944137,1,none,0,10,0.0,False,,Company[0];Company[1];Company[2];Company[3];Date;Location;Money[0];Person;Product;Quantity,,787,0,5,0.0,0,"[""I can help you identify and extract entities from the given financial news text into the specified categories. Here is the output in YAML format:\n\n```\nentities:\n  - Company: Broadcom\n    Date: 2023-02-20\n    Location: San Jose, California, USA\n    Money: $117 billion\n    Person: None\n    Product: Semiconductors\n    Quantity: None\n  - Company: Qualcomm\n    Date: 2023-02-20\n    Location: San Diego, California, USA\n    Money: None\n    Person: None\n    Product: Semiconductors\n    Quantity: None\n  - Company: NXP Semiconductors\n    Date: 2023-02-20\n    Location: Amsterdam, Netherlands\n    Money: None\n    Person: None\n    Product: Semiconductors\n    Quantity: None\n```\n\nNote that I've assumed the entities are mentioned in the text itself, without making any inferences or references to URLs, domain names, or other indirect references. If you'd like me to adjust this approach, please let me know.""]"
sola-yaml-rescue,"StructuredOutputAdapter(output_mode=YAML, prompt_layout=SECTIONS, parse_config=ParseConfig())",financial-ner-0005,validation_error,ValidationError,1.4785291249863803,1,none,0,7,0.0,False,,Company[0];Date;Location[0];Money[0];Person;Product;Quantity,,753,0,3,0.0,0,"[""I can help you identify and extract entities from the given financial news text into the specified categories. Here is the output in YAML format:\n\n```\nentities:\n  - Company: British\n    Date: 2023-02-20\n    Location: London\n    Money: £22 Billion\n    Person: None\n    Product: None\n    Quantity: None\n  - Company: Mci\n    Date: 2023-02-20\n    Location: London\n    Money: £22 Billion\n    Person: None\n    Product: None\n    Quantity: None\n  - Company: None\n    Date: 2023-02-20\n    Location: None\n    Money: None\n    Person: None\n    Product: None\n    Quantity: None\n```\n\nNote that I've assumed the entities are explicitly mentioned in the text and have extracted them as strings. If the entities are implied or inferred, they would be represented as None in the output.""]"
sola-yaml-rescue,"StructuredOutputAdapter(output_mode=YAML, prompt_layout=SECTIONS, parse_config=ParseConfig())",financial-ner-0006,validation_error,ValidationError,1.7566163020092063,1,none,0,13,0.0,False,,Company[0];Company[1];Company[2];Date;Location;Money[0];Money[1];Money[2];Money[3];Money[4];Person;Product;Quantity,,846,0,8,0.0,0,"[""I'll extract the entities from the given financial news text and format them as a YAML-style object. Here's the output:\n\n```\nentities:\n  - Company: Boston Scientific\n    Date: 2023-02-01\n    Location: United States\n    Money: $24.6 billion\n    Person: None\n    Product: None\n    Quantity: None\n  - Company: Guidant\n    Date: 2023-02-01\n    Location: United States\n    Money: $72 per share\n    Person: None\n    Product: None\n    Quantity: None\n  - Company: Johnson & Johnson\n    Date: 2023-02-01\n    Location: United States\n    Money: $21.5 billion\n    Person: None\n    Product: None\n    Quantity: None\n```\n\nNote that I've assumed the following entities:\n\n* Boston Scientific\n* Guidant\n* Johnson & Johnson\n\nThese entities are explicitly mentioned in the text, and I've extracted each one as a separate entity. If there are any other entities that are not explicitly mentioned, please let me know and I'll be happy to help.""]"
sola-yaml-rescue,"StructuredOutputAdapter(output_mode=YAML, prompt_layout=SECTIONS, parse_config=ParseConfig())",financial-ner-0007,validation_error,ValidationError,2.0086524980142713,1,none,0,8,0.0,False,,Company[0];Company[1];Date;Location;Money[0];Person;Product;Quantity,,826,0,3,0.0,0,"[""I can help you identify and extract entities from the given financial news text into the specified categories. Here is the output in YAML format:\n\n```\nentities:\n  - Company: Time Warner\n    Date: 2023-02-20\n    Location: New York\n    Money: null\n    Person: null\n    Product: null\n    Quantity: null\n  - Company: 21st Century Fox\n    Date: 2023-02-20\n    Location: New York\n    Money: null\n    Person: null\n    Product: null\n    Quantity: null\n  - Entity: $80B\n    Entity: Offer\n    Entity: from\n    Entity: 21st Century Fox\n  - Entity: Time Warner\n    Entity: rejects\n    Entity: $80B\n    Entity: offer\n  - Entity: 21st Century Fox\n    Entity: rejects\n    Entity: $80B\n    Entity: offer\n```\n\nNote that I've assumed the following entities:\n\n* $80B: monetary value expressed in any world currency\n* Offer: compound entity, extracted as a single entity\n* rejects: compound entity, extracted as a single entity\n* from: compound entity, extracted as a single entity\n* Time Warner: company name\n* 21st Century Fox: company name""]"
sola-yaml-rescue,"StructuredOutputAdapter(output_mode=YAML, prompt_layout=SECTIONS, parse_config=ParseConfig())",financial-ner-0008,validation_error,ValidationError,6.298543249955401,1,none,0,7,0.0,False,,Company;Date;Location[0];Money;Person;Product;Quantity,,1413,0,1,0.0,0,"[""I can help you identify and extract entities from the given financial news text into the specified categories. Here is the output in YAML format:\n\n```\nentities:\n  - Company: Bank of Japan\n    Date: 2023\n    Location: Tokyo, Japan\n    Money: null\n    Person: null\n    Product: null\n    Quantity: null\n  - Company: Mitsubishi UFJ Financial Group\n    Date: 2023\n    Location: Tokyo, Japan\n    Money: null\n    Person: null\n    Product: null\n    Quantity: null\n  - Company: Sumitomo Mitsui Financial Group\n    Date: 2023\n    Location: Tokyo, Japan\n    Money: null\n    Person: null\n    Product: null\n    Quantity: null\n  - Company: SBI Holdings\n    Date: 2023\n    Location: Tokyo, Japan\n    Money: null\n    Person: null\n    Product: null\n    Quantity: null\n  - Company: Rakuten\n    Date: 2023\n    Location: Tokyo, Japan\n    Money: null\n    Person: null\n    Product: null\n    Quantity: null\n  - Company: Nippon Telegraph and Telephone Corporation\n    Date: 2023\n    Location: Tokyo, Japan\n    Money: null\n    Person: null\n    Product: null\n    Quantity: null\n  - Company: Japan Post Holdings\n    Date: 2023\n    Location: Tokyo, Japan\n    Money: null\n    Person: null\n    Product: null\n    Quantity: null\n  - Company: KDDI Corporation\n    Date: 2023\n    Location: Tokyo, Japan\n    Money: null\n    Person: null\n    Product: null\n    Quantity: null\n  - Company: SoftBank Group\n    Date: 2023\n    Location: Tokyo, Japan\n    Money: null\n    Person: null\n    Product: null\n    Quantity: null\n  - Company: Rakuten Group\n    Date: 2023\n    Location: Tokyo, Japan\n    Money: null\n    Person: null\n    Product: null\n    Quantity: null\n  - Company: Mitsubishi UFJ Financial Group\n    Date: 2023\n    Location: Tokyo, Japan\n    Money: null\n    Person: null\n    Product: null\n    Quantity: null\n  - Company: Sumitomo Mitsui Financial Group\n    Date: 2023\n    Location: Tokyo, Japan\n    Money: null\n    Person: null\n    Product: null\n    Quantity: null\n  - Company: SBI Holdings\n    Date: 2023\n    Location: Tokyo, Japan\n    Money: null\n    Person: null\n    Product: null\n    Quantity: null\n  - Company: Rakuten\n    Date: 2023\n    Location: Tokyo, Japan\n    Money: null\n    Person: null\n    Product: null\n    Quantity: null\n  - Company: Nippon Telegraph and Telephone Corporation\n    Date: 2023\n    Location: Tokyo, Japan\n    Money: null\n    Person: null\n    Product: null\n    Quantity: null\n  - Company: Japan Post Holdings\n    Date: 2023\n    Location: Tokyo, Japan\n    Money: null\n    Person: null\n    Product: null\n    Quantity: null\n  - Company: KDDI Corporation\n    Date: 2023\n    Location: Tokyo, Japan\n    Money: null\n    Person: null\n    Product: null\n    Quantity: null\n  - Company: SoftBank Group\n    Date: 2023\n    Location: Tokyo, Japan\n    Money: null\n    Person: null\n    Product: null\n    Quantity: null\n```\n\nNote that I've assumed the entities are extracted based on the text provided, and I've used the provided schema to format the output. If there are any discrepancies or issues with the extracted entities, please let me know and I'll be happy to revise the output accordingly.""]"
sola-yaml-rescue,"StructuredOutputAdapter(output_mode=YAML, prompt_layout=SECTIONS, parse_config=ParseConfig())",financial-ner-0009,validation_error,ValidationError,2.6358756669797003,1,none,0,7,0.0,False,,Company[0];Date[0];Location;Money;Person;Product;Quantity[0],,933,0,3,0.0,0,"[""I'll extract the entities from the given financial news text and format them as a YAML-style object.\n\n```yml\nentities:\n  - Company: COLUMBIA GROUP\n    Date: 2023\n    Location: United States\n    Money: null\n    Person: null\n    Product: null\n    Quantity: null\n  - Company: SEC\n    Date: 2023\n    Location: United States\n    Money: null\n    Person: null\n    Product: null\n    Quantity: null\n  - Company: Utilities\n    Date: 2023\n    Location: United States\n    Money: null\n    Person: null\n    Product: null\n    Quantity: null\n  - Company: Merger\n    Date: 2023\n    Location: United States\n    Money: null\n    Person: null\n    Product: null\n    Quantity: null\n  - Company: Acquisition\n    Date: 2023\n    Location: United States\n    Money: null\n    Person: null\n    Product: null\n    Quantity: null\n  - Company: Consolidation\n    Date: 2023\n    Location: United States\n    Money: null\n    Person: null\n    Product: null\n    Quantity: null\n  - Company: New Corporation\n    Date: 2023\n    Location: United States\n    Money: null\n    Person: null\n    Product: null\n    Quantity: null\n```\n\nNote that I've assumed the entities are mentioned in the text itself, without making any inferences or reasoning about what entities might be implied based on URLs, domain names, or other indirect references.""]"
sola-yaml-rescue,"StructuredOutputAdapter(output_mode=YAML, prompt_layout=SECTIONS, parse_config=ParseConfig())",financial-ner-0010,validation_error,ValidationError,1.6419550930149853,1,none,0,9,0.0,False,,Company[0];Company[1];Company[2];Date;Location;Money;Person;Product;Quantity,,773,0,3,0.0,0,"[""I can help you identify and extract entities from the given financial news text into the specified categories. Here is the output in YAML format:\n\n```\nentities:\n  - Company: BB&T\n    Date: 2023-02-01\n    Location: Atlanta, Georgia, USA\n    Money: null\n    Person: null\n    Product: banking services\n    Quantity: null\n  - Company: SunTrust\n    Date: 2023-02-01\n    Location: Atlanta, Georgia, USA\n    Money: null\n    Person: Robert S. Wilson\n    Product: banking services\n    Quantity: null\n  - Company: U.S. Bank\n    Date: 2023-02-01\n    Location: Chicago, Illinois, USA\n    Money: null\n    Person: null\n    Product: banking services\n    Quantity: null\n```\n\nNote that I've only extracted entities that are explicitly mentioned in the text, and I've preserved the wording from the text. I've also extracted individual items rather than compound or ranged entities.""]"
sola-yaml-rescue,"StructuredOutputAdapter(output_mode=YAML, prompt_layout=SECTIONS, parse_config=ParseConfig())",financial-ner-0011,validation_error,ValidationError,2.2919209229876287,1,none,0,8,0.0,False,,Company[0];Company[1];Date;Location;Money;Person;Product;Quantity,,870,0,2,0.0,0,"[""I can help you identify and extract entities from the given financial news text into the specified categories. Here is the output in YAML format:\n\n```\nentities:\n  - Company: Statoil\n    Date: 2023-02-20\n    Location: Norway\n    Money: null\n    Person: null\n    Product: oil and gas\n    Quantity: null\n  - Company: Norsk Hydro\n    Date: 2023-02-20\n    Location: Canada\n    Money: null\n    Person: null\n    Product: oil and gas\n    Quantity: null\n  - Company: Norsk Hydro\n    Date: 2023-02-20\n    Location: Norway\n    Money: null\n    Person: null\n    Product: oil and gas\n    Quantity: null\n  - Company: Statoil\n    Date: 2023-02-20\n    Location: Norway\n    Money: null\n    Person: null\n    Product: oil and gas\n    Quantity: null\n```\n\nNote that I've extracted the entities as a list of strings, preserving the wording from the text. I've also used `None` for entities that are not explicitly mentioned in the text. The entities are categorized as follows:\n\n* `Company`: Statoil, Norsk Hydro\n* `Date`: 2023-02-20\n* `Location`: Norway, Canada\n* `Money`: null\n* `Person`: null\n* `Product`: oil and gas\n* `Quantity`: null""]"
sola-yaml-rescue,"StructuredOutputAdapter(output_mode=YAML, prompt_layout=SECTIONS, parse_config=ParseConfig())",financial-ner-0012,validation_error,ValidationError,1.5845582169713452,1,none,0,9,0.0,False,,Company[0];Company[1];Date;Location;Money[0];Money[1];Person;Product;Quantity,,791,0,4,0.0,0,"[""I can help you extract the entities from the given financial news text. Here is the output in YAML format:\n\n```\nentities:\n  - Company: American Home Products\n    Date: 2023-02-20\n    Location: United States\n    Money: $65 billion\n    Person: None\n    Product: None\n    Quantity: None\n  - Company: Pfizer\n    Date: 2023-02-20\n    Location: United States\n    Money: $90 billion\n    Person: None\n    Product: None\n    Quantity: None\n  - Company: None\n    Date: 2023-02-20\n    Location: None\n    Money: None\n    Person: None\n    Product: None\n    Quantity: None\n```\n\nNote that I've assumed the following entities:\n\n* American Home Products: a company\n* Pfizer: a company\n* $65 billion: a monetary value\n* $90 billion: a monetary value\n* None: a placeholder for entities that are not explicitly mentioned in the text.""]"
sola-yaml-rescue,"StructuredOutputAdapter(output_mode=YAML, prompt_layout=SECTIONS, parse_config=ParseConfig())",financial-ner-0013,ok,,1.3410559500334784,1,none,2,8,0.25,False,Company[1],Location;Money;Person;Product;Quantity,Location[0];Money[0];Person[0];Product[0];Quantity[0],732,2,3,0.6667,5,"[""I can analyze the text and extract the entities. Here is the output in YAML format:\n\n```\nentities:\n  - Company: Raytheon\n  - Date: early 2020\n  - Location: United States\n  - Person: None\n  - Money: None\n  - Product: None\n  - Quantity: None\n```\n\nNote that I've assumed that the entities are explicitly mentioned in the text, and I've extracted them as follows:\n\n* `Company`: \""Raytheon\"" (explicitly mentioned)\n* `Date`: \""early 2020\"" (explicitly mentioned)\n* `Location`: \""United States\"" (explicitly mentioned)\n* `Person`: None (no individual name mentioned)\n* `Money`: None (no monetary value mentioned)\n* `Product`: None (no physical object or service mentioned)\n* `Quantity`: None (no numeric value mentioned)""]"
sola-yaml-rescue,"StructuredOutputAdapter(output_mode=YAML, prompt_layout=SECTIONS, parse_config=ParseConfig())",financial-ner-0014,validation_error,ValidationError,2.1381501560099423,1,none,0,8,0.0,False,,Company[0];Company[1];Date;Location;Money[0];Person[0];Product;Quantity,,850,0,4,0.0,0,"[""I can help you identify and extract entities from the given financial news text into the specified categories. Here is the output in YAML format:\n\n```\nentities:\n  - Company: Celgene\n    Date: 2023-02-20\n    Location: United States\n    Money: $74 Billion\n    Person: Giovanni Caforio\n    Product: Pharmaceutical\n    Quantity: 1\n  - Company: Bristol Myers Squibb\n    Date: 2023-02-20\n    Location: United States\n    Money: $74 Billion\n    Person: Giovanni Caforio\n    Product: Pharmaceutical\n    Quantity: 1\n  - Company: Pfizer\n    Date: 2023-02-20\n    Location: United States\n    Money: $74 Billion\n    Person: Giovanni Caforio\n    Product: Pharmaceutical\n    Quantity: 1\n  - Company: BMS\n    Date: 2023-02-20\n    Location: Switzerland\n    Money: $74 Billion\n    Person: Giovanni Caforio\n    Product: Pharmaceutical\n    Quantity: 1\n```\n\nNote that I've extracted the entities as a list of strings, preserving the wording from the text. I've also only extracted entities that are explicitly mentioned in the text itself, without making inferences or reasoning about what entities might be implied based on URLs, domain names, or other indirect references.""]"
sola-yaml-rescue,"StructuredOutputAdapter(output_mode=YAML, prompt_layout=SECTIONS, parse_config=ParseConfig())",financial-ner-0015,validation_error,ValidationError,1.9785873049986549,1,none,0,8,0.0,False,,Company[0];Company[1];Date;Location;Money[0];Person;Product;Quantity,,820,0,3,0.0,0,"[""I can help you identify and extract entities from the given financial news text into the specified categories. Here is the output in YAML format:\n\n```\nentities:\n  - Company: Caremark\n    Date: 2023-02-20\n    Location: United States\n    Money: $21 Billion\n    Person: None\n    Product: None\n    Quantity: None\n  - Company: CVS\n    Date: 2023-02-20\n    Location: United States\n    Money: None\n    Person: None\n    Product: None\n    Quantity: None\n  - Company: CVS\n    Date: 2023-02-20\n    Location: United States\n    Money: None\n    Person: None\n    Product: None\n    Quantity: None\n  - Company: Caremark\n    Date: 2023-02-20\n    Location: United States\n    Money: $21 Billion\n    Person: None\n    Product: None\n    Quantity: None\n```\n\nNote that I've assumed the entities are explicitly mentioned in the text, and I've extracted each entity as a separate item in the `entities` list. If you want to extract entities that are implied based on URLs, domain names, or other indirect references, you may need to modify the extraction logic.""]"
sola-yaml-rescue,"StructuredOutputAdapter(output_mode=YAML, prompt_layout=SECTIONS, parse_config=ParseConfig())",financial-ner-0016,validation_error,ValidationError,1.8180233250022866,1,none,0,10,0.0,False,,Company[0];Company[1];Company[2];Company[3];Date;Location[0];Money;Person;Product;Quantity,,842,0,5,0.0,0,"[""I can help you identify and extract entities from the given financial news text into the specified categories. Here is the output in YAML format:\n\n```\nentities:\n  - Company: Allergan\n    Date: 2020\n    Location: Canada\n    Money: None\n    Person: None\n    Product: None\n    Quantity: None\n  - Company: Actavis plc\n    Date: None\n    Location: None\n    Money: None\n    Person: None\n    Product: None\n    Quantity: None\n  - Company: Valeant\n    Date: None\n    Location: Canada\n    Money: None\n    Person: None\n    Product: None\n    Quantity: None\n  - Company: None\n    Date: None\n    Location: None\n    Money: None\n    Person: None\n    Product: None\n    Quantity: None\n```\n\nHere's a brief explanation of the entities extracted:\n\n- Allergan: The Canadian drug-maker that is being acquired by Actavis plc.\n- Actavis plc: The acquiring company.\n- Valeant: The target company being acquired by Allergan.\n- None: Indicates that no entities were found in this category.""]"
sola-yaml-rescue,"StructuredOutputAdapter(output_mode=YAML, prompt_layout=SECTIONS, parse_config=ParseConfig())",financial-ner-0017,validation_error,ValidationError,1.8124691129778512,1,none,0,8,0.0,False,,Company[0];Company[1];Date;Location;Money[0];Person;Product;Quantity,,798,0,3,0.0,0,"[""I can help you identify and extract entities from the given financial news text into the specified categories. Here is the output in YAML format:\n\n```\nentities:\n  - Company: ChemChina\n    Date: 2021\n    Location: Switzerland\n    Money: $43 Billion\n    Person: \n      - Name: Masaaki Kimura\n    Product: \n      - Name: Syngenta\n    Quantity: \n      - Value: 100%\n      - Unit: \n        - Name: Year\n  - Company: Syngenta\n    Date: 2021\n    Location: Switzerland\n    Money: $43 Billion\n    Person: \n      - Name: Masaaki Kimura\n    Product: \n      - Name: ChemChina\n    Quantity: \n      - Value: 100%\n      - Unit: \n        - Name: Year\n```\n\nNote that I've extracted the following entities:\n\n* ChemChina\n* Syngenta\n* Masaaki Kimura (person)\n* Syngenta (company)\n* ChemChina (company)\n* Syngenta (company)\n* $43 Billion (money)\n* 100% (quantity)\n* Year (unit)""]"
sola-yaml-rescue,"StructuredOutputAdapter(output_mode=YAML, prompt_layout=SECTIONS, parse_config=ParseConfig())",financial-ner-0018,validation_error,ValidationError,1.5855050340178423,1,none,0,8,0.0,False,,Company[0];Company[1];Date;Location;Money[0];Person;Product;Quantity,,770,0,3,0.0,0,"[""I can help you identify and extract entities from the given financial news text into the specified categories. Here is the output in YAML format:\n\n```\nentities:\n  - Company: Refinitiv\n    Date: 2023-02-20\n    Location: London\n    Money: $27 billion\n    Person: None\n    Product: Financial services\n    Quantity: None\n  - Company: London Stock Exchange\n    Date: 2023-02-20\n    Location: London\n    Money: None\n    Person: None\n    Product: Financial services\n    Quantity: None\n  - Company: None\n    Date: 2023-02-20\n    Location: None\n    Money: None\n    Person: None\n    Product: None\n    Quantity: None\n```\n\nNote that I've assumed the entities are explicitly mentioned in the text itself, without making inferences or reasoning about what entities might be implied based on URLs, domain names, or other indirect references. I've also extracted individual items rather than compound or ranged entities.""]"
sola-yaml-rescue,"StructuredOutputAdapter(output_mode=YAML, prompt_layout=SECTIONS, parse_config=ParseConfig())",financial-ner-0019,validation_error,ValidationError,6.470480732969008,1,none,0,8,0.0,False,,Company[0];Company[1];Date[0];Location;Money;Person;Product;Quantity,,1455,0,3,0.0,0,"[""I can help you identify and extract entities from the given financial news text into the specified categories. Here is the output in YAML format:\n\n```\nentities:\n  - Company: Chrysler\n    Date: 1998-05-07\n  - Company: Daimler Benz\n    Location: Germany\n  - Person: \n    Money: \n    Quantity: \n  - Company: \n    Date: 1998-05-07\n    Location: \n    Money: \n    Quantity: \n  - Company: \n    Date: 1998-05-07\n    Location: \n    Money: \n    Quantity: \n  - Company: \n    Date: 1998-05-07\n    Location: \n    Money: \n    Quantity: \n  - Company: \n    Date: 1998-05-07\n    Location: \n    Money: \n    Quantity: \n  - Company: \n    Date: 1998-05-07\n    Location: \n    Money: \n    Quantity: \n  - Company: \n    Date: 1998-05-07\n    Location: \n    Money: \n    Quantity: \n  - Company: \n    Date: 1998-05-07\n    Location: \n    Money: \n    Quantity: \n  - Company: \n    Date: 1998-05-07\n    Location: \n    Money: \n    Quantity: \n  - Company: \n    Date: 1998-05-07\n    Location: \n    Money: \n    Quantity: \n  - Company: \n    Date: 1998-05-07\n    Location: \n    Money: \n    Quantity: \n  - Company: \n    Date: 1998-05-07\n    Location: \n    Money: \n    Quantity: \n  - Company: \n    Date: 1998-05-07\n    Location: \n    Money: \n    Quantity: \n  - Company: \n    Date: 1998-05-07\n    Location: \n    Money: \n    Quantity: \n  - Company: \n    Date: 1998-05-07\n    Location: \n    Money: \n    Quantity: \n  - Company: \n    Date: 1998-05-07\n    Location: \n    Money: \n    Quantity: \n  - Company: \n    Date: 1998-05-07\n    Location: \n    Money: \n    Quantity: \n  - Company: \n    Date: 1998-05-07\n    Location: \n    Money: \n    Quantity: \n  - Company: \n    Date: 1998-05-07\n    Location: \n    Money: \n    Quantity: \n  - Company: \n    Date: 1998-05-07\n    Location: \n    Money: \n    Quantity: \n  - Company: \n    Date: 1998-05-07\n    Location: \n    Money: \n    Quantity: \n  - Company: \n    Date: 1998-05-07\n    Location: \n    Money: \n    Quantity: \n  - Company: \n    Date: 1998-05-07\n    Location: \n    Money: \n    Quantity: \n  - Company: \n    Date: 1998-05-07\n    Location: \n    Money: \n    Quantity: \n  - Company: \n    Date: 1998-05-07\n    Location: \n    Money: \n    Quantity: \n  - Company: \n    Date: 1998-05-07\n    Location: \n    Money: \n    Quantity: \n  - Company: \n    Date: 1998-05-07\n    Location: \n    Money: \n    Quantity: \n  - Company: \n    Date: 1998-05-07\n    Location: \n    Money: \n    Quantity: \n  - Company: \n    Date: 1998-05-07\n    Location: \n    Money: \n    Quantity: \n  - Company: \n    Date: 1998-05-07\n    Location: \n    Money: \n    Quantity: \n  - Company: \n    Date: 1998-05""]"
sola-yaml-rescue,"StructuredOutputAdapter(output_mode=YAML, prompt_layout=SECTIONS, parse_config=ParseConfig())",financial-ner-0020,validation_error,ValidationError,3.3614987120381556,1,none,0,7,0.0,False,,Company;Date;Location[0];Money;Person;Product;Quantity,,1018,0,1,0.0,0,"[""I can help you identify and extract entities from the given financial news text into the specified categories. Here is the output in YAML format:\n\n```\nentities:\n  - Company: Tencent Holdings\n    Date: 2023-02-20\n    Location: Hong Kong\n    Money: \n    Person: \n    Product: \n    Quantity: \n  - Company: Alibaba Group\n    Date: 2023-02-20\n    Location: China\n    Money: \n    Person: \n    Product: \n    Quantity: \n  - Company: JD.com\n    Date: 2023-02-20\n    Location: China\n    Money: \n    Person: \n    Product: \n    Quantity: \n  - Company: Pinduoduo\n    Date: 2023-02-20\n    Location: China\n    Money: \n    Person: \n    Product: \n    Quantity: \n  - Company: Ant Financial\n    Date: 2023-02-20\n    Location: China\n    Money: \n    Person: \n    Product: \n    Quantity: \n  - Company: Weibo\n    Date: 2023-02-20\n    Location: China\n    Money: \n    Person: \n    Product: \n    Quantity: \n  - Company: Baidu\n    Date: 2023-02-20\n    Location: China\n    Money: \n    Person: \n    Product: \n    Quantity: \n  - Company: Meituan\n    Date: 2023-02-20\n    Location: China\n    Money: \n    Person: \n    Product: \n    Quantity: \n  - Company: Ant Group\n    Date: 2023-02-20\n    Location: China\n    Money: \n    Person: \n    Product: \n    Quantity: \n  - Company: Ant Financial\n    Date: 2023-02-20\n    Location: China\n    Money: \n    Person: \n    Product: \n    Quantity: \n```\n\nNote that I've assumed the entities are mentioned in the text itself, without making any inferences or considering indirect references. I've also extracted individual items rather than compound or ranged entities.""]"
sola-yaml-rescue,"StructuredOutputAdapter(output_mode=YAML, prompt_layout=SECTIONS, parse_config=ParseConfig())",financial-ner-0021,ok,,4.0274939220398664,1,none,4,8,0.5,False,Company[0];Company[1];Location[0];Money[0],,,1111,0,4,0.0,0,"[""I can do that. However, I need the input text. Please provide it.\n\nHere's a Python code snippet that extracts entities from the given text and formats them as a YAML-style object:\n\n```python\nimport re\nfrom typing import List, Dict, Any\n\ndef extract_entities(text: str) -> Dict[str, List[Any]]:\n    entities: Dict[str, List[Any]] = {\n        \""Company\"": [],\n        \""Date\"": [],\n        \""Location\"": [],\n        \""Money\"": [],\n        \""Person\"": [],\n        \""Product\"": [],\n        \""Quantity\"": []\n    }\n\n    # Extract entities from the text\n    for match in re.finditer(r'(\\w+)', text):\n        entity = match.group()\n        if entity:\n            # Check if the entity is a company name\n            if entity.lower() in [\""hutchison\"", \""vimpelcom\""]:\n                entities[\""Company\""].append(entity)\n            # Check if the entity is a date\n            elif re.match(r'\\d{4}-\\d{2}-\\d{2}', entity):\n                entities[\""Date\""].append(entity)\n            # Check if the entity is a location\n            elif re.match(r'\\w+\\s*\\w+', entity):\n                entities[\""Location\""].append(entity)\n            # Check if the entity is a monetary value\n            elif re.match(r'\\$\\d+(?:,\\d+)?', entity):\n                entities[\""Money\""].append(entity)\n            # Check if the entity is a person's name\n            elif re.match(r'\\w+\\s*\\w+', entity):\n                entities[\""Person\""].append(entity)\n            # Check if the entity is a product name\n            elif re.match(r'\\w+\\s*\\w+', entity):\n                entities[\""Product\""].append(entity)\n            # Check if the entity is a quantity\n            elif re.match(r'\\d+(?:\\.\\d+)?', entity):\n                entities[\""Quantity\""].append(entity)\n\n    return entities\n\ntext = \""Hutchison, VimpelCom to Merge Italy Assets in $24 Billion Deal\""\n\nentities = extract_entities(text)\n\n# Print the entities in YAML format\nprint(\""entities:\"")\nfor category, values in entities.items():\n    print(f\""{category}:\"")\n    for value in values:\n        if isinstance(value, list):\n            print(f\""- {', '.join(value)}\"")\n        else:\n            print(f\""- {value}\"")\n```\n\nThis code defines a function `extract_entities` that takes a text as input and returns a dictionary with the extracted entities. The function uses regular expressions to extract the entities from the text. The entities are then formatted as a YAML-style object.\n\nWhen you run this code with the provided text, it will output the extracted entities in YAML format.""]"
sola-yaml-rescue,"StructuredOutputAdapter(output_mode=YAML, prompt_layout=SECTIONS, parse_config=ParseConfig())",financial-ner-0022,validation_error,ValidationError,1.9649103020201437,1,none,0,8,0.0,False,,Company[0];Company[1];Date;Location;Money[0];Person;Product;Quantity,,813,0,3,0.0,0,"[""I can help you identify and extract entities from the given financial news text into the specified categories. Here is the output in YAML format:\n\n```\nentities:\n  - Company: SoftBank\n    Date: 2023-02-20\n    Location: United States\n    Money: USD\n    Person: None\n    Product: Technology\n    Quantity: None\n  - Company: ARM Holdings\n    Date: 2023-02-20\n    Location: United Kingdom\n    Money: GBP\n    Person: None\n    Product: Semiconductors\n    Quantity: None\n  - Company: ARM Holdings\n    Date: 2023-02-20\n    Location: United Kingdom\n    Money: GBP\n    Person: None\n    Product: Semiconductors\n    Quantity: None\n  - Company: SoftBank\n    Date: 2023-02-20\n    Location: United States\n    Money: USD\n    Person: None\n    Product: Technology\n    Quantity: None\n```\n\nNote that I've assumed the entities are explicitly mentioned in the text itself, without making inferences or reasoning about what entities might be implied based on URLs, domain names, or other indirect references. I've also extracted individual items rather than compound or ranged entities.""]"
sola-yaml-rescue,"StructuredOutputAdapter(output_mode=YAML, prompt_layout=SECTIONS, parse_config=ParseConfig())",financial-ner-0023,validation_error,ValidationError,2.057317408034578,1,none,0,8,0.0,False,,Company[0];Company[1];Date;Location;Money[0];Person;Product;Quantity,,838,0,3,0.0,0,"[""I can help you identify and extract entities from the given financial news text into the specified categories. Here is the output in YAML-style objects:\n\n```\nentities:\n  - Company: Charles Schwab\n    Date: 2023\n    Location: United States\n    Money: None\n    Person: None\n    Product: None\n    Quantity: None\n  - Company: TD Ameritrade\n    Date: 2023\n    Location: United States\n    Money: None\n    Person: None\n    Product: None\n    Quantity: None\n  - Company: None\n    Date: 2023\n    Location: None\n    Money: None\n    Person: None\n    Product: None\n    Quantity: None\n  - Company: None\n    Date: 2023\n    Location: None\n    Money: None\n    Person: None\n    Product: None\n    Quantity: None\n  - Company: None\n    Date: 2023\n    Location: None\n    Money: None\n    Person: None\n    Product: None\n    Quantity: None\n```\n\nNote that I've assumed the entities are explicitly mentioned in the text itself, without making inferences or reasoning about what entities might be implied based on URLs, domain names, or other indirect references. I've also extracted individual items rather than compound or ranged entities.""]"
sola-yaml-rescue,"StructuredOutputAdapter(output_mode=YAML, prompt_layout=SECTIONS, parse_config=ParseConfig())",financial-ner-0024,validation_error,ValidationError,1.5155851570307277,1,none,0,8,0.0,False,,Company[0];Company[1];Date;Location;Money[0];Person;Product;Quantity,,788,0,3,0.0,0,"[""I can help you identify and extract entities from the given financial news text into the specified categories. Here is the output in YAML format:\n\n```\nentities:\n  - Company: Xerox\n    Date: 2023-02-20\n    Location: United States\n    Money: $33.5 billion\n    Person: None\n    Product: None\n    Quantity: None\n  - Company: HP\n    Date: 2023-02-20\n    Location: United States\n    Money: $25.8 billion\n    Person: None\n    Product: None\n    Quantity: None\n  - Counterparty: None\n  - Offer: None\n```\n\nHere's a brief explanation of the entities extracted:\n\n*   **Xerox**: The company that made the cash and stock offer to buy HP.\n*   **HP**: The company that declined the offer.\n*   **Counterparty**: The entity that is the counterparty to the offer, which in this case is Xerox.""]"
sola-yaml-rescue,"StructuredOutputAdapter(output_mode=YAML, prompt_layout=SECTIONS, parse_config=ParseConfig())",financial-ner-0025,validation_error,ValidationError,6.417292663012631,1,none,0,7,0.0,False,,Company[0];Date;Location[0];Money;Person;Product;Quantity[0],,1453,0,3,0.0,0,"[""I can help you identify and extract entities from the given financial news text into the specified categories. Here is the output in YAML-style objects:\n\n```\nentities:\n  - Company: \n    - China Mobile\n    - Seven\n  - Date: \n    - 2020\n  - Location: \n    - China\n  - Money: \n    - \n  - Person: \n    - \n  - Product: \n    - \n  - Quantity: \n    - \n```\n\nNote that I've assumed the following entities based on the text:\n\n- China Mobile: a Chinese state-owned mobile communications company\n- Seven: a reference to the seven Chinese state-owned mobile communications businesses acquired by China Mobile\n- 2020: a specific year mentioned in the text\n- China: a geographical location mentioned in the text\n- Seven: a reference to the seven Chinese state-owned mobile communications businesses acquired by China Mobile\n- 2020: a specific year mentioned in the text\n- China: a geographical location mentioned in the text\n- Seven: a reference to the seven Chinese state-owned mobile communications businesses acquired by China Mobile\n- 2020: a specific year mentioned in the text\n- China: a geographical location mentioned in the text\n- Seven: a reference to the seven Chinese state-owned mobile communications businesses acquired by China Mobile\n- 2020: a specific year mentioned in the text\n- China: a geographical location mentioned in the text\n- Seven: a reference to the seven Chinese state-owned mobile communications businesses acquired by China Mobile\n- 2020: a specific year mentioned in the text\n- China: a geographical location mentioned in the text\n- Seven: a reference to the seven Chinese state-owned mobile communications businesses acquired by China Mobile\n- 2020: a specific year mentioned in the text\n- China: a geographical location mentioned in the text\n- Seven: a reference to the seven Chinese state-owned mobile communications businesses acquired by China Mobile\n- 2020: a specific year mentioned in the text\n- China: a geographical location mentioned in the text\n- Seven: a reference to the seven Chinese state-owned mobile communications businesses acquired by China Mobile\n- 2020: a specific year mentioned in the text\n- China: a geographical location mentioned in the text\n- Seven: a reference to the seven Chinese state-owned mobile communications businesses acquired by China Mobile\n- 2020: a specific year mentioned in the text\n- China: a geographical location mentioned in the text\n- Seven: a reference to the seven Chinese state-owned mobile communications businesses acquired by China Mobile\n- 2020: a specific year mentioned in the text\n- China: a geographical location mentioned in the text\n- Seven: a reference to the seven Chinese state-owned mobile communications businesses acquired by China Mobile\n- 2020: a specific year mentioned in the text\n- China: a geographical location mentioned in the text\n- Seven: a reference to the seven Chinese state-owned mobile communications businesses acquired by China Mobile\n- 2020: a specific year mentioned in the text\n- China: a geographical location mentioned in the text\n- Seven: a reference to the seven Chinese state-owned mobile communications businesses acquired by China Mobile\n- 2020: a specific year mentioned in the text\n- China: a geographical location mentioned in the text\n- Seven: a reference to the seven Chinese state-owned mobile communications businesses acquired by China Mobile\n- 2020: a specific year mentioned in the text\n- China: a geographical location mentioned in the text\n- Seven: a reference to the seven Chinese state-owned mobile communications businesses acquired by China Mobile\n- 2020: a specific year mentioned in the text\n- China: a geographical location mentioned in the text\n- Seven: a reference to the seven Chinese state-owned mobile communications businesses acquired by China Mobile\n- 2020: a specific year mentioned in the text\n- China: a geographical location mentioned in the text\n- Seven: a reference to the seven Chinese state-owned mobile communications businesses acquired by China Mobile\n- 2020: a specific year mentioned in the text\n- China: a geographical location mentioned in the text\n- Seven: a reference to the seven Chinese state-owned mobile communications businesses acquired by China Mobile\n- 2020: a specific year mentioned in the text\n- China: a geographical location mentioned in the text\n-""]"
sola-yaml-rescue,"StructuredOutputAdapter(output_mode=YAML, prompt_layout=SECTIONS, parse_config=ParseConfig())",financial-ner-0026,validation_error,ValidationError,1.5946479290141724,1,none,0,8,0.0,False,,Company[0];Company[1];Date;Location;Money[0];Person;Product;Quantity,,761,0,3,0.0,0,"[""I can help you identify and extract entities from the given financial news text into the specified categories. Here is the output in YAML format:\n\n```\nentities:\n  - Company: GSK\n    Date: 2023-02-20\n    Location: United Kingdom\n    Money: null\n    Person: null\n    Product: consumer division\n    Quantity: null\n  - Company: Unilever\n    Date: 2023-02-20\n    Location: Netherlands\n    Money: null\n    Person: null\n    Product: consumer division\n    Quantity: null\n  - Company: null\n    Date: null\n    Location: null\n    Money: null\n    Person: null\n    Product: null\n    Quantity: null\n```\n\nNote that I've assumed the following entities based on the text:\n\n* GSK (GlaxoSmithKline) is a company\n* Unilever is a company\n* Consumer division is a product or service\n* United Kingdom and Netherlands are locations""]"
sola-yaml-rescue,"StructuredOutputAdapter(output_mode=YAML, prompt_layout=SECTIONS, parse_config=ParseConfig())",financial-ner-0027,validation_error,ValidationError,1.249360105022788,1,none,0,8,0.0,False,,Company[0];Company[1];Date;Location;Money;Person;Product;Quantity,,718,0,2,0.0,0,"[""I can help you identify and extract entities from the given financial news text into the specified categories. Here is the output in YAML format:\n\n```\nentities:\n  - Company: Boston Scientific\n  - Date: 2023-02-20\n  - Location: Boston, USA\n  - Person: Dr. David C. Martin\n  - Money: $1.1 billion\n  - Product: Medtronic\n  - Quantity: 1,000\n```\n\nHere's a brief explanation of the entities extracted:\n\n- `Company`: Boston Scientific\n- `Date`: 2023-02-20\n- `Location`: Boston, USA\n- `Person`: Dr. David C. Martin\n- `Money`: $1.1 billion\n- `Product`: Medtronic\n- `Quantity`: 1,000""]"
sola-yaml-rescue,"StructuredOutputAdapter(output_mode=YAML, prompt_layout=SECTIONS, parse_config=ParseConfig())",financial-ner-0028,validation_error,ValidationError,1.7020071550505236,1,none,0,9,0.0,False,,Company[0];Company[1];Company[2];Date;Location;Money;Person;Product;Quantity,,787,0,3,0.0,0,"[""I can help you identify and extract entities from the given financial news text into the specified categories. Here is the output in YAML format:\n\n```\nentities:\n  - Company: US West\n    Date: 2008\n    Location: United States\n    Money: None\n    Person: None\n    Product: None\n    Quantity: None\n  - Company: Qwest\n    Date: 2008\n    Location: United States\n    Money: None\n    Person: None\n    Product: None\n    Quantity: None\n  - Company: Global Crossing\n    Date: 2008\n    Location: United States\n    Money: None\n    Person: None\n    Product: None\n    Quantity: None\n  - Company: None\n    Date: 2008\n    Location: United States\n    Money: None\n    Person: None\n    Product: None\n    Quantity: None\n```\n\nNote that I've assumed the following entities:\n\n* US West (acquired by Qwest)\n* Qwest (bidder)\n* Global Crossing (target)\n* None (no explicit mention of entities in the text)""]"
sola-yaml-rescue,"StructuredOutputAdapter(output_mode=YAML, prompt_layout=SECTIONS, parse_config=ParseConfig())",financial-ner-0029,validation_error,ValidationError,6.451910508039873,1,none,0,9,0.0,False,,Company[0];Company[1];Date;Location[0];Location[1];Money[0];Person;Product[0];Quantity,,1466,0,6,0.0,0,"[""Here is the output in YAML format:\n\n```\nentities:\n  - Company: Baker Hughes\n    Date: null\n    Location: null\n    Money: null\n    Person: null\n    Product: null\n    Quantity: null\n  - Company: Halliburton\n    Date: null\n    Location: null\n    Money: null\n    Person: null\n    Product: null\n    Quantity: null\n  - Company: null\n    Date: null\n    Location: null\n    Money: null\n    Person: null\n    Product: null\n    Quantity: null\n  - Company: null\n    Date: null\n    Location: null\n    Money: null\n    Person: null\n    Product: null\n    Quantity: null\n  - Company: null\n    Date: null\n    Location: null\n    Money: null\n    Person: null\n    Product: null\n    Quantity: null\n  - Company: null\n    Date: null\n    Location: null\n    Money: null\n    Person: null\n    Product: null\n    Quantity: null\n  - Company: null\n    Date: null\n    Location: null\n    Money: null\n    Person: null\n    Product: null\n    Quantity: null\n  - Company: null\n    Date: null\n    Location: null\n    Money: null\n    Person: null\n    Product: null\n    Quantity: null\n  - Company: null\n    Date: null\n    Location: null\n    Money: null\n    Person: null\n    Product: null\n    Quantity: null\n  - Company: null\n    Date: null\n    Location: null\n    Money: null\n    Person: null\n    Product: null\n    Quantity: null\n  - Company: null\n    Date: null\n    Location: null\n    Money: null\n    Person: null\n    Product: null\n    Quantity: null\n  - Company: null\n    Date: null\n    Location: null\n    Money: null\n    Person: null\n    Product: null\n    Quantity: null\n  - Company: null\n    Date: null\n    Location: null\n    Money: null\n    Person: null\n    Product: null\n    Quantity: null\n  - Company: null\n    Date: null\n    Location: null\n    Money: null\n    Person: null\n    Product: null\n    Quantity: null\n  - Company: null\n    Date: null\n    Location: null\n    Money: null\n    Person: null\n    Product: null\n    Quantity: null\n  - Company: null\n    Date: null\n    Location: null\n    Money: null\n    Person: null\n    Product: null\n    Quantity: null\n  - Company: null\n    Date: null\n    Location: null\n    Money: null\n    Person: null\n    Product: null\n    Quantity: null\n  - Company: null\n    Date: null\n    Location: null\n    Money: null\n    Person: null\n    Product: null\n    Quantity: null\n  - Company: null\n    Date: null\n    Location: null\n    Money: null\n    Person: null\n    Product: null\n    Quantity: null\n  - Company: null\n    Date: null\n    Location: null\n    Money: null\n    Person: null\n    Product: null\n    Quantity: null\n  - Company: null\n    Date: null\n    Location: null\n    Money: null\n    Person: null\n    Product: null\n    Quantity: null\n  - Company: Baker Hughes\n    Date: 2020\n    Location: United States\n    Money: $28 billion\n    Person: \n    Product: Oilfield services\n    Quantity: 28 billion\n  - Company: Halliburton\n    Date: null\n    Location: null\n    Money: null\n    Person: null\n    Product: Oilfield services\n    Quantity: null\n  - Company: null\n    Date: null\n    Location: null\n    Money: null\n    Person: null\n    Product: Oilfield services\n    Quantity: null\n  - Company: null\n""]"
