adapter,adapter_config,case_id,outcome,error_class,wall_s,lm_calls,response_format_sent,matched,total,ratio,exact,wrong,missing,spurious,total_tokens,recall_matched,recall_total,recall,invented,replies
json,JSONAdapter(),case-0000,validation_error,ValidationError,10.589213423023466,1,json_object,0,12,0.0,False,,address.city;address.postcode;address.street;age;contacts[0].email;contacts[0].phone;contacts[1].email;contacts[1].phone;employment;name;tags[0];tags[1],,1882,0,10,0.0,0,"[""{\n  \""record\"": {\n    \""type\"": \""PersonRecord\"",\n    \""address\"": {\n      \""type\"": \""object\"",\n      \""description\"": \""A postal address; `postcode` is genuinely optional in the rendered prose.\"",\n      \""properties\"": {\n        \""city\"": {\n          \""type\"": \""string\"",\n          \""title\"": \""City\""\n        },\n        \""postcode\"": {\n          \""type\"": \""string\"",\n          \""description\"": \""A postal code; `anyOf` is genuinely optional in the rendered prose.\"",\n          \""properties\"": {\n            \""postcode\"": {\n              \""type\"": \""string\"",\n              \""description\"": \""A postal code; `anyOf` is genuinely optional in the rendered prose.\"",\n              \""properties\"": {\n                \""city\"": {\n                  \""type\"": \""string\"",\n                  \""title\"": \""City\""\n                },\n                \""postcode\"": {\n                  \""type\"": \""string\"",\n                  \""description\"": \""A postal code; `anyOf` is genuinely optional in the rendered prose.\"",\n                  \""properties\"": {\n                    \""postcode\"": {\n                      \""type\"": \""string\"",\n                      \""description\"": \""A postal code; `anyOf` is genuinely optional in the rendered prose.\"",\n                      \""properties\"": {\n                        \""city\"": {\n                          \""type\"": \""string\"",\n                          \""title\"": \""City\""\n                        },\n                        \""postcode\"": {\n                          \""type\"": \""string\"",\n                          \""description\"": \""A postal code; `anyOf` is genuinely optional in the rendered prose.\"",\n                          \""properties\"": {\n                            \""postcode\"": {\n                              \""type\"": \""string\"",\n                              \""description\"": \""A postal code; `anyOf` is genuinely optional in the rendered prose.\"",\n                              \""properties\"": {\n                                \""city\"": {\n                                  \""type\"": \""string\"",\n                                  \""title\"": \""City\""\n                                },\n                                \""postcode\"": {\n                                  \""type\"": \""string\"",\n                                  \""description\"": \""A postal code; `anyOf` is genuinely optional in the rendered prose.\"",\n                                  \""properties\"": {\n                                    \""postcode\"": {\n                                      \""type\"": \""string\"",\n                                      \""description\"": \""A postal code; `anyOf` is genuinely optional in the rendered prose.\"",\n                                      \""properties\"": {\n                                        \""city\"": {\n                                          \""type\"": \""string\"",\n                                          \""title\"": \""City\""\n                                        }\n                                    }\n                                }\n                              }\n                            }\n                          }\n                        }\n                      }\n                    }\n                  }\n                }\n              }\n            }\n          }\n        }\n      }\n    },\n    \""age\"": {\n      \""type\"": \""integer\"",\n      \""maximum\"": 120,\n      \""minimum\"": 0,\n      \""title\"": \""Age\""\n    },\n    \""contacts\"": {\n      \""type\"": \""array\"",\n      \""items\"": {\n        \""type\"": \""object\"",\n        \""description\"": \""One contact method; `phone` is often absent.\""\n      },\n      \""title\"": \""Contacts\""\n    },\n    \""employment\"": {\n      \""type\"": \""object\"",\n      \""description\"": \""Current employment. The whole object is omitted for unemployed records.\"",\n      \""properties\"": {\n        \""company\"": {\n          \""type\"": \""string\"",\n          \""title\"": \""Company\""\n        },\n        \""role\"": {\n          \""type\"": \""string\"",\n          \""title\"": \""Role\""\n        },\n        \""years\"": {\n          \""type\"": \""integer\"",\n          \""maximum\"": 50,\n          \""minimum\"": 0,\n          \""title\"": \""Years\""\n        },\n        \""required\"": [\""company\"", \""role\"", \""years\""],""]"
json,JSONAdapter(),case-0001,validation_error,ValidationError,9.030619645025581,1,json_object,0,14,0.0,False,,address.city;address.postcode;address.street;age;contacts[0].email;contacts[0].phone;contacts[1].email;contacts[1].phone;employment.company;employment.role;employment.years;name;tags[0];tags[1],,1903,0,14,0.0,0,"[""{\n  \""record\"": {\n    \""type\"": \""object\"",\n    \""properties\"": {\n      \""address\"": {\n        \""type\"": \""object\"",\n        \""description\"": \""A postal address; `postcode` is genuinely optional in the rendered prose.\\n\\nDeliberately shaped like the reference benchmarks' targets - nesting, optionality and\\nrepetition are where schema-following actually breaks down, and a flat model would\\nmake every adapter look identical.\\n\\n\\nDeliberately shaped like the reference benchmarks' targets - nesting, optionality and\\nrepetition are where schema-following actually breaks down, and a flat model would\\nmake every adapter look identical.\\n\\n\\nDeliberately shaped like the reference benchmarks' targets - nesting, optionality and\\nrepetition are where schema-following actually breaks down, and a flat model would\\nmake every adapter look identical.\\n\\n\\nDeliberately shaped like the reference benchmarks' targets - nesting, optionality and\\nrepetition are where schema-following actually breaks down, and a flat model would\\nmake every adapter look identical.\\n\\n\\nDeliberately shaped like the reference benchmarks' targets - nesting, optionality and\\nrepetition are where schema-following actually breaks down, and a flat model would\\nmake every adapter look identical.\\n\\n\\nDeliberately shaped like the reference benchmarks' targets - nesting, optionality and\\nrepetition are where schema-following actually breaks down, and a flat model would\\nmake every adapter look identical.\\n\\n\\nDeliberately shaped like the reference benchmarks' targets - nesting, optionality and\\nrepetition are where schema-following actually breaks down, and a flat model would\\nmake every adapter look identical.\\n\\n\\nDeliberately shaped like the reference benchmarks' targets - nesting, optionality and\\nrepetition are where schema-following actually breaks down, and a flat model would\\nmake every adapter look identical.\\n\\n\\nDeliberately shaped like the reference benchmarks' targets - nesting, optionality and\\nrepetition are where schema-following actually breaks down, and a flat model would\\nmake every adapter look identical.\\n\\n\\nDeliberately shaped like the reference benchmarks' targets - nesting, optionality and\\nrepetition are where schema-following actually breaks down, and a flat model would\\nmake every adapter look identical.\\n\\n\\nDeliberately shaped like the reference benchmarks' targets - nesting, optionality and\\nrepetition are where schema-following actually breaks down, and a flat model would\\nmake every adapter look identical.\\n\\n\\nDeliberately shaped like the reference benchmarks' targets - nesting, optionality and\\nrepetition are where schema-following actually breaks down, and a flat model would\\nmake every adapter look identical.\\n\\n\\nDeliberately shaped like the reference benchmarks' targets - nesting, optionality and\\nrepetition are where schema-following actually breaks down, and a flat model would\\nmake every adapter look identical.\\n\\n\\nDeliberately shaped like the reference benchmarks' targets - nesting, optionality and\\nrepetition are where schema-following actually breaks down, and a flat model would\\nmake every adapter look identical.\\n\\n\\nDeliberately shaped like the reference benchmarks' targets - nesting, optionality and\\nrepetition are where schema-following actually breaks down, and a flat model would\\nmake every adapter look identical.\\n\\n\\nDeliberately shaped like the reference benchmarks' targets - nesting, optionality and\\nrepetition are where schema-following actually breaks down, and a flat model would\\nmake every adapter look identical.\\n\\n\\nDeliberately shaped like the reference benchmarks' targets - nesting, optionality and\\nrepetition are where schema-following actually breaks down, and a flat model would\\nmake every adapter look identical.\\n\\n\\nDeliberately shaped like the reference benchmarks' targets - nesting, optionality and\\""]"
json,JSONAdapter(),case-0002,validation_error,ValidationError,2.4489147909916937,1,json_object,0,10,0.0,False,,address.city;address.postcode;address.street;age;contacts[0].email;contacts[0].phone;employment;name;tags[0];tags[1],,1220,0,8,0.0,0,"[""{\n  \""record\"": {\n    \""type\"": \""object\"",\n    \""properties\"": {\n      \""address\"": {\n        \""type\"": \""object\"",\n        \""description\"": \""A postal address; `postcode` is genuinely optional in the rendered prose.\""\n      },\n      \""contact\"": {\n        \""type\"": \""object\"",\n        \""description\"": \""One contact method; `phone` is often absent.\""\n      },\n      \""employment\"": {\n        \""type\"": \""object\"",\n        \""description\"": \""Current employment. The whole object is omitted for unemployed records.\""\n      },\n      \""name\"": {\n        \""type\"": \""string\"",\n        \""description\"": \""The extraction target: nested models, an optional object, and two lists.\""\n      },\n      \""interests\"": {\n        \""type\"": \""array\"",\n        \""items\"": {\n          \""type\"": \""string\"",\n          \""description\"": \""The extraction target: nested models, an optional object, and two lists.\""\n        }\n      },\n      \""required\"": [\n        \""address\"",\n        \""contact\"",\n        \""employment\""\n      ]\n    }\n  }\n}""]"
json,JSONAdapter(),case-0003,validation_error,ValidationError,2.4329983190400526,1,json_object,0,11,0.0,False,,address.city;address.postcode;address.street;age;employment.company;employment.role;employment.years;name;tags[0];tags[1];tags[2],,1261,0,11,0.0,0,"[""{\n  \""record\"": {\n    \""type\"": \""object\"",\n    \""properties\"": {\n      \""address\"": {\n        \""type\"": \""object\"",\n        \""description\"": \""A postal address; `postcode` is genuinely optional in the rendered prose.\""\n      },\n      \""age\"": {\n        \""type\"": \""integer\"",\n        \""description\"": \""One contact method; `phone` is often absent.\""\n      },\n      \""contacts\"": {\n        \""type\"": \""array\"",\n        \""items\"": {\n          \""type\"": \""object\"",\n          \""description\"": \""One contact method; `email` is often absent.\""\n        }\n      },\n      \""employment\"": {\n        \""type\"": \""object\"",\n        \""description\"": \""Current employment. The whole object is omitted for unemployed records.\""\n      },\n      \""name\"": {\n        \""type\"": \""string\"",\n        \""description\"": \""The extraction target: nested models, an optional object, and two lists.\""\n      },\n      \""tags\"": {\n        \""type\"": \""array\"",\n        \""items\"": {\n          \""type\"": \""string\""\n        }\n      },\n      \""required\"": [\""name\"", \""age\"", \""address\""]\n    }\n  }\n}""]"
json,JSONAdapter(),case-0004,validation_error,ValidationError,7.200100957008544,1,json_object,0,10,0.0,False,,address.city;address.postcode;address.street;age;contacts[0].email;contacts[0].phone;employment.company;employment.role;employment.years;name,,1875,0,10,0.0,0,"[""{\n  \""record\"": {\n    \""type\"": \""PersonRecord\"",\n    \""address\"": {\n      \""type\"": \""object\"",\n      \""description\"": \""A postal address; `postcode` is genuinely optional in the rendered prose.\"",\n      \""properties\"": {\n        \""city\"": {\n          \""type\"": \""string\"",\n          \""title\"": \""City\""\n        },\n        \""postcode\"": {\n          \""type\"": \""string\"",\n          \""description\"": \""A postal code; `anyOf` is genuinely optional in the rendered prose.\"",\n          \""properties\"": {\n            \""postcode\"": {\n              \""type\"": \""string\"",\n              \""description\"": \""A postal code; `anyOf` is genuinely optional in the rendered prose.\"",\n              \""properties\"": {\n                \""city\"": {\n                  \""type\"": \""string\"",\n                  \""title\"": \""City\""\n                },\n                \""postcode\"": {\n                  \""type\"": \""string\"",\n                  \""description\"": \""A postal code; `anyOf` is genuinely optional in the rendered prose.\"",\n                  \""properties\"": {\n                    \""postcode\"": {\n                      \""type\"": \""string\"",\n                      \""description\"": \""A postal code; `anyOf` is genuinely optional in the rendered prose.\"",\n                      \""properties\"": {\n                        \""city\"": {\n                          \""type\"": \""string\"",\n                          \""title\"": \""City\""\n                        },\n                        \""postcode\"": {\n                          \""type\"": \""string\"",\n                          \""description\"": \""A postal code; `anyOf` is genuinely optional in the rendered prose.\"",\n                          \""properties\"": {\n                            \""postcode\"": {\n                              \""type\"": \""string\"",\n                              \""description\"": \""A postal code; `anyOf` is genuinely optional in the rendered prose.\"",\n                              \""properties\"": {\n                                \""city\"": {\n                                  \""type\"": \""string\"",\n                                  \""title\"": \""City\""\n                                },\n                                \""postcode\"": {\n                                  \""type\"": \""string\"",\n                                  \""description\"": \""A postal code; `anyOf` is genuinely optional in the rendered prose.\"",\n                                  \""properties\"": {\n                                    \""postcode\"": {\n                                      \""type\"": \""string\"",\n                                      \""description\"": \""A postal code; `anyOf` is genuinely optional in the rendered prose.\"",\n                                      \""properties\"": {\n                                        \""city\"": {\n                                          \""type\"": \""string\"",\n                                          \""title\"": \""City\""\n                                        }\n                                    }\n                                }\n                              }\n                            }\n                          }\n                        }\n                      }\n                    }\n                  }\n                }\n              }\n            }\n          }\n        }\n      }\n    },\n    \""contacts\"": {\n      \""type\"": \""object\"",\n      \""description\"": \""One contact method; `phone` is often absent.\"",\n      \""properties\"": {\n        \""email\"": {\n          \""type\"": \""string\"",\n          \""title\"": \""Email\""\n        },\n        \""phone\"": {\n          \""type\"": \""string\"",\n          \""description\"": \""One contact method; `phone` is often absent.\"",\n          \""properties\"": {\n            \""email\"": {\n              \""type\"": \""string\"",\n              \""title\"": \""Email\""\n            },\n            \""phone\"": {\n              \""type\"": \""string\"",\n              \""description\"": \""One contact method; `phone` is often absent.\"",\n              \""properties\"": {\n                \""email\"": {\n                  \""type\"": \""string\"",\n                  \""title\"": \""Email\""\n                },\n                \""phone\"": {\n                  \""type\"": \""string\"",\n                  \""description\"": \""One contact method; `phone` is often absent.\"",\n                  \""properties\"": {\n                    \""email\"": {\n                      \""type\"": \""string\"",\n                      \""title""]"
json,JSONAdapter(),case-0005,validation_error,ValidationError,2.6095447709667496,1,json_object,0,8,0.0,False,,address.city;address.postcode;address.street;age;employment;name;tags[0];tags[1],,1249,0,6,0.0,0,"[""{\n  \""record\"": {\n    \""type\"": \""object\"",\n    \""properties\"": {\n      \""address\"": {\n        \""type\"": \""object\"",\n        \""description\"": \""A postal address; `postcode` is genuinely optional in the rendered prose.\""\n      },\n      \""contacts\"": {\n        \""type\"": \""array\"",\n        \""items\"": {\n          \""type\"": \""object\"",\n          \""description\"": \""One contact method; `phone` is often absent.\""\n        },\n        \""title\"": \""Contacts\""\n      },\n      \""employment\"": {\n        \""type\"": \""object\"",\n        \""description\"": \""Current employment. The whole object is omitted for unemployed records.\""\n      },\n      \""name\"": {\n        \""type\"": \""string\"",\n        \""title\"": \""Name\""\n      },\n      \""age\"": {\n        \""type\"": \""integer\"",\n        \""description\"": \""Current age.\""\n      },\n      \""interests\"": {\n        \""type\"": \""object\"",\n        \""description\"": \""Current interests. The whole object is omitted for unemployed records.\""\n      },\n      \""tags\"": {\n        \""type\"": \""array\"",\n        \""items\"": {\n          \""type\"": \""string\""\n        },\n        \""title\"": \""Tags\""\n      }\n    }\n  }\n}""]"
json,JSONAdapter(),case-0006,validation_error,ValidationError,5.388109583989717,1,json_object,0,13,0.0,False,,address.city;address.postcode;address.street;age;contacts[0].email;contacts[0].phone;employment.company;employment.role;employment.years;name;tags[0];tags[1];tags[2],,1640,0,12,0.0,0,"[""{\n  \""record\"": {\n    \""type\"": \""object\"",\n    \""properties\"": {\n      \""address\"": {\n        \""type\"": \""object\"",\n        \""properties\"": {\n          \""city\"": \""Osaka\"",\n          \""postcode\"": \""90001\"",\n          \""title\"": \""Postcode\"",\n          \""description\"": \""A postal address; `postcode` is genuinely optional in the rendered prose.\"",\n          \""properties\"": {\n            \""city\"": {\n              \""type\"": \""string\"",\n              \""title\"": \""City\""\n            },\n            \""postcode\"": {\n              \""type\"": \""string\"",\n              \""nullable\"": true,\n              \""default\"": null,\n              \""title\"": \""Postcode\""\n            },\n            \""street\"": {\n              \""type\"": \""string\"",\n              \""title\"": \""Street\""\n            },\n            \""required\"": [\""street\"", \""city\""],\n            \""title\"": \""Address\""\n          },\n          \""contact\"": {\n            \""type\"": \""object\"",\n            \""properties\"": {\n              \""email\"": {\n                \""type\"": \""string\"",\n                \""title\"": \""Email\""\n              },\n              \""phone\"": {\n                \""type\"": \""string\"",\n                \""nullable\"": true,\n                \""default\"": null,\n                \""title\"": \""Phone\""\n              },\n              \""required\"": [\""email\""],\n              \""title\"": \""Contact\""\n            },\n            \""required\"": [\""email\"", \""phone\""],\n            \""title\"": \""PersonRecord\""\n          },\n          \""employment\"": {\n            \""type\"": \""object\"",\n            \""properties\"": {\n              \""company\"": {\n                \""type\"": \""string\"",\n                \""title\"": \""Company\""\n              },\n              \""role\"": {\n                \""type\"": \""string\"",\n                \""title\"": \""Role\""\n              },\n              \""years\"": {\n                \""type\"": \""integer\"",\n                \""maximum\"": 120,\n                \""minimum\"": 0,\n                \""title\"": \""Years\""\n              },\n              \""required\"": [\""company\"", \""role\"", \""years\""],\n              \""title\"": \""Employment\""\n            },\n            \""required\"": [\""company\"", \""role\"", \""years\""],\n            \""title\"": \""PersonRecord\""\n          },\n          \""name\"": {\n            \""type\"": \""string\"",\n            \""title\"": \""Name\""\n          },\n          \""tags\"": {\n            \""type\"": \""array\"",\n            \""items\"": {\n              \""type\"": \""string\"",\n              \""title\"": \""Tags\""\n            },\n            \""required\"": [\""tags\""]\n          },\n          \""required\"": [\""name\"", \""address\""]\n        }\n      }\n    }\n  }\n}""]"
json,JSONAdapter(),case-0007,validation_error,ValidationError,2.6947159669944085,1,json_object,0,10,0.0,False,,address.city;address.postcode;address.street;age;employment.company;employment.role;employment.years;name;tags[0];tags[1],,1293,0,10,0.0,0,"[""{\n  \""record\"": {\n    \""type\"": \""object\"",\n    \""properties\"": {\n      \""address\"": {\n        \""type\"": \""object\"",\n        \""description\"": \""A postal address; `postcode` is genuinely optional in the rendered prose.\""\n      },\n      \""contacts\"": {\n        \""type\"": \""array\"",\n        \""items\"": {\n          \""type\"": \""string\"",\n          \""title\"": \""Contacts\""\n        },\n        \""description\"": \""One contact method; `phone` is often absent.\""\n      },\n      \""employment\"": {\n        \""type\"": \""object\"",\n        \""description\"": \""Current employment. The whole object is omitted for unemployed records.\""\n      },\n      \""name\"": {\n        \""type\"": \""string\"",\n        \""title\"": \""Name\""\n      },\n      \""age\"": {\n        \""type\"": \""integer\"",\n        \""description\"": \""Current age. The maximum age is 120, the minimum is 0, and the title is 'Age'.\""\n      },\n      \""address_postcode\"": {\n        \""type\"": \""string\"",\n        \""title\"": \""Address Postcode\""\n      },\n      \""tags\"": {\n        \""type\"": \""array\"",\n        \""items\"": {\n          \""type\"": \""string\"",\n          \""title\"": \""Tags\""\n        }\n      }\n    }\n  }\n}""]"
json,JSONAdapter(),case-0008,validation_error,ValidationError,7.238592119014356,1,json_object,0,8,0.0,False,,address.city;address.postcode;address.street;age;employment.company;employment.role;employment.years;name,,1841,0,7,0.0,0,"[""{\n  \""record\"": {\n    \""type\"": \""PersonRecord\"",\n    \""name\"": \""Katherine Liskov\"",\n    \""age\"": 21,\n    \""address\"": {\n      \""type\"": \""object\"",\n      \""description\"": \""A postal address; `postcode` is genuinely optional in the rendered prose.\"",\n      \""properties\"": {\n        \""city\"": {\n          \""type\"": \""string\"",\n          \""title\"": \""City\""\n        },\n        \""postcode\"": {\n          \""type\"": \""string\"",\n          \""description\"": \""A postal code; `anyOf` is genuinely optional in the rendered prose.\"",\n          \""properties\"": {\n            \""postcode\"": {\n              \""type\"": \""string\"",\n              \""description\"": \""A postal code; `anyOf` is genuinely optional in the rendered prose.\"",\n              \""properties\"": {\n                \""city\"": {\n                  \""type\"": \""string\"",\n                  \""title\"": \""City\""\n                },\n                \""postcode\"": {\n                  \""type\"": \""string\"",\n                  \""description\"": \""A postal code; `anyOf` is genuinely optional in the rendered prose.\"",\n                  \""properties\"": {\n                    \""postcode\"": {\n                      \""type\"": \""string\"",\n                      \""description\"": \""A postal code; `anyOf` is genuinely optional in the rendered prose.\"",\n                      \""properties\"": {\n                        \""city\"": {\n                          \""type\"": \""string\"",\n                          \""title\"": \""City\""\n                        },\n                        \""postcode\"": {\n                          \""type\"": \""string\"",\n                          \""description\"": \""A postal code; `anyOf` is genuinely optional in the rendered prose.\"",\n                          \""properties\"": {\n                            \""postcode\"": {\n                              \""type\"": \""string\"",\n                              \""description\"": \""A postal code; `anyOf` is genuinely optional in the rendered prose.\"",\n                              \""properties\"": {\n                                \""city\"": {\n                                  \""type\"": \""string\"",\n                                  \""title\"": \""City\""\n                                },\n                                \""postcode\"": {\n                                  \""type\"": \""string\"",\n                                  \""description\"": \""A postal code; `anyOf` is genuinely optional in the rendered prose.\"",\n                                  \""properties\"": {\n                                    \""postcode\"": {\n                                      \""type\"": \""string\"",\n                                      \""description\"": \""A postal code; `anyOf` is genuinely optional in the rendered prose.\"",\n                                      \""properties\"": {\n                                        \""city\"": {\n                                          \""type\"": \""string\"",\n                                          \""title\"": \""City\""\n                                        },\n                                        \""postcode\"": {\n                                          \""type\"": \""string\"",\n                                          \""description\"": \""A postal code; `anyOf` is genuinely optional in the rendered prose.\"",\n                                          \""properties\"": {\n                                            \""postcode\"": {\n                                              \""type\"": \""string\"",\n                                              \""description\"": \""A postal code; `anyOf` is genuinely optional in the rendered prose.\"",\n                                              \""properties\"": {\n                                                \""city\"": {\n                                                    \""type\"": \""string\"",\n                                                    \""title\"": \""City\""\n                                                },\n                                                \""postcode\"": {\n                                                    \""type\"": \""string\"",\n                                                    \""description\"": \""A postal code; `anyOf` is genuinely optional in the rendered prose.\"",\n                                                    \""properties\"": {\n                                                        \""postcode\"": {\n                                                          \""type\"": \""string\"",\n                                                          \""description\"": \""A postal code; `anyOf` is genuinely optional in the rendered prose.\"",\n                                                          \""properties\"": {\n                                                                               \""city\"": {\n                                                                                   \""type\"": \""string\"",\n                                                                                   \""title\"": \""City\""\n                                                                                },\n                                                                                \""postcode\"": {\n                                                                                   \""type\"": \""string\"",\n                                                                                   \""description\"": \""A postal code; `anyOf` is genuinely optional in the rendered prose.\"",\n                                                                                   \""properties\"": {""]"
json,JSONAdapter(),case-0009,validation_error,ValidationError,3.82859696802916,1,json_object,0,10,0.0,False,,address.city;address.postcode;address.street;age;employment.company;employment.role;employment.years;name;tags[0];tags[1],,1366,0,10,0.0,0,"[""{\n  \""record\"": {\n    \""type\"": \""object\"",\n    \""properties\"": {\n      \""address\"": {\n        \""type\"": \""object\"",\n        \""description\"": \""A postal address; `postcode` is genuinely optional in the rendered prose.\""\n      },\n      \""age\"": {\n        \""type\"": \""integer\"",\n        \""description\"": \""One contact method; `phone` is often absent.\""\n      },\n      \""contacts\"": {\n        \""type\"": \""array\"",\n        \""items\"": {\n          \""type\"": \""object\"",\n          \""description\"": \""One contact method; `email` is often absent.\""\n        }\n      },\n      \""employment\"": {\n        \""type\"": \""object\"",\n        \""properties\"": {\n          \""company\"": {\n            \""type\"": \""string\"",\n            \""description\"": \""Current employment. The whole object is omitted for unemployed records.\""\n          },\n          \""role\"": {\n            \""type\"": \""string\"",\n            \""description\"": \""Current role. The whole object is omitted for unemployed records.\""\n          },\n          \""years\"": {\n            \""type\"": \""integer\"",\n            \""description\"": \""Years of experience. The whole object is omitted for unemployed records.\""\n          }\n        },\n        \""required\"": [\""company\"", \""role\"", \""years\""]\n      },\n      \""name\"": {\n        \""type\"": \""string\"",\n        \""description\"": \""Current name. The whole object is omitted for unemployed records.\""\n      },\n      \""tags\"": {\n        \""type\"": \""array\"",\n        \""items\"": {\n          \""type\"": \""string\""\n        }\n      }\n    }\n  }\n}""]"
json,JSONAdapter(),case-0010,validation_error,ValidationError,9.00771023699781,1,json_object,0,14,0.0,False,,address.city;address.postcode;address.street;age;contacts[0].email;contacts[0].phone;contacts[1].email;contacts[1].phone;employment.company;employment.role;employment.years;name;tags[0];tags[1],,1905,0,13,0.0,0,"[""{\n  \""record\"": {\n    \""type\"": \""object\"",\n    \""properties\"": {\n      \""address\"": {\n        \""type\"": \""object\"",\n        \""description\"": \""A postal address; `postcode` is genuinely optional in the rendered prose.\\n\\nDeliberately shaped like the reference benchmarks' targets - nesting, optionality and\\nrepetition are where schema-following actually breaks down, and a flat model would\\nmake every adapter look identical.\\n\\n\\nDeliberately shaped like the reference benchmarks' targets - nesting, optionality and\\nrepetition are where schema-following actually breaks down, and a flat model would\\nmake every adapter look identical.\\n\\n\\nDeliberately shaped like the reference benchmarks' targets - nesting, optionality and\\nrepetition are where schema-following actually breaks down, and a flat model would\\nmake every adapter look identical.\\n\\n\\nDeliberately shaped like the reference benchmarks' targets - nesting, optionality and\\nrepetition are where schema-following actually breaks down, and a flat model would\\nmake every adapter look identical.\\n\\n\\nDeliberately shaped like the reference benchmarks' targets - nesting, optionality and\\nrepetition are where schema-following actually breaks down, and a flat model would\\nmake every adapter look identical.\\n\\n\\nDeliberately shaped like the reference benchmarks' targets - nesting, optionality and\\nrepetition are where schema-following actually breaks down, and a flat model would\\nmake every adapter look identical.\\n\\n\\nDeliberately shaped like the reference benchmarks' targets - nesting, optionality and\\nrepetition are where schema-following actually breaks down, and a flat model would\\nmake every adapter look identical.\\n\\n\\nDeliberately shaped like the reference benchmarks' targets - nesting, optionality and\\nrepetition are where schema-following actually breaks down, and a flat model would\\nmake every adapter look identical.\\n\\n\\nDeliberately shaped like the reference benchmarks' targets - nesting, optionality and\\nrepetition are where schema-following actually breaks down, and a flat model would\\nmake every adapter look identical.\\n\\n\\nDeliberately shaped like the reference benchmarks' targets - nesting, optionality and\\nrepetition are where schema-following actually breaks down, and a flat model would\\nmake every adapter look identical.\\n\\n\\nDeliberately shaped like the reference benchmarks' targets - nesting, optionality and\\nrepetition are where schema-following actually breaks down, and a flat model would\\nmake every adapter look identical.\\n\\n\\nDeliberately shaped like the reference benchmarks' targets - nesting, optionality and\\nrepetition are where schema-following actually breaks down, and a flat model would\\nmake every adapter look identical.\\n\\n\\nDeliberately shaped like the reference benchmarks' targets - nesting, optionality and\\nrepetition are where schema-following actually breaks down, and a flat model would\\nmake every adapter look identical.\\n\\n\\nDeliberately shaped like the reference benchmarks' targets - nesting, optionality and\\nrepetition are where schema-following actually breaks down, and a flat model would\\nmake every adapter look identical.\\n\\n\\nDeliberately shaped like the reference benchmarks' targets - nesting, optionality and\\nrepetition are where schema-following actually breaks down, and a flat model would\\nmake every adapter look identical.\\n\\n\\nDeliberately shaped like the reference benchmarks' targets - nesting, optionality and\\nrepetition are where schema-following actually breaks down, and a flat model would\\nmake every adapter look identical.\\n\\n\\nDeliberately shaped like the reference benchmarks' targets - nesting, optionality and\\nrepetition are where schema-following actually breaks down, and a flat model would\\nmake every adapter look identical.\\n\\n\\nDeliberately shaped like the reference benchmarks' targets - nesting, optionality and\\""]"
json,JSONAdapter(),case-0011,validation_error,ValidationError,8.032502989983186,1,json_object,0,9,0.0,False,,address.city;address.postcode;address.street;age;contacts[0].email;contacts[0].phone;employment;name;tags[0],,1866,0,8,0.0,0,"[""{\n  \""record\"": {\n    \""type\"": \""PersonRecord\"",\n    \""address\"": {\n      \""type\"": \""object\"",\n      \""description\"": \""A postal address; `postcode` is genuinely optional in the rendered prose.\"",\n      \""properties\"": {\n        \""city\"": {\n          \""type\"": \""string\"",\n          \""title\"": \""City\""\n        },\n        \""postcode\"": {\n          \""type\"": \""string\"",\n          \""description\"": \""A postal code; `anyOf` is genuinely optional in the rendered prose.\"",\n          \""properties\"": {\n            \""postcode\"": {\n              \""type\"": \""string\"",\n              \""description\"": \""A postal code; `anyOf` is genuinely optional in the rendered prose.\"",\n              \""properties\"": {\n                \""city\"": {\n                  \""type\"": \""string\"",\n                  \""title\"": \""City\""\n                },\n                \""postcode\"": {\n                  \""type\"": \""string\"",\n                  \""description\"": \""A postal code; `anyOf` is genuinely optional in the rendered prose.\"",\n                  \""properties\"": {\n                    \""postcode\"": {\n                      \""type\"": \""string\"",\n                      \""description\"": \""A postal code; `anyOf` is genuinely optional in the rendered prose.\"",\n                      \""properties\"": {\n                        \""city\"": {\n                          \""type\"": \""string\"",\n                          \""title\"": \""City\""\n                        },\n                        \""postcode\"": {\n                          \""type\"": \""string\"",\n                          \""description\"": \""A postal code; `anyOf` is genuinely optional in the rendered prose.\"",\n                          \""properties\"": {\n                            \""postcode\"": {\n                              \""type\"": \""string\"",\n                              \""description\"": \""A postal code; `anyOf` is genuinely optional in the rendered prose.\"",\n                              \""properties\"": {\n                                \""city\"": {\n                                  \""type\"": \""string\"",\n                                  \""title\"": \""City\""\n                                },\n                                \""postcode\"": {\n                                  \""type\"": \""string\"",\n                                  \""description\"": \""A postal code; `anyOf` is genuinely optional in the rendered prose.\"",\n                                  \""properties\"": {\n                                    \""postcode\"": {\n                                      \""type\"": \""string\"",\n                                      \""description\"": \""A postal code; `anyOf` is genuinely optional in the rendered prose.\"",\n                                      \""properties\"": {\n                                        \""city\"": {\n                                          \""type\"": \""string\"",\n                                          \""title\"": \""City\""\n                                        },\n                                        \""postcode\"": {\n                                          \""type\"": \""string\"",\n                                          \""description\"": \""A postal code; `anyOf` is genuinely optional in the rendered prose.\"",\n                                          \""properties\"": {\n                                            \""postcode\"": {\n                                              \""type\"": \""string\"",\n                                              \""description\"": \""A postal code; `anyOf` is genuinely optional in the rendered prose.\"",\n                                              \""properties\"": {\n                                                \""city\"": {\n                                                    \""type\"": \""string\"",\n                                                    \""title\"": \""City\""\n                                                },\n                                                \""postcode\"": {\n                                                    \""type\"": \""string\"",\n                                                    \""description\"": \""A postal code; `anyOf` is genuinely optional in the rendered prose.\"",\n                                                    \""properties\"": {\n                                                        \""postcode\"": {\n                                                          \""type\"": \""string\"",\n                                                          \""description\"": \""A postal code; `anyOf` is genuinely optional in the rendered prose.\"",\n                                                          \""properties\"": {\n                                                                               \""city\"": {\n                                                                                   \""type\"": \""string\"",\n                                                                                   \""title\"": \""City\""\n                                                                                },\n                                                                               \""postcode\"": {\n                                                                                   \""type\"": \""string\"",\n                                                                                   \""description\"": \""A postal code; `anyOf` is genuinely optional in the rendered prose.\"",\n                                                                                   \""properties\"": {\n                                                                                        \""postcode\"": {\n                                                                                            \""type\"": \""string\"",\n                                                                                            ""]"
json,JSONAdapter(),case-0012,validation_error,ValidationError,2.1520030529936776,1,json_object,0,12,0.0,False,,address.city;address.postcode;address.street;age;contacts[0].email;contacts[0].phone;employment.company;employment.role;employment.years;name;tags[0];tags[1],,1215,0,10,0.0,0,"[""{\n  \""record\"": {\n    \""type\"": \""object\"",\n    \""properties\"": {\n      \""address\"": {\n        \""type\"": \""object\"",\n        \""description\"": \""A postal address; `postcode` is genuinely optional in the rendered prose.\""\n      },\n      \""contacts\"": {\n        \""type\"": \""array\"",\n        \""items\"": {\n          \""type\"": \""string\"",\n          \""title\"": \""Contact\""\n        },\n        \""required\"": [\""contacts\""]\n      },\n      \""employment\"": {\n        \""type\"": \""object\"",\n        \""description\"": \""Current employment. The whole object is omitted for unemployed records.\""\n      },\n      \""name\"": {\n        \""type\"": \""string\"",\n        \""title\"": \""Name\""\n      },\n      \""tags\"": {\n        \""type\"": \""array\"",\n        \""items\"": {\n          \""type\"": \""string\"",\n          \""title\"": \""Tags\""\n        },\n        \""required\"": [\""tags\""]\n      }\n    }\n  }\n}""]"
json,JSONAdapter(),case-0013,validation_error,ValidationError,2.6203678810270503,1,json_object,0,11,0.0,False,,address.city;address.postcode;address.street;age;contacts[0].email;contacts[0].phone;employment.company;employment.role;employment.years;name;tags[0],,1280,0,9,0.0,0,"[""{\n  \""record\"": {\n    \""type\"": \""object\"",\n    \""properties\"": {\n      \""address\"": {\n        \""type\"": \""object\"",\n        \""description\"": \""A postal address; `postcode` is genuinely optional in the rendered prose.\""\n      },\n      \""age\"": {\n        \""type\"": \""integer\"",\n        \""description\"": \""One contact method; `phone` is often absent.\""\n      },\n      \""contacts\"": {\n        \""type\"": \""array\"",\n        \""items\"": {\n          \""type\"": \""string\"",\n          \""description\"": \""One contact method; `phone` is often absent.\""\n        }\n      },\n      \""employment\"": {\n        \""type\"": \""object\"",\n        \""description\"": \""Current employment. The whole object is omitted for unemployed records.\""\n      },\n      \""name\"": {\n        \""type\"": \""string\"",\n        \""description\"": \""Current name. The whole object is omitted for unemployed records.\""\n      },\n      \""tags\"": {\n        \""type\"": \""array\"",\n        \""items\"": {\n          \""type\"": \""string\"",\n          \""description\"": \""Tags; the whole object is omitted for unemployed records.\""\n        }\n      },\n      \""required\"": [\n        \""name\"",\n        \""age\"",\n        \""address\""\n      ]\n    }\n  }\n}""]"
json,JSONAdapter(),case-0014,validation_error,ValidationError,3.0126437360304408,1,json_object,0,10,0.0,False,,address.city;address.postcode;address.street;age;employment.company;employment.role;employment.years;name;tags[0];tags[1],,1332,0,10,0.0,0,"[""{\n  \""record\"": {\n    \""type\"": \""object\"",\n    \""properties\"": {\n      \""address\"": {\n        \""type\"": \""object\"",\n        \""description\"": \""A postal address; `postcode` is genuinely optional in the rendered prose.\""\n      },\n      \""contacts\"": {\n        \""type\"": \""array\"",\n        \""items\"": {\n          \""type\"": \""string\"",\n          \""description\"": \""One contact method; `phone` is often absent.\""\n        },\n        \""title\"": \""Contacts\""\n      },\n      \""employment\"": {\n        \""type\"": \""object\"",\n        \""description\"": \""Current employment. The whole object is omitted for unemployed records.\""\n      },\n      \""name\"": {\n        \""type\"": \""string\"",\n        \""description\"": \""The extraction target: nested models, an optional object, and two lists.\""\n      },\n      \""age\"": {\n        \""type\"": \""integer\"",\n        \""description\"": \""The extraction target: nested models, an optional object, and two lists.\""\n      },\n      \""address_postcode\"": {\n        \""type\"": \""string\"",\n        \""description\"": \""The address with its postcode.\""\n      },\n      \""interests\"": {\n        \""type\"": \""string\"",\n        \""description\"": \""The extraction target: nested models, an optional object, and two lists.\""\n      },\n      \""postal_code\"": {\n        \""type\"": \""string\"",\n        \""description\"": \""The extraction target: nested models, an optional object, and two lists.\""\n      }\n    }\n  }\n}""]"
json,JSONAdapter(),case-0015,validation_error,ValidationError,7.192106433969457,1,json_object,0,10,0.0,False,,address.city;address.postcode;address.street;age;contacts[0].email;contacts[0].phone;employment.company;employment.role;employment.years;name,,1872,0,10,0.0,0,"[""{\n  \""record\"": {\n    \""type\"": \""PersonRecord\"",\n    \""name\"": \""Katherine Lovelace\"",\n    \""age\"": 51,\n    \""address\"": {\n      \""type\"": \""object\"",\n      \""description\"": \""A postal address; 'postcode' is genuinely optional in the rendered prose.\"",\n      \""properties\"": {\n        \""city\"": \""Osaka\"",\n        \""postcode\"": \""75009\"",\n        \""street\"": \""12 Baker St\"",\n        \""required\"": [\""street\"", \""city\""],\n        \""title\"": \""Address\""\n      },\n      \""Contact\"": {\n        \""type\"": \""object\"",\n        \""description\"": \""One contact method; 'phone' is often absent.\"",\n        \""properties\"": {\n          \""email\"": {\n            \""type\"": \""string\"",\n            \""title\"": \""Email\""\n          },\n          \""phone\"": {\n            \""type\"": \""string\"",\n            \""required\"": [\""phone\""],\n            \""title\"": \""Phone\""\n          },\n          \""required\"": [\""email\"", \""phone\""],\n          \""title\"": \""Contact\""\n        },\n        \""Employment\"": {\n          \""type\"": \""object\"",\n          \""description\"": \""Current employment. The whole object is omitted for unemployed records.\"",\n          \""properties\"": {\n            \""company\"": {\n              \""type\"": \""string\"",\n              \""title\"": \""Company\""\n            },\n            \""role\"": {\n              \""type\"": \""string\"",\n              \""title\"": \""Role\""\n            },\n            \""years\"": {\n              \""type\"": \""integer\"",\n              \""maximum\"": 120,\n              \""minimum\"": 0,\n              \""title\"": \""Years\""\n            },\n            \""required\"": [\""company\"", \""role\"", \""years\""],\n            \""title\"": \""Employment\""\n          },\n          \""required\"": [\""company\"", \""role\"", \""years\""],\n          \""title\"": \""Employment\""\n        },\n        \""required\"": [\""name\"", \""age\"", \""address\""],\n        \""title\"": \""PersonRecord\""\n      },\n      \""address\"": {\n        \""type\"": \""object\"",\n        \""description\"": \""The extraction target: nested models, an optional object, and two lists. Deliberately shaped like the reference benchmarks' targets - nesting, optionality and repetition are where schema-following actually breaks down, and a flat model would make every adapter look identical.\"",\n        \""properties\"": {\n          \""address\"": {\n            \""type\"": \""object\"",\n            \""description\"": \""The extraction target: nested models, an optional object, and two lists. Deliberately shaped like the reference benchmarks' targets - nesting, optionality and repetition are where schema-following actually breaks down, and a flat model would make every adapter look identical.\"",\n            \""properties\"": {\n              \""address\"": {\n                \""type\"": \""object\"",\n                \""description\"": \""The extraction target: nested models, an optional object, and two lists. Deliberately shaped like the reference benchmarks' targets - nesting, optionality and repetition are where schema-following actually breaks down, and a flat model would make every adapter look identical.\"",\n                \""properties\"": {\n                  \""postcode\"": {\n                    \""type\"": \""string\"",\n                    \""description\"": \""A postal address; 'postcode' is genuinely optional in the rendered prose.\"",\n                    \""properties\"": {\n                      \""city\"": {\n                        \""type\"": \""string\"",\n                        \""title\"": \""City\""\n                      },\n                      \""street\"": {\n                        \""type\"": \""string\"",\n                        \""title\"": \""Street\""\n                      },\n                      \""required\"": [\""street\"", \""city\""],\n                      \""title\"": \""Address\""\n                    },\n                      \""contact\"": {\n                        \""type\"": \""object\"",\n""]"
json,JSONAdapter(),case-0016,validation_error,ValidationError,7.331950720981695,1,json_object,0,12,0.0,False,,address.city;address.postcode;address.street;age;contacts[0].email;contacts[0].phone;contacts[1].email;contacts[1].phone;employment.company;employment.role;employment.years;name,,1901,0,12,0.0,0,"[""{\n  \""record\"": {\n    \""type\"": \""PersonRecord\"",\n    \""name\"": \""Barbara Perlman\"",\n    \""age\"": 20,\n    \""address\"": {\n      \""type\"": \""object\"",\n      \""description\"": \""A postal address; `postcode` is genuinely optional in the rendered prose.\"",\n      \""properties\"": {\n        \""city\"": {\n          \""type\"": \""string\"",\n          \""title\"": \""City\""\n        },\n        \""postcode\"": {\n          \""type\"": \""string\"",\n          \""description\"": \""A postal code; `postcode` is genuinely optional in the rendered prose.\"",\n          \""properties\"": {\n            \""city\"": {\n              \""type\"": \""string\"",\n              \""title\"": \""City\""\n            },\n            \""postcode\"": {\n              \""type\"": \""string\"",\n              \""description\"": \""A postal code; `postcode` is genuinely optional in the rendered prose.\"",\n              \""properties\"": {\n                \""city\"": {\n                  \""type\"": \""string\"",\n                  \""title\"": \""City\""\n                },\n                \""postcode\"": {\n                  \""type\"": \""string\"",\n                  \""description\"": \""A postal code; `postcode` is genuinely optional in the rendered prose.\"",\n                  \""properties\"": {\n                    \""city\"": {\n                      \""type\"": \""string\"",\n                      \""title\"": \""City\""\n                    },\n                    \""postcode\"": {\n                      \""type\"": \""string\"",\n                      \""description\"": \""A postal code; `postcode` is genuinely optional in the rendered prose.\"",\n                      \""properties\"": {\n                        \""city\"": {\n                          \""type\"": \""string\"",\n                          \""title\"": \""City\""\n                        },\n                        \""postcode\"": {\n                          \""type\"": \""string\"",\n                          \""description\"": \""A postal code; `postcode` is genuinely optional in the rendered prose.\"",\n                          \""properties\"": {\n                            \""city\"": {\n                              \""type\"": \""string\"",\n                              \""title\"": \""City\""\n                            },\n                            \""postcode\"": {\n                              \""type\"": \""string\"",\n                              \""description\"": \""A postal code; `postcode` is genuinely optional in the rendered prose.\"",\n                              \""properties\"": {\n                                \""city\"": {\n                                  \""type\"": \""string\"",\n                                  \""title\"": \""City\""\n                                },\n                                \""postcode\"": {\n                                  \""type\"": \""string\"",\n                                  \""description\"": \""A postal code; `postcode` is genuinely optional in the rendered prose.\"",\n                                  \""properties\"": {\n                                    \""city\"": {\n                                      \""type\"": \""string\"",\n                                      \""title\"": \""City\""\n                                    },\n                                    \""postcode\"": {\n                                      \""type\"": \""string\"",\n                                      \""description\"": \""A postal code; `postcode` is genuinely optional in the rendered prose.\"",\n                                      \""properties\"": {\n                                        \""city\"": {\n                                          \""type\"": \""string\"",\n                                          \""title\"": \""City\""\n                                        }\n                                    }\n                                }\n                              }\n                            }\n                        }\n                      },\n                    \""required\"": [\""city\"", \""postcode\""],\n                    \""title\"": \""Contact\""\n                  },\n                  \""phone\"": {\n                    \""type\"": \""object\"",\n                    \""description\"": \""One contact method; `phone` is often absent.\"",\n                    \""properties\"": {\n                      \""email\"": {\n                        \""type\"": \""string\"",\n                        \""title\"": \""Email\""\n                      },\n                      \""phone\"": {\n                        \""type\"": \""string\"",\n                        \""description\"": \""One contact method; `phone` is often absent.\"",\n                        \""properties\"": {\n                          \""email\"": {\n                            \""type\"": \""string\"",\n                            \""title\"": \""Email\""\n                          },\n                          \""phone\"": {\n                            \""type\"": \""""]"
json,JSONAdapter(),case-0017,validation_error,ValidationError,2.4660402620211244,1,json_object,0,10,0.0,False,,address.city;address.postcode;address.street;age;contacts[0].email;contacts[0].phone;employment.company;employment.role;employment.years;name,,1244,0,8,0.0,0,"[""{\n  \""record\"": {\n    \""type\"": \""object\"",\n    \""properties\"": {\n      \""address\"": {\n        \""type\"": \""object\"",\n        \""description\"": \""A postal address; `postcode` is genuinely optional in the rendered prose.\""\n      },\n      \""contacts\"": {\n        \""type\"": \""array\"",\n        \""items\"": {\n          \""type\"": \""string\"",\n          \""description\"": \""One contact method; `phone` is often absent.\""\n        },\n        \""title\"": \""Contacts\""\n      },\n      \""employment\"": {\n        \""type\"": \""object\"",\n        \""description\"": \""Current employment. The whole object is omitted for unemployed records.\""\n      },\n      \""name\"": {\n        \""type\"": \""string\"",\n        \""description\"": \""Current name. The whole object is omitted for unemployed records.\""\n      },\n      \""tags\"": {\n        \""type\"": \""array\"",\n        \""items\"": {\n          \""type\"": \""string\"",\n          \""description\"": \""Tags. The whole object is omitted for unemployed records.\""\n        }\n      },\n      \""required\"": [\""name\"", \""age\"", \""address\""]\n    }\n  }\n}""]"
json,JSONAdapter(),case-0018,validation_error,ValidationError,7.390042561979499,1,json_object,0,12,0.0,False,,address.city;address.postcode;address.street;age;contacts[0].email;contacts[0].phone;employment.company;employment.role;employment.years;name;tags[0];tags[1],,1872,0,11,0.0,0,"[""{\n  \""record\"": {\n    \""type\"": \""object\"",\n    \""properties\"": {\n      \""address\"": {\n        \""type\"": \""object\"",\n        \""properties\"": {\n          \""city\"": \""Paris\"",\n          \""postcode\"": \""N2 4PL\"",\n          \""street\"": \""1 Infinite Loop\"",\n          \""required\"": [\""street\"", \""city\""],\n          \""title\"": \""Address\"",\n          \""contact\"": {\n            \""type\"": \""object\"",\n            \""properties\"": {\n              \""email\"": {\n                \""type\"": \""string\"",\n                \""title\"": \""Email\""\n              },\n              \""phone\"": {\n                \""type\"": \""string\"",\n                \""title\"": \""Phone\""\n              },\n              \""required\"": [\""email\"", \""phone\""],\n              \""title\"": \""Contact\""\n            },\n            \""required\"": [\""email\"", \""phone\""],\n            \""title\"": \""PersonRecord\""\n          },\n          \""employment\"": {\n            \""type\"": \""object\"",\n            \""properties\"": {\n              \""company\"": {\n                \""type\"": \""string\"",\n                \""title\"": \""Company\""\n              },\n              \""role\"": {\n                \""type\"": \""string\"",\n                \""title\"": \""Role\""\n              },\n              \""years\"": {\n                \""type\"": \""integer\"",\n                \""maximum\"": 120,\n                \""minimum\"": 0,\n                \""title\"": \""Years\""\n              },\n              \""required\"": [\""company\"", \""role\"", \""years\""],\n              \""title\"": \""Employment\""\n            },\n            \""required\"": [\""name\"", \""age\"", \""address\""],\n            \""title\"": \""PersonRecord\""\n          },\n          \""tags\"": {\n            \""type\"": \""array\"",\n            \""items\"": {\n              \""type\"": \""string\"",\n              \""title\"": \""Tags\""\n            },\n            \""required\"": [\""tags\""]\n          },\n          \""required\"": [\""name\"", \""age\"", \""address\""]\n        },\n      \""contacts\"": {\n        \""type\"": \""array\"",\n        \""items\"": {\n          \""type\"": \""string\"",\n          \""title\"": \""Contact\""\n        },\n        \""required\"": [\""contacts\""]\n      },\n      \""employment\"": {\n        \""type\"": \""object\"",\n        \""properties\"": {\n          \""company\"": {\n            \""type\"": \""string\"",\n            \""title\"": \""Company\""\n          },\n          \""role\"": {\n            \""type\"": \""string\"",\n            \""title\"": \""Role\""\n          },\n          \""years\"": {\n            \""type\"": \""integer\"",\n            \""maximum\"": 120,\n            \""minimum\"": 0,\n            \""title\"": \""Years\""\n          },\n          \""required\"": [\""company\"", \""role\"", \""years\""],\n          \""title\"": \""Employment\""\n        },\n        \""required\"": [\""company\"", \""role\"", \""years\""]\n      },\n      \""address\"": {\n        \""type\"": \""object\"",\n        \""properties\"": {\n          \""city\"": \""Paris\"",\n          \""postcode\"": \""N2 4PL\"",\n          \""street\"": \""1 Infinite Loop\"",\n          \""required\"": [\""street\"", \""city\""],\n          \""title\"": \""Address\"",\n          \""contact\"": {\n            \""type\"": \""object\"",\n            \""properties\"": {\n              \""email\"": {\n                \""type\"": \""string\"",\n                \""title\"": \""Email\""\n              },\n              \""phone\"": {\n                \""type\"": \""string\"",\n                \""title\"": \""Phone\""\n              },\n              \""required\"": [\""email\"", \""phone\""],\n              \""title\"": \""Contact""]"
json,JSONAdapter(),case-0019,validation_error,ValidationError,9.41241779102711,1,json_object,0,13,0.0,False,,address.city;address.postcode;address.street;age;contacts[0].email;contacts[0].phone;employment.company;employment.role;employment.years;name;tags[0];tags[1];tags[2],,1866,0,12,0.0,0,"[""{\n  \""record\"": {\n    \""type\"": \""PersonRecord\"",\n    \""address\"": {\n      \""type\"": \""object\"",\n      \""description\"": \""A postal address; `postcode` is genuinely optional in the rendered prose.\"",\n      \""properties\"": {\n        \""city\"": {\n          \""type\"": \""string\"",\n          \""title\"": \""City\""\n        },\n        \""postcode\"": {\n          \""type\"": \""string\"",\n          \""description\"": \""A postal code; `anyOf` is genuinely optional in the rendered prose.\"",\n          \""properties\"": {\n            \""postcode\"": {\n              \""type\"": \""string\"",\n              \""description\"": \""A postal code; `anyOf` is genuinely optional in the rendered prose.\"",\n              \""properties\"": {\n                \""city\"": {\n                  \""type\"": \""string\"",\n                  \""title\"": \""City\""\n                },\n                \""postcode\"": {\n                  \""type\"": \""string\"",\n                  \""description\"": \""A postal code; `anyOf` is genuinely optional in the rendered prose.\"",\n                  \""properties\"": {\n                    \""postcode\"": {\n                      \""type\"": \""string\"",\n                      \""description\"": \""A postal code; `anyOf` is genuinely optional in the rendered prose.\"",\n                      \""properties\"": {\n                        \""city\"": {\n                          \""type\"": \""string\"",\n                          \""title\"": \""City\""\n                        },\n                        \""postcode\"": {\n                          \""type\"": \""string\"",\n                          \""description\"": \""A postal code; `anyOf` is genuinely optional in the rendered prose.\"",\n                          \""properties\"": {\n                            \""postcode\"": {\n                              \""type\"": \""string\"",\n                              \""description\"": \""A postal code; `anyOf` is genuinely optional in the rendered prose.\"",\n                              \""properties\"": {\n                                \""city\"": {\n                                  \""type\"": \""string\"",\n                                  \""title\"": \""City\""\n                                },\n                                \""postcode\"": {\n                                  \""type\"": \""string\"",\n                                  \""description\"": \""A postal code; `anyOf` is genuinely optional in the rendered prose.\"",\n                                  \""properties\"": {\n                                    \""postcode\"": {\n                                      \""type\"": \""string\"",\n                                      \""description\"": \""A postal code; `anyOf` is genuinely optional in the rendered prose.\"",\n                                      \""properties\"": {\n                                        \""city\"": {\n                                          \""type\"": \""string\"",\n                                          \""title\"": \""City\""\n                                        },\n                                        \""postcode\"": {\n                                          \""type\"": \""string\"",\n                                          \""description\"": \""A postal code; `anyOf` is genuinely optional in the rendered prose.\"",\n                                          \""properties\"": {\n                                            \""postcode\"": {\n                                              \""type\"": \""string\"",\n                                              \""description\"": \""A postal code; `anyOf` is genuinely optional in the rendered prose.\"",\n                                              \""properties\"": {\n                                                \""city\"": {\n                                                    \""type\"": \""string\"",\n                                                    \""title\"": \""City\""\n                                                },\n                                                \""postcode\"": {\n                                                    \""type\"": \""string\"",\n                                                    \""description\"": \""A postal code; `anyOf` is genuinely optional in the rendered prose.\"",\n                                                    \""properties\"": {\n                                                        \""postcode\"": {\n                                                          \""type\"": \""string\"",\n                                                          \""description\"": \""A postal code; `anyOf` is genuinely optional in the rendered prose.\"",\n                                                          \""properties\"": {\n                                                                               \""city\"": {\n                                                                                   \""type\"": \""string\"",\n                                                                                   \""title\"": \""City\""\n                                                                                },\n                                                                               \""postcode\"": {\n                                                                                   \""type\"": \""string\"",\n                                                                                   \""description\"": \""A postal code; `anyOf` is genuinely optional in the rendered prose.\"",\n                                                                                   \""properties\"": {\n                                                                                        \""postcode\"": {\n                                                                                            \""type\"": \""string\"",\n                                                                                            ""]"
json,JSONAdapter(),case-0020,validation_error,ValidationError,2.625660778954625,1,json_object,0,8,0.0,False,,address.city;address.postcode;address.street;age;employment;name;tags[0];tags[1],,1209,0,6,0.0,0,"[""{\n  \""record\"": {\n    \""type\"": \""object\"",\n    \""properties\"": {\n      \""address\"": {\n        \""type\"": \""object\"",\n        \""description\"": \""A postal address; `postcode` is genuinely optional in the rendered prose.\""\n      },\n      \""age\"": {\n        \""type\"": \""integer\"",\n        \""description\"": \""One contact method; `phone` is often absent.\""\n      },\n      \""contacts\"": {\n        \""type\"": \""array\"",\n        \""items\"": {\n          \""type\"": \""object\"",\n          \""description\"": \""One contact method; `phone` is often absent.\""\n        }\n      },\n      \""employment\"": {\n        \""type\"": \""object\"",\n        \""description\"": \""Current employment. The whole object is omitted for unemployed records.\""\n      },\n      \""name\"": {\n        \""type\"": \""string\"",\n        \""description\"": \""Current name. The whole object is omitted for unemployed records.\""\n      },\n      \""tags\"": {\n        \""type\"": \""array\"",\n        \""items\"": {\n          \""type\"": \""string\""\n        }\n      }\n    }\n  }\n}""]"
json,JSONAdapter(),case-0021,validation_error,ValidationError,7.622069285949692,1,json_object,0,13,0.0,False,,address.city;address.postcode;address.street;age;contacts[0].email;contacts[0].phone;contacts[1].email;contacts[1].phone;employment.company;employment.role;employment.years;name;tags[0],,1884,0,11,0.0,0,"[""{\n  \""record\"": {\n    \""type\"": \""PersonRecord\"",\n    \""name\"": \""Alan Dijkstra\"",\n    \""age\"": 47,\n    \""address\"": {\n      \""type\"": \""object\"",\n      \""description\"": \""A postal address; `postcode` is genuinely optional in the rendered prose.\"",\n      \""properties\"": {\n        \""city\"": {\n          \""type\"": \""string\"",\n          \""title\"": \""City\""\n        },\n        \""postcode\"": {\n          \""type\"": \""string\"",\n          \""description\"": \""A string, optionally `null`.\"",\n          \""default\"": null,\n          \""title\"": \""Postcode\""\n        },\n        \""street\"": {\n          \""type\"": \""string\"",\n          \""title\"": \""Street\""\n        },\n        \""required\"": [\""street\"", \""city\""],\n        \""title\"": \""Address\""\n      },\n      \""contact\"": {\n        \""type\"": \""object\"",\n        \""description\"": \""One contact method; `phone` is often absent.\"",\n        \""properties\"": {\n          \""email\"": {\n            \""type\"": \""string\"",\n            \""title\"": \""Email\""\n          },\n          \""phone\"": {\n            \""type\"": \""string\"",\n            \""description\"": \""A string, optionally `null`.\"",\n            \""default\"": null,\n            \""title\"": \""Phone\""\n          },\n          \""required\"": [\""email\""],\n          \""title\"": \""Contact\""\n        },\n        \""employment\"": {\n          \""type\"": \""object\"",\n          \""description\"": \""Current employment. The whole object is omitted for unemployed records.\"",\n          \""properties\"": {\n            \""company\"": {\n              \""type\"": \""string\"",\n              \""title\"": \""Company\""\n            },\n            \""role\"": {\n              \""type\"": \""string\"",\n              \""title\"": \""Role\""\n            },\n            \""years\"": {\n              \""type\"": \""integer\"",\n              \""maximum\"": 50,\n              \""minimum\"": 0,\n              \""title\"": \""Years\""\n            },\n            \""required\"": [\""company\"", \""role\"", \""years\""],\n            \""title\"": \""Employment\""\n          },\n          \""required\"": [\""company\"", \""role\"", \""years\""],\n          \""title\"": \""Employment\""\n        },\n        \""address\"": {\n          \""type\"": \""object\"",\n          \""description\"": \""The extraction target: nested models, an optional object, and two lists.\"",\n          \""properties\"": {\n            \""address\"": {\n              \""type\"": \""object\"",\n              \""description\"": \""The extraction target: nested models, an optional object, and two lists.\"",\n              \""properties\"": {\n                \""address\"": {\n                  \""type\"": \""object\"",\n                  \""description\"": \""The extraction target: nested models, an optional object, and two lists.\"",\n                  \""properties\"": {\n                    \""postal_code\"": {\n                      \""type\"": \""string\"",\n                      \""description\"": \""A string, optionally `null`.\"",\n                      \""default\"": null,\n                      \""title\"": \""Postcode\""\n                    },\n                    \""street\"": {\n                      \""type\"": \""string\"",\n                      \""title\"": \""Street\""\n                    },\n                    \""city\"": {\n                      \""type\"": \""string\"",\n                      \""title\"": \""City\""\n                    },\n                    \""zip_code\"": {\n                      \""type\"": \""string\"",\n                      \""description\"": \""A string, optionally `null`.\"",\n                      \""default\"": null,\n                      \""title\"": \""Postcode\""\n                    },\n                    \""zip_code_postal_code\"": {\n                      \""type\"": \""string\"",\n                      \""description\"": \""A string, optionally `null`.\"",\n                      \""""]"
json,JSONAdapter(),case-0022,validation_error,ValidationError,7.440749400993809,1,json_object,0,8,0.0,False,,address.city;address.postcode;address.street;age;contacts[0].email;contacts[0].phone;employment;name,,1860,0,7,0.0,0,"[""{\n  \""record\"": {\n    \""type\"": \""PersonRecord\"",\n    \""address\"": {\n      \""type\"": \""object\"",\n      \""description\"": \""A postal address; `postcode` is genuinely optional in the rendered prose.\"",\n      \""properties\"": {\n        \""city\"": {\n          \""type\"": \""string\"",\n          \""title\"": \""City\""\n        },\n        \""postcode\"": {\n          \""type\"": \""string\"",\n          \""description\"": \""A postal code; `postcode` is genuinely optional in the rendered prose.\"",\n          \""properties\"": {\n            \""default\"": null,\n            \""title\"": \""Postcode\""\n          },\n          \""required\"": [\""postcode\""],\n          \""title\"": \""Postcode\""\n        },\n        \""street\"": {\n          \""type\"": \""string\"",\n          \""title\"": \""Street\""\n        },\n        \""required\"": [\""street\"", \""city\""],\n        \""title\"": \""Address\""\n      },\n      \""contact\"": {\n        \""type\"": \""object\"",\n        \""description\"": \""One contact method; `phone` is often absent.\"",\n        \""properties\"": {\n          \""email\"": {\n            \""type\"": \""string\"",\n            \""title\"": \""Email\""\n          },\n          \""phone\"": {\n            \""type\"": \""string\"",\n            \""description\"": \""A phone number; `phone` is often absent.\"",\n            \""properties\"": {\n              \""default\"": null,\n              \""title\"": \""Phone\""\n            },\n            \""required\"": [\""email\""],\n            \""title\"": \""Contact\""\n          },\n          \""required\"": [\""email\""],\n          \""title\"": \""Contact\""\n        },\n        \""employment\"": {\n          \""type\"": \""object\"",\n          \""description\"": \""Current employment. The whole object is omitted for unemployed records.\"",\n          \""properties\"": {\n            \""company\"": {\n              \""type\"": \""string\"",\n              \""title\"": \""Company\""\n            },\n            \""role\"": {\n              \""type\"": \""string\"",\n              \""title\"": \""Role\""\n            },\n            \""years\"": {\n              \""type\"": \""integer\"",\n              \""maximum\"": 50,\n              \""minimum\"": 0,\n              \""title\"": \""Years\""\n            },\n            \""required\"": [\""company\"", \""role\"", \""years\""],\n            \""title\"": \""Employment\""\n          },\n          \""required\"": [\""company\"", \""role\"", \""years\""],\n          \""title\"": \""Employment\""\n        },\n        \""required\"": [\""name\"", \""age\"", \""address\""],\n        \""title\"": \""PersonRecord\""\n      },\n      \""address\"": {\n        \""type\"": \""object\"",\n        \""description\"": \""The extraction target: nested models, an optional object, and two lists. Deliberately shaped like the reference benchmarks' targets - nesting, optionality, and repetition are where schema-following actually breaks down, and a flat model would make every adapter look identical.\"",\n        \""properties\"": {\n          \""address\"": {\n            \""type\"": \""object\"",\n            \""description\"": \""The extraction target: nested models, an optional object, and two lists. Deliberately shaped like the reference benchmarks' targets - nesting, optionality, and repetition are where schema-following actually breaks down, and a flat model would make every adapter look identical.\"",\n            \""properties\"": {\n              \""address\"": {\n                \""type\"": \""object\"",\n                \""description\"": \""The extraction target: nested models, an optional object, and two lists. Deliberately shaped like the reference benchmarks' targets - nesting, optionality, and repetition are where schema-following actually breaks down, and a flat model would make every adapter look identical.\"",\n                \""properties\"": {\n                  \""postcode\"": {\n                    \""type""]"
json,JSONAdapter(),case-0023,validation_error,ValidationError,7.399534054042306,1,json_object,0,15,0.0,False,,address.city;address.postcode;address.street;age;contacts[0].email;contacts[0].phone;contacts[1].email;contacts[1].phone;employment.company;employment.role;employment.years;name;tags[0];tags[1];tags[2],,1896,0,14,0.0,0,"[""{\n  \""record\"": {\n    \""type\"": \""PersonRecord\"",\n    \""name\"": \""Linus Hopper\"",\n    \""age\"": 25,\n    \""address\"": {\n      \""type\"": \""object\"",\n      \""description\"": \""A postal address; `postcode` is genuinely optional in the rendered prose.\"",\n      \""properties\"": {\n        \""city\"": {\n          \""type\"": \""string\"",\n          \""title\"": \""City\""\n        },\n        \""postcode\"": {\n          \""type\"": \""string\"",\n          \""description\"": \""A postal code; `postcode` is genuinely optional in the rendered prose.\"",\n          \""properties\"": {\n            \""default\"": null,\n            \""title\"": \""Postcode\""\n          },\n          \""required\"": [\""postcode\""],\n          \""title\"": \""Postcode\""\n        },\n        \""street\"": {\n          \""type\"": \""string\"",\n          \""title\"": \""Street\""\n        },\n        \""required\"": [\""street\"", \""city\""],\n        \""title\"": \""Address\""\n      },\n      \""contact\"": {\n        \""type\"": \""object\"",\n        \""description\"": \""One contact method; `phone` is often absent.\"",\n        \""properties\"": {\n          \""email\"": {\n            \""type\"": \""string\"",\n            \""title\"": \""Email\""\n          },\n          \""phone\"": {\n            \""type\"": \""string\"",\n            \""description\"": \""A phone number; `phone` is often absent.\"",\n            \""properties\"": {\n              \""default\"": null,\n              \""title\"": \""Phone\""\n            },\n            \""required\"": [\""email\""],\n            \""title\"": \""Contact\""\n          },\n          \""required\"": [\""email\""],\n          \""title\"": \""Contact\""\n        },\n        \""employment\"": {\n          \""type\"": \""object\"",\n          \""description\"": \""Current employment. The whole object is omitted for unemployed records.\"",\n          \""properties\"": {\n            \""company\"": {\n              \""type\"": \""string\"",\n              \""title\"": \""Company\""\n            },\n            \""role\"": {\n              \""type\"": \""string\"",\n              \""title\"": \""Role\""\n            },\n            \""years\"": {\n              \""type\"": \""integer\"",\n              \""maximum\"": 50,\n              \""minimum\"": 0,\n              \""title\"": \""Years\""\n            },\n            \""required\"": [\""company\"", \""role\"", \""years\""],\n            \""title\"": \""Employment\""\n          },\n          \""required\"": [\""company\"", \""role\"", \""years\""],\n          \""title\"": \""Employment\""\n        },\n        \""required\"": [\""name\"", \""age\"", \""address\""],\n        \""title\"": \""PersonRecord\""\n      },\n      \""address\"": {\n        \""type\"": \""object\"",\n        \""description\"": \""A postal address; `postcode` is genuinely optional in the rendered prose.\"",\n        \""properties\"": {\n          \""postcode\"": {\n            \""type\"": \""string\"",\n            \""description\"": \""A postal code; `postcode` is genuinely optional in the rendered prose.\"",\n            \""properties\"": {\n              \""default\"": null,\n              \""title\"": \""Postcode\""\n            },\n            \""required\"": [\""postcode\""],\n            \""title\"": \""Postcode\""\n          },\n          \""city\"": {\n            \""type\"": \""string\"",\n            \""title\"": \""City\""\n          },\n          \""street\"": {\n            \""type\"": \""string\"",\n            \""title\"": \""Street\""\n          },\n          \""required\"": [\""city\"", \""postcode\""],\n          \""title\"": \""Address\""\n        },\n        \""contact\"": {\n          \""type\"": \""object\"",\n          \""description\"": \""One contact method; ""]"
json,JSONAdapter(),case-0024,validation_error,ValidationError,3.145834145019762,1,json_object,0,10,0.0,False,,address.city;address.postcode;address.street;age;contacts[0].email;contacts[0].phone;employment.company;employment.role;employment.years;name,,1350,0,10,0.0,0,"[""{\n  \""record\"": {\n    \""type\"": \""object\"",\n    \""properties\"": {\n      \""address\"": {\n        \""type\"": \""object\"",\n        \""description\"": \""A postal address; `postcode` is genuinely optional in the rendered prose.\""\n      },\n      \""contacts\"": {\n        \""type\"": \""array\"",\n        \""items\"": {\n          \""type\"": \""string\"",\n          \""description\"": \""One contact method; `phone` is often absent.\""\n        },\n        \""title\"": \""Contacts\""\n      },\n      \""employment\"": {\n        \""type\"": \""object\"",\n        \""description\"": \""Current employment. The whole object is omitted for unemployed records.\""\n      },\n      \""name\"": {\n        \""type\"": \""string\"",\n        \""description\"": \""The extraction target: nested models, an optional object, and two lists.\""\n      },\n      \""age\"": {\n        \""type\"": \""integer\"",\n        \""description\"": \""The subject's age in years.\""\n      },\n      \""address_postcode\"": {\n        \""type\"": \""string\"",\n        \""description\"": \""The address's postcode.\""\n      },\n      \""phone\"": {\n        \""type\"": \""string\"",\n        \""description\"": \""The subject's phone number.\""\n      },\n      \""tags\"": {\n        \""type\"": \""array\"",\n        \""items\"": {\n          \""type\"": \""string\"",\n          \""description\"": \""The subject's tags.\""\n        }\n      }\n    }\n  }\n}""]"
json,JSONAdapter(),case-0025,validation_error,ValidationError,7.375329558039084,1,json_object,0,10,0.0,False,,address.city;address.postcode;address.street;age;contacts[0].email;contacts[0].phone;contacts[1].email;contacts[1].phone;employment;name,,1873,0,8,0.0,0,"[""{\n  \""record\"": {\n    \""type\"": \""PersonRecord\"",\n    \""address\"": {\n      \""type\"": \""object\"",\n      \""description\"": \""A postal address; `postcode` is genuinely optional in the rendered prose.\"",\n      \""properties\"": {\n        \""city\"": {\n          \""type\"": \""string\"",\n          \""title\"": \""City\""\n        },\n        \""postcode\"": {\n          \""type\"": \""string\"",\n          \""description\"": \""A postal code; `anyOf` is genuinely optional in the rendered prose.\"",\n          \""properties\"": {\n            \""postcode\"": {\n              \""type\"": \""string\"",\n              \""description\"": \""A postal code; `anyOf` is genuinely optional in the rendered prose.\"",\n              \""properties\"": {\n                \""city\"": {\n                  \""type\"": \""string\"",\n                  \""title\"": \""City\""\n                },\n                \""postcode\"": {\n                  \""type\"": \""string\"",\n                  \""description\"": \""A postal code; `anyOf` is genuinely optional in the rendered prose.\"",\n                  \""properties\"": {\n                    \""postcode\"": {\n                      \""type\"": \""string\"",\n                      \""description\"": \""A postal code; `anyOf` is genuinely optional in the rendered prose.\"",\n                      \""properties\"": {\n                        \""city\"": {\n                          \""type\"": \""string\"",\n                          \""title\"": \""City\""\n                        },\n                        \""postcode\"": {\n                          \""type\"": \""string\"",\n                          \""description\"": \""A postal code; `anyOf` is genuinely optional in the rendered prose.\"",\n                          \""properties\"": {\n                            \""postcode\"": {\n                              \""type\"": \""string\"",\n                              \""description\"": \""A postal code; `anyOf` is genuinely optional in the rendered prose.\"",\n                              \""properties\"": {\n                                \""city\"": {\n                                  \""type\"": \""string\"",\n                                  \""title\"": \""City\""\n                                },\n                                \""postcode\"": {\n                                  \""type\"": \""string\"",\n                                  \""description\"": \""A postal code; `anyOf` is genuinely optional in the rendered prose.\"",\n                                  \""properties\"": {\n                                    \""postcode\"": {\n                                      \""type\"": \""string\"",\n                                      \""description\"": \""A postal code; `anyOf` is genuinely optional in the rendered prose.\"",\n                                      \""properties\"": {\n                                        \""city\"": {\n                                          \""type\"": \""string\"",\n                                          \""title\"": \""City\""\n                                        }\n                                    }\n                                }\n                              }\n                            }\n                          }\n                        }\n                      }\n                    }\n                  }\n                }\n              }\n            }\n          }\n        }\n      }\n    },\n    \""contacts\"": {\n      \""type\"": \""object\"",\n      \""description\"": \""One contact method; `phone` is often absent.\"",\n      \""properties\"": {\n        \""email\"": {\n          \""type\"": \""string\"",\n          \""title\"": \""Email\""\n        },\n        \""phone\"": {\n          \""type\"": \""string\"",\n          \""description\"": \""One contact method; `phone` is often absent.\"",\n          \""properties\"": {\n            \""email\"": {\n              \""type\"": \""string\"",\n              \""title\"": \""Email\""\n            },\n            \""phone\"": {\n              \""type\"": \""string\"",\n              \""description\"": \""One contact method; `phone` is often absent.\"",\n              \""properties\"": {\n                \""email\"": {\n                  \""type\"": \""string\"",\n                  \""title\"": \""Email\""\n                },\n                \""phone\"": {\n                  \""type\"": \""string\"",\n                  \""description\"": \""One contact method; `phone` is often absent.\"",\n                  \""properties\"": {\n                    \""email\"": {\n                      \""type\"": \""string\"",\n                      \""title""]"
json,JSONAdapter(),case-0026,validation_error,ValidationError,8.604400551004801,1,json_object,0,12,0.0,False,,address.city;address.postcode;address.street;age;contacts[0].email;contacts[0].phone;employment.company;employment.role;employment.years;name;tags[0];tags[1],,1869,0,11,0.0,0,"[""{\n  \""record\"": {\n    \""type\"": \""PersonRecord\"",\n    \""name\"": \""Katherine Johnson\"",\n    \""age\"": 21,\n    \""address\"": {\n      \""type\"": \""object\"",\n      \""description\"": \""A postal address; `postcode` is genuinely optional in the rendered prose.\"",\n      \""properties\"": {\n        \""city\"": \""Kraków\"",\n        \""postcode\"": \""08540\"",\n        \""street\"": \""12 Baker St\"",\n        \""required\"": [\""street\"", \""city\""],\n        \""title\"": \""Address\"",\n        \""contact\"": {\n          \""type\"": \""object\"",\n          \""description\"": \""One contact method; `phone` is often absent.\"",\n          \""properties\"": {\n            \""email\"": {\n              \""type\"": \""string\"",\n              \""title\"": \""Email\""\n            },\n            \""phone\"": {\n              \""type\"": \""string\"",\n              \""description\"": \""One contact method; `phone` is often absent.\"",\n              \""properties\"": {\n                \""email\"": {\n                  \""type\"": \""string\"",\n                  \""title\"": \""Email\""\n                },\n                \""phone\"": {\n                  \""type\"": \""string\"",\n                  \""description\"": \""One contact method; `phone` is often absent.\"",\n                  \""properties\"": {\n                    \""email\"": {\n                      \""type\"": \""string\"",\n                      \""title\"": \""Email\""\n                    },\n                    \""phone\"": {\n                      \""type\"": \""string\"",\n                      \""description\"": \""One contact method; `phone` is often absent.\"",\n                      \""properties\"": {\n                        \""email\"": {\n                          \""type\"": \""string\"",\n                          \""title\"": \""Email\""\n                        },\n                        \""phone\"": {\n                          \""type\"": \""string\"",\n                          \""description\"": \""One contact method; `phone` is often absent.\"",\n                          \""properties\"": {\n                            \""email\"": {\n                              \""type\"": \""string\"",\n                              \""title\"": \""Email\""\n                            },\n                            \""phone\"": {\n                              \""type\"": \""string\"",\n                              \""description\"": \""One contact method; `phone` is often absent.\"",\n                              \""properties\"": {\n                                \""email\"": {\n                                  \""type\"": \""string\"",\n                                  \""title\"": \""Email\""\n                                },\n                                \""phone\"": {\n                                  \""type\"": \""string\"",\n                                  \""description\"": \""One contact method; `phone` is often absent.\"",\n                                  \""properties\"": {\n                                    \""email\"": {\n                                      \""type\"": \""string\"",\n                                      \""title\"": \""Email\""\n                                    },\n                                    \""phone\"": {\n                                      \""type\"": \""string\"",\n                                      \""description\"": \""One contact method; `phone` is often absent.\"",\n                                      \""properties\"": {\n                                        \""email\"": {\n                                          \""type\"": \""string\"",\n                                          \""title\"": \""Email\""\n                                        }\n                                      },\n                                      \""required\"": [\""email\""]\n                                    }\n                                  }\n                                }\n                              }\n                            }\n                          }\n                        }\n                      }\n                    }\n                  }\n                }\n              }\n            },\n            \""required\"": [\""name\"", \""age\"", \""address\""]\n          }\n        },\n        \""contacts\"": {\n          \""type\"": \""object\"",\n          \""description\"": \""One contact method; `phone` is often absent.\"",\n          \""properties\"": {\n            \""email\"": {\n              \""type\"": \""string\"",\n              \""title\"": \""Email\""\n            },\n            \""phone\"": {\n              \""type\"": \""string\"",\n              \""description\"": \""One contact method; `phone` is often absent.\"",\n              \""properties\"": {\n                \""email\"": {\n                  \""type""]"
json,JSONAdapter(),case-0027,validation_error,ValidationError,8.681975618004799,1,json_object,0,10,0.0,False,,address.city;address.postcode;address.street;age;employment.company;employment.role;employment.years;name;tags[0];tags[1],,1848,0,9,0.0,0,"[""{\n  \""record\"": {\n    \""type\"": \""object\"",\n    \""properties\"": {\n      \""name\"": \""Radia Torvalds\"",\n      \""age\"": 49,\n      \""address\"": {\n        \""type\"": \""object\"",\n        \""properties\"": {\n          \""street\"": \""Nassau St\"",\n          \""postcode\"": \""D\"",\n          \""city\"": \""Düsseldorf\"",\n          \""postal_code\"": \""D\"",\n          \""postal_code_country\"": \""Germany\"",\n          \""postal_code_country_iso\"": \""DE\"",\n          \""address_type\"": \""object\"",\n          \""description\"": \""The extraction target: nested models, an optional object, and two lists. Deliberately shaped like the reference benchmarks' targets - nesting, optionality, and repetition are where schema-following actually breaks down, and a flat model would make every adapter look identical.\""\n        },\n        \""contact\"": {\n          \""type\"": \""object\"",\n          \""properties\"": {\n            \""email\"": {\n              \""type\"": \""string\"",\n              \""title\"": \""Email\""\n            },\n            \""phone\"": {\n              \""type\"": \""string\"",\n              \""title\"": \""Phone\""\n            },\n            \""address_type\"": \""object\"",\n            \""description\"": \""The extraction target: nested models, an optional object, and two lists. Deliberately shaped like the reference benchmarks' targets - nesting, optionality, and repetition are where schema-following actually breaks down, and a flat model would make every adapter look identical.\""\n            },\n            \""employment\"": {\n              \""type\"": \""object\"",\n              \""properties\"": {\n                \""company\"": {\n                  \""type\"": \""string\"",\n                  \""title\"": \""Company\""\n                },\n                \""role\"": {\n                  \""type\"": \""string\"",\n                  \""title\"": \""Role\""\n                },\n                \""years\"": {\n                  \""type\"": \""integer\"",\n                  \""maximum\"": 120,\n                  \""minimum\"": 0,\n                  \""title\"": \""Years\""\n                },\n                \""required\"": [\""company\"", \""role\"", \""years\""],\n                \""title\"": \""Employment\""\n              },\n              \""description\"": \""The extraction target: nested models, an optional object, and two lists. Deliberately shaped like the reference benchmarks' targets - nesting, optionality, and repetition are where schema-following actually breaks down, and a flat model would make every adapter look identical.\""\n            },\n            \""name\"": {\n              \""type\"": \""string\"",\n              \""title\"": \""Name\""\n            },\n            \""tags\"": {\n              \""type\"": \""array\"",\n              \""items\"": {\n                \""type\"": \""string\""\n              },\n              \""title\"": \""Tags\""\n            },\n            \""required\"": [\""name\"", \""age\"", \""address\""]\n          },\n          \""description\"": \""The extraction target: nested models, an optional object, and two lists. Deliberately shaped like the reference benchmarks' targets - nesting, optionality, and repetition are where schema-following actually breaks down, and a flat model would make every adapter look identical.\""\n        },\n        \""address\"": {\n          \""type\"": \""object\"",\n          \""properties\"": {\n            \""street\"": {\n              \""type\"": \""string\"",\n              \""title\"": \""Nassau St\""\n            },\n            \""postcode\"": {\n              \""type\"": \""string\"",\n              \""title\"": \""D\""\n            },\n            \""city\"": {\n              \""type\"": \""string\"",\n              \""title\"": \""Düsseldorf\""\n            },\n            \""postal_code_country\"": {\n              \""type\"": \""string\"",\n              \""title\"": \""DE\""\n            },\n            \""postal_code_country_iso""]"
json,JSONAdapter(),case-0028,validation_error,ValidationError,7.839150853978936,1,json_object,0,9,0.0,False,,address.city;address.postcode;address.street;age;contacts[0].email;contacts[0].phone;employment;name;tags[0],,1862,0,8,0.0,0,"[""{\n  \""record\"": {\n    \""type\"": \""PersonRecord\"",\n    \""address\"": {\n      \""type\"": \""object\"",\n      \""description\"": \""A postal address; `postcode` is genuinely optional in the rendered prose.\"",\n      \""properties\"": {\n        \""city\"": {\n          \""type\"": \""string\"",\n          \""title\"": \""City\""\n        },\n        \""postcode\"": {\n          \""type\"": \""string\"",\n          \""description\"": \""A postal code; `anyOf` is genuinely optional in the rendered prose.\"",\n          \""properties\"": {\n            \""postcode\"": {\n              \""type\"": \""string\"",\n              \""description\"": \""A postal code; `anyOf` is genuinely optional in the rendered prose.\"",\n              \""properties\"": {\n                \""city\"": {\n                  \""type\"": \""string\"",\n                  \""title\"": \""City\""\n                },\n                \""postcode\"": {\n                  \""type\"": \""string\"",\n                  \""description\"": \""A postal code; `anyOf` is genuinely optional in the rendered prose.\"",\n                  \""properties\"": {\n                    \""postcode\"": {\n                      \""type\"": \""string\"",\n                      \""description\"": \""A postal code; `anyOf` is genuinely optional in the rendered prose.\"",\n                      \""properties\"": {\n                        \""city\"": {\n                          \""type\"": \""string\"",\n                          \""title\"": \""City\""\n                        },\n                        \""postcode\"": {\n                          \""type\"": \""string\"",\n                          \""description\"": \""A postal code; `anyOf` is genuinely optional in the rendered prose.\"",\n                          \""properties\"": {\n                            \""postcode\"": {\n                              \""type\"": \""string\"",\n                              \""description\"": \""A postal code; `anyOf` is genuinely optional in the rendered prose.\"",\n                              \""properties\"": {\n                                \""city\"": {\n                                  \""type\"": \""string\"",\n                                  \""title\"": \""City\""\n                                },\n                                \""postcode\"": {\n                                  \""type\"": \""string\"",\n                                  \""description\"": \""A postal code; `anyOf` is genuinely optional in the rendered prose.\"",\n                                  \""properties\"": {\n                                    \""postcode\"": {\n                                      \""type\"": \""string\"",\n                                      \""description\"": \""A postal code; `anyOf` is genuinely optional in the rendered prose.\"",\n                                      \""properties\"": {\n                                        \""city\"": {\n                                          \""type\"": \""string\"",\n                                          \""title\"": \""City\""\n                                        },\n                                        \""postcode\"": {\n                                          \""type\"": \""string\"",\n                                          \""description\"": \""A postal code; `anyOf` is genuinely optional in the rendered prose.\"",\n                                          \""properties\"": {\n                                            \""postcode\"": {\n                                              \""type\"": \""string\"",\n                                              \""description\"": \""A postal code; `anyOf` is genuinely optional in the rendered prose.\"",\n                                              \""properties\"": {\n                                                \""city\"": {\n                                                    \""type\"": \""string\"",\n                                                    \""title\"": \""City\""\n                                                },\n                                                \""postcode\"": {\n                                                    \""type\"": \""string\"",\n                                                    \""description\"": \""A postal code; `anyOf` is genuinely optional in the rendered prose.\"",\n                                                    \""properties\"": {\n                                                        \""postcode\"": {\n                                                          \""type\"": \""string\"",\n                                                          \""description\"": \""A postal code; `anyOf` is genuinely optional in the rendered prose.\"",\n                                                          \""properties\"": {\n                                                                               \""city\"": {\n                                                                                   \""type\"": \""string\"",\n                                                                                   \""title\"": \""City\""\n                                                                                },\n                                                                                \""postcode\"": {\n                                                                                   \""type\"": \""string\"",\n                                                                                   \""description\"": \""A postal code; `anyOf` is genuinely optional in the rendered prose.\"",\n                                                                                   \""properties\"": {\n                                                                                        \""postcode\"": {\n                                                                                            \""type\"": \""string\"",\n                                                                                            ""]"
json,JSONAdapter(),case-0029,validation_error,ValidationError,3.7415675669908524,1,json_object,0,11,0.0,False,,address.city;address.postcode;address.street;age;employment.company;employment.role;employment.years;name;tags[0];tags[1];tags[2],,1409,0,11,0.0,0,"[""{\n  \""record\"": {\n    \""type\"": \""object\"",\n    \""properties\"": {\n      \""address\"": {\n        \""type\"": \""object\"",\n        \""description\"": \""A postal address; `postcode` is genuinely optional in the rendered prose.\""\n      },\n      \""age\"": {\n        \""type\"": \""integer\"",\n        \""description\"": \""One age; `maximum` is 120, `minimum` is 0, `title` is `Age\""\n      },\n      \""contacts\"": {\n        \""type\"": \""array\"",\n        \""items\"": {\n          \""type\"": \""object\"",\n          \""description\"": \""One contact method; `phone` is often absent.\""\n        },\n        \""title\"": \""Contacts\""\n      },\n      \""employment\"": {\n        \""type\"": \""object\"",\n        \""properties\"": {\n          \""company\"": {\n            \""type\"": \""string\"",\n            \""title\"": \""Company\""\n          },\n          \""role\"": {\n            \""type\"": \""string\"",\n            \""title\"": \""Role\""\n          },\n          \""years\"": {\n            \""type\"": \""integer\"",\n            \""maximum\"": 50,\n            \""minimum\"": 0,\n            \""title\"": \""Years\""\n          },\n          \""required\"": [\""company\"", \""role\"", \""years\""],\n          \""title\"": \""Employment\""\n        },\n        \""required\"": [\""name\"", \""age\"", \""address\""]\n      },\n      \""name\"": {\n        \""type\"": \""string\"",\n        \""title\"": \""Name\""\n      },\n      \""tags\"": {\n        \""type\"": \""array\"",\n        \""items\"": {\n          \""type\"": \""string\""\n        },\n        \""title\"": \""Tags\""\n      }\n    }\n  }\n}""]"
json-constrained,ConstrainedJSONAdapter(),case-0000,ok,,2.012517233961262,1,json_schema,9,12,0.75,False,contacts[0].phone;contacts[1].phone,employment,employment.company;employment.role;employment.years,1224,9,10,0.9,2,"[""{\n  \""record\"": {\n    \""name\"": \""Edsger Dijkstra\"",\n    \""age\"": 57,\n    \""address\"": {\n      \""street\"": \""88 Königsallee\"",\n      \""city\"": \""Cupertino\"",\n      \""postcode\"": \""40212\""\n    },\n    \""employment\"": {\n      \""company\"": \""Corp Example\"",\n      \""role\"": \""Software Engineer\"",\n      \""years\"": 50\n    },\n    \""contacts\"": [\n      {\n        \""email\"": \""edsger.dijkstra@mail.test\"",\n        \""phone\"": \""+1 3 733 5104\""\n      },\n      {\n        \""email\"": \""edsger.dijkstra1@corp.example\"",\n        \""phone\"": \""+1 3 733 5104\""\n      }\n    ],\n    \""tags\"": [\n      \""distributed-systems\"",\n      \""cryptography\""\n    ]\n  }\n}""]"
json-constrained,ConstrainedJSONAdapter(),case-0001,ok,,1.9246870329952799,1,json_schema,14,14,1.0,True,,,,1232,14,14,1.0,0,"[""{\n  \""record\"": {\n    \""name\"": \""Alan Hopper\"",\n    \""age\"": 20,\n    \""address\"": {\n      \""street\"": \""1 Infinite Loop\"",\n      \""city\"": \""Osaka\"",\n      \""postcode\"": \""75009\""\n    },\n    \""employment\"": {\n      \""company\"": \""Analytical Engines Ltd\"",\n      \""role\"": \""network designer\"",\n      \""years\"": 1\n    },\n    \""contacts\"": [\n      {\n        \""email\"": \""alan.hopper@post.example\"",\n        \""phone\"": \""+98 885 1034\""\n      },\n      {\n        \""email\"": \""alan.hopper1@post.example\"",\n        \""phone\"": \""+30 705 2674\""\n      }\n    ],\n    \""tags\"": [\n      \""compilers\"",\n      \""mathematics\""\n    ]\n  }\n}""]"
json-constrained,ConstrainedJSONAdapter(),case-0002,ok,,1.9671936390222982,1,json_schema,7,10,0.7,False,address.street;contacts[0].phone,employment,contacts[1].email;contacts[1].phone;employment.company;employment.role;employment.years,1172,7,8,0.875,2,"[""{\n  \""record\"": {\n    \""name\"": \""Ada Hopper\"",\n    \""age\"": 68,\n    \""address\"": {\n      \""street\"": \""7 Nassau St, Paris\"",\n      \""city\"": \""Paris\"",\n      \""postcode\"": \""08540\""\n    },\n    \""employment\"": {\n      \""company\"": \""IBM\"",\n      \""role\"": \""Senior Software Engineer\"",\n      \""years\"": 25\n    },\n    \""contacts\"": [\n      {\n        \""email\"": \""ada.hopper@example.com\"",\n        \""phone\"": \""123-456-7890\""\n      },\n      {\n        \""email\"": \""ada.hopper@example.com\"",\n        \""phone\"": \""123-456-7890\""\n      }\n    ],\n    \""tags\"": [\n      \""cryptography\"",\n      \""networking\""\n    ]\n  }\n}""]"
json-constrained,ConstrainedJSONAdapter(),case-0003,ok,,2.0055070120142773,1,json_schema,11,11,1.0,False,,,contacts[0].email;contacts[0].phone;contacts[1].email;contacts[1].phone,1198,11,11,1.0,0,"[""{\n  \""record\"": {\n    \""name\"": \""Katherine Turing\"",\n    \""age\"": 37,\n    \""address\"": {\n      \""street\"": \""12 Baker St\"",\n      \""city\"": \""Osaka\"",\n      \""postcode\"": \""95014\""\n    },\n    \""employment\"": {\n      \""company\"": \""Bell Labs\"",\n      \""role\"": \""research lead\"",\n      \""years\"": 7\n    },\n    \""contacts\"": [\n      {\n        \""email\"": \""katherine.turing@bell-labs.com\"",\n        \""phone\"": \""123-456-7890\""\n      },\n      {\n        \""email\"": \""katherine.turing@example.com\"",\n        \""phone\"": \""987-654-3210\""\n      }\n    ],\n    \""tags\"": [\n      \""networking\"",\n      \""distributed-systems\"",\n      \""cryptography\""\n    ]\n  }\n}""]"
json-constrained,ConstrainedJSONAdapter(),case-0004,ok,,1.9140609150053933,1,json_schema,10,10,1.0,False,,,contacts[1].email;contacts[1].phone;tags[0];tags[1],1199,10,10,1.0,0,"[""{\n  \""record\"": {\n    \""name\"": \""Katherine Torvalds\"",\n    \""age\"": 40,\n    \""address\"": {\n      \""street\"": \""12 Baker St\"",\n      \""city\"": \""London\"",\n      \""postcode\"": \""95014\""\n    },\n    \""employment\"": {\n      \""company\"": \""Sun Micro\"",\n      \""role\"": \""compiler architect\"",\n      \""years\"": 26\n    },\n    \""contacts\"": [\n      {\n        \""email\"": \""katherine.torvalds@example.com\"",\n        \""phone\"": \""+69 468 5533\""\n      },\n      {\n        \""email\"": \""katherine.torvalds@example.com\"",\n        \""phone\"": \""null\""\n      }\n    ],\n    \""tags\"": [\n      \""compiler architect\"",\n      \""London\""\n    ]\n  }\n}""]"
json-constrained,ConstrainedJSONAdapter(),case-0005,ok,,1.9598276290344074,1,json_schema,5,8,0.625,False,address.street;address.postcode,employment,contacts[0].email;contacts[0].phone;contacts[1].email;contacts[1].phone;employment.company;employment.role;employment.years,1163,5,6,0.8333,2,"[""{\n  \""record\"": {\n    \""name\"": \""Linus Liskov\"",\n    \""age\"": 32,\n    \""address\"": {\n      \""street\"": \""Rue Lafayette\"",\n      \""city\"": \""Kraków\"",\n      \""postcode\"": \""50007\""\n    },\n    \""employment\"": {\n      \""company\"": \""AstraZeneca\"",\n      \""role\"": \""Research Scientist\"",\n      \""years\"": 10\n    },\n    \""contacts\"": [\n      {\n        \""email\"": \""linus@liskov.com\"",\n        \""phone\"": \""555-123-4567\""\n      },\n      {\n        \""email\"": \""lisa@crypto.com\"",\n        \""phone\"": \""555-432-1234\""\n      }\n    ],\n    \""tags\"": [\n      \""mathematics\"",\n      \""cryptography\""\n    ]\n  }\n}""]"
json-constrained,ConstrainedJSONAdapter(),case-0006,ok,,1.8419016390107572,1,json_schema,11,13,0.8462,False,address.street;address.postcode,,contacts[1].email;contacts[1].phone,1189,11,12,0.9167,1,"[""{\n  \""record\"": {\n    \""name\"": \""Grace Perlman\"",\n    \""age\"": 90,\n    \""address\"": {\n      \""street\"": \""Infinite Loop, Osaka\"",\n      \""city\"": \""Osaka\"",\n      \""postcode\"": \""90001\""\n    },\n    \""employment\"": {\n      \""company\"": \""Bell Labs\"",\n      \""role\"": \""compiler architect\"",\n      \""years\"": 25\n    },\n    \""contacts\"": [\n      {\n        \""email\"": \""grace.perlman@example.com\"",\n        \""phone\"": \""+26 847 7783\""\n      },\n      {\n        \""email\"": \""null\"",\n        \""phone\"": \""null\""\n      }\n    ],\n    \""tags\"": [\n      \""distributed-systems\"",\n      \""mathematics\"",\n      \""networking\""\n    ]\n  }\n}""]"
json-constrained,ConstrainedJSONAdapter(),case-0007,ok,,1.9147053200285882,1,json_schema,10,10,1.0,False,,,contacts[0].email;contacts[0].phone;contacts[1].email;contacts[1].phone,1184,10,10,1.0,0,"[""{\n  \""record\"": {\n    \""name\"": \""Barbara Turing\"",\n    \""age\"": 26,\n    \""address\"": {\n      \""street\"": \""7 Nassau St\"",\n      \""city\"": \""London\"",\n      \""postcode\"": \""08540\""\n    },\n    \""employment\"": {\n      \""company\"": \""Naval Systems\"",\n      \""role\"": \""staff engineer\"",\n      \""years\"": 3\n    },\n    \""contacts\"": [\n      {\n        \""email\"": \""barbarasturing@example.com\"",\n        \""phone\"": \""123-456-7890\""\n      },\n      {\n        \""email\"": \""barbarasturing@example.com\"",\n        \""phone\"": \""123-456-7890\""\n      }\n    ],\n    \""tags\"": [\n      \""networking\"",\n      \""distributed-systems\""\n    ]\n  }\n}""]"
json-constrained,ConstrainedJSONAdapter(),case-0008,ok,,1.8976333299651742,1,json_schema,5,8,0.625,False,address.street;address.postcode;employment.role,,contacts[0].email;contacts[0].phone;contacts[1].email;contacts[1].phone;tags[0];tags[1],1166,5,7,0.7143,1,"[""{\n  \""record\"": {\n    \""name\"": \""Katherine Liskov\"",\n    \""age\"": 21,\n    \""address\"": {\n      \""street\"": \""Rue Lafayette\"",\n      \""city\"": \""Paris\"",\n      \""postcode\"": \""12345\""\n    },\n    \""employment\"": {\n      \""company\"": \""Sun Micro\"",\n      \""role\"": \""Research lead\"",\n      \""years\"": 13\n    },\n    \""contacts\"": [\n      {\n        \""email\"": \""kath@sun.com\"",\n        \""phone\"": \""123-456-7890\""\n      },\n      {\n        \""email\"": \""kath@sun.com\"",\n        \""phone\"": \""123-456-7890\""\n      }\n    ],\n    \""tags\"": [\n      \""research\"",\n      \""lead\""\n    ]\n  }\n}""]"
json-constrained,ConstrainedJSONAdapter(),case-0009,ok,,1.9602904409985058,1,json_schema,10,10,1.0,False,,,contacts[0].email;contacts[0].phone;contacts[1].email;contacts[1].phone,1193,10,10,1.0,0,"[""{\n  \""record\"": {\n    \""name\"": \""Radia Liskov\"",\n    \""age\"": 66,\n    \""address\"": {\n      \""street\"": \""7 Nassau St\"",\n      \""city\"": \""Cupertino\"",\n      \""postcode\"": \""08540\""\n    },\n    \""employment\"": {\n      \""company\"": \""Analytical Engines Ltd\"",\n      \""role\"": \""compiler architect\"",\n      \""years\"": 18\n    },\n    \""contacts\"": [\n      {\n        \""email\"": \""radialiskov@example.com\"",\n        \""phone\"": \""123-456-7890\""\n      },\n      {\n        \""email\"": \""math@example.com\"",\n        \""phone\"": \""987-654-3210\""\n      }\n    ],\n    \""tags\"": [\n      \""distributed-systems\"",\n      \""mathematics\""\n    ]\n  }\n}""]"
json-constrained,ConstrainedJSONAdapter(),case-0010,ok,,2.0193167800316587,1,json_schema,12,14,0.8571,False,contacts[1].email;contacts[1].phone,,,1246,12,13,0.9231,1,"[""{\n  \""record\"": {\n    \""name\"": \""Ada Dijkstra\"",\n    \""age\"": 66,\n    \""address\"": {\n      \""street\"": \""88 Königsallee\"",\n      \""city\"": \""Kraków\"",\n      \""postcode\"": \""75009\""\n    },\n    \""employment\"": {\n      \""company\"": \""Analytical Engines Ltd\"",\n      \""role\"": \""network designer\"",\n      \""years\"": 11\n    },\n    \""contacts\"": [\n      {\n        \""email\"": \""ada.dijkstra@example.com\"",\n        \""phone\"": \""+96 469 1730\""\n      },\n      {\n        \""email\"": \""ada.dijkstra@example.com\"",\n        \""phone\"": \""+96 469 1730\""\n      }\n    ],\n    \""tags\"": [\n      \""distributed-systems\"",\n      \""compilers\""\n    ]\n  }\n}""]"
json-constrained,ConstrainedJSONAdapter(),case-0011,ok,,1.9427636400214396,1,json_schema,8,9,0.8889,False,,employment,contacts[1].email;contacts[1].phone;employment.company;employment.role;employment.years;tags[1],1198,8,8,1.0,1,"[""{\n  \""record\"": {\n    \""name\"": \""Radia Perlman\"",\n    \""age\"": 23,\n    \""address\"": {\n      \""street\"": \""7 Nassau St\"",\n      \""city\"": \""Cupertino\"",\n      \""postcode\"": \""08540\""\n    },\n    \""employment\"": {\n      \""company\"": \""Test Corporation\"",\n      \""role\"": \""Software Engineer\"",\n      \""years\"": 5\n    },\n    \""contacts\"": [\n      {\n        \""email\"": \""radia.perlman@mail.test\"",\n        \""phone\"": \""+39 245 2485\""\n      },\n      {\n        \""email\"": \""radia.perlman@mail.test\"",\n        \""phone\"": \""+39 245 2485\""\n      }\n    ],\n    \""tags\"": [\n      \""distributed-systems\"",\n      \""Software Engineer\""\n    ]\n  }\n}""]"
json-constrained,ConstrainedJSONAdapter(),case-0012,ok,,2.421822664036881,1,json_schema,10,12,0.8333,False,address.postcode;contacts[0].phone,,contacts[1].email;contacts[1].phone,1207,10,10,1.0,2,"[""{\n  \""record\"": {\n    \""name\"": \""Radia Torvalds\"",\n    \""age\"": 89,\n    \""address\"": {\n      \""street\"": \""12 Baker St\"",\n      \""city\"": \""Düsseldorf\"",\n      \""postcode\"": \""DE-12345\""\n    },\n    \""employment\"": {\n      \""company\"": \""Xerox PARC\"",\n      \""role\"": \""compiler architect\"",\n      \""years\"": 21\n    },\n    \""contacts\"": [\n      {\n        \""email\"": \""radia.torvalds@post.example\"",\n        \""phone\"": \""123-456-7890\""\n      },\n      {\n        \""email\"": \""radia.torvalds@post.example\"",\n        \""phone\"": \""123-456-7890\""\n      }\n    ],\n    \""tags\"": [\n      \""distributed-systems\"",\n      \""cryptography\""\n    ]\n  }\n}""]"
json-constrained,ConstrainedJSONAdapter(),case-0013,ok,,2.407882541010622,1,json_schema,8,11,0.7273,False,address.postcode;employment.role;contacts[0].phone,,contacts[1].email;contacts[1].phone;tags[1],1185,8,9,0.8889,2,"[""{\n  \""record\"": {\n    \""name\"": \""Linus Torvalds\"",\n    \""age\"": 55,\n    \""address\"": {\n      \""street\"": \""5 Rue Lafayette\"",\n      \""city\"": \""Osaka\"",\n      \""postcode\"": \""JP100000\""\n    },\n    \""employment\"": {\n      \""company\"": \""Naval Systems\"",\n      \""role\"": \""Research lead\"",\n      \""years\"": 5\n    },\n    \""contacts\"": [\n      {\n        \""email\"": \""linus.torvalds@example.com\"",\n        \""phone\"": \""123-456-7890\""\n      },\n      {\n        \""email\"": \""example.com\"",\n        \""phone\"": \""987-654-3210\""\n      }\n    ],\n    \""tags\"": [\n      \""cryptography\"",\n      \""research\""\n    ]\n  }\n}""]"
json-constrained,ConstrainedJSONAdapter(),case-0014,ok,,2.557033027987927,1,json_schema,10,10,1.0,False,,,contacts[0].email;contacts[0].phone;contacts[1].email;contacts[1].phone,1189,10,10,1.0,0,"[""{\n  \""record\"": {\n    \""name\"": \""Grace Johnson\"",\n    \""age\"": 63,\n    \""address\"": {\n      \""street\"": \""88 Königsallee\"",\n      \""city\"": \""Cupertino\"",\n      \""postcode\"": \""95014\""\n    },\n    \""employment\"": {\n      \""company\"": \""Xerox PARC\"",\n      \""role\"": \""staff engineer\"",\n      \""years\"": 9\n    },\n    \""contacts\"": [\n      {\n        \""email\"": \""grace.johnson@xerox.com\"",\n        \""phone\"": \""123-456-7890\""\n      },\n      {\n        \""email\"": \""grace.johnson@example.com\"",\n        \""phone\"": \""987-654-3210\""\n      }\n    ],\n    \""tags\"": [\n      \""cryptography\"",\n      \""compilers\""\n    ]\n  }\n}""]"
json-constrained,ConstrainedJSONAdapter(),case-0015,ok,,2.2086224840022624,1,json_schema,9,10,0.9,False,address.street,,contacts[1].email;contacts[1].phone;tags[0];tags[1],1184,9,10,0.9,0,"[""{\n  \""record\"": {\n    \""name\"": \""Katherine Lovelace\"",\n    \""age\"": 51,\n    \""address\"": {\n      \""street\"": \""Baker St\"",\n      \""city\"": \""Osaka\"",\n      \""postcode\"": \""75009\""\n    },\n    \""employment\"": {\n      \""company\"": \""Bell Labs\"",\n      \""role\"": \""research lead\"",\n      \""years\"": 4\n    },\n    \""contacts\"": [\n      {\n        \""email\"": \""katherine.lovelace@corp.example\"",\n        \""phone\"": \""+46 387 7427\""\n      },\n      {\n        \""email\"": \""null\"",\n        \""phone\"": \""null\""\n      }\n    ],\n    \""tags\"": [\n      \""research lead\"",\n      \""Bell Labs\""\n    ]\n  }\n}""]"
json-constrained,ConstrainedJSONAdapter(),case-0016,ok,,2.2652785659884103,1,json_schema,7,12,0.5833,False,employment.role;contacts[0].email;contacts[0].phone;contacts[1].email;contacts[1].phone,,tags[0];tags[1],1233,7,12,0.5833,0,"[""{\n  \""record\"": {\n    \""name\"": \""Barbara Perlman\"",\n    \""age\"": 20,\n    \""address\"": {\n      \""street\"": \""1 Infinite Loop\"",\n      \""city\"": \""Osaka\"",\n      \""postcode\"": \""40212\""\n    },\n    \""employment\"": {\n      \""company\"": \""Naval Systems\"",\n      \""role\"": \""Research lead\"",\n      \""years\"": 1\n    },\n    \""contacts\"": [\n      {\n        \""email\"": \""barbara.perlman1@corp.example\"",\n        \""phone\"": \""+29 717 5153\""\n      },\n      {\n        \""email\"": \""barbara.perlman@corp.example\"",\n        \""phone\"": \""+43 782 3325\""\n      }\n    ],\n    \""tags\"": [\n      \""research lead\"",\n      \""Osaka\""\n    ]\n  }\n}""]"
json-constrained,ConstrainedJSONAdapter(),case-0017,ok,,2.2582704960368574,1,json_schema,6,10,0.6,False,address.street;address.postcode;employment.role;contacts[0].phone,,contacts[1].email;contacts[1].phone;tags[0];tags[1],1194,6,8,0.75,2,"[""{\n  \""record\"": {\n    \""name\"": \""Edsger Torvalds\"",\n    \""age\"": 69,\n    \""address\"": {\n      \""street\"": \""12 Baker St, Paris\"",\n      \""city\"": \""Paris\"",\n      \""postcode\"": \""12000\""\n    },\n    \""employment\"": {\n      \""company\"": \""Xerox PARC\"",\n      \""role\"": \""Network designer\"",\n      \""years\"": 9\n    },\n    \""contacts\"": [\n      {\n        \""email\"": \""edsger.torvalds@corp.example\"",\n        \""phone\"": \""123-456-7890\""\n      },\n      {\n        \""email\"": \""info@corp.example\"",\n        \""phone\"": \""987-654-3210\""\n      }\n    ],\n    \""tags\"": [\n      \""network_designer\"",\n      \""Xerox PARC\""\n    ]\n  }\n}""]"
json-constrained,ConstrainedJSONAdapter(),case-0018,ok,,2.0320159299881198,1,json_schema,11,12,0.9167,False,address.postcode,,contacts[1].email;contacts[1].phone,1192,11,11,1.0,1,"[""{\n  \""record\"": {\n    \""name\"": \""Alan Hopper\"",\n    \""age\"": 48,\n    \""address\"": {\n      \""street\"": \""1 Infinite Loop\"",\n      \""city\"": \""Paris\"",\n      \""postcode\"": \""92000\""\n    },\n    \""employment\"": {\n      \""company\"": \""Xerox PARC\"",\n      \""role\"": \""compiler architect\"",\n      \""years\"": 15\n    },\n    \""contacts\"": [\n      {\n        \""email\"": \""alan.hopper@corp.example\"",\n        \""phone\"": \""+89 220 6315\""\n      },\n      {\n        \""email\"": \""alan.hopper@corp.example\"",\n        \""phone\"": \""null\""\n      }\n    ],\n    \""tags\"": [\n      \""distributed-systems\"",\n      \""cryptography\""\n    ]\n  }\n}""]"
json-constrained,ConstrainedJSONAdapter(),case-0019,ok,,2.2821734200115316,1,json_schema,12,13,0.9231,False,contacts[0].phone,,contacts[1].email;contacts[1].phone,1202,12,12,1.0,1,"[""{\n  \""record\"": {\n    \""name\"": \""Ada Hopper\"",\n    \""age\"": 20,\n    \""address\"": {\n      \""street\"": \""5 Rue Lafayette\"",\n      \""city\"": \""Princeton\"",\n      \""postcode\"": \""40212\""\n    },\n    \""employment\"": {\n      \""company\"": \""Analytical Engines Ltd\"",\n      \""role\"": \""compiler architect\"",\n      \""years\"": 14\n    },\n    \""contacts\"": [\n      {\n        \""email\"": \""ada.hopper@corp.example\"",\n        \""phone\"": \""123-456-7890\""\n      },\n      {\n        \""email\"": \""adahopper@example.com\"",\n        \""phone\"": \""987-654-3210\""\n      }\n    ],\n    \""tags\"": [\n      \""mathematics\"",\n      \""compilers\"",\n      \""cryptography\""\n    ]\n  }\n}""]"
json-constrained,ConstrainedJSONAdapter(),case-0020,ok,,1.9545629030326381,1,json_schema,4,8,0.5,False,address.postcode;tags[0];tags[1],employment,contacts[0].email;contacts[0].phone;contacts[1].email;contacts[1].phone;employment.company;employment.role;employment.years;tags[2],1151,4,6,0.6667,2,"[""{\n  \""record\"": {\n    \""name\"": \""Alan Torvalds\"",\n    \""age\"": 70,\n    \""address\"": {\n      \""street\"": \""7 Nassau St\"",\n      \""city\"": \""Paris\"",\n      \""postcode\"": \""12345\""\n    },\n    \""employment\"": {\n      \""company\"": \""Open Source Initiative\"",\n      \""role\"": \""Senior Software Engineer\"",\n      \""years\"": 25\n    },\n    \""contacts\"": [\n      {\n        \""email\"": \""alans@opensource.org\"",\n        \""phone\"": \""555-1234\""\n      },\n      {\n        \""email\"": \""alans@gmail.com\"",\n        \""phone\"": \""555-5678\""\n      }\n    ],\n    \""tags\"": [\n      \""programming\"",\n      \""maths\"",\n      \""networking\""\n    ]\n  }\n}""]"
json-constrained,ConstrainedJSONAdapter(),case-0021,ok,,1.8981482210219838,1,json_schema,8,13,0.6154,False,address.postcode;contacts[0].email;contacts[0].phone;contacts[1].email;contacts[1].phone,,tags[1],1209,8,11,0.7273,2,"[""{\n  \""record\"": {\n    \""name\"": \""Alan Dijkstra\"",\n    \""age\"": 47,\n    \""address\"": {\n      \""street\"": \""1 Infinite Loop\"",\n      \""city\"": \""Osaka\"",\n      \""postcode\"": \""JP1000000\""\n    },\n    \""employment\"": {\n      \""company\"": \""Sun Micro\"",\n      \""role\"": \""research lead\"",\n      \""years\"": 17\n    },\n    \""contacts\"": [\n      {\n        \""email\"": \""alan.dijkstra1@example.com\"",\n        \""phone\"": \""+75 538 2134\""\n      },\n      {\n        \""email\"": \""alan.dijkstra@mail.test\"",\n        \""phone\"": \""null\""\n      }\n    ],\n    \""tags\"": [\n      \""cryptography\"",\n      \""research\""\n    ]\n  }\n}""]"
json-constrained,ConstrainedJSONAdapter(),case-0022,ok,,1.8804552929941565,1,json_schema,7,8,0.875,False,,employment,contacts[1].email;contacts[1].phone;employment.company;employment.role;employment.years;tags[0];tags[1],1182,7,7,1.0,1,"[""{\n  \""record\"": {\n    \""name\"": \""Alan Johnson\"",\n    \""age\"": 88,\n    \""address\"": {\n      \""street\"": \""88 Königsallee\"",\n      \""city\"": \""Osaka\"",\n      \""postcode\"": \""NW1 6XE\""\n    },\n    \""employment\"": {\n      \""company\"": \""Test Corporation\"",\n      \""role\"": \""Software Engineer\"",\n      \""years\"": 50\n    },\n    \""contacts\"": [\n      {\n        \""email\"": \""alan.johnson@mail.test\"",\n        \""phone\"": \""+7 427 3934\""\n      },\n      {\n        \""email\"": \""alan.johnson@mail.test\"",\n        \""phone\"": \""null\""\n      }\n    ],\n    \""tags\"": [\n      \""Software Developer\"",\n      \""Experienced Programmer\""\n    ]\n  }\n}""]"
json-constrained,ConstrainedJSONAdapter(),case-0023,ok,,2.2935912429820746,1,json_schema,11,15,0.7333,False,contacts[0].email;contacts[0].phone;contacts[1].email;contacts[1].phone,,contacts[2].email;contacts[2].phone,1266,11,14,0.7857,1,"[""{\n  \""record\"": {\n    \""name\"": \""Linus Hopper\"",\n    \""age\"": 25,\n    \""address\"": {\n      \""street\"": \""88 Königsallee\"",\n      \""city\"": \""Paris\"",\n      \""postcode\"": \""75009\""\n    },\n    \""employment\"": {\n      \""company\"": \""Bell Labs\"",\n      \""role\"": \""network designer\"",\n      \""years\"": 1\n    },\n    \""contacts\"": [\n      {\n        \""email\"": \""linus.hopper1@example.com\"",\n        \""phone\"": \""+91 610 7901\""\n      },\n      {\n        \""email\"": \""linus.hopper@mail.test\"",\n        \""phone\"": \""0000\"" },\n      {\n        \""email\"": \""linus.hopper@example.com\"",\n        \""phone\"": \""+91 610 7901\""\n      }\n    ],\n    \""tags\"": [\n      \""mathematics\"",\n      \""networking\"",\n      \""cryptography\""\n    ]\n  }\n}""]"
json-constrained,ConstrainedJSONAdapter(),case-0024,ok,,1.8306918130256236,1,json_schema,10,10,1.0,False,,,contacts[1].email;contacts[1].phone;tags[0];tags[1],1194,10,10,1.0,0,"[""{\n  \""record\"": {\n    \""name\"": \""Edsger Turing\"",\n    \""age\"": 56,\n    \""address\"": {\n      \""street\"": \""5 Rue Lafayette\"",\n      \""city\"": \""Osaka\"",\n      \""postcode\"": \""40212\""\n    },\n    \""employment\"": {\n      \""company\"": \""Analytical Engines Ltd\"",\n      \""role\"": \""network designer\"",\n      \""years\"": 15\n    },\n    \""contacts\"": [\n      {\n        \""email\"": \""edsger.turing@example.com\"",\n        \""phone\"": \""+22 603 8277\""\n      },\n      {\n        \""email\"": \""none\"",\n        \""phone\"": \""none\""\n      }\n    ],\n    \""tags\"": [\n      \""network design\"",\n      \""Osaka\""\n    ]\n  }\n}""]"
json-constrained,ConstrainedJSONAdapter(),case-0025,ok,,1.9899620829964988,1,json_schema,8,10,0.8,False,contacts[1].phone,employment,employment.company;employment.role;employment.years;tags[0];tags[1];tags[2],1207,8,8,1.0,2,"[""{\n  \""record\"": {\n    \""name\"": \""Edsger Lovelace\"",\n    \""age\"": 41,\n    \""address\"": {\n      \""street\"": \""88 Königsallee\"",\n      \""city\"": \""London\"",\n      \""postcode\"": \""40212\""\n    },\n    \""employment\"": {\n      \""company\"": \""Corp. Example\"",\n      \""role\"": \""Employee\"",\n      \""years\"": 50\n    },\n    \""contacts\"": [\n      {\n        \""email\"": \""edsger.lovelace@post.example\"",\n        \""phone\"": \""+16 689 4229\""\n      },\n      {\n        \""email\"": \""edsger.lovelace1@corp.example\"",\n        \""phone\"": \""null\""\n      }\n    ],\n    \""tags\"": [\n      \""London\"",\n      \""post.example\"",\n      \""Corp. Example\""\n    ]\n  }\n}""]"
json-constrained,ConstrainedJSONAdapter(),case-0026,ok,,1.9760854229680263,1,json_schema,11,12,0.9167,False,contacts[0].phone,,contacts[1].email;contacts[1].phone,1205,11,11,1.0,1,"[""{\n  \""record\"": {\n    \""name\"": \""Katherine Johnson\"",\n    \""age\"": 21,\n    \""address\"": {\n      \""street\"": \""12 Baker St\"",\n      \""city\"": \""Kraków\"",\n      \""postcode\"": \""08540\""\n    },\n    \""employment\"": {\n      \""company\"": \""Sun Micro\"",\n      \""role\"": \""research lead\"",\n      \""years\"": 21\n    },\n    \""contacts\"": [\n      {\n        \""email\"": \""katherine.johnson@post.example\"",\n        \""phone\"": \""123-456-7890\""\n      },\n      {\n        \""email\"": \""katherine.johnson@post.example\"",\n        \""phone\"": \""123-456-7890\""\n      }\n    ],\n    \""tags\"": [\n      \""networking\"",\n      \""cryptography\""\n    ]\n  }\n}""]"
json-constrained,ConstrainedJSONAdapter(),case-0027,ok,,1.9638036579708569,1,json_schema,9,10,0.9,False,address.postcode,,contacts[0].email;contacts[0].phone;contacts[1].email;contacts[1].phone,1179,9,9,1.0,1,"[""{\n  \""record\"": {\n    \""name\"": \""Radia Torvalds\"",\n    \""age\"": 49,\n    \""address\"": {\n      \""street\"": \""7 Nassau St\"",\n      \""city\"": \""Düsseldorf\"",\n      \""postcode\"": \""Nassau\""\n    },\n    \""employment\"": {\n      \""company\"": \""Bell Labs\"",\n      \""role\"": \""compiler architect\"",\n      \""years\"": 27\n    },\n    \""contacts\"": [\n      {\n        \""email\"": \""radia@torvalds.com\"",\n        \""phone\"": \""123-456-7890\""\n      },\n      {\n        \""email\"": \""info@bell-labs.com\"",\n        \""phone\"": \""987-654-3210\""\n      }\n    ],\n    \""tags\"": [\n      \""networking\"",\n      \""cryptography\""\n    ]\n  }\n}""]"
json-constrained,ConstrainedJSONAdapter(),case-0028,ok,,1.7584088770090602,1,json_schema,8,9,0.8889,False,,employment,contacts[1].email;contacts[1].phone;employment.company;employment.role;employment.years;tags[1],1173,8,8,1.0,1,"[""{\n  \""record\"": {\n    \""name\"": \""Grace Turing\"",\n    \""age\"": 42,\n    \""address\"": {\n      \""street\"": \""1 Infinite Loop\"",\n      \""city\"": \""Osaka\"",\n      \""postcode\"": \""95014\""\n    },\n    \""employment\"": {\n      \""company\"": \""test\"",\n      \""role\"": \""anyOf\"",\n      \""years\"": 50\n    },\n    \""contacts\"": [\n      {\n        \""email\"": \""grace.turing@mail.test\"",\n        \""phone\"": \""+51 266 3147\""\n      },\n      {\n        \""email\"": \""null\"",\n        \""phone\"": \""null\""\n      }\n    ],\n    \""tags\"": [\n      \""distributed-systems\"",\n      \""test\""\n    ]\n  }\n}""]"
json-constrained,ConstrainedJSONAdapter(),case-0029,ok,,2.027405933011323,1,json_schema,11,11,1.0,False,,,contacts[0].email;contacts[0].phone;contacts[1].email;contacts[1].phone,1203,11,11,1.0,0,"[""{\n  \""record\"": {\n    \""name\"": \""Grace Liskov\"",\n    \""age\"": 28,\n    \""address\"": {\n      \""street\"": \""88 Königsallee\"",\n      \""city\"": \""Cupertino\"",\n      \""postcode\"": \""95014\""\n    },\n    \""employment\"": {\n      \""company\"": \""Analytical Engines Ltd\"",\n      \""role\"": \""staff engineer\"",\n      \""years\"": 4\n    },\n    \""contacts\"": [\n      {\n        \""email\"": \""grace@liskov.com\"",\n        \""phone\"": \""555-123-4567\""\n      },\n      {\n        \""email\"": \""alice@crypto.net\"",\n        \""phone\"": \""555-567-8901\""\n      }\n    ],\n    \""tags\"": [\n      \""networking\"",\n      \""cryptography\"",\n      \""distributed-systems\""\n    ]\n  }\n}""]"
sola-jsonish-rescue,"StructuredOutputAdapter(output_mode=JSONISH, prompt_layout=SECTIONS, parse_config=ParseConfig())",case-0000,ok,,1.4252739950316027,1,json_object,6,12,0.5,False,contacts[0].phone,employment;contacts[1].email;contacts[1].phone;tags[0];tags[1],employment.company;employment.role;employment.years,696,6,10,0.6,2,"[""{\n \""name\"": \""Edsger Dijkstra\"",\n \""age\"": 57,\n \""address\"": {\n    \""street\"": \""88 Königsallee\"",\n    \""city\"": \""Cupertino\"",\n    \""postcode\"": \""40212\""\n  },\n \""employment\"": {\n    \""company\"": \""Corp Example\"",\n    \""role\"": \""Software Engineer\"",\n    \""years\"": 50\n  },\n \""contacts\"": [\n    {\n      \""email\"": \""edsger.dijkstra@mail.test\"",\n      \""phone\"": \""+1 3 733 5104\""\n    }\n  ]\n}""]"
sola-jsonish-rescue,"StructuredOutputAdapter(output_mode=JSONISH, prompt_layout=SECTIONS, parse_config=ParseConfig())",case-0001,ok,,1.5869748460245319,1,json_object,12,14,0.8571,False,,tags[0];tags[1],,750,12,14,0.8571,0,"[""{\n \""name\"": \""Alan Hopper\"",\n \""age\"": 20,\n \""address\"": {\n    \""street\"": \""1 Infinite Loop\"",\n    \""city\"": \""Osaka\"",\n    \""postcode\"": \""75009\""\n  },\n \""employment\"": {\n    \""company\"": \""Analytical Engines Ltd\"",\n    \""role\"": \""network designer\"",\n    \""years\"": 1\n  },\n \""contacts\"": [\n    {\n      \""email\"": \""alan.hopper@post.example\"",\n      \""phone\"": \""+98 885 1034\""\n    },\n    {\n      \""email\"": \""alan.hopper1@post.example\"",\n      \""phone\"": \""+30 705 2674\""\n    }\n  ]\n}""]"
sola-jsonish-rescue,"StructuredOutputAdapter(output_mode=JSONISH, prompt_layout=SECTIONS, parse_config=ParseConfig())",case-0002,ok,,1.283926903968677,1,json_object,5,10,0.5,False,address.street;contacts[0].phone,employment;tags[0];tags[1],employment.company;employment.role;employment.years,648,5,8,0.625,2,"[""{\n \""name\"": \""Ada Hopper\"",\n \""age\"": 68,\n \""address\"": {\n    \""street\"": \""Nassau St\"",\n    \""city\"": \""Paris\"",\n    \""postcode\"": \""08540\""\n  },\n \""employment\"": {\n    \""company\"": \""IBM\"",\n    \""role\"": \""Research Scientist\"",\n    \""years\"": 50\n  },\n \""contacts\"": [\n    {\n      \""email\"": \""ada.hopper@example.com\"",\n      \""phone\"": \""123-456-7890\""\n    }\n  ]\n}""]"
sola-jsonish-rescue,"StructuredOutputAdapter(output_mode=JSONISH, prompt_layout=SECTIONS, parse_config=ParseConfig())",case-0003,ok,,1.2011004210216925,1,json_object,7,11,0.6364,False,address.postcode,tags[0];tags[1];tags[2],contacts[0].email;contacts[0].phone,654,7,11,0.6364,0,"[""{\n \""name\"": \""Katherine Turing\"",\n \""age\"": 37,\n \""address\"": {\n    \""street\"": \""12 Baker St\"",\n    \""city\"": \""Osaka\""\n  },\n \""employment\"": {\n    \""company\"": \""Bell Labs\"",\n    \""role\"": \""research lead\"",\n    \""years\"": 7\n  },\n \""contacts\"": [\n    {\n      \""email\"": \""katherine.turing@bell-labs.com\"",\n      \""phone\"": \""123-456-7890\""\n    }\n  ]\n}""]"
sola-jsonish-rescue,"StructuredOutputAdapter(output_mode=JSONISH, prompt_layout=SECTIONS, parse_config=ParseConfig())",case-0004,ok,,1.2717520510195754,1,json_object,10,10,1.0,True,,,,685,10,10,1.0,0,"[""{\n  \""name\"": \""Katherine Torvalds\"",\n  \""age\"": 40,\n  \""address\"": {\n    \""street\"": \""12 Baker St\"",\n    \""city\"": \""London\"",\n    \""postcode\"": \""95014\""\n  },\n  \""employment\"": {\n    \""company\"": \""Sun Micro\"",\n    \""role\"": \""compiler architect\"",\n    \""years\"": 26\n  },\n  \""contacts\"": [\n    {\n      \""email\"": \""katherine.torvalds@example.com\"",\n      \""phone\"": \""+69 468 5533\""\n    }\n  ]\n}""]"
sola-jsonish-rescue,"StructuredOutputAdapter(output_mode=JSONISH, prompt_layout=SECTIONS, parse_config=ParseConfig())",case-0005,ok,,0.8735303609864786,1,json_object,4,8,0.5,False,address.postcode,employment;tags[0];tags[1],employment.company;employment.role;employment.years,583,4,6,0.6667,2,"[""{\n \""name\"": \""Linus Liskov\"",\n \""age\"": 32,\n \""address\"": {\n    \""street\"": \""5 Rue Lafayette\"",\n    \""city\"": \""Kraków\"",\n    \""postcode\"": \""KR\""\n  },\n \""employment\"": {\n    \""company\"": \""None\"",\n    \""role\"": \""None\"",\n    \""years\"": 50\n  }\n}""]"
sola-jsonish-rescue,"StructuredOutputAdapter(output_mode=JSONISH, prompt_layout=SECTIONS, parse_config=ParseConfig())",case-0006,ok,,1.2682043950189836,1,json_object,9,13,0.6923,False,address.street;tags[0],tags[1];tags[2],,679,8,12,0.6667,0,"[""{\n  \""name\"": \""Grace Perlman\"",\n  \""age\"": 90,\n  \""address\"": {\n    \""street\"": \""Infinite Loop, Osaka\"",\n    \""city\"": \""Osaka\""\n  },\n  \""employment\"": {\n    \""company\"": \""Bell Labs\"",\n    \""role\"": \""compiler architect\"",\n    \""years\"": 25\n  },\n  \""contacts\"": [\n    {\n      \""email\"": \""grace.perlman@example.com\"",\n      \""phone\"": \""+26 847 7783\""\n    }\n  ],\n  \""tags\"": \""distributed-systems, mathematics, networking\""\n}""]"
sola-jsonish-rescue,"StructuredOutputAdapter(output_mode=JSONISH, prompt_layout=SECTIONS, parse_config=ParseConfig())",case-0007,ok,,1.2716976039810106,1,json_object,7,10,0.7,False,address.street,tags[0];tags[1],contacts[0].email;contacts[0].phone,661,7,10,0.7,0,"[""{\n \""name\"": \""Barbara Turing\"",\n \""age\"": 26,\n \""address\"": {\n    \""street\"": \""Nassau St\"",\n    \""city\"": \""London\"",\n    \""postcode\"": \""08540\""\n  },\n \""employment\"": {\n    \""company\"": \""Naval Systems\"",\n    \""role\"": \""staff engineer\"",\n    \""years\"": 3\n  },\n \""contacts\"": [\n    {\n      \""email\"": \""barbarasturing@example.com\"",\n      \""phone\"": \""123-456-7890\""\n    }\n  ]\n}""]"
sola-jsonish-rescue,"StructuredOutputAdapter(output_mode=JSONISH, prompt_layout=SECTIONS, parse_config=ParseConfig())",case-0008,ok,,1.1886135999811813,1,json_object,7,8,0.875,False,address.street,,contacts[0].email;contacts[0].phone,637,6,7,0.8571,0,"[""{\n  \""name\"": \""Katherine Liskov\"",\n  \""age\"": 21,\n  \""address\"": {\n    \""street\"": \""Rue Lafayette\"",\n    \""city\"": \""Paris\""\n  },\n  \""employment\"": {\n    \""company\"": \""Sun Micro\"",\n    \""role\"": \""research lead\"",\n    \""years\"": 13\n  },\n  \""contacts\"": [\n    {\n      \""email\"": \""kathrylliskov@gmail.com\"",\n      \""phone\"": \""123-456-7890\""\n    }\n  ]\n}""]"
sola-jsonish-rescue,"StructuredOutputAdapter(output_mode=JSONISH, prompt_layout=SECTIONS, parse_config=ParseConfig())",case-0009,ok,,1.3059417979675345,1,json_object,8,10,0.8,False,,tags[0];tags[1],contacts[0].email;contacts[0].phone,671,8,10,0.8,0,"[""{\n  \""name\"": \""Radia Liskov\"",\n  \""age\"": 66,\n  \""address\"": {\n    \""street\"": \""7 Nassau St\"",\n    \""city\"": \""Cupertino\"",\n    \""postcode\"": \""08540\""\n  },\n  \""employment\"": {\n    \""company\"": \""Analytical Engines Ltd\"",\n    \""role\"": \""compiler architect\"",\n    \""years\"": 18\n  },\n  \""contacts\"": [\n    {\n      \""email\"": \""radialiskov@gmail.com\"",\n      \""phone\"": \""123-456-7890\""\n    }\n  ]\n}""]"
sola-jsonish-rescue,"StructuredOutputAdapter(output_mode=JSONISH, prompt_layout=SECTIONS, parse_config=ParseConfig())",case-0010,ok,,1.4781324220239185,1,json_object,10,14,0.7143,False,,contacts[1].email;contacts[1].phone;tags[0];tags[1],,721,10,13,0.7692,0,"[""{\n  \""name\"": \""Ada Dijkstra\"",\n  \""age\"": 66,\n  \""address\"": {\n    \""street\"": \""88 Königsallee\"",\n    \""city\"": \""Kraków\"",\n    \""postcode\"": \""75009\""\n  },\n  \""employment\"": {\n    \""company\"": \""Analytical Engines Ltd\"",\n    \""role\"": \""network designer\"",\n    \""years\"": 11\n  },\n  \""contacts\"": [\n    {\n      \""email\"": \""ada.dijkstra@example.com\"",\n      \""phone\"": \""+96 469 1730\""\n    }\n  ]\n}""]"
sola-jsonish-rescue,"StructuredOutputAdapter(output_mode=JSONISH, prompt_layout=SECTIONS, parse_config=ParseConfig())",case-0011,ok,,1.0760367159964517,1,json_object,5,9,0.5556,False,,employment;contacts[0].email;contacts[0].phone;tags[0],employment.company;employment.role;employment.years,622,5,8,0.625,1,"[""{\n \""name\"": \""Radia Perlman\"",\n \""age\"": 23,\n \""address\"": {\n    \""street\"": \""7 Nassau St\"",\n    \""city\"": \""Cupertino\"",\n    \""postcode\"": \""08540\""\n  },\n \""employment\"": {\n    \""company\"": \""Test Corporation\"",\n    \""role\"": \""Software Engineer\"",\n    \""years\"": 50\n  }\n}""]"
sola-jsonish-rescue,"StructuredOutputAdapter(output_mode=JSONISH, prompt_layout=SECTIONS, parse_config=ParseConfig())",case-0012,ok,,1.7349178669974208,1,json_object,8,12,0.6667,False,address.postcode;contacts[0].phone,tags[0];tags[1],,680,8,10,0.8,2,"[""{\n  \""name\"": \""Radia Torvalds\"",\n  \""age\"": 89,\n  \""address\"": {\n    \""street\"": \""12 Baker St\"",\n    \""city\"": \""Düsseldorf\"",\n    \""postcode\"": \""DE-12345\""\n  },\n  \""employment\"": {\n    \""company\"": \""Xerox PARC\"",\n    \""role\"": \""compiler architect\"",\n    \""years\"": 21\n  },\n  \""contacts\"": [\n    {\n      \""email\"": \""radia.torvalds@post.example\"",\n      \""phone\"": \""123-456-7890\""\n    }\n  ]\n}""]"
sola-jsonish-rescue,"StructuredOutputAdapter(output_mode=JSONISH, prompt_layout=SECTIONS, parse_config=ParseConfig())",case-0013,ok,,1.2975285249995068,1,json_object,10,11,0.9091,False,,tags[0],,632,8,9,0.8889,0,"[""{\n \""name\"": \""Linus Torvalds\"",\n \""age\"": 55,\n \""address\"": {\n    \""street\"": \""5 Rue Lafayette\"",\n    \""city\"": \""Osaka\""\n  },\n \""employment\"": {\n    \""company\"": \""Naval Systems\"",\n    \""role\"": \""research lead\"",\n    \""years\"": 5\n  },\n \""contacts\"": [\n    {\n      \""email\"": \""linus.torvalds@example.com\""\n    }\n  ]\n}""]"
sola-jsonish-rescue,"StructuredOutputAdapter(output_mode=JSONISH, prompt_layout=SECTIONS, parse_config=ParseConfig())",case-0014,ok,,1.739466703031212,1,json_object,8,10,0.8,False,,tags[0];tags[1],contacts[0].email;contacts[0].phone,665,8,10,0.8,0,"[""{\n \""name\"": \""Grace Johnson\"",\n \""age\"": 63,\n \""address\"": {\n    \""street\"": \""88 Königsallee\"",\n    \""city\"": \""Cupertino\"",\n    \""postcode\"": \""95014\""\n  },\n \""employment\"": {\n    \""company\"": \""Xerox PARC\"",\n    \""role\"": \""staff engineer\"",\n    \""years\"": 9\n  },\n \""contacts\"": [\n    {\n      \""email\"": \""grace.johnson@xerox.com\"",\n      \""phone\"": \""555-123-4567\""\n    }\n  ]\n}""]"
sola-jsonish-rescue,"StructuredOutputAdapter(output_mode=JSONISH, prompt_layout=SECTIONS, parse_config=ParseConfig())",case-0015,ok,,1.5266541930031963,1,json_object,9,10,0.9,False,address.postcode,,,667,9,10,0.9,0,"[""{\n \""name\"": \""Katherine Lovelace\"",\n \""age\"": 51,\n \""address\"": {\n    \""street\"": \""12 Baker St\"",\n    \""city\"": \""Osaka\""\n  },\n \""employment\"": {\n    \""company\"": \""Bell Labs\"",\n    \""role\"": \""research lead\"",\n    \""years\"": 4\n  },\n \""contacts\"": [\n    {\n      \""email\"": \""katherine.lovelace@corp.example\"",\n      \""phone\"": \""+46 387 7427\""\n    }\n  ]\n}""]"
sola-jsonish-rescue,"StructuredOutputAdapter(output_mode=JSONISH, prompt_layout=SECTIONS, parse_config=ParseConfig())",case-0016,ok,,1.9478225909988396,1,json_object,8,12,0.6667,False,contacts[0].email;contacts[0].phone;contacts[1].email;contacts[1].phone,,,751,8,12,0.6667,0,"[""{\n  \""name\"": \""Barbara Perlman\"",\n  \""age\"": 20,\n  \""address\"": {\n    \""street\"": \""1 Infinite Loop\"",\n    \""city\"": \""Osaka\"",\n    \""postcode\"": \""40212\""\n  },\n  \""employment\"": {\n    \""company\"": \""Naval Systems\"",\n    \""role\"": \""research lead\"",\n    \""years\"": 1\n  },\n  \""contacts\"": [\n    {\n      \""email\"": \""barbara.perlman1@corp.example\"",\n      \""phone\"": \""+29 717 5153\""\n    },\n    {\n      \""email\"": \""barbara.perlman@corp.example\"",\n      \""phone\"": \""+43 782 3325\""\n    }\n  ]\n}""]"
sola-jsonish-rescue,"StructuredOutputAdapter(output_mode=JSONISH, prompt_layout=SECTIONS, parse_config=ParseConfig())",case-0017,ok,,1.2606466580182314,1,json_object,8,10,0.8,False,contacts[0].email;contacts[0].phone,,,650,7,8,0.875,1,"[""{\n \""name\"": \""Edsger Torvalds\"",\n \""age\"": 69,\n \""address\"": {\n    \""street\"": \""12 Baker St\"",\n    \""city\"": \""Paris\""\n  },\n \""employment\"": {\n    \""company\"": \""Xerox PARC\"",\n    \""role\"": \""network designer\"",\n    \""years\"": 9\n  },\n \""contacts\"": [\n    {\n      \""email\"": \""edgers@corp.example\"",\n      \""phone\"": \""123-456-7890\""\n    }\n  ]\n}""]"
sola-jsonish-rescue,"StructuredOutputAdapter(output_mode=JSONISH, prompt_layout=SECTIONS, parse_config=ParseConfig())",case-0018,ok,,1.3904643530258909,1,json_object,9,12,0.75,False,address.postcode,tags[0];tags[1],,678,9,11,0.8182,1,"[""{\n  \""name\"": \""Alan Hopper\"",\n  \""age\"": 48,\n  \""address\"": {\n    \""street\"": \""1 Infinite Loop\"",\n    \""city\"": \""Paris\"",\n    \""postcode\"": \""12345\""\n  },\n  \""employment\"": {\n    \""company\"": \""Xerox PARC\"",\n    \""role\"": \""compiler architect\"",\n    \""years\"": 15\n  },\n  \""contacts\"": [\n    {\n      \""email\"": \""alan.hopper@corp.example\"",\n      \""phone\"": \""+89 220 6315\""\n    }\n  ]\n}""]"
sola-jsonish-rescue,"StructuredOutputAdapter(output_mode=JSONISH, prompt_layout=SECTIONS, parse_config=ParseConfig())",case-0019,ok,,1.3802364679868333,1,json_object,9,13,0.6923,False,contacts[0].phone,tags[0];tags[1];tags[2],,673,9,12,0.75,1,"[""{\n \""name\"": \""Ada Hopper\"",\n \""age\"": 20,\n \""address\"": {\n    \""street\"": \""5 Rue Lafayette\"",\n    \""city\"": \""Princeton\"",\n    \""postcode\"": \""40212\""\n  },\n \""employment\"": {\n    \""company\"": \""Analytical Engines Ltd\"",\n    \""role\"": \""compiler architect\"",\n    \""years\"": 14\n  },\n \""contacts\"": [\n    {\n      \""email\"": \""ada.hopper@corp.example\"",\n      \""phone\"": \""123-456-7890\""\n    }\n  ]\n}""]"
sola-jsonish-rescue,"StructuredOutputAdapter(output_mode=JSONISH, prompt_layout=SECTIONS, parse_config=ParseConfig())",case-0020,ok,,1.273011117009446,1,json_object,5,8,0.625,False,,employment;tags[0];tags[1],contacts[0].email;contacts[0].phone;employment.company;employment.role;employment.years,617,4,6,0.6667,1,"[""{\n \""name\"": \""Alan Torvalds\"",\n \""age\"": 70,\n \""address\"": {\n    \""street\"": \""7 Nassau St\"",\n    \""city\"": \""Paris\""\n  },\n \""employment\"": {\n    \""company\"": \""The Linux Foundation\"",\n    \""role\"": \""Senior Software Engineer\"",\n    \""years\"": 50\n  },\n \""contacts\"": [\n    {\n      \""email\"": \""al@torvalds.net\"",\n      \""phone\"": \""555-1234\""\n    }\n  ]\n}""]"
sola-jsonish-rescue,"StructuredOutputAdapter(output_mode=JSONISH, prompt_layout=SECTIONS, parse_config=ParseConfig())",case-0021,ok,,1.5271630699862726,1,json_object,8,13,0.6154,False,contacts[0].email;contacts[0].phone;contacts[1].email;contacts[1].phone,tags[0],,710,7,11,0.6364,1,"[""{\n  \""name\"": \""Alan Dijkstra\"",\n  \""age\"": 47,\n  \""address\"": {\n    \""street\"": \""1 Infinite Loop\"",\n    \""city\"": \""Osaka\""\n  },\n  \""employment\"": {\n    \""company\"": \""Sun Micro\"",\n    \""role\"": \""research lead\"",\n    \""years\"": 17\n  },\n  \""contacts\"": [\n    {\n      \""email\"": \""alan.dijkstra1@example.com\"",\n      \""phone\"": \""+75 538 2134\""\n    },\n    {\n      \""email\"": \""alan.dijkstra@mail.test\"",\n      \""phone\"": \""\""\n    }\n  ]\n}""]"
sola-jsonish-rescue,"StructuredOutputAdapter(output_mode=JSONISH, prompt_layout=SECTIONS, parse_config=ParseConfig())",case-0022,ok,,0.9567577269626781,1,json_object,5,8,0.625,False,,employment;contacts[0].email;contacts[0].phone,employment.company;employment.role;employment.years,618,5,7,0.7143,1,"[""{\n \""name\"": \""Alan Johnson\"",\n \""age\"": 88,\n \""address\"": {\n    \""street\"": \""88 Königsallee\"",\n    \""city\"": \""Osaka\"",\n    \""postcode\"": \""NW1 6XE\""\n  },\n \""employment\"": {\n    \""company\"": \""Test Corporation\"",\n    \""role\"": \""Software Engineer\"",\n    \""years\"": 50\n  }\n}""]"
sola-jsonish-rescue,"StructuredOutputAdapter(output_mode=JSONISH, prompt_layout=SECTIONS, parse_config=ParseConfig())",case-0023,ok,,1.584953318000771,1,json_object,9,15,0.6,False,contacts[0].email;contacts[0].phone;contacts[1].email,tags[0];tags[1];tags[2],,746,9,14,0.6429,1,"[""{\n  \""name\"": \""Linus Hopper\"",\n  \""age\"": 25,\n  \""address\"": {\n    \""street\"": \""88 Königsallee\"",\n    \""city\"": \""Paris\"",\n    \""postcode\"": \""75009\""\n  },\n  \""employment\"": {\n    \""company\"": \""Bell Labs\"",\n    \""role\"": \""network designer\"",\n    \""years\"": 1\n  },\n  \""contacts\"": [\n    {\n      \""email\"": \""linus.hopper1@example.com\"",\n      \""phone\"": \""+91 610 7901\""\n    },\n    {\n      \""email\"": \""linus.hopper@mail.test\"",\n      \""phone\"": \""+91 610 7901\""\n    }\n  ]\n}""]"
sola-jsonish-rescue,"StructuredOutputAdapter(output_mode=JSONISH, prompt_layout=SECTIONS, parse_config=ParseConfig())",case-0024,ok,,1.3059113850467838,1,json_object,10,10,1.0,True,,,,688,10,10,1.0,0,"[""{\n  \""name\"": \""Edsger Turing\"",\n  \""age\"": 56,\n  \""address\"": {\n    \""street\"": \""5 Rue Lafayette\"",\n    \""city\"": \""Osaka\"",\n    \""postcode\"": \""40212\""\n  },\n  \""employment\"": {\n    \""company\"": \""Analytical Engines Ltd\"",\n    \""role\"": \""network designer\"",\n    \""years\"": 15\n  },\n  \""contacts\"": [\n    {\n      \""email\"": \""edsger.turing@example.com\"",\n      \""phone\"": \""+22 603 8277\""\n    }\n  ]\n}""]"
sola-jsonish-rescue,"StructuredOutputAdapter(output_mode=JSONISH, prompt_layout=SECTIONS, parse_config=ParseConfig())",case-0025,ok,,1.6452544759958982,1,json_object,8,10,0.8,False,contacts[1].phone,employment,employment.company;employment.role;employment.years,728,8,8,1.0,2,"[""{\n  \""name\"": \""Edsger Lovelace\"",\n  \""age\"": 41,\n  \""address\"": {\n    \""street\"": \""88 Königsallee\"",\n    \""city\"": \""London\"",\n    \""postcode\"": \""40212\""\n  },\n  \""employment\"": {\n    \""company\"": \""Corp. Example\"",\n    \""role\"": \""Employee\"",\n    \""years\"": 50\n  },\n  \""contacts\"": [\n    {\n      \""email\"": \""edsger.lovelace@post.example\"",\n      \""phone\"": \""+16 689 4229\""\n    },\n    {\n      \""email\"": \""edsger.lovelace1@corp.example\"",\n      \""phone\"": \""+16 689 4229\""\n    }\n  ]\n}""]"
sola-jsonish-rescue,"StructuredOutputAdapter(output_mode=JSONISH, prompt_layout=SECTIONS, parse_config=ParseConfig())",case-0026,ok,,1.3022904110257514,1,json_object,8,12,0.6667,False,address.street;contacts[0].phone,tags[0];tags[1],,679,8,11,0.7273,1,"[""{\n  \""name\"": \""Katherine Johnson\"",\n  \""age\"": 21,\n  \""address\"": {\n    \""street\"": \""Baker St\"",\n    \""city\"": \""Kraków\"",\n    \""postcode\"": \""08540\""\n  },\n  \""employment\"": {\n    \""company\"": \""Sun Micro\"",\n    \""role\"": \""research lead\"",\n    \""years\"": 21\n  },\n  \""contacts\"": [\n    {\n      \""email\"": \""katherine.johnson@post.example\"",\n      \""phone\"": \""123-456-7890\""\n    }\n  ]\n}""]"
sola-jsonish-rescue,"StructuredOutputAdapter(output_mode=JSONISH, prompt_layout=SECTIONS, parse_config=ParseConfig())",case-0027,ok,,1.284636089054402,1,json_object,6,10,0.6,False,address.street;address.postcode,tags[0];tags[1],contacts[0].email;contacts[0].phone,658,6,9,0.6667,1,"[""{\n  \""name\"": \""Radia Torvalds\"",\n  \""age\"": 49,\n  \""address\"": {\n    \""street\"": \""Nassau St\"",\n    \""city\"": \""Düsseldorf\"",\n    \""postcode\"": \""DE-10187\""\n  },\n  \""employment\"": {\n    \""company\"": \""Bell Labs\"",\n    \""role\"": \""compiler architect\"",\n    \""years\"": 27\n  },\n  \""contacts\"": [\n    {\n      \""email\"": \""radiat@bell-labs.com\"",\n      \""phone\"": \""555-1234\""\n    }\n  ]\n}""]"
sola-jsonish-rescue,"StructuredOutputAdapter(output_mode=JSONISH, prompt_layout=SECTIONS, parse_config=ParseConfig())",case-0028,ok,,1.2782580750063062,1,json_object,7,9,0.7778,False,,employment;tags[0],employment.company;employment.role;employment.years,668,7,8,0.875,1,"[""{\n \""name\"": \""Grace Turing\"",\n \""age\"": 42,\n \""address\"": {\n    \""street\"": \""1 Infinite Loop\"",\n    \""city\"": \""Osaka\"",\n    \""postcode\"": \""95014\""\n  },\n \""employment\"": {\n    \""company\"": \""distributed-systems\"",\n    \""role\"": \""developer\"",\n    \""years\"": 50\n  },\n \""contacts\"": [\n    {\n      \""email\"": \""grace.turing@mail.test\"",\n      \""phone\"": \""+51 266 3147\""\n    }\n  ]\n}""]"
sola-jsonish-rescue,"StructuredOutputAdapter(output_mode=JSONISH, prompt_layout=SECTIONS, parse_config=ParseConfig())",case-0029,ok,,1.299997185007669,1,json_object,8,11,0.7273,False,,tags[0];tags[1];tags[2],contacts[0].email;contacts[0].phone,676,8,11,0.7273,0,"[""{\n  \""name\"": \""Grace Liskov\"",\n  \""age\"": 28,\n  \""address\"": {\n    \""street\"": \""88 Königsallee\"",\n    \""city\"": \""Cupertino\"",\n    \""postcode\"": \""95014\""\n  },\n  \""employment\"": {\n    \""company\"": \""Analytical Engines Ltd\"",\n    \""role\"": \""staff engineer\"",\n    \""years\"": 4\n  },\n  \""contacts\"": [\n    {\n      \""email\"": \""grace@liskov.com\"",\n      \""phone\"": \""555-123-4567\""\n    }\n  ]\n}""]"
sola-yaml-rescue,"StructuredOutputAdapter(output_mode=YAML, prompt_layout=SECTIONS, parse_config=ParseConfig())",case-0000,validation_error,ValidationError,1.285643873969093,1,none,0,12,0.0,False,,address.city;address.postcode;address.street;age;contacts[0].email;contacts[0].phone;contacts[1].email;contacts[1].phone;employment;name;tags[0];tags[1],,632,0,10,0.0,0,"[""```yaml\nrecord:\n  name*:\n    Edsger Dijkstra\n  age*:\n    57\n  address*:\n    street: Königsallee\n    city: Cupertino\n    postcode: 40212\n  employment:\n    company*:\n      name: Corp\n    role*:\n      description: Developer\n  years*:\n    57\n  contacts:\n    email*:\n      address:\n        street: Edsger Dijkstra\n        city: Cupertino\n        postcode: 40212\n    phone:\n      description: +1 314 510-4234\n  tags:\n  - distributed-systems\n  - cryptography\n```""]"
sola-yaml-rescue,"StructuredOutputAdapter(output_mode=YAML, prompt_layout=SECTIONS, parse_config=ParseConfig())",case-0001,validation_error,ValidationError,1.186061363958288,1,none,0,14,0.0,False,,address.city;address.postcode;address.street;age;contacts[0].email;contacts[0].phone;contacts[1].email;contacts[1].phone;employment.company;employment.role;employment.years;name;tags[0];tags[1],,644,0,14,0.0,0,"[""```yaml\nrecord:\n  name*:\n    Alan Hopper\n  age*:\n    20\n  address*:\n    street: Infinite Loop\n    city: Osaka\n    postcode: 75009\n  employment:\n    company*: Analytical Engines Ltd\n    role*: network designer\n    years*: 1\n  contacts:\n    email*: alan.hopper@post.example\n    phone: +98 885 1034\n    contact: alan.hopper1@post.example\n    phone: +30 705 2674\n  tags:\n  - compilers\n  - mathematics\n```\n""]"
sola-yaml-rescue,"StructuredOutputAdapter(output_mode=YAML, prompt_layout=SECTIONS, parse_config=ParseConfig())",case-0002,validation_error,ValidationError,0.9967893250286579,1,none,0,10,0.0,False,,address.city;address.postcode;address.street;age;contacts[0].email;contacts[0].phone;employment;name;tags[0];tags[1],,559,0,8,0.0,0,"[""```yaml\nrecord:\n  name*:\n    Ada Hopper\n  age*:\n    68\n  address*:\n    street: 7 Nassau St\n    city: Paris\n    postcode: 08540\n  employment*:\n    company:\n      role: Administrator\n    years*:\n      50\n  contacts*:\n    email: ada.hopper@example.com\n    phone: +1 (555) 123-4567\n  tags:\n    - cryptography\n    - networking\n```\n""]"
sola-yaml-rescue,"StructuredOutputAdapter(output_mode=YAML, prompt_layout=SECTIONS, parse_config=ParseConfig())",case-0003,validation_error,ValidationError,1.056064730975777,1,none,0,11,0.0,False,,address.city;address.postcode;address.street;age;employment.company;employment.role;employment.years;name;tags[0];tags[1];tags[2],,577,0,11,0.0,0,"[""```yaml\nrecord:\n  name*: Katherine\n  age*: 37\n  address*:\n    street*: Baker St\n    city*: Osaka\n    postcode: 95014\n  employment:\n    company*: Bell Labs\n    role*: research lead\n    years*: 7\n  contacts:\n    email*: katherine.turing@bell-labs.com\n    phone*: +1 (1-212) 555-1234\n  tags:\n  - networking\n  - distributed-systems\n  - cryptography\n```""]"
sola-yaml-rescue,"StructuredOutputAdapter(output_mode=YAML, prompt_layout=SECTIONS, parse_config=ParseConfig())",case-0004,parse_error,AdapterParseError,1.1036047620000318,1,none,0,10,0.0,False,,address.city;address.postcode;address.street;age;contacts[0].email;contacts[0].phone;employment.company;employment.role;employment.years;name,,606,0,10,0.0,0,"[""```yaml\nrecord:\n  name*:\n    Katherine\n  age*:\n    40\n  address*:\n    12 Baker St, London\n    city*:\n      London\n    postcode*:\n        95014\n  employment*:\n    company*:\n      Sun Micro\n    role*:\n      Compiler Architect\n  years*:\n    26\n  contacts*:\n    email*:\n      katherine.torvalds@example.com\n    phone*:\n      +69 468 5533\n  tags*:\n    - Compiler Architect\n    - Sun Micro\n```\n""]"
sola-yaml-rescue,"StructuredOutputAdapter(output_mode=YAML, prompt_layout=SECTIONS, parse_config=ParseConfig())",case-0005,validation_error,ValidationError,0.851936143997591,1,none,0,8,0.0,False,,address.city;address.postcode;address.street;age;employment;name;tags[0];tags[1],,526,0,6,0.0,0,"[""```yaml\nrecord:\n  name*:\n    Linus\n  age*:\n    32\n  address*:\n    street: 5 Rue Lafayette\n    city: Kraków\n  employment*:\n    company:\n      role: Programmer\n      years: 5\n  contacts:\n    email: linus@liskov.com\n    phone: +48 45 678 9012\n  tags:\n    cryptography\n```""]"
sola-yaml-rescue,"StructuredOutputAdapter(output_mode=YAML, prompt_layout=SECTIONS, parse_config=ParseConfig())",case-0006,validation_error,ValidationError,1.171646801987663,1,none,0,13,0.0,False,,address.city;address.postcode;address.street;age;contacts[0].email;contacts[0].phone;employment.company;employment.role;employment.years;name;tags[0];tags[1];tags[2],,610,0,12,0.0,0,"[""```yaml\nrecord:\n  name*:\n    name: Grace Perlman\n  age*:\n    age: 90\n  address*:\n    street: Infinite Loop\n    city: Osaka\n    postcode: 100000\n  employment*:\n    company*: Bell Labs\n    role*: Compiler Architect\n    years*: 25\n  contacts*:\n    email: grace.perlman@example.com\n    phone: +26 847 7783\n  tags:\n    - distributed-systems\n    - mathematics\n    - networking\n```\nThis YAML object represents a person record for Grace Perlman, as described in the input text.""]"
sola-yaml-rescue,"StructuredOutputAdapter(output_mode=YAML, prompt_layout=SECTIONS, parse_config=ParseConfig())",case-0007,validation_error,ValidationError,1.1819306749966927,1,none,0,10,0.0,False,,address.city;address.postcode;address.street;age;employment.company;employment.role;employment.years;name;tags[0];tags[1],,594,0,10,0.0,0,"[""```yaml\nrecord:\n  name*:\n    Barbara\n  age*:\n    26\n  address*:\n    7 Nassau St, London\n  employment*:\n    company*:\n      name*: Naval Systems\n      role*: staff engineer\n      years*:\n        3\n  contacts*:\n    email*:\n      string: \""barbarasturing@example.com\""\n    phone*:\n      string: \""555-555-5555\""\n  tags*:\n    - networking\n    - distributed-systems\n```\nThis response adheres to the specified schema, extracting the provided text and filling in the required fields for a PersonRecord.""]"
sola-yaml-rescue,"StructuredOutputAdapter(output_mode=YAML, prompt_layout=SECTIONS, parse_config=ParseConfig())",case-0008,validation_error,ValidationError,1.2063860379857942,1,none,0,8,0.0,False,,address.city;address.postcode;address.street;age;employment.company;employment.role;employment.years;name,,585,0,7,0.0,0,"[""```yaml\nrecord:\n  name*:\n    Katherine\n  age*:\n    21\n  address*:\n    street: Rue Lafayette\n    city: Paris\n    postcode: 94\n  employment:\n    company*:\n      name: Sun Microsystems\n      role*:\n        description: Research lead\n      years*:\n        13\n  contacts:\n    email*:\n      string: katherine.liskov@sun.com\n    phone:\n      string: +33 1 45 67 89 01\n  tags:\n  - research\n  - tech\n```\nThis YAML object represents a person record with the provided text.""]"
sola-yaml-rescue,"StructuredOutputAdapter(output_mode=YAML, prompt_layout=SECTIONS, parse_config=ParseConfig())",case-0009,validation_error,ValidationError,1.0776055179885589,1,none,0,10,0.0,False,,address.city;address.postcode;address.street;age;employment.company;employment.role;employment.years;name;tags[0];tags[1],,587,0,10,0.0,0,"[""```yaml\nrecord:\n  name*:\n    name: Radia Liskov\n  age*:\n    age: 66\n  address*:\n    street: 7 Nassau St\n    city: Cupertino\n    postcode: 08540\n  employment:\n    company: Analytical Engines Ltd\n    role: compiler architect\n    years: 18\n  contacts:\n    email: radialiskov@example.com\n    phone: +1 (555) 555-5555\n  tags:\n    - distributed-systems\n    - mathematics\n```\n""]"
sola-yaml-rescue,"StructuredOutputAdapter(output_mode=YAML, prompt_layout=SECTIONS, parse_config=ParseConfig())",case-0010,validation_error,ValidationError,1.2630516909994185,1,none,0,14,0.0,False,,address.city;address.postcode;address.street;age;contacts[0].email;contacts[0].phone;contacts[1].email;contacts[1].phone;employment.company;employment.role;employment.years;name;tags[0];tags[1],,656,0,13,0.0,0,"[""```yaml\nrecord:\n  name*:\n    Ada Dijkstra\n  age*: 66\n  address*:\n    street: Königsallee\n    city: Kraków\n    postcode: 75009\n  employment:\n    company: Analytical Engines Ltd\n    role: Network designer\n    years: 11\n  contacts:\n    email: ada.dijkstra1@post.example\n    phone: +96 469 1730\n  tags:\n    - distributed-systems\n    - compilers\n```\n\nThis response adheres to the provided schema, extracting the necessary information from the input text and structuring it into a valid Python `PersonRecord` object.""]"
sola-yaml-rescue,"StructuredOutputAdapter(output_mode=YAML, prompt_layout=SECTIONS, parse_config=ParseConfig())",case-0011,validation_error,ValidationError,1.2466041159932502,1,none,0,9,0.0,False,,address.city;address.postcode;address.street;age;contacts[0].email;contacts[0].phone;employment;name;tags[0],,614,0,8,0.0,0,"[""```yaml\nrecord:\n  name*:\n    name: Radia Perlman\n  age*:\n    age: 23\n  address*:\n    street: 7 Nassau St\n    city: Cupertino\n    postcode: 08540\n  employment:\n    company: test\n    role: developer\n  years*:\n    years: 50\n  contacts:\n    email: radia.perlman@mail.test\n    phone: +39 245 2485\n  tags:\n    - distributed-systems\n```\n\nThis response follows the provided schema by extracting the necessary information from the input text and organizing it into a structured `PersonRecord` object.""]"
sola-yaml-rescue,"StructuredOutputAdapter(output_mode=YAML, prompt_layout=SECTIONS, parse_config=ParseConfig())",case-0012,validation_error,ValidationError,1.1088029789971188,1,none,0,12,0.0,False,,address.city;address.postcode;address.street;age;contacts[0].email;contacts[0].phone;employment.company;employment.role;employment.years;name;tags[0];tags[1],,591,0,10,0.0,0,"[""```yaml\nrecord:\n  name*:\n    name: Radia Torvalds\n  age*:\n    age: 89\n  address*:\n    street: Baker St\n    city: Düsseldorf\n    postcode: 10001\n  employment:\n    company: Xerox PARC\n    role: Compiler Architect\n    years: 21\n  contacts:\n    email: radia.torvalds@post.example\n    phone: +49 121 23456789\n  tags:\n    - distributed-systems\n    - cryptography\n```\n""]"
sola-yaml-rescue,"StructuredOutputAdapter(output_mode=YAML, prompt_layout=SECTIONS, parse_config=ParseConfig())",case-0013,validation_error,ValidationError,0.909231711004395,1,none,0,11,0.0,False,,address.city;address.postcode;address.street;age;contacts[0].email;contacts[0].phone;employment.company;employment.role;employment.years;name;tags[0],,557,0,9,0.0,0,"[""```yaml\nrecord:\n  name*:\n    Linus Torvalds\n  age*:\n    55\n  address*:\n    street: 5 Rue Lafayette\n    city: Osaka\n  employment:\n    company*: Naval Systems\n    role*: research lead\n    years*: 5\n  contacts:\n    email*: linus.torvalds@example.com\n    phone: +1 123-456-7890\n  tags:\n    cryptography\n```""]"
sola-yaml-rescue,"StructuredOutputAdapter(output_mode=YAML, prompt_layout=SECTIONS, parse_config=ParseConfig())",case-0014,validation_error,ValidationError,0.9855594860273413,1,none,0,10,0.0,False,,address.city;address.postcode;address.street;age;employment.company;employment.role;employment.years;name;tags[0];tags[1],,569,0,10,0.0,0,"[""```yaml\nrecord:\n  name*:\n    Grace Johnson\n  age*:\n    63\n  address*:\n    street: Königsallee\n    city: Cupertino\n    postcode: 95014\n  employment:\n    company*: Xerox PARC\n    role*: staff engineer\n    years*: 9\n  contacts:\n    email: grace.johnson@xerox.com\n    phone: +1 (555) 555-5555\n  tags:\n    cryptography\n    compilers\n```""]"
sola-yaml-rescue,"StructuredOutputAdapter(output_mode=YAML, prompt_layout=SECTIONS, parse_config=ParseConfig())",case-0015,validation_error,ValidationError,1.1556810369947925,1,none,0,10,0.0,False,,address.city;address.postcode;address.street;age;contacts[0].email;contacts[0].phone;employment.company;employment.role;employment.years;name,,610,0,10,0.0,0,"[""```yaml\nrecord:\n  name*:\n    Katherine Lovelace\n  age*:\n    51\n  address*:\n    street: 12 Baker St\n    city: Osaka\n    postcode: 75009\n  employment:\n    company*: Bell Labs\n    role*: research lead\n    years*: 4\n  contacts:\n    email: katherine.lovelace@corp.example\n    phone: +46 387 7427\n  tags:\n    - research\n    - lead\n    - Bell Labs\n```\nThis YAML object represents the person record for Katherine Lovelace, as described in the input text.""]"
sola-yaml-rescue,"StructuredOutputAdapter(output_mode=YAML, prompt_layout=SECTIONS, parse_config=ParseConfig())",case-0016,validation_error,ValidationError,1.0162397469975986,1,none,0,12,0.0,False,,address.city;address.postcode;address.street;age;contacts[0].email;contacts[0].phone;contacts[1].email;contacts[1].phone;employment.company;employment.role;employment.years;name,,620,0,12,0.0,0,"[""```yaml\nrecord:\n  name*:\n    Barbara Perlman\n  age*:\n    20\n  address*:\n    street: Infinite Loop\n    city: Osaka\n  employment:\n    company: Corp. Example\n    role: research lead\n    years: 1\n  contacts:\n    email: barbara.perlman1@corp.example\n    phone: +29 717 5153\n    tags: [\""research lead\"", \""Corp. Example\""]\n```\n\nThis YAML object represents a person record with the provided details.""]"
sola-yaml-rescue,"StructuredOutputAdapter(output_mode=YAML, prompt_layout=SECTIONS, parse_config=ParseConfig())",case-0017,validation_error,ValidationError,0.9815330390119925,1,none,0,10,0.0,False,,address.city;address.postcode;address.street;age;contacts[0].email;contacts[0].phone;employment.company;employment.role;employment.years;name,,568,0,8,0.0,0,"[""```yaml\nrecord:\n  name*:\n    Edgard: Edgard\n  age*:\n    69\n  address*:\n    12 Baker St, Paris\n  employment*:\n    company*: Xerox PARC\n    role*: network designer\n    years*: 9\n  contacts*:\n    email*: edger.torvalds@corp.example\n    phone*: +1 (555) 555-5555\n  tags*:\n    - network\n    - designer\n    - Xerox PARC\n```""]"
sola-yaml-rescue,"StructuredOutputAdapter(output_mode=YAML, prompt_layout=SECTIONS, parse_config=ParseConfig())",case-0018,validation_error,ValidationError,0.9967274429509416,1,none,0,12,0.0,False,,address.city;address.postcode;address.street;age;contacts[0].email;contacts[0].phone;employment.company;employment.role;employment.years;name;tags[0];tags[1],,588,0,11,0.0,0,"[""```yaml\nrecord:\n  name*:\n    Alan Hopper\n  age*:\n    48\n  address*:\n    street: Infinite Loop\n    city: Paris\n  employment*:\n    company: Xerox PARC\n    role: Compiler Architect\n    years: 15\n  contacts*:\n    email: alan.hopper@corp.example\n    phone: +89 220 6315\n  tags:\n    - distributed-systems\n    - cryptography\n```\nThis YAML object represents a person record with the provided text.""]"
sola-yaml-rescue,"StructuredOutputAdapter(output_mode=YAML, prompt_layout=SECTIONS, parse_config=ParseConfig())",case-0019,validation_error,ValidationError,1.2657157159992494,1,none,0,13,0.0,False,,address.city;address.postcode;address.street;age;contacts[0].email;contacts[0].phone;employment.company;employment.role;employment.years;name;tags[0];tags[1];tags[2],,604,0,12,0.0,0,"[""```yaml\nrecord:\n  name*:\n    Ada Hopper\n  age*:\n    20\n  address*:\n    street: 5 Rue Lafayette\n    city: Princeton\n  employment*:\n    company: Analytical Engines Ltd\n    role: compiler architect\n    years: 14\n  contacts*:\n    email: ada.hopper@corp.example\n    phone: +1 555-123-4567\n  tags:\n    mathematics\n    compilers\n    cryptography\n```\n\nThis response adheres to the provided schema, extracting the necessary information from the input text and organizing it into a valid Python `PersonRecord` object.""]"
sola-yaml-rescue,"StructuredOutputAdapter(output_mode=YAML, prompt_layout=SECTIONS, parse_config=ParseConfig())",case-0020,validation_error,ValidationError,1.6942256490001455,1,none,0,8,0.0,False,,address.city;address.postcode;address.street;age;employment;name;tags[0];tags[1],,562,0,6,0.0,0,"[""```yaml\nrecord:\n  name*:\n    Alan\n  age*: 70\n  address*:\n    street: Nassau St\n    city: Paris\n  employment*:\n    company: Linux Foundation\n    role: Developer\n  years*: 50\n  contacts:\n  1. email: alan@linuxfoundation.org\n  2. phone: +33 1 23 45 67 89\n  tags:\n  - mathematics\n  - networking\n```\nThis response adheres to the provided schema, extracting the necessary information from the input text and structuring it into a valid Python `PersonRecord` object.""]"
sola-yaml-rescue,"StructuredOutputAdapter(output_mode=YAML, prompt_layout=SECTIONS, parse_config=ParseConfig())",case-0021,validation_error,ValidationError,1.15012436802499,1,none,0,13,0.0,False,,address.city;address.postcode;address.street;age;contacts[0].email;contacts[0].phone;contacts[1].email;contacts[1].phone;employment.company;employment.role;employment.years;name;tags[0],,581,0,11,0.0,0,"[""```yaml\nrecord:\n  name*:\n    Alan\n  age*:\n    47\n  address*:\n    street: Infinite Loop\n    city: Osaka\n  employment*:\n    company: Sun Micro\n    role: research lead\n    years: 17\n  contacts:\n    email: alan.dijkstra1@example.com\n    phone: +75 538 2134\n  tags:\n    cryptography\n```""]"
sola-yaml-rescue,"StructuredOutputAdapter(output_mode=YAML, prompt_layout=SECTIONS, parse_config=ParseConfig())",case-0022,parse_error,AdapterParseError,1.7690577580360696,1,none,0,8,0.0,False,,address.city;address.postcode;address.street;age;contacts[0].email;contacts[0].phone;employment;name,,619,0,7,0.0,0,"[""```yaml\nrecord:\n  name*:\n    Alan\n  age*:\n    88\n  address*:\n    Königsallee\n    city*: Osaka\n    postcode: NW1 6XE\n  employment*:\n    company*:\n      name*:\n        company*:\n          id: 1234567890\n      role*:\n        name*:\n          title: Manager\n      years*:\n        88\n  contacts*:\n    email*:\n      address*:\n        street: Königsallee\n        city: Osaka\n    phone:\n      number: +7 427 3934\n  tags:\n    - \""salary\""\n    - \""job_title\""\n```\n""]"
sola-yaml-rescue,"StructuredOutputAdapter(output_mode=YAML, prompt_layout=SECTIONS, parse_config=ParseConfig())",case-0023,validation_error,ValidationError,1.1895220120204613,1,none,0,15,0.0,False,,address.city;address.postcode;address.street;age;contacts[0].email;contacts[0].phone;contacts[1].email;contacts[1].phone;employment.company;employment.role;employment.years;name;tags[0];tags[1];tags[2],,610,0,14,0.0,0,"[""```yaml\nrecord:\n  name*:\n    Linus Hopper\n  age*:\n    25\n  address*:\n    street: Königsallee\n    city: Paris\n    postcode: 75009\n  employment:\n    company: Bell Labs\n    role: network designer\n    years: 1\n  contacts:\n    email: linus.hopper1@example.com\n    phone: +91 610 7901\n  tags:\n    cryptography\n    networking\n    mathematics\n```""]"
sola-yaml-rescue,"StructuredOutputAdapter(output_mode=YAML, prompt_layout=SECTIONS, parse_config=ParseConfig())",case-0024,validation_error,ValidationError,1.6141232330119237,1,none,0,10,0.0,False,,address.city;address.postcode;address.street;age;contacts[0].email;contacts[0].phone;employment.company;employment.role;employment.years;name,,625,0,10,0.0,0,"[""```yaml\nrecord:\n  name*:\n    name: Edsger Turing\n  age*:\n    age: 56\n  address*:\n    street: 5 Rue Lafayette\n    city: Osaka\n    postcode: 40212\n  employment*:\n    company: Analytical Engines Ltd\n    role: network designer\n    years: 15\n  contacts:\n    email: edsger.turing@example.com\n    phone: +22 603 8277\n  tags:\n    - network\n```\nThis response adheres to the specified schema, extracting the required fields from the input text and organizing them into a valid Python `PersonRecord` object.""]"
sola-yaml-rescue,"StructuredOutputAdapter(output_mode=YAML, prompt_layout=SECTIONS, parse_config=ParseConfig())",case-0025,validation_error,ValidationError,1.621471702994313,1,none,0,10,0.0,False,,address.city;address.postcode;address.street;age;contacts[0].email;contacts[0].phone;contacts[1].email;contacts[1].phone;employment;name,,653,0,8,0.0,0,"[""```yaml\nrecord:\n  name*:\n    name: Edsger Lovelace\n  age*:\n    age: 41\n  address*:\n    street: Königsallee\n    city: London\n    postcode: 40212\n  employment*:\n    company: Corp. Example\n    role: CTO\n    years: 50\n  contacts:\n    email: edsger.lovelace@post.example\n    phone: +16 689 4229\n  tags:\n    - \""role: CTO\""\n    - \""contact: edsger.lovelace@post.example\""\n    - \""contact: edsger.lovelace1@corp.example\""\n```\nThis YAML object represents the person record for Edsger Lovelace, as described in the input text.""]"
sola-yaml-rescue,"StructuredOutputAdapter(output_mode=YAML, prompt_layout=SECTIONS, parse_config=ParseConfig())",case-0026,validation_error,ValidationError,1.100544644985348,1,none,0,12,0.0,False,,address.city;address.postcode;address.street;age;contacts[0].email;contacts[0].phone;employment.company;employment.role;employment.years;name;tags[0];tags[1],,589,0,11,0.0,0,"[""```yaml\nrecord:\n  name*:\n    Katherine\n  age*:\n    21\n  address*:\n    12 Baker St, Kraków\n  employment*:\n    company*:\n      name*: Sun Micro\n      role*: research lead\n      years*: 21\n  contacts*:\n    email*:\n      string: katherine.johnson@post.example\n    phone*:\n      string: +38 (0)22 345 6789\n  tags*:\n    - networking\n    - cryptography\n```\n""]"
sola-yaml-rescue,"StructuredOutputAdapter(output_mode=YAML, prompt_layout=SECTIONS, parse_config=ParseConfig())",case-0027,validation_error,ValidationError,1.447414840979036,1,none,0,10,0.0,False,,address.city;address.postcode;address.street;age;employment.company;employment.role;employment.years;name;tags[0];tags[1],,606,0,9,0.0,0,"[""```yaml\nrecord:\n  name*:\n    name: Radia Torvalds\n  age*:\n    age: 49\n  address*:\n    street: Nassau St\n    city: Düsseldorf\n    postcode: 10014\n  employment*:\n    company: Bell Labs\n    role: Compiler Architect\n    years: 27\n  contacts*:\n    email: radia@torvalds.com\n    phone: +49 121 - 45 67 890\n  tags:\n    - networking\n    - cryptography\n```\n\nThis response adheres to the provided schema, extracting the necessary information from the input text and structuring it into a valid Python `PersonRecord` object.""]"
sola-yaml-rescue,"StructuredOutputAdapter(output_mode=YAML, prompt_layout=SECTIONS, parse_config=ParseConfig())",case-0028,validation_error,ValidationError,0.9395555210066959,1,none,0,9,0.0,False,,address.city;address.postcode;address.street;age;contacts[0].email;contacts[0].phone;employment;name;tags[0],,560,0,8,0.0,0,"[""```yaml\nrecord:\n  name*:\n    Grace Turing\n  age*:\n    42\n  address*:\n    street: Infinite Loop\n    city: Osaka\n  employment:\n    company: Test Corporation\n    role: Developer\n    years: 50\n  contacts:\n    email: grace.turing@mail.test\n    phone: +51 266 3147\n  tags:\n    - distributed-systems\n```\n""]"
sola-yaml-rescue,"StructuredOutputAdapter(output_mode=YAML, prompt_layout=SECTIONS, parse_config=ParseConfig())",case-0029,validation_error,ValidationError,1.201784723030869,1,none,0,11,0.0,False,,address.city;address.postcode;address.street;age;employment.company;employment.role;employment.years;name;tags[0];tags[1];tags[2],,590,0,11,0.0,0,"[""```yaml\nrecord:\n  name*:\n    name: Grace Liskov\n  age*:\n    age: 28\n  address*:\n    street: Königsallee\n    city: Cupertino\n    postcode: 95014\n  employment:\n    company: Analytical Engines Ltd\n    role: staff engineer\n    years: 4\n  contacts:\n    email: grace@liskov.com\n    phone: +1 (123) 456-7890\n  tags:\n    networking\n    cryptography\n    distributed-systems\n```\n""]"
