adapter,adapter_config,case_id,outcome,error_class,wall_s,lm_calls,response_format_sent,matched,total,ratio,exact,wrong,missing,spurious,total_tokens
chat,ChatAdapter(use_json_adapter_fallback=False),pii-0000,ok,,9.157223023999904,1,none,51,56,0.9107,False,AMOUNT;CREDITCARDISSUER;CURRENCY;PHONEIMEI;TIME,,,3036
chat,ChatAdapter(use_json_adapter_fallback=False),pii-0001,parse_error,AdapterParseError,1.9980633390005096,1,none,0,56,0.0,False,,ACCOUNTNAME;ACCOUNTNUMBER;AGE;AMOUNT;BIC;BITCOINADDRESS;BUILDINGNUMBER;CITY;COMPANYNAME;COUNTY;CREDITCARDCVV;CREDITCARDISSUER;CREDITCARDNUMBER;CURRENCY;CURRENCYCODE;CURRENCYNAME;CURRENCYSYMBOL;DATE;DOB;EMAIL;ETHEREUMADDRESS;EYECOLOR;FIRSTNAME;GENDER;HEIGHT;IBAN;IP;IPV4;IPV6;JOBAREA;JOBTITLE;JOBTYPE;LASTNAME;LITECOINADDRESS;MAC;MASKEDNUMBER;MIDDLENAME;NEARBYGPSCOORDINATE;ORDINALDIRECTION;PASSWORD;PHONEIMEI;PHONENUMBER;PIN;PREFIX;SECONDARYADDRESS;SEX;SSN;STATE;STREET;TIME;URL;USERAGENT;USERNAME;VEHICLEVIN;VEHICLEVRM;ZIPCODE,,2628
chat,ChatAdapter(use_json_adapter_fallback=False),pii-0002,ok,,3.3480429020000884,1,none,54,56,0.9643,False,PHONEIMEI;VEHICLEVIN,,,3029
chat,ChatAdapter(use_json_adapter_fallback=False),pii-0003,ok,,3.4076391810012865,1,none,52,56,0.9286,False,AMOUNT;COMPANYNAME;CREDITCARDNUMBER;CURRENCYCODE,,,3037
chat,ChatAdapter(use_json_adapter_fallback=False),pii-0004,parse_error,AdapterParseError,0.7046464690010907,1,none,0,56,0.0,False,,ACCOUNTNAME;ACCOUNTNUMBER;AGE;AMOUNT;BIC;BITCOINADDRESS;BUILDINGNUMBER;CITY;COMPANYNAME;COUNTY;CREDITCARDCVV;CREDITCARDISSUER;CREDITCARDNUMBER;CURRENCY;CURRENCYCODE;CURRENCYNAME;CURRENCYSYMBOL;DATE;DOB;EMAIL;ETHEREUMADDRESS;EYECOLOR;FIRSTNAME;GENDER;HEIGHT;IBAN;IP;IPV4;IPV6;JOBAREA;JOBTITLE;JOBTYPE;LASTNAME;LITECOINADDRESS;MAC;MASKEDNUMBER;MIDDLENAME;NEARBYGPSCOORDINATE;ORDINALDIRECTION;PASSWORD;PHONEIMEI;PHONENUMBER;PIN;PREFIX;SECONDARYADDRESS;SEX;SSN;STATE;STREET;TIME;URL;USERAGENT;USERNAME;VEHICLEVIN;VEHICLEVRM;ZIPCODE,,2279
chat,ChatAdapter(use_json_adapter_fallback=False),pii-0005,ok,,3.326440064000053,1,none,54,56,0.9643,False,IPV6;JOBTYPE,,,3024
chat,ChatAdapter(use_json_adapter_fallback=False),pii-0006,ok,,3.356488352001179,1,none,53,56,0.9464,False,CITY;FIRSTNAME;LASTNAME,,,2995
chat,ChatAdapter(use_json_adapter_fallback=False),pii-0007,ok,,1.1410843949997798,1,none,54,56,0.9643,False,IBAN;MASKEDNUMBER,,,2411
chat,ChatAdapter(use_json_adapter_fallback=False),pii-0008,ok,,3.3279635750004672,1,none,53,56,0.9464,False,AMOUNT;CURRENCYSYMBOL;FIRSTNAME,,,3003
chat,ChatAdapter(use_json_adapter_fallback=False),pii-0009,ok,,3.346806101000766,1,none,53,56,0.9464,False,CREDITCARDCVV;FIRSTNAME;MASKEDNUMBER,,,3009
chat,ChatAdapter(use_json_adapter_fallback=False),pii-0010,ok,,3.387001691999103,1,none,52,56,0.9286,False,FIRSTNAME;LASTNAME;MIDDLENAME;PHONEIMEI,,,3024
chat,ChatAdapter(use_json_adapter_fallback=False),pii-0011,parse_error,AdapterParseError,3.3540416100004222,1,none,0,56,0.0,False,,ACCOUNTNAME;ACCOUNTNUMBER;AGE;AMOUNT;BIC;BITCOINADDRESS;BUILDINGNUMBER;CITY;COMPANYNAME;COUNTY;CREDITCARDCVV;CREDITCARDISSUER;CREDITCARDNUMBER;CURRENCY;CURRENCYCODE;CURRENCYNAME;CURRENCYSYMBOL;DATE;DOB;EMAIL;ETHEREUMADDRESS;EYECOLOR;FIRSTNAME;GENDER;HEIGHT;IBAN;IP;IPV4;IPV6;JOBAREA;JOBTITLE;JOBTYPE;LASTNAME;LITECOINADDRESS;MAC;MASKEDNUMBER;MIDDLENAME;NEARBYGPSCOORDINATE;ORDINALDIRECTION;PASSWORD;PHONEIMEI;PHONENUMBER;PIN;PREFIX;SECONDARYADDRESS;SEX;SSN;STATE;STREET;TIME;URL;USERAGENT;USERNAME;VEHICLEVIN;VEHICLEVRM;ZIPCODE,,3049
chat,ChatAdapter(use_json_adapter_fallback=False),pii-0012,ok,,3.3299813289995654,1,none,54,56,0.9643,False,EYECOLOR;FIRSTNAME,,,2996
chat,ChatAdapter(use_json_adapter_fallback=False),pii-0013,ok,,3.4134874740011583,1,none,53,56,0.9464,False,JOBTITLE;MIDDLENAME;PREFIX,,,2997
chat,ChatAdapter(use_json_adapter_fallback=False),pii-0014,parse_error,AdapterParseError,0.547423340000023,1,none,0,56,0.0,False,,ACCOUNTNAME;ACCOUNTNUMBER;AGE;AMOUNT;BIC;BITCOINADDRESS;BUILDINGNUMBER;CITY;COMPANYNAME;COUNTY;CREDITCARDCVV;CREDITCARDISSUER;CREDITCARDNUMBER;CURRENCY;CURRENCYCODE;CURRENCYNAME;CURRENCYSYMBOL;DATE;DOB;EMAIL;ETHEREUMADDRESS;EYECOLOR;FIRSTNAME;GENDER;HEIGHT;IBAN;IP;IPV4;IPV6;JOBAREA;JOBTITLE;JOBTYPE;LASTNAME;LITECOINADDRESS;MAC;MASKEDNUMBER;MIDDLENAME;NEARBYGPSCOORDINATE;ORDINALDIRECTION;PASSWORD;PHONEIMEI;PHONENUMBER;PIN;PREFIX;SECONDARYADDRESS;SEX;SSN;STATE;STREET;TIME;URL;USERAGENT;USERNAME;VEHICLEVIN;VEHICLEVRM;ZIPCODE,,2236
chat,ChatAdapter(use_json_adapter_fallback=False),pii-0015,ok,,3.4129379599999083,1,none,54,56,0.9643,False,IPV6;USERAGENT,,,3096
chat,ChatAdapter(use_json_adapter_fallback=False),pii-0016,parse_error,AdapterParseError,0.7086664119997295,1,none,0,56,0.0,False,,ACCOUNTNAME;ACCOUNTNUMBER;AGE;AMOUNT;BIC;BITCOINADDRESS;BUILDINGNUMBER;CITY;COMPANYNAME;COUNTY;CREDITCARDCVV;CREDITCARDISSUER;CREDITCARDNUMBER;CURRENCY;CURRENCYCODE;CURRENCYNAME;CURRENCYSYMBOL;DATE;DOB;EMAIL;ETHEREUMADDRESS;EYECOLOR;FIRSTNAME;GENDER;HEIGHT;IBAN;IP;IPV4;IPV6;JOBAREA;JOBTITLE;JOBTYPE;LASTNAME;LITECOINADDRESS;MAC;MASKEDNUMBER;MIDDLENAME;NEARBYGPSCOORDINATE;ORDINALDIRECTION;PASSWORD;PHONEIMEI;PHONENUMBER;PIN;PREFIX;SECONDARYADDRESS;SEX;SSN;STATE;STREET;TIME;URL;USERAGENT;USERNAME;VEHICLEVIN;VEHICLEVRM;ZIPCODE,,2284
chat,ChatAdapter(use_json_adapter_fallback=False),pii-0017,ok,,3.362200016001225,1,none,52,56,0.9286,False,FIRSTNAME;IPV4;JOBTITLE;URL,,,3013
chat,ChatAdapter(use_json_adapter_fallback=False),pii-0018,ok,,3.422223028001099,1,none,54,56,0.9643,False,ETHEREUMADDRESS;ZIPCODE,,,3035
chat,ChatAdapter(use_json_adapter_fallback=False),pii-0019,parse_error,AdapterParseError,0.9665742890010733,1,none,0,56,0.0,False,,ACCOUNTNAME;ACCOUNTNUMBER;AGE;AMOUNT;BIC;BITCOINADDRESS;BUILDINGNUMBER;CITY;COMPANYNAME;COUNTY;CREDITCARDCVV;CREDITCARDISSUER;CREDITCARDNUMBER;CURRENCY;CURRENCYCODE;CURRENCYNAME;CURRENCYSYMBOL;DATE;DOB;EMAIL;ETHEREUMADDRESS;EYECOLOR;FIRSTNAME;GENDER;HEIGHT;IBAN;IP;IPV4;IPV6;JOBAREA;JOBTITLE;JOBTYPE;LASTNAME;LITECOINADDRESS;MAC;MASKEDNUMBER;MIDDLENAME;NEARBYGPSCOORDINATE;ORDINALDIRECTION;PASSWORD;PHONEIMEI;PHONENUMBER;PIN;PREFIX;SECONDARYADDRESS;SEX;SSN;STATE;STREET;TIME;URL;USERAGENT;USERNAME;VEHICLEVIN;VEHICLEVRM;ZIPCODE,,2401
chat,ChatAdapter(use_json_adapter_fallback=False),pii-0020,parse_error,AdapterParseError,0.5615033190006216,1,none,0,56,0.0,False,,ACCOUNTNAME;ACCOUNTNUMBER;AGE;AMOUNT;BIC;BITCOINADDRESS;BUILDINGNUMBER;CITY;COMPANYNAME;COUNTY;CREDITCARDCVV;CREDITCARDISSUER;CREDITCARDNUMBER;CURRENCY;CURRENCYCODE;CURRENCYNAME;CURRENCYSYMBOL;DATE;DOB;EMAIL;ETHEREUMADDRESS;EYECOLOR;FIRSTNAME;GENDER;HEIGHT;IBAN;IP;IPV4;IPV6;JOBAREA;JOBTITLE;JOBTYPE;LASTNAME;LITECOINADDRESS;MAC;MASKEDNUMBER;MIDDLENAME;NEARBYGPSCOORDINATE;ORDINALDIRECTION;PASSWORD;PHONEIMEI;PHONENUMBER;PIN;PREFIX;SECONDARYADDRESS;SEX;SSN;STATE;STREET;TIME;URL;USERAGENT;USERNAME;VEHICLEVIN;VEHICLEVRM;ZIPCODE,,2236
chat,ChatAdapter(use_json_adapter_fallback=False),pii-0021,ok,,1.1940456029988127,1,none,54,56,0.9643,False,DATE;EMAIL,,,2413
chat,ChatAdapter(use_json_adapter_fallback=False),pii-0022,ok,,3.3442571070008853,1,none,54,56,0.9643,False,NEARBYGPSCOORDINATE;ORDINALDIRECTION,,,3009
chat,ChatAdapter(use_json_adapter_fallback=False),pii-0023,parse_error,AdapterParseError,2.3308399069992447,1,none,0,56,0.0,False,,ACCOUNTNAME;ACCOUNTNUMBER;AGE;AMOUNT;BIC;BITCOINADDRESS;BUILDINGNUMBER;CITY;COMPANYNAME;COUNTY;CREDITCARDCVV;CREDITCARDISSUER;CREDITCARDNUMBER;CURRENCY;CURRENCYCODE;CURRENCYNAME;CURRENCYSYMBOL;DATE;DOB;EMAIL;ETHEREUMADDRESS;EYECOLOR;FIRSTNAME;GENDER;HEIGHT;IBAN;IP;IPV4;IPV6;JOBAREA;JOBTITLE;JOBTYPE;LASTNAME;LITECOINADDRESS;MAC;MASKEDNUMBER;MIDDLENAME;NEARBYGPSCOORDINATE;ORDINALDIRECTION;PASSWORD;PHONEIMEI;PHONENUMBER;PIN;PREFIX;SECONDARYADDRESS;SEX;SSN;STATE;STREET;TIME;URL;USERAGENT;USERNAME;VEHICLEVIN;VEHICLEVRM;ZIPCODE,,2772
chat,ChatAdapter(use_json_adapter_fallback=False),pii-0024,ok,,3.393822424000973,1,none,53,56,0.9464,False,ACCOUNTNAME;GENDER;JOBTYPE,,,2999
chat,ChatAdapter(use_json_adapter_fallback=False),pii-0025,ok,,3.3399156699997548,1,none,52,56,0.9286,False,AGE;GENDER;MAC;TIME,,,3028
chat,ChatAdapter(use_json_adapter_fallback=False),pii-0026,parse_error,AdapterParseError,0.7810447570009273,1,none,0,56,0.0,False,,ACCOUNTNAME;ACCOUNTNUMBER;AGE;AMOUNT;BIC;BITCOINADDRESS;BUILDINGNUMBER;CITY;COMPANYNAME;COUNTY;CREDITCARDCVV;CREDITCARDISSUER;CREDITCARDNUMBER;CURRENCY;CURRENCYCODE;CURRENCYNAME;CURRENCYSYMBOL;DATE;DOB;EMAIL;ETHEREUMADDRESS;EYECOLOR;FIRSTNAME;GENDER;HEIGHT;IBAN;IP;IPV4;IPV6;JOBAREA;JOBTITLE;JOBTYPE;LASTNAME;LITECOINADDRESS;MAC;MASKEDNUMBER;MIDDLENAME;NEARBYGPSCOORDINATE;ORDINALDIRECTION;PASSWORD;PHONEIMEI;PHONENUMBER;PIN;PREFIX;SECONDARYADDRESS;SEX;SSN;STATE;STREET;TIME;URL;USERAGENT;USERNAME;VEHICLEVIN;VEHICLEVRM;ZIPCODE,,2319
chat,ChatAdapter(use_json_adapter_fallback=False),pii-0027,parse_error,AdapterParseError,0.943141576999551,1,none,0,56,0.0,False,,ACCOUNTNAME;ACCOUNTNUMBER;AGE;AMOUNT;BIC;BITCOINADDRESS;BUILDINGNUMBER;CITY;COMPANYNAME;COUNTY;CREDITCARDCVV;CREDITCARDISSUER;CREDITCARDNUMBER;CURRENCY;CURRENCYCODE;CURRENCYNAME;CURRENCYSYMBOL;DATE;DOB;EMAIL;ETHEREUMADDRESS;EYECOLOR;FIRSTNAME;GENDER;HEIGHT;IBAN;IP;IPV4;IPV6;JOBAREA;JOBTITLE;JOBTYPE;LASTNAME;LITECOINADDRESS;MAC;MASKEDNUMBER;MIDDLENAME;NEARBYGPSCOORDINATE;ORDINALDIRECTION;PASSWORD;PHONEIMEI;PHONENUMBER;PIN;PREFIX;SECONDARYADDRESS;SEX;SSN;STATE;STREET;TIME;URL;USERAGENT;USERNAME;VEHICLEVIN;VEHICLEVRM;ZIPCODE,,2379
chat,ChatAdapter(use_json_adapter_fallback=False),pii-0028,ok,,3.309539305000726,1,none,52,56,0.9286,False,AMOUNT;CURRENCY;FIRSTNAME;IBAN,,,3018
chat,ChatAdapter(use_json_adapter_fallback=False),pii-0029,ok,,3.33418883000013,1,none,53,56,0.9464,False,DATE;ORDINALDIRECTION;PHONENUMBER,,,3024
json,JSONAdapter(),pii-0000,ok,,3.5752098209995893,1,json_object,51,56,0.9107,False,AMOUNT;CREDITCARDISSUER;CURRENCY;PHONEIMEI;TIME,,,3317
json,JSONAdapter(),pii-0001,ok,,3.4898669730009715,1,json_object,54,56,0.9643,False,PHONENUMBER;SSN,,,3302
json,JSONAdapter(),pii-0002,ok,,3.48969805500019,1,json_object,54,56,0.9643,False,PHONEIMEI;VEHICLEVIN,,,3310
json,JSONAdapter(),pii-0003,parse_error,AdapterParseError,3.436760733999108,1,json_object,0,56,0.0,False,,ACCOUNTNAME;ACCOUNTNUMBER;AGE;AMOUNT;BIC;BITCOINADDRESS;BUILDINGNUMBER;CITY;COMPANYNAME;COUNTY;CREDITCARDCVV;CREDITCARDISSUER;CREDITCARDNUMBER;CURRENCY;CURRENCYCODE;CURRENCYNAME;CURRENCYSYMBOL;DATE;DOB;EMAIL;ETHEREUMADDRESS;EYECOLOR;FIRSTNAME;GENDER;HEIGHT;IBAN;IP;IPV4;IPV6;JOBAREA;JOBTITLE;JOBTYPE;LASTNAME;LITECOINADDRESS;MAC;MASKEDNUMBER;MIDDLENAME;NEARBYGPSCOORDINATE;ORDINALDIRECTION;PASSWORD;PHONEIMEI;PHONENUMBER;PIN;PREFIX;SECONDARYADDRESS;SEX;SSN;STATE;STREET;TIME;URL;USERAGENT;USERNAME;VEHICLEVIN;VEHICLEVRM;ZIPCODE,,3318
json,JSONAdapter(),pii-0004,ok,,3.45398749999913,1,json_object,54,56,0.9643,False,FIRSTNAME;VEHICLEVIN,,,3287
json,JSONAdapter(),pii-0005,ok,,3.438573491999705,1,json_object,54,56,0.9643,False,IPV6;JOBTYPE,,,3305
json,JSONAdapter(),pii-0006,ok,,3.4932123539983877,1,json_object,53,56,0.9464,False,CITY;FIRSTNAME;LASTNAME,,,3276
json,JSONAdapter(),pii-0007,ok,,3.524077423999188,1,json_object,54,56,0.9643,False,IBAN;MASKEDNUMBER,,,3307
json,JSONAdapter(),pii-0008,ok,,3.509659252998972,1,json_object,53,56,0.9464,False,AMOUNT;CURRENCYSYMBOL;FIRSTNAME,,,3284
json,JSONAdapter(),pii-0009,ok,,3.4469525390013587,1,json_object,53,56,0.9464,False,CREDITCARDCVV;FIRSTNAME;MASKEDNUMBER,,,3290
json,JSONAdapter(),pii-0010,ok,,3.497147361000316,1,json_object,52,56,0.9286,False,FIRSTNAME;LASTNAME;MIDDLENAME;PHONEIMEI,,,3305
json,JSONAdapter(),pii-0011,ok,,3.525350718999107,1,json_object,52,56,0.9286,False,CREDITCARDISSUER;CREDITCARDNUMBER;VEHICLEVIN;VEHICLEVRM,,,3330
json,JSONAdapter(),pii-0012,ok,,3.5188652239994553,1,json_object,54,56,0.9643,False,EYECOLOR;FIRSTNAME,,,3277
json,JSONAdapter(),pii-0013,ok,,3.491721303000304,1,json_object,53,56,0.9464,False,JOBTITLE;MIDDLENAME;PREFIX,,,3278
json,JSONAdapter(),pii-0014,ok,,1.3490694280008029,1,json_object,53,56,0.9464,False,EMAIL;MIDDLENAME;PREFIX,,,2696
json,JSONAdapter(),pii-0015,ok,,3.512145671000326,1,json_object,54,56,0.9643,False,IPV6;USERAGENT,,,3377
json,JSONAdapter(),pii-0016,ok,,3.5031438329988305,1,json_object,54,56,0.9643,False,ACCOUNTNAME;IPV4,,,3290
json,JSONAdapter(),pii-0017,ok,,3.4800764529991284,1,json_object,52,56,0.9286,False,FIRSTNAME;IPV4;JOBTITLE;URL,,,3294
json,JSONAdapter(),pii-0018,ok,,3.5143088240001816,1,json_object,54,56,0.9643,False,ETHEREUMADDRESS;ZIPCODE,,,3316
json,JSONAdapter(),pii-0019,ok,,3.4496618379998836,1,json_object,53,56,0.9464,False,COUNTY;USERAGENT;USERNAME,,,3344
json,JSONAdapter(),pii-0020,ok,,3.4715260210014094,1,json_object,54,56,0.9643,False,AMOUNT;CURRENCY,,,3280
json,JSONAdapter(),pii-0021,ok,,3.349331229999734,1,json_object,54,56,0.9643,False,DATE;EMAIL,,,3282
json,JSONAdapter(),pii-0022,ok,,3.448745128000155,1,json_object,54,56,0.9643,False,NEARBYGPSCOORDINATE;ORDINALDIRECTION,,,3290
json,JSONAdapter(),pii-0023,ok,,3.357642095999836,1,json_object,54,56,0.9643,False,IPV4;USERNAME,,,3316
json,JSONAdapter(),pii-0024,ok,,3.4101643070007412,1,json_object,53,56,0.9464,False,ACCOUNTNAME;GENDER;JOBTYPE,,,3280
json,JSONAdapter(),pii-0025,ok,,3.474158922999777,1,json_object,52,56,0.9286,False,AGE;GENDER;MAC;TIME,,,3309
json,JSONAdapter(),pii-0026,ok,,3.438783116000195,1,json_object,53,56,0.9464,False,AGE;FIRSTNAME;IPV6,,,3313
json,JSONAdapter(),pii-0027,ok,,3.4424585569995543,1,json_object,52,56,0.9286,False,AMOUNT;CURRENCYCODE;IPV4;LASTNAME,,,3322
json,JSONAdapter(),pii-0028,ok,,3.4008701860002475,1,json_object,52,56,0.9286,False,AMOUNT;CURRENCY;FIRSTNAME;IBAN,,,3299
json,JSONAdapter(),pii-0029,ok,,3.464113932001055,1,json_object,53,56,0.9464,False,DATE;ORDINALDIRECTION;PHONENUMBER,,,3305
baml,BAMLAdapter(),pii-0000,validation_error,ValidationError,3.288443105000624,1,json_object,0,56,0.0,False,,ACCOUNTNAME;ACCOUNTNUMBER;AGE;AMOUNT;BIC;BITCOINADDRESS;BUILDINGNUMBER;CITY;COMPANYNAME;COUNTY;CREDITCARDCVV;CREDITCARDISSUER;CREDITCARDNUMBER;CURRENCY;CURRENCYCODE;CURRENCYNAME;CURRENCYSYMBOL;DATE;DOB;EMAIL;ETHEREUMADDRESS;EYECOLOR;FIRSTNAME;GENDER;HEIGHT;IBAN;IP;IPV4;IPV6;JOBAREA;JOBTITLE;JOBTYPE;LASTNAME;LITECOINADDRESS;MAC;MASKEDNUMBER;MIDDLENAME;NEARBYGPSCOORDINATE;ORDINALDIRECTION;PASSWORD;PHONEIMEI;PHONENUMBER;PIN;PREFIX;SECONDARYADDRESS;SEX;SSN;STATE;STREET;TIME;URL;USERAGENT;USERNAME;VEHICLEVIN;VEHICLEVRM;ZIPCODE,,1658
baml,BAMLAdapter(),pii-0001,validation_error,ValidationError,3.281670815000325,1,json_object,0,56,0.0,False,,ACCOUNTNAME;ACCOUNTNUMBER;AGE;AMOUNT;BIC;BITCOINADDRESS;BUILDINGNUMBER;CITY;COMPANYNAME;COUNTY;CREDITCARDCVV;CREDITCARDISSUER;CREDITCARDNUMBER;CURRENCY;CURRENCYCODE;CURRENCYNAME;CURRENCYSYMBOL;DATE;DOB;EMAIL;ETHEREUMADDRESS;EYECOLOR;FIRSTNAME;GENDER;HEIGHT;IBAN;IP;IPV4;IPV6;JOBAREA;JOBTITLE;JOBTYPE;LASTNAME;LITECOINADDRESS;MAC;MASKEDNUMBER;MIDDLENAME;NEARBYGPSCOORDINATE;ORDINALDIRECTION;PASSWORD;PHONEIMEI;PHONENUMBER;PIN;PREFIX;SECONDARYADDRESS;SEX;SSN;STATE;STREET;TIME;URL;USERAGENT;USERNAME;VEHICLEVIN;VEHICLEVRM;ZIPCODE,,1643
baml,BAMLAdapter(),pii-0002,validation_error,ValidationError,0.23491931299940916,1,json_object,0,56,0.0,False,,ACCOUNTNAME;ACCOUNTNUMBER;AGE;AMOUNT;BIC;BITCOINADDRESS;BUILDINGNUMBER;CITY;COMPANYNAME;COUNTY;CREDITCARDCVV;CREDITCARDISSUER;CREDITCARDNUMBER;CURRENCY;CURRENCYCODE;CURRENCYNAME;CURRENCYSYMBOL;DATE;DOB;EMAIL;ETHEREUMADDRESS;EYECOLOR;FIRSTNAME;GENDER;HEIGHT;IBAN;IP;IPV4;IPV6;JOBAREA;JOBTITLE;JOBTYPE;LASTNAME;LITECOINADDRESS;MAC;MASKEDNUMBER;MIDDLENAME;NEARBYGPSCOORDINATE;ORDINALDIRECTION;PASSWORD;PHONEIMEI;PHONENUMBER;PIN;PREFIX;SECONDARYADDRESS;SEX;SSN;STATE;STREET;TIME;URL;USERAGENT;USERNAME;VEHICLEVIN;VEHICLEVRM;ZIPCODE,,781
baml,BAMLAdapter(),pii-0003,validation_error,ValidationError,3.280235652000556,1,json_object,0,56,0.0,False,,ACCOUNTNAME;ACCOUNTNUMBER;AGE;AMOUNT;BIC;BITCOINADDRESS;BUILDINGNUMBER;CITY;COMPANYNAME;COUNTY;CREDITCARDCVV;CREDITCARDISSUER;CREDITCARDNUMBER;CURRENCY;CURRENCYCODE;CURRENCYNAME;CURRENCYSYMBOL;DATE;DOB;EMAIL;ETHEREUMADDRESS;EYECOLOR;FIRSTNAME;GENDER;HEIGHT;IBAN;IP;IPV4;IPV6;JOBAREA;JOBTITLE;JOBTYPE;LASTNAME;LITECOINADDRESS;MAC;MASKEDNUMBER;MIDDLENAME;NEARBYGPSCOORDINATE;ORDINALDIRECTION;PASSWORD;PHONEIMEI;PHONENUMBER;PIN;PREFIX;SECONDARYADDRESS;SEX;SSN;STATE;STREET;TIME;URL;USERAGENT;USERNAME;VEHICLEVIN;VEHICLEVRM;ZIPCODE,,1659
baml,BAMLAdapter(),pii-0004,validation_error,ValidationError,0.21884013899943966,1,json_object,0,56,0.0,False,,ACCOUNTNAME;ACCOUNTNUMBER;AGE;AMOUNT;BIC;BITCOINADDRESS;BUILDINGNUMBER;CITY;COMPANYNAME;COUNTY;CREDITCARDCVV;CREDITCARDISSUER;CREDITCARDNUMBER;CURRENCY;CURRENCYCODE;CURRENCYNAME;CURRENCYSYMBOL;DATE;DOB;EMAIL;ETHEREUMADDRESS;EYECOLOR;FIRSTNAME;GENDER;HEIGHT;IBAN;IP;IPV4;IPV6;JOBAREA;JOBTITLE;JOBTYPE;LASTNAME;LITECOINADDRESS;MAC;MASKEDNUMBER;MIDDLENAME;NEARBYGPSCOORDINATE;ORDINALDIRECTION;PASSWORD;PHONEIMEI;PHONENUMBER;PIN;PREFIX;SECONDARYADDRESS;SEX;SSN;STATE;STREET;TIME;URL;USERAGENT;USERNAME;VEHICLEVIN;VEHICLEVRM;ZIPCODE,,754
baml,BAMLAdapter(),pii-0005,validation_error,ValidationError,3.404740001000391,1,json_object,0,56,0.0,False,,ACCOUNTNAME;ACCOUNTNUMBER;AGE;AMOUNT;BIC;BITCOINADDRESS;BUILDINGNUMBER;CITY;COMPANYNAME;COUNTY;CREDITCARDCVV;CREDITCARDISSUER;CREDITCARDNUMBER;CURRENCY;CURRENCYCODE;CURRENCYNAME;CURRENCYSYMBOL;DATE;DOB;EMAIL;ETHEREUMADDRESS;EYECOLOR;FIRSTNAME;GENDER;HEIGHT;IBAN;IP;IPV4;IPV6;JOBAREA;JOBTITLE;JOBTYPE;LASTNAME;LITECOINADDRESS;MAC;MASKEDNUMBER;MIDDLENAME;NEARBYGPSCOORDINATE;ORDINALDIRECTION;PASSWORD;PHONEIMEI;PHONENUMBER;PIN;PREFIX;SECONDARYADDRESS;SEX;SSN;STATE;STREET;TIME;URL;USERAGENT;USERNAME;VEHICLEVIN;VEHICLEVRM;ZIPCODE,,1646
baml,BAMLAdapter(),pii-0006,validation_error,ValidationError,0.2307573609996325,1,json_object,0,56,0.0,False,,ACCOUNTNAME;ACCOUNTNUMBER;AGE;AMOUNT;BIC;BITCOINADDRESS;BUILDINGNUMBER;CITY;COMPANYNAME;COUNTY;CREDITCARDCVV;CREDITCARDISSUER;CREDITCARDNUMBER;CURRENCY;CURRENCYCODE;CURRENCYNAME;CURRENCYSYMBOL;DATE;DOB;EMAIL;ETHEREUMADDRESS;EYECOLOR;FIRSTNAME;GENDER;HEIGHT;IBAN;IP;IPV4;IPV6;JOBAREA;JOBTITLE;JOBTYPE;LASTNAME;LITECOINADDRESS;MAC;MASKEDNUMBER;MIDDLENAME;NEARBYGPSCOORDINATE;ORDINALDIRECTION;PASSWORD;PHONEIMEI;PHONENUMBER;PIN;PREFIX;SECONDARYADDRESS;SEX;SSN;STATE;STREET;TIME;URL;USERAGENT;USERNAME;VEHICLEVIN;VEHICLEVRM;ZIPCODE,,749
baml,BAMLAdapter(),pii-0007,validation_error,ValidationError,0.20738629900006345,1,json_object,0,56,0.0,False,,ACCOUNTNAME;ACCOUNTNUMBER;AGE;AMOUNT;BIC;BITCOINADDRESS;BUILDINGNUMBER;CITY;COMPANYNAME;COUNTY;CREDITCARDCVV;CREDITCARDISSUER;CREDITCARDNUMBER;CURRENCY;CURRENCYCODE;CURRENCYNAME;CURRENCYSYMBOL;DATE;DOB;EMAIL;ETHEREUMADDRESS;EYECOLOR;FIRSTNAME;GENDER;HEIGHT;IBAN;IP;IPV4;IPV6;JOBAREA;JOBTITLE;JOBTYPE;LASTNAME;LITECOINADDRESS;MAC;MASKEDNUMBER;MIDDLENAME;NEARBYGPSCOORDINATE;ORDINALDIRECTION;PASSWORD;PHONEIMEI;PHONENUMBER;PIN;PREFIX;SECONDARYADDRESS;SEX;SSN;STATE;STREET;TIME;URL;USERAGENT;USERNAME;VEHICLEVIN;VEHICLEVRM;ZIPCODE,,776
baml,BAMLAdapter(),pii-0008,validation_error,ValidationError,3.419002530999933,1,json_object,0,56,0.0,False,,ACCOUNTNAME;ACCOUNTNUMBER;AGE;AMOUNT;BIC;BITCOINADDRESS;BUILDINGNUMBER;CITY;COMPANYNAME;COUNTY;CREDITCARDCVV;CREDITCARDISSUER;CREDITCARDNUMBER;CURRENCY;CURRENCYCODE;CURRENCYNAME;CURRENCYSYMBOL;DATE;DOB;EMAIL;ETHEREUMADDRESS;EYECOLOR;FIRSTNAME;GENDER;HEIGHT;IBAN;IP;IPV4;IPV6;JOBAREA;JOBTITLE;JOBTYPE;LASTNAME;LITECOINADDRESS;MAC;MASKEDNUMBER;MIDDLENAME;NEARBYGPSCOORDINATE;ORDINALDIRECTION;PASSWORD;PHONEIMEI;PHONENUMBER;PIN;PREFIX;SECONDARYADDRESS;SEX;SSN;STATE;STREET;TIME;URL;USERAGENT;USERNAME;VEHICLEVIN;VEHICLEVRM;ZIPCODE,,1625
baml,BAMLAdapter(),pii-0009,validation_error,ValidationError,3.280401500998778,1,json_object,0,56,0.0,False,,ACCOUNTNAME;ACCOUNTNUMBER;AGE;AMOUNT;BIC;BITCOINADDRESS;BUILDINGNUMBER;CITY;COMPANYNAME;COUNTY;CREDITCARDCVV;CREDITCARDISSUER;CREDITCARDNUMBER;CURRENCY;CURRENCYCODE;CURRENCYNAME;CURRENCYSYMBOL;DATE;DOB;EMAIL;ETHEREUMADDRESS;EYECOLOR;FIRSTNAME;GENDER;HEIGHT;IBAN;IP;IPV4;IPV6;JOBAREA;JOBTITLE;JOBTYPE;LASTNAME;LITECOINADDRESS;MAC;MASKEDNUMBER;MIDDLENAME;NEARBYGPSCOORDINATE;ORDINALDIRECTION;PASSWORD;PHONEIMEI;PHONENUMBER;PIN;PREFIX;SECONDARYADDRESS;SEX;SSN;STATE;STREET;TIME;URL;USERAGENT;USERNAME;VEHICLEVIN;VEHICLEVRM;ZIPCODE,,1631
baml,BAMLAdapter(),pii-0010,validation_error,ValidationError,0.23129319899999246,1,json_object,0,56,0.0,False,,ACCOUNTNAME;ACCOUNTNUMBER;AGE;AMOUNT;BIC;BITCOINADDRESS;BUILDINGNUMBER;CITY;COMPANYNAME;COUNTY;CREDITCARDCVV;CREDITCARDISSUER;CREDITCARDNUMBER;CURRENCY;CURRENCYCODE;CURRENCYNAME;CURRENCYSYMBOL;DATE;DOB;EMAIL;ETHEREUMADDRESS;EYECOLOR;FIRSTNAME;GENDER;HEIGHT;IBAN;IP;IPV4;IPV6;JOBAREA;JOBTITLE;JOBTYPE;LASTNAME;LITECOINADDRESS;MAC;MASKEDNUMBER;MIDDLENAME;NEARBYGPSCOORDINATE;ORDINALDIRECTION;PASSWORD;PHONEIMEI;PHONENUMBER;PIN;PREFIX;SECONDARYADDRESS;SEX;SSN;STATE;STREET;TIME;URL;USERAGENT;USERNAME;VEHICLEVIN;VEHICLEVRM;ZIPCODE,,776
baml,BAMLAdapter(),pii-0011,validation_error,ValidationError,3.2824992329988163,1,json_object,0,56,0.0,False,,ACCOUNTNAME;ACCOUNTNUMBER;AGE;AMOUNT;BIC;BITCOINADDRESS;BUILDINGNUMBER;CITY;COMPANYNAME;COUNTY;CREDITCARDCVV;CREDITCARDISSUER;CREDITCARDNUMBER;CURRENCY;CURRENCYCODE;CURRENCYNAME;CURRENCYSYMBOL;DATE;DOB;EMAIL;ETHEREUMADDRESS;EYECOLOR;FIRSTNAME;GENDER;HEIGHT;IBAN;IP;IPV4;IPV6;JOBAREA;JOBTITLE;JOBTYPE;LASTNAME;LITECOINADDRESS;MAC;MASKEDNUMBER;MIDDLENAME;NEARBYGPSCOORDINATE;ORDINALDIRECTION;PASSWORD;PHONEIMEI;PHONENUMBER;PIN;PREFIX;SECONDARYADDRESS;SEX;SSN;STATE;STREET;TIME;URL;USERAGENT;USERNAME;VEHICLEVIN;VEHICLEVRM;ZIPCODE,,1671
baml,BAMLAdapter(),pii-0012,validation_error,ValidationError,2.8945603419997497,1,json_object,0,56,0.0,False,,ACCOUNTNAME;ACCOUNTNUMBER;AGE;AMOUNT;BIC;BITCOINADDRESS;BUILDINGNUMBER;CITY;COMPANYNAME;COUNTY;CREDITCARDCVV;CREDITCARDISSUER;CREDITCARDNUMBER;CURRENCY;CURRENCYCODE;CURRENCYNAME;CURRENCYSYMBOL;DATE;DOB;EMAIL;ETHEREUMADDRESS;EYECOLOR;FIRSTNAME;GENDER;HEIGHT;IBAN;IP;IPV4;IPV6;JOBAREA;JOBTITLE;JOBTYPE;LASTNAME;LITECOINADDRESS;MAC;MASKEDNUMBER;MIDDLENAME;NEARBYGPSCOORDINATE;ORDINALDIRECTION;PASSWORD;PHONEIMEI;PHONENUMBER;PIN;PREFIX;SECONDARYADDRESS;SEX;SSN;STATE;STREET;TIME;URL;USERAGENT;USERNAME;VEHICLEVIN;VEHICLEVRM;ZIPCODE,,1499
baml,BAMLAdapter(),pii-0013,validation_error,ValidationError,3.2293368440004997,1,json_object,0,56,0.0,False,,ACCOUNTNAME;ACCOUNTNUMBER;AGE;AMOUNT;BIC;BITCOINADDRESS;BUILDINGNUMBER;CITY;COMPANYNAME;COUNTY;CREDITCARDCVV;CREDITCARDISSUER;CREDITCARDNUMBER;CURRENCY;CURRENCYCODE;CURRENCYNAME;CURRENCYSYMBOL;DATE;DOB;EMAIL;ETHEREUMADDRESS;EYECOLOR;FIRSTNAME;GENDER;HEIGHT;IBAN;IP;IPV4;IPV6;JOBAREA;JOBTITLE;JOBTYPE;LASTNAME;LITECOINADDRESS;MAC;MASKEDNUMBER;MIDDLENAME;NEARBYGPSCOORDINATE;ORDINALDIRECTION;PASSWORD;PHONEIMEI;PHONENUMBER;PIN;PREFIX;SECONDARYADDRESS;SEX;SSN;STATE;STREET;TIME;URL;USERAGENT;USERNAME;VEHICLEVIN;VEHICLEVRM;ZIPCODE,,1619
baml,BAMLAdapter(),pii-0014,validation_error,ValidationError,3.366144457999326,1,json_object,0,56,0.0,False,,ACCOUNTNAME;ACCOUNTNUMBER;AGE;AMOUNT;BIC;BITCOINADDRESS;BUILDINGNUMBER;CITY;COMPANYNAME;COUNTY;CREDITCARDCVV;CREDITCARDISSUER;CREDITCARDNUMBER;CURRENCY;CURRENCYCODE;CURRENCYNAME;CURRENCYSYMBOL;DATE;DOB;EMAIL;ETHEREUMADDRESS;EYECOLOR;FIRSTNAME;GENDER;HEIGHT;IBAN;IP;IPV4;IPV6;JOBAREA;JOBTITLE;JOBTYPE;LASTNAME;LITECOINADDRESS;MAC;MASKEDNUMBER;MIDDLENAME;NEARBYGPSCOORDINATE;ORDINALDIRECTION;PASSWORD;PHONEIMEI;PHONENUMBER;PIN;PREFIX;SECONDARYADDRESS;SEX;SSN;STATE;STREET;TIME;URL;USERAGENT;USERNAME;VEHICLEVIN;VEHICLEVRM;ZIPCODE,,1628
baml,BAMLAdapter(),pii-0015,validation_error,ValidationError,3.298473462000402,1,json_object,0,56,0.0,False,,ACCOUNTNAME;ACCOUNTNUMBER;AGE;AMOUNT;BIC;BITCOINADDRESS;BUILDINGNUMBER;CITY;COMPANYNAME;COUNTY;CREDITCARDCVV;CREDITCARDISSUER;CREDITCARDNUMBER;CURRENCY;CURRENCYCODE;CURRENCYNAME;CURRENCYSYMBOL;DATE;DOB;EMAIL;ETHEREUMADDRESS;EYECOLOR;FIRSTNAME;GENDER;HEIGHT;IBAN;IP;IPV4;IPV6;JOBAREA;JOBTITLE;JOBTYPE;LASTNAME;LITECOINADDRESS;MAC;MASKEDNUMBER;MIDDLENAME;NEARBYGPSCOORDINATE;ORDINALDIRECTION;PASSWORD;PHONEIMEI;PHONENUMBER;PIN;PREFIX;SECONDARYADDRESS;SEX;SSN;STATE;STREET;TIME;URL;USERAGENT;USERNAME;VEHICLEVIN;VEHICLEVRM;ZIPCODE,,1718
baml,BAMLAdapter(),pii-0016,validation_error,ValidationError,0.222757568999441,1,json_object,0,56,0.0,False,,ACCOUNTNAME;ACCOUNTNUMBER;AGE;AMOUNT;BIC;BITCOINADDRESS;BUILDINGNUMBER;CITY;COMPANYNAME;COUNTY;CREDITCARDCVV;CREDITCARDISSUER;CREDITCARDNUMBER;CURRENCY;CURRENCYCODE;CURRENCYNAME;CURRENCYSYMBOL;DATE;DOB;EMAIL;ETHEREUMADDRESS;EYECOLOR;FIRSTNAME;GENDER;HEIGHT;IBAN;IP;IPV4;IPV6;JOBAREA;JOBTITLE;JOBTYPE;LASTNAME;LITECOINADDRESS;MAC;MASKEDNUMBER;MIDDLENAME;NEARBYGPSCOORDINATE;ORDINALDIRECTION;PASSWORD;PHONEIMEI;PHONENUMBER;PIN;PREFIX;SECONDARYADDRESS;SEX;SSN;STATE;STREET;TIME;URL;USERAGENT;USERNAME;VEHICLEVIN;VEHICLEVRM;ZIPCODE,,757
baml,BAMLAdapter(),pii-0017,validation_error,ValidationError,0.1339638659992488,1,json_object,0,56,0.0,False,,ACCOUNTNAME;ACCOUNTNUMBER;AGE;AMOUNT;BIC;BITCOINADDRESS;BUILDINGNUMBER;CITY;COMPANYNAME;COUNTY;CREDITCARDCVV;CREDITCARDISSUER;CREDITCARDNUMBER;CURRENCY;CURRENCYCODE;CURRENCYNAME;CURRENCYSYMBOL;DATE;DOB;EMAIL;ETHEREUMADDRESS;EYECOLOR;FIRSTNAME;GENDER;HEIGHT;IBAN;IP;IPV4;IPV6;JOBAREA;JOBTITLE;JOBTYPE;LASTNAME;LITECOINADDRESS;MAC;MASKEDNUMBER;MIDDLENAME;NEARBYGPSCOORDINATE;ORDINALDIRECTION;PASSWORD;PHONEIMEI;PHONENUMBER;PIN;PREFIX;SECONDARYADDRESS;SEX;SSN;STATE;STREET;TIME;URL;USERAGENT;USERNAME;VEHICLEVIN;VEHICLEVRM;ZIPCODE,,744
baml,BAMLAdapter(),pii-0018,validation_error,ValidationError,0.24396970299858367,1,json_object,0,56,0.0,False,,ACCOUNTNAME;ACCOUNTNUMBER;AGE;AMOUNT;BIC;BITCOINADDRESS;BUILDINGNUMBER;CITY;COMPANYNAME;COUNTY;CREDITCARDCVV;CREDITCARDISSUER;CREDITCARDNUMBER;CURRENCY;CURRENCYCODE;CURRENCYNAME;CURRENCYSYMBOL;DATE;DOB;EMAIL;ETHEREUMADDRESS;EYECOLOR;FIRSTNAME;GENDER;HEIGHT;IBAN;IP;IPV4;IPV6;JOBAREA;JOBTITLE;JOBTYPE;LASTNAME;LITECOINADDRESS;MAC;MASKEDNUMBER;MIDDLENAME;NEARBYGPSCOORDINATE;ORDINALDIRECTION;PASSWORD;PHONEIMEI;PHONENUMBER;PIN;PREFIX;SECONDARYADDRESS;SEX;SSN;STATE;STREET;TIME;URL;USERAGENT;USERNAME;VEHICLEVIN;VEHICLEVRM;ZIPCODE,,798
baml,BAMLAdapter(),pii-0019,validation_error,ValidationError,3.3809262699996907,1,json_object,0,56,0.0,False,,ACCOUNTNAME;ACCOUNTNUMBER;AGE;AMOUNT;BIC;BITCOINADDRESS;BUILDINGNUMBER;CITY;COMPANYNAME;COUNTY;CREDITCARDCVV;CREDITCARDISSUER;CREDITCARDNUMBER;CURRENCY;CURRENCYCODE;CURRENCYNAME;CURRENCYSYMBOL;DATE;DOB;EMAIL;ETHEREUMADDRESS;EYECOLOR;FIRSTNAME;GENDER;HEIGHT;IBAN;IP;IPV4;IPV6;JOBAREA;JOBTITLE;JOBTYPE;LASTNAME;LITECOINADDRESS;MAC;MASKEDNUMBER;MIDDLENAME;NEARBYGPSCOORDINATE;ORDINALDIRECTION;PASSWORD;PHONEIMEI;PHONENUMBER;PIN;PREFIX;SECONDARYADDRESS;SEX;SSN;STATE;STREET;TIME;URL;USERAGENT;USERNAME;VEHICLEVIN;VEHICLEVRM;ZIPCODE,,1685
baml,BAMLAdapter(),pii-0020,validation_error,ValidationError,3.6447659229997953,1,json_object,0,56,0.0,False,,ACCOUNTNAME;ACCOUNTNUMBER;AGE;AMOUNT;BIC;BITCOINADDRESS;BUILDINGNUMBER;CITY;COMPANYNAME;COUNTY;CREDITCARDCVV;CREDITCARDISSUER;CREDITCARDNUMBER;CURRENCY;CURRENCYCODE;CURRENCYNAME;CURRENCYSYMBOL;DATE;DOB;EMAIL;ETHEREUMADDRESS;EYECOLOR;FIRSTNAME;GENDER;HEIGHT;IBAN;IP;IPV4;IPV6;JOBAREA;JOBTITLE;JOBTYPE;LASTNAME;LITECOINADDRESS;MAC;MASKEDNUMBER;MIDDLENAME;NEARBYGPSCOORDINATE;ORDINALDIRECTION;PASSWORD;PHONEIMEI;PHONENUMBER;PIN;PREFIX;SECONDARYADDRESS;SEX;SSN;STATE;STREET;TIME;URL;USERAGENT;USERNAME;VEHICLEVIN;VEHICLEVRM;ZIPCODE,,1621
baml,BAMLAdapter(),pii-0021,validation_error,ValidationError,3.3838041269991663,1,json_object,0,56,0.0,False,,ACCOUNTNAME;ACCOUNTNUMBER;AGE;AMOUNT;BIC;BITCOINADDRESS;BUILDINGNUMBER;CITY;COMPANYNAME;COUNTY;CREDITCARDCVV;CREDITCARDISSUER;CREDITCARDNUMBER;CURRENCY;CURRENCYCODE;CURRENCYNAME;CURRENCYSYMBOL;DATE;DOB;EMAIL;ETHEREUMADDRESS;EYECOLOR;FIRSTNAME;GENDER;HEIGHT;IBAN;IP;IPV4;IPV6;JOBAREA;JOBTITLE;JOBTYPE;LASTNAME;LITECOINADDRESS;MAC;MASKEDNUMBER;MIDDLENAME;NEARBYGPSCOORDINATE;ORDINALDIRECTION;PASSWORD;PHONEIMEI;PHONENUMBER;PIN;PREFIX;SECONDARYADDRESS;SEX;SSN;STATE;STREET;TIME;URL;USERAGENT;USERNAME;VEHICLEVIN;VEHICLEVRM;ZIPCODE,,1623
baml,BAMLAdapter(),pii-0022,validation_error,ValidationError,3.596432016998733,1,json_object,0,56,0.0,False,,ACCOUNTNAME;ACCOUNTNUMBER;AGE;AMOUNT;BIC;BITCOINADDRESS;BUILDINGNUMBER;CITY;COMPANYNAME;COUNTY;CREDITCARDCVV;CREDITCARDISSUER;CREDITCARDNUMBER;CURRENCY;CURRENCYCODE;CURRENCYNAME;CURRENCYSYMBOL;DATE;DOB;EMAIL;ETHEREUMADDRESS;EYECOLOR;FIRSTNAME;GENDER;HEIGHT;IBAN;IP;IPV4;IPV6;JOBAREA;JOBTITLE;JOBTYPE;LASTNAME;LITECOINADDRESS;MAC;MASKEDNUMBER;MIDDLENAME;NEARBYGPSCOORDINATE;ORDINALDIRECTION;PASSWORD;PHONEIMEI;PHONENUMBER;PIN;PREFIX;SECONDARYADDRESS;SEX;SSN;STATE;STREET;TIME;URL;USERAGENT;USERNAME;VEHICLEVIN;VEHICLEVRM;ZIPCODE,,1631
baml,BAMLAdapter(),pii-0023,validation_error,ValidationError,0.22952133400031016,1,json_object,0,56,0.0,False,,ACCOUNTNAME;ACCOUNTNUMBER;AGE;AMOUNT;BIC;BITCOINADDRESS;BUILDINGNUMBER;CITY;COMPANYNAME;COUNTY;CREDITCARDCVV;CREDITCARDISSUER;CREDITCARDNUMBER;CURRENCY;CURRENCYCODE;CURRENCYNAME;CURRENCYSYMBOL;DATE;DOB;EMAIL;ETHEREUMADDRESS;EYECOLOR;FIRSTNAME;GENDER;HEIGHT;IBAN;IP;IPV4;IPV6;JOBAREA;JOBTITLE;JOBTYPE;LASTNAME;LITECOINADDRESS;MAC;MASKEDNUMBER;MIDDLENAME;NEARBYGPSCOORDINATE;ORDINALDIRECTION;PASSWORD;PHONEIMEI;PHONENUMBER;PIN;PREFIX;SECONDARYADDRESS;SEX;SSN;STATE;STREET;TIME;URL;USERAGENT;USERNAME;VEHICLEVIN;VEHICLEVRM;ZIPCODE,,784
baml,BAMLAdapter(),pii-0024,validation_error,ValidationError,2.0010718510002334,1,json_object,0,56,0.0,False,,ACCOUNTNAME;ACCOUNTNUMBER;AGE;AMOUNT;BIC;BITCOINADDRESS;BUILDINGNUMBER;CITY;COMPANYNAME;COUNTY;CREDITCARDCVV;CREDITCARDISSUER;CREDITCARDNUMBER;CURRENCY;CURRENCYCODE;CURRENCYNAME;CURRENCYSYMBOL;DATE;DOB;EMAIL;ETHEREUMADDRESS;EYECOLOR;FIRSTNAME;GENDER;HEIGHT;IBAN;IP;IPV4;IPV6;JOBAREA;JOBTITLE;JOBTYPE;LASTNAME;LITECOINADDRESS;MAC;MASKEDNUMBER;MIDDLENAME;NEARBYGPSCOORDINATE;ORDINALDIRECTION;PASSWORD;PHONEIMEI;PHONENUMBER;PIN;PREFIX;SECONDARYADDRESS;SEX;SSN;STATE;STREET;TIME;URL;USERAGENT;USERNAME;VEHICLEVIN;VEHICLEVRM;ZIPCODE,,961
baml,BAMLAdapter(),pii-0025,validation_error,ValidationError,0.20722390500122856,1,json_object,0,56,0.0,False,,ACCOUNTNAME;ACCOUNTNUMBER;AGE;AMOUNT;BIC;BITCOINADDRESS;BUILDINGNUMBER;CITY;COMPANYNAME;COUNTY;CREDITCARDCVV;CREDITCARDISSUER;CREDITCARDNUMBER;CURRENCY;CURRENCYCODE;CURRENCYNAME;CURRENCYSYMBOL;DATE;DOB;EMAIL;ETHEREUMADDRESS;EYECOLOR;FIRSTNAME;GENDER;HEIGHT;IBAN;IP;IPV4;IPV6;JOBAREA;JOBTITLE;JOBTYPE;LASTNAME;LITECOINADDRESS;MAC;MASKEDNUMBER;MIDDLENAME;NEARBYGPSCOORDINATE;ORDINALDIRECTION;PASSWORD;PHONEIMEI;PHONENUMBER;PIN;PREFIX;SECONDARYADDRESS;SEX;SSN;STATE;STREET;TIME;URL;USERAGENT;USERNAME;VEHICLEVIN;VEHICLEVRM;ZIPCODE,,772
baml,BAMLAdapter(),pii-0026,validation_error,ValidationError,0.26277371600008337,1,json_object,0,56,0.0,False,,ACCOUNTNAME;ACCOUNTNUMBER;AGE;AMOUNT;BIC;BITCOINADDRESS;BUILDINGNUMBER;CITY;COMPANYNAME;COUNTY;CREDITCARDCVV;CREDITCARDISSUER;CREDITCARDNUMBER;CURRENCY;CURRENCYCODE;CURRENCYNAME;CURRENCYSYMBOL;DATE;DOB;EMAIL;ETHEREUMADDRESS;EYECOLOR;FIRSTNAME;GENDER;HEIGHT;IBAN;IP;IPV4;IPV6;JOBAREA;JOBTITLE;JOBTYPE;LASTNAME;LITECOINADDRESS;MAC;MASKEDNUMBER;MIDDLENAME;NEARBYGPSCOORDINATE;ORDINALDIRECTION;PASSWORD;PHONEIMEI;PHONENUMBER;PIN;PREFIX;SECONDARYADDRESS;SEX;SSN;STATE;STREET;TIME;URL;USERAGENT;USERNAME;VEHICLEVIN;VEHICLEVRM;ZIPCODE,,786
baml,BAMLAdapter(),pii-0027,validation_error,ValidationError,3.3218617430011363,1,json_object,0,56,0.0,False,,ACCOUNTNAME;ACCOUNTNUMBER;AGE;AMOUNT;BIC;BITCOINADDRESS;BUILDINGNUMBER;CITY;COMPANYNAME;COUNTY;CREDITCARDCVV;CREDITCARDISSUER;CREDITCARDNUMBER;CURRENCY;CURRENCYCODE;CURRENCYNAME;CURRENCYSYMBOL;DATE;DOB;EMAIL;ETHEREUMADDRESS;EYECOLOR;FIRSTNAME;GENDER;HEIGHT;IBAN;IP;IPV4;IPV6;JOBAREA;JOBTITLE;JOBTYPE;LASTNAME;LITECOINADDRESS;MAC;MASKEDNUMBER;MIDDLENAME;NEARBYGPSCOORDINATE;ORDINALDIRECTION;PASSWORD;PHONEIMEI;PHONENUMBER;PIN;PREFIX;SECONDARYADDRESS;SEX;SSN;STATE;STREET;TIME;URL;USERAGENT;USERNAME;VEHICLEVIN;VEHICLEVRM;ZIPCODE,,1613
baml,BAMLAdapter(),pii-0028,validation_error,ValidationError,0.2298394459994597,1,json_object,0,56,0.0,False,,ACCOUNTNAME;ACCOUNTNUMBER;AGE;AMOUNT;BIC;BITCOINADDRESS;BUILDINGNUMBER;CITY;COMPANYNAME;COUNTY;CREDITCARDCVV;CREDITCARDISSUER;CREDITCARDNUMBER;CURRENCY;CURRENCYCODE;CURRENCYNAME;CURRENCYSYMBOL;DATE;DOB;EMAIL;ETHEREUMADDRESS;EYECOLOR;FIRSTNAME;GENDER;HEIGHT;IBAN;IP;IPV4;IPV6;JOBAREA;JOBTITLE;JOBTYPE;LASTNAME;LITECOINADDRESS;MAC;MASKEDNUMBER;MIDDLENAME;NEARBYGPSCOORDINATE;ORDINALDIRECTION;PASSWORD;PHONEIMEI;PHONENUMBER;PIN;PREFIX;SECONDARYADDRESS;SEX;SSN;STATE;STREET;TIME;URL;USERAGENT;USERNAME;VEHICLEVIN;VEHICLEVRM;ZIPCODE,,771
baml,BAMLAdapter(),pii-0029,validation_error,ValidationError,3.3737324899993837,1,json_object,0,56,0.0,False,,ACCOUNTNAME;ACCOUNTNUMBER;AGE;AMOUNT;BIC;BITCOINADDRESS;BUILDINGNUMBER;CITY;COMPANYNAME;COUNTY;CREDITCARDCVV;CREDITCARDISSUER;CREDITCARDNUMBER;CURRENCY;CURRENCYCODE;CURRENCYNAME;CURRENCYSYMBOL;DATE;DOB;EMAIL;ETHEREUMADDRESS;EYECOLOR;FIRSTNAME;GENDER;HEIGHT;IBAN;IP;IPV4;IPV6;JOBAREA;JOBTITLE;JOBTYPE;LASTNAME;LITECOINADDRESS;MAC;MASKEDNUMBER;MIDDLENAME;NEARBYGPSCOORDINATE;ORDINALDIRECTION;PASSWORD;PHONEIMEI;PHONENUMBER;PIN;PREFIX;SECONDARYADDRESS;SEX;SSN;STATE;STREET;TIME;URL;USERAGENT;USERNAME;VEHICLEVIN;VEHICLEVRM;ZIPCODE,,1646
sola-json-sections,"StructuredOutputAdapter(output_mode=JSON, prompt_layout=SECTIONS)",pii-0000,validation_error,ValidationError,0.6164218650010298,1,json_object,0,56,0.0,False,,ACCOUNTNAME;ACCOUNTNUMBER;AGE;AMOUNT;BIC;BITCOINADDRESS;BUILDINGNUMBER;CITY;COMPANYNAME;COUNTY;CREDITCARDCVV;CREDITCARDISSUER;CREDITCARDNUMBER;CURRENCY;CURRENCYCODE;CURRENCYNAME;CURRENCYSYMBOL;DATE;DOB;EMAIL;ETHEREUMADDRESS;EYECOLOR;FIRSTNAME;GENDER;HEIGHT;IBAN;IP;IPV4;IPV6;JOBAREA;JOBTITLE;JOBTYPE;LASTNAME;LITECOINADDRESS;MAC;MASKEDNUMBER;MIDDLENAME;NEARBYGPSCOORDINATE;ORDINALDIRECTION;PASSWORD;PHONEIMEI;PHONENUMBER;PIN;PREFIX;SECONDARYADDRESS;SEX;SSN;STATE;STREET;TIME;URL;USERAGENT;USERNAME;VEHICLEVIN;VEHICLEVRM;ZIPCODE,,2209
sola-json-sections,"StructuredOutputAdapter(output_mode=JSON, prompt_layout=SECTIONS)",pii-0001,validation_error,ValidationError,3.345988576000309,1,json_object,0,56,0.0,False,,ACCOUNTNAME;ACCOUNTNUMBER;AGE;AMOUNT;BIC;BITCOINADDRESS;BUILDINGNUMBER;CITY;COMPANYNAME;COUNTY;CREDITCARDCVV;CREDITCARDISSUER;CREDITCARDNUMBER;CURRENCY;CURRENCYCODE;CURRENCYNAME;CURRENCYSYMBOL;DATE;DOB;EMAIL;ETHEREUMADDRESS;EYECOLOR;FIRSTNAME;GENDER;HEIGHT;IBAN;IP;IPV4;IPV6;JOBAREA;JOBTITLE;JOBTYPE;LASTNAME;LITECOINADDRESS;MAC;MASKEDNUMBER;MIDDLENAME;NEARBYGPSCOORDINATE;ORDINALDIRECTION;PASSWORD;PHONEIMEI;PHONENUMBER;PIN;PREFIX;SECONDARYADDRESS;SEX;SSN;STATE;STREET;TIME;URL;USERAGENT;USERNAME;VEHICLEVIN;VEHICLEVRM;ZIPCODE,,2983
sola-json-sections,"StructuredOutputAdapter(output_mode=JSON, prompt_layout=SECTIONS)",pii-0002,validation_error,ValidationError,0.4436230129995238,1,json_object,0,56,0.0,False,,ACCOUNTNAME;ACCOUNTNUMBER;AGE;AMOUNT;BIC;BITCOINADDRESS;BUILDINGNUMBER;CITY;COMPANYNAME;COUNTY;CREDITCARDCVV;CREDITCARDISSUER;CREDITCARDNUMBER;CURRENCY;CURRENCYCODE;CURRENCYNAME;CURRENCYSYMBOL;DATE;DOB;EMAIL;ETHEREUMADDRESS;EYECOLOR;FIRSTNAME;GENDER;HEIGHT;IBAN;IP;IPV4;IPV6;JOBAREA;JOBTITLE;JOBTYPE;LASTNAME;LITECOINADDRESS;MAC;MASKEDNUMBER;MIDDLENAME;NEARBYGPSCOORDINATE;ORDINALDIRECTION;PASSWORD;PHONEIMEI;PHONENUMBER;PIN;PREFIX;SECONDARYADDRESS;SEX;SSN;STATE;STREET;TIME;URL;USERAGENT;USERNAME;VEHICLEVIN;VEHICLEVRM;ZIPCODE,,2179
sola-json-sections,"StructuredOutputAdapter(output_mode=JSON, prompt_layout=SECTIONS)",pii-0003,parse_error,AdapterParseError,0.5053475130007428,1,json_object,0,56,0.0,False,,ACCOUNTNAME;ACCOUNTNUMBER;AGE;AMOUNT;BIC;BITCOINADDRESS;BUILDINGNUMBER;CITY;COMPANYNAME;COUNTY;CREDITCARDCVV;CREDITCARDISSUER;CREDITCARDNUMBER;CURRENCY;CURRENCYCODE;CURRENCYNAME;CURRENCYSYMBOL;DATE;DOB;EMAIL;ETHEREUMADDRESS;EYECOLOR;FIRSTNAME;GENDER;HEIGHT;IBAN;IP;IPV4;IPV6;JOBAREA;JOBTITLE;JOBTYPE;LASTNAME;LITECOINADDRESS;MAC;MASKEDNUMBER;MIDDLENAME;NEARBYGPSCOORDINATE;ORDINALDIRECTION;PASSWORD;PHONEIMEI;PHONENUMBER;PIN;PREFIX;SECONDARYADDRESS;SEX;SSN;STATE;STREET;TIME;URL;USERAGENT;USERNAME;VEHICLEVIN;VEHICLEVRM;ZIPCODE,,2181
sola-json-sections,"StructuredOutputAdapter(output_mode=JSON, prompt_layout=SECTIONS)",pii-0004,parse_error,AdapterParseError,0.3149841069989634,1,json_object,0,56,0.0,False,,ACCOUNTNAME;ACCOUNTNUMBER;AGE;AMOUNT;BIC;BITCOINADDRESS;BUILDINGNUMBER;CITY;COMPANYNAME;COUNTY;CREDITCARDCVV;CREDITCARDISSUER;CREDITCARDNUMBER;CURRENCY;CURRENCYCODE;CURRENCYNAME;CURRENCYSYMBOL;DATE;DOB;EMAIL;ETHEREUMADDRESS;EYECOLOR;FIRSTNAME;GENDER;HEIGHT;IBAN;IP;IPV4;IPV6;JOBAREA;JOBTITLE;JOBTYPE;LASTNAME;LITECOINADDRESS;MAC;MASKEDNUMBER;MIDDLENAME;NEARBYGPSCOORDINATE;ORDINALDIRECTION;PASSWORD;PHONEIMEI;PHONENUMBER;PIN;PREFIX;SECONDARYADDRESS;SEX;SSN;STATE;STREET;TIME;URL;USERAGENT;USERNAME;VEHICLEVIN;VEHICLEVRM;ZIPCODE,,2139
sola-json-sections,"StructuredOutputAdapter(output_mode=JSON, prompt_layout=SECTIONS)",pii-0005,validation_error,ValidationError,0.4307153459994879,1,json_object,0,56,0.0,False,,ACCOUNTNAME;ACCOUNTNUMBER;AGE;AMOUNT;BIC;BITCOINADDRESS;BUILDINGNUMBER;CITY;COMPANYNAME;COUNTY;CREDITCARDCVV;CREDITCARDISSUER;CREDITCARDNUMBER;CURRENCY;CURRENCYCODE;CURRENCYNAME;CURRENCYSYMBOL;DATE;DOB;EMAIL;ETHEREUMADDRESS;EYECOLOR;FIRSTNAME;GENDER;HEIGHT;IBAN;IP;IPV4;IPV6;JOBAREA;JOBTITLE;JOBTYPE;LASTNAME;LITECOINADDRESS;MAC;MASKEDNUMBER;MIDDLENAME;NEARBYGPSCOORDINATE;ORDINALDIRECTION;PASSWORD;PHONEIMEI;PHONENUMBER;PIN;PREFIX;SECONDARYADDRESS;SEX;SSN;STATE;STREET;TIME;URL;USERAGENT;USERNAME;VEHICLEVIN;VEHICLEVRM;ZIPCODE,,2193
sola-json-sections,"StructuredOutputAdapter(output_mode=JSON, prompt_layout=SECTIONS)",pii-0006,parse_error,AdapterParseError,3.4100410969986115,1,json_object,0,56,0.0,False,,ACCOUNTNAME;ACCOUNTNUMBER;AGE;AMOUNT;BIC;BITCOINADDRESS;BUILDINGNUMBER;CITY;COMPANYNAME;COUNTY;CREDITCARDCVV;CREDITCARDISSUER;CREDITCARDNUMBER;CURRENCY;CURRENCYCODE;CURRENCYNAME;CURRENCYSYMBOL;DATE;DOB;EMAIL;ETHEREUMADDRESS;EYECOLOR;FIRSTNAME;GENDER;HEIGHT;IBAN;IP;IPV4;IPV6;JOBAREA;JOBTITLE;JOBTYPE;LASTNAME;LITECOINADDRESS;MAC;MASKEDNUMBER;MIDDLENAME;NEARBYGPSCOORDINATE;ORDINALDIRECTION;PASSWORD;PHONEIMEI;PHONENUMBER;PIN;PREFIX;SECONDARYADDRESS;SEX;SSN;STATE;STREET;TIME;URL;USERAGENT;USERNAME;VEHICLEVIN;VEHICLEVRM;ZIPCODE,,2984
sola-json-sections,"StructuredOutputAdapter(output_mode=JSON, prompt_layout=SECTIONS)",pii-0007,validation_error,ValidationError,3.428122119999898,1,json_object,0,56,0.0,False,,ACCOUNTNAME;ACCOUNTNUMBER;AGE;AMOUNT;BIC;BITCOINADDRESS;BUILDINGNUMBER;CITY;COMPANYNAME;COUNTY;CREDITCARDCVV;CREDITCARDISSUER;CREDITCARDNUMBER;CURRENCY;CURRENCYCODE;CURRENCYNAME;CURRENCYSYMBOL;DATE;DOB;EMAIL;ETHEREUMADDRESS;EYECOLOR;FIRSTNAME;GENDER;HEIGHT;IBAN;IP;IPV4;IPV6;JOBAREA;JOBTITLE;JOBTYPE;LASTNAME;LITECOINADDRESS;MAC;MASKEDNUMBER;MIDDLENAME;NEARBYGPSCOORDINATE;ORDINALDIRECTION;PASSWORD;PHONEIMEI;PHONENUMBER;PIN;PREFIX;SECONDARYADDRESS;SEX;SSN;STATE;STREET;TIME;URL;USERAGENT;USERNAME;VEHICLEVIN;VEHICLEVRM;ZIPCODE,,3015
sola-json-sections,"StructuredOutputAdapter(output_mode=JSON, prompt_layout=SECTIONS)",pii-0008,validation_error,ValidationError,3.462608560999797,1,json_object,0,56,0.0,False,,ACCOUNTNAME;ACCOUNTNUMBER;AGE;AMOUNT;BIC;BITCOINADDRESS;BUILDINGNUMBER;CITY;COMPANYNAME;COUNTY;CREDITCARDCVV;CREDITCARDISSUER;CREDITCARDNUMBER;CURRENCY;CURRENCYCODE;CURRENCYNAME;CURRENCYSYMBOL;DATE;DOB;EMAIL;ETHEREUMADDRESS;EYECOLOR;FIRSTNAME;GENDER;HEIGHT;IBAN;IP;IPV4;IPV6;JOBAREA;JOBTITLE;JOBTYPE;LASTNAME;LITECOINADDRESS;MAC;MASKEDNUMBER;MIDDLENAME;NEARBYGPSCOORDINATE;ORDINALDIRECTION;PASSWORD;PHONEIMEI;PHONENUMBER;PIN;PREFIX;SECONDARYADDRESS;SEX;SSN;STATE;STREET;TIME;URL;USERAGENT;USERNAME;VEHICLEVIN;VEHICLEVRM;ZIPCODE,,2992
sola-json-sections,"StructuredOutputAdapter(output_mode=JSON, prompt_layout=SECTIONS)",pii-0009,validation_error,ValidationError,3.420652185999643,1,json_object,0,56,0.0,False,,ACCOUNTNAME;ACCOUNTNUMBER;AGE;AMOUNT;BIC;BITCOINADDRESS;BUILDINGNUMBER;CITY;COMPANYNAME;COUNTY;CREDITCARDCVV;CREDITCARDISSUER;CREDITCARDNUMBER;CURRENCY;CURRENCYCODE;CURRENCYNAME;CURRENCYSYMBOL;DATE;DOB;EMAIL;ETHEREUMADDRESS;EYECOLOR;FIRSTNAME;GENDER;HEIGHT;IBAN;IP;IPV4;IPV6;JOBAREA;JOBTITLE;JOBTYPE;LASTNAME;LITECOINADDRESS;MAC;MASKEDNUMBER;MIDDLENAME;NEARBYGPSCOORDINATE;ORDINALDIRECTION;PASSWORD;PHONEIMEI;PHONENUMBER;PIN;PREFIX;SECONDARYADDRESS;SEX;SSN;STATE;STREET;TIME;URL;USERAGENT;USERNAME;VEHICLEVIN;VEHICLEVRM;ZIPCODE,,2998
sola-json-sections,"StructuredOutputAdapter(output_mode=JSON, prompt_layout=SECTIONS)",pii-0010,validation_error,ValidationError,0.2647856359999423,1,json_object,0,56,0.0,False,,ACCOUNTNAME;ACCOUNTNUMBER;AGE;AMOUNT;BIC;BITCOINADDRESS;BUILDINGNUMBER;CITY;COMPANYNAME;COUNTY;CREDITCARDCVV;CREDITCARDISSUER;CREDITCARDNUMBER;CURRENCY;CURRENCYCODE;CURRENCYNAME;CURRENCYSYMBOL;DATE;DOB;EMAIL;ETHEREUMADDRESS;EYECOLOR;FIRSTNAME;GENDER;HEIGHT;IBAN;IP;IPV4;IPV6;JOBAREA;JOBTITLE;JOBTYPE;LASTNAME;LITECOINADDRESS;MAC;MASKEDNUMBER;MIDDLENAME;NEARBYGPSCOORDINATE;ORDINALDIRECTION;PASSWORD;PHONEIMEI;PHONENUMBER;PIN;PREFIX;SECONDARYADDRESS;SEX;SSN;STATE;STREET;TIME;URL;USERAGENT;USERNAME;VEHICLEVIN;VEHICLEVRM;ZIPCODE,,2143
sola-json-sections,"StructuredOutputAdapter(output_mode=JSON, prompt_layout=SECTIONS)",pii-0011,validation_error,ValidationError,3.444370101999084,1,json_object,0,56,0.0,False,,ACCOUNTNAME;ACCOUNTNUMBER;AGE;AMOUNT;BIC;BITCOINADDRESS;BUILDINGNUMBER;CITY;COMPANYNAME;COUNTY;CREDITCARDCVV;CREDITCARDISSUER;CREDITCARDNUMBER;CURRENCY;CURRENCYCODE;CURRENCYNAME;CURRENCYSYMBOL;DATE;DOB;EMAIL;ETHEREUMADDRESS;EYECOLOR;FIRSTNAME;GENDER;HEIGHT;IBAN;IP;IPV4;IPV6;JOBAREA;JOBTITLE;JOBTYPE;LASTNAME;LITECOINADDRESS;MAC;MASKEDNUMBER;MIDDLENAME;NEARBYGPSCOORDINATE;ORDINALDIRECTION;PASSWORD;PHONEIMEI;PHONENUMBER;PIN;PREFIX;SECONDARYADDRESS;SEX;SSN;STATE;STREET;TIME;URL;USERAGENT;USERNAME;VEHICLEVIN;VEHICLEVRM;ZIPCODE,,3001
sola-json-sections,"StructuredOutputAdapter(output_mode=JSON, prompt_layout=SECTIONS)",pii-0012,validation_error,ValidationError,3.073370934000195,1,json_object,0,56,0.0,False,,ACCOUNTNAME;ACCOUNTNUMBER;AGE;AMOUNT;BIC;BITCOINADDRESS;BUILDINGNUMBER;CITY;COMPANYNAME;COUNTY;CREDITCARDCVV;CREDITCARDISSUER;CREDITCARDNUMBER;CURRENCY;CURRENCYCODE;CURRENCYNAME;CURRENCYSYMBOL;DATE;DOB;EMAIL;ETHEREUMADDRESS;EYECOLOR;FIRSTNAME;GENDER;HEIGHT;IBAN;IP;IPV4;IPV6;JOBAREA;JOBTITLE;JOBTYPE;LASTNAME;LITECOINADDRESS;MAC;MASKEDNUMBER;MIDDLENAME;NEARBYGPSCOORDINATE;ORDINALDIRECTION;PASSWORD;PHONEIMEI;PHONENUMBER;PIN;PREFIX;SECONDARYADDRESS;SEX;SSN;STATE;STREET;TIME;URL;USERAGENT;USERNAME;VEHICLEVIN;VEHICLEVRM;ZIPCODE,,2883
sola-json-sections,"StructuredOutputAdapter(output_mode=JSON, prompt_layout=SECTIONS)",pii-0013,validation_error,ValidationError,0.41893451800024195,1,json_object,0,56,0.0,False,,ACCOUNTNAME;ACCOUNTNUMBER;AGE;AMOUNT;BIC;BITCOINADDRESS;BUILDINGNUMBER;CITY;COMPANYNAME;COUNTY;CREDITCARDCVV;CREDITCARDISSUER;CREDITCARDNUMBER;CURRENCY;CURRENCYCODE;CURRENCYNAME;CURRENCYSYMBOL;DATE;DOB;EMAIL;ETHEREUMADDRESS;EYECOLOR;FIRSTNAME;GENDER;HEIGHT;IBAN;IP;IPV4;IPV6;JOBAREA;JOBTITLE;JOBTYPE;LASTNAME;LITECOINADDRESS;MAC;MASKEDNUMBER;MIDDLENAME;NEARBYGPSCOORDINATE;ORDINALDIRECTION;PASSWORD;PHONEIMEI;PHONENUMBER;PIN;PREFIX;SECONDARYADDRESS;SEX;SSN;STATE;STREET;TIME;URL;USERAGENT;USERNAME;VEHICLEVIN;VEHICLEVRM;ZIPCODE,,2151
sola-json-sections,"StructuredOutputAdapter(output_mode=JSON, prompt_layout=SECTIONS)",pii-0014,validation_error,ValidationError,2.374881801999436,1,json_object,0,56,0.0,False,,ACCOUNTNAME;ACCOUNTNUMBER;AGE;AMOUNT;BIC;BITCOINADDRESS;BUILDINGNUMBER;CITY;COMPANYNAME;COUNTY;CREDITCARDCVV;CREDITCARDISSUER;CREDITCARDNUMBER;CURRENCY;CURRENCYCODE;CURRENCYNAME;CURRENCYSYMBOL;DATE;DOB;EMAIL;ETHEREUMADDRESS;EYECOLOR;FIRSTNAME;GENDER;HEIGHT;IBAN;IP;IPV4;IPV6;JOBAREA;JOBTITLE;JOBTYPE;LASTNAME;LITECOINADDRESS;MAC;MASKEDNUMBER;MIDDLENAME;NEARBYGPSCOORDINATE;ORDINALDIRECTION;PASSWORD;PHONEIMEI;PHONENUMBER;PIN;PREFIX;SECONDARYADDRESS;SEX;SSN;STATE;STREET;TIME;URL;USERAGENT;USERNAME;VEHICLEVIN;VEHICLEVRM;ZIPCODE,,2688
sola-json-sections,"StructuredOutputAdapter(output_mode=JSON, prompt_layout=SECTIONS)",pii-0015,parse_error,AdapterParseError,3.593758727000022,1,json_object,0,56,0.0,False,,ACCOUNTNAME;ACCOUNTNUMBER;AGE;AMOUNT;BIC;BITCOINADDRESS;BUILDINGNUMBER;CITY;COMPANYNAME;COUNTY;CREDITCARDCVV;CREDITCARDISSUER;CREDITCARDNUMBER;CURRENCY;CURRENCYCODE;CURRENCYNAME;CURRENCYSYMBOL;DATE;DOB;EMAIL;ETHEREUMADDRESS;EYECOLOR;FIRSTNAME;GENDER;HEIGHT;IBAN;IP;IPV4;IPV6;JOBAREA;JOBTITLE;JOBTYPE;LASTNAME;LITECOINADDRESS;MAC;MASKEDNUMBER;MIDDLENAME;NEARBYGPSCOORDINATE;ORDINALDIRECTION;PASSWORD;PHONEIMEI;PHONENUMBER;PIN;PREFIX;SECONDARYADDRESS;SEX;SSN;STATE;STREET;TIME;URL;USERAGENT;USERNAME;VEHICLEVIN;VEHICLEVRM;ZIPCODE,,3085
sola-json-sections,"StructuredOutputAdapter(output_mode=JSON, prompt_layout=SECTIONS)",pii-0016,validation_error,ValidationError,1.7781870110011369,1,json_object,0,56,0.0,False,,ACCOUNTNAME;ACCOUNTNUMBER;AGE;AMOUNT;BIC;BITCOINADDRESS;BUILDINGNUMBER;CITY;COMPANYNAME;COUNTY;CREDITCARDCVV;CREDITCARDISSUER;CREDITCARDNUMBER;CURRENCY;CURRENCYCODE;CURRENCYNAME;CURRENCYSYMBOL;DATE;DOB;EMAIL;ETHEREUMADDRESS;EYECOLOR;FIRSTNAME;GENDER;HEIGHT;IBAN;IP;IPV4;IPV6;JOBAREA;JOBTITLE;JOBTYPE;LASTNAME;LITECOINADDRESS;MAC;MASKEDNUMBER;MIDDLENAME;NEARBYGPSCOORDINATE;ORDINALDIRECTION;PASSWORD;PHONEIMEI;PHONENUMBER;PIN;PREFIX;SECONDARYADDRESS;SEX;SSN;STATE;STREET;TIME;URL;USERAGENT;USERNAME;VEHICLEVIN;VEHICLEVRM;ZIPCODE,,2525
sola-json-sections,"StructuredOutputAdapter(output_mode=JSON, prompt_layout=SECTIONS)",pii-0017,parse_error,AdapterParseError,0.3391683509998984,1,json_object,0,56,0.0,False,,ACCOUNTNAME;ACCOUNTNUMBER;AGE;AMOUNT;BIC;BITCOINADDRESS;BUILDINGNUMBER;CITY;COMPANYNAME;COUNTY;CREDITCARDCVV;CREDITCARDISSUER;CREDITCARDNUMBER;CURRENCY;CURRENCYCODE;CURRENCYNAME;CURRENCYSYMBOL;DATE;DOB;EMAIL;ETHEREUMADDRESS;EYECOLOR;FIRSTNAME;GENDER;HEIGHT;IBAN;IP;IPV4;IPV6;JOBAREA;JOBTITLE;JOBTYPE;LASTNAME;LITECOINADDRESS;MAC;MASKEDNUMBER;MIDDLENAME;NEARBYGPSCOORDINATE;ORDINALDIRECTION;PASSWORD;PHONEIMEI;PHONENUMBER;PIN;PREFIX;SECONDARYADDRESS;SEX;SSN;STATE;STREET;TIME;URL;USERAGENT;USERNAME;VEHICLEVIN;VEHICLEVRM;ZIPCODE,,2152
sola-json-sections,"StructuredOutputAdapter(output_mode=JSON, prompt_layout=SECTIONS)",pii-0018,parse_error,AdapterParseError,0.4349918410007376,1,json_object,0,56,0.0,False,,ACCOUNTNAME;ACCOUNTNUMBER;AGE;AMOUNT;BIC;BITCOINADDRESS;BUILDINGNUMBER;CITY;COMPANYNAME;COUNTY;CREDITCARDCVV;CREDITCARDISSUER;CREDITCARDNUMBER;CURRENCY;CURRENCYCODE;CURRENCYNAME;CURRENCYSYMBOL;DATE;DOB;EMAIL;ETHEREUMADDRESS;EYECOLOR;FIRSTNAME;GENDER;HEIGHT;IBAN;IP;IPV4;IPV6;JOBAREA;JOBTITLE;JOBTYPE;LASTNAME;LITECOINADDRESS;MAC;MASKEDNUMBER;MIDDLENAME;NEARBYGPSCOORDINATE;ORDINALDIRECTION;PASSWORD;PHONEIMEI;PHONENUMBER;PIN;PREFIX;SECONDARYADDRESS;SEX;SSN;STATE;STREET;TIME;URL;USERAGENT;USERNAME;VEHICLEVIN;VEHICLEVRM;ZIPCODE,,2197
sola-json-sections,"StructuredOutputAdapter(output_mode=JSON, prompt_layout=SECTIONS)",pii-0019,parse_error,AdapterParseError,0.5275473090005107,1,json_object,0,56,0.0,False,,ACCOUNTNAME;ACCOUNTNUMBER;AGE;AMOUNT;BIC;BITCOINADDRESS;BUILDINGNUMBER;CITY;COMPANYNAME;COUNTY;CREDITCARDCVV;CREDITCARDISSUER;CREDITCARDNUMBER;CURRENCY;CURRENCYCODE;CURRENCYNAME;CURRENCYSYMBOL;DATE;DOB;EMAIL;ETHEREUMADDRESS;EYECOLOR;FIRSTNAME;GENDER;HEIGHT;IBAN;IP;IPV4;IPV6;JOBAREA;JOBTITLE;JOBTYPE;LASTNAME;LITECOINADDRESS;MAC;MASKEDNUMBER;MIDDLENAME;NEARBYGPSCOORDINATE;ORDINALDIRECTION;PASSWORD;PHONEIMEI;PHONENUMBER;PIN;PREFIX;SECONDARYADDRESS;SEX;SSN;STATE;STREET;TIME;URL;USERAGENT;USERNAME;VEHICLEVIN;VEHICLEVRM;ZIPCODE,,2253
sola-json-sections,"StructuredOutputAdapter(output_mode=JSON, prompt_layout=SECTIONS)",pii-0020,parse_error,AdapterParseError,0.25661879800099996,1,json_object,0,56,0.0,False,,ACCOUNTNAME;ACCOUNTNUMBER;AGE;AMOUNT;BIC;BITCOINADDRESS;BUILDINGNUMBER;CITY;COMPANYNAME;COUNTY;CREDITCARDCVV;CREDITCARDISSUER;CREDITCARDNUMBER;CURRENCY;CURRENCYCODE;CURRENCYNAME;CURRENCYSYMBOL;DATE;DOB;EMAIL;ETHEREUMADDRESS;EYECOLOR;FIRSTNAME;GENDER;HEIGHT;IBAN;IP;IPV4;IPV6;JOBAREA;JOBTITLE;JOBTYPE;LASTNAME;LITECOINADDRESS;MAC;MASKEDNUMBER;MIDDLENAME;NEARBYGPSCOORDINATE;ORDINALDIRECTION;PASSWORD;PHONEIMEI;PHONENUMBER;PIN;PREFIX;SECONDARYADDRESS;SEX;SSN;STATE;STREET;TIME;URL;USERAGENT;USERNAME;VEHICLEVIN;VEHICLEVRM;ZIPCODE,,2116
sola-json-sections,"StructuredOutputAdapter(output_mode=JSON, prompt_layout=SECTIONS)",pii-0021,validation_error,ValidationError,3.414319905999946,1,json_object,0,56,0.0,False,,ACCOUNTNAME;ACCOUNTNUMBER;AGE;AMOUNT;BIC;BITCOINADDRESS;BUILDINGNUMBER;CITY;COMPANYNAME;COUNTY;CREDITCARDCVV;CREDITCARDISSUER;CREDITCARDNUMBER;CURRENCY;CURRENCYCODE;CURRENCYNAME;CURRENCYSYMBOL;DATE;DOB;EMAIL;ETHEREUMADDRESS;EYECOLOR;FIRSTNAME;GENDER;HEIGHT;IBAN;IP;IPV4;IPV6;JOBAREA;JOBTITLE;JOBTYPE;LASTNAME;LITECOINADDRESS;MAC;MASKEDNUMBER;MIDDLENAME;NEARBYGPSCOORDINATE;ORDINALDIRECTION;PASSWORD;PHONEIMEI;PHONENUMBER;PIN;PREFIX;SECONDARYADDRESS;SEX;SSN;STATE;STREET;TIME;URL;USERAGENT;USERNAME;VEHICLEVIN;VEHICLEVRM;ZIPCODE,,2990
sola-json-sections,"StructuredOutputAdapter(output_mode=JSON, prompt_layout=SECTIONS)",pii-0022,parse_error,AdapterParseError,3.625627175999398,1,json_object,0,56,0.0,False,,ACCOUNTNAME;ACCOUNTNUMBER;AGE;AMOUNT;BIC;BITCOINADDRESS;BUILDINGNUMBER;CITY;COMPANYNAME;COUNTY;CREDITCARDCVV;CREDITCARDISSUER;CREDITCARDNUMBER;CURRENCY;CURRENCYCODE;CURRENCYNAME;CURRENCYSYMBOL;DATE;DOB;EMAIL;ETHEREUMADDRESS;EYECOLOR;FIRSTNAME;GENDER;HEIGHT;IBAN;IP;IPV4;IPV6;JOBAREA;JOBTITLE;JOBTYPE;LASTNAME;LITECOINADDRESS;MAC;MASKEDNUMBER;MIDDLENAME;NEARBYGPSCOORDINATE;ORDINALDIRECTION;PASSWORD;PHONEIMEI;PHONENUMBER;PIN;PREFIX;SECONDARYADDRESS;SEX;SSN;STATE;STREET;TIME;URL;USERAGENT;USERNAME;VEHICLEVIN;VEHICLEVRM;ZIPCODE,,2998
sola-json-sections,"StructuredOutputAdapter(output_mode=JSON, prompt_layout=SECTIONS)",pii-0023,parse_error,AdapterParseError,0.5780430129998422,1,json_object,0,56,0.0,False,,ACCOUNTNAME;ACCOUNTNUMBER;AGE;AMOUNT;BIC;BITCOINADDRESS;BUILDINGNUMBER;CITY;COMPANYNAME;COUNTY;CREDITCARDCVV;CREDITCARDISSUER;CREDITCARDNUMBER;CURRENCY;CURRENCYCODE;CURRENCYNAME;CURRENCYSYMBOL;DATE;DOB;EMAIL;ETHEREUMADDRESS;EYECOLOR;FIRSTNAME;GENDER;HEIGHT;IBAN;IP;IPV4;IPV6;JOBAREA;JOBTITLE;JOBTYPE;LASTNAME;LITECOINADDRESS;MAC;MASKEDNUMBER;MIDDLENAME;NEARBYGPSCOORDINATE;ORDINALDIRECTION;PASSWORD;PHONEIMEI;PHONENUMBER;PIN;PREFIX;SECONDARYADDRESS;SEX;SSN;STATE;STREET;TIME;URL;USERAGENT;USERNAME;VEHICLEVIN;VEHICLEVRM;ZIPCODE,,2206
sola-json-sections,"StructuredOutputAdapter(output_mode=JSON, prompt_layout=SECTIONS)",pii-0024,validation_error,ValidationError,1.827986422000322,1,json_object,0,56,0.0,False,,ACCOUNTNAME;ACCOUNTNUMBER;AGE;AMOUNT;BIC;BITCOINADDRESS;BUILDINGNUMBER;CITY;COMPANYNAME;COUNTY;CREDITCARDCVV;CREDITCARDISSUER;CREDITCARDNUMBER;CURRENCY;CURRENCYCODE;CURRENCYNAME;CURRENCYSYMBOL;DATE;DOB;EMAIL;ETHEREUMADDRESS;EYECOLOR;FIRSTNAME;GENDER;HEIGHT;IBAN;IP;IPV4;IPV6;JOBAREA;JOBTITLE;JOBTYPE;LASTNAME;LITECOINADDRESS;MAC;MASKEDNUMBER;MIDDLENAME;NEARBYGPSCOORDINATE;ORDINALDIRECTION;PASSWORD;PHONEIMEI;PHONENUMBER;PIN;PREFIX;SECONDARYADDRESS;SEX;SSN;STATE;STREET;TIME;URL;USERAGENT;USERNAME;VEHICLEVIN;VEHICLEVRM;ZIPCODE,,2526
sola-json-sections,"StructuredOutputAdapter(output_mode=JSON, prompt_layout=SECTIONS)",pii-0025,validation_error,ValidationError,3.462965817998338,1,json_object,0,56,0.0,False,,ACCOUNTNAME;ACCOUNTNUMBER;AGE;AMOUNT;BIC;BITCOINADDRESS;BUILDINGNUMBER;CITY;COMPANYNAME;COUNTY;CREDITCARDCVV;CREDITCARDISSUER;CREDITCARDNUMBER;CURRENCY;CURRENCYCODE;CURRENCYNAME;CURRENCYSYMBOL;DATE;DOB;EMAIL;ETHEREUMADDRESS;EYECOLOR;FIRSTNAME;GENDER;HEIGHT;IBAN;IP;IPV4;IPV6;JOBAREA;JOBTITLE;JOBTYPE;LASTNAME;LITECOINADDRESS;MAC;MASKEDNUMBER;MIDDLENAME;NEARBYGPSCOORDINATE;ORDINALDIRECTION;PASSWORD;PHONEIMEI;PHONENUMBER;PIN;PREFIX;SECONDARYADDRESS;SEX;SSN;STATE;STREET;TIME;URL;USERAGENT;USERNAME;VEHICLEVIN;VEHICLEVRM;ZIPCODE,,3017
sola-json-sections,"StructuredOutputAdapter(output_mode=JSON, prompt_layout=SECTIONS)",pii-0026,parse_error,AdapterParseError,0.4367090579999058,1,json_object,0,56,0.0,False,,ACCOUNTNAME;ACCOUNTNUMBER;AGE;AMOUNT;BIC;BITCOINADDRESS;BUILDINGNUMBER;CITY;COMPANYNAME;COUNTY;CREDITCARDCVV;CREDITCARDISSUER;CREDITCARDNUMBER;CURRENCY;CURRENCYCODE;CURRENCYNAME;CURRENCYSYMBOL;DATE;DOB;EMAIL;ETHEREUMADDRESS;EYECOLOR;FIRSTNAME;GENDER;HEIGHT;IBAN;IP;IPV4;IPV6;JOBAREA;JOBTITLE;JOBTYPE;LASTNAME;LITECOINADDRESS;MAC;MASKEDNUMBER;MIDDLENAME;NEARBYGPSCOORDINATE;ORDINALDIRECTION;PASSWORD;PHONEIMEI;PHONENUMBER;PIN;PREFIX;SECONDARYADDRESS;SEX;SSN;STATE;STREET;TIME;URL;USERAGENT;USERNAME;VEHICLEVIN;VEHICLEVRM;ZIPCODE,,2190
sola-json-sections,"StructuredOutputAdapter(output_mode=JSON, prompt_layout=SECTIONS)",pii-0027,parse_error,AdapterParseError,0.4147043159991881,1,json_object,0,56,0.0,False,,ACCOUNTNAME;ACCOUNTNUMBER;AGE;AMOUNT;BIC;BITCOINADDRESS;BUILDINGNUMBER;CITY;COMPANYNAME;COUNTY;CREDITCARDCVV;CREDITCARDISSUER;CREDITCARDNUMBER;CURRENCY;CURRENCYCODE;CURRENCYNAME;CURRENCYSYMBOL;DATE;DOB;EMAIL;ETHEREUMADDRESS;EYECOLOR;FIRSTNAME;GENDER;HEIGHT;IBAN;IP;IPV4;IPV6;JOBAREA;JOBTITLE;JOBTYPE;LASTNAME;LITECOINADDRESS;MAC;MASKEDNUMBER;MIDDLENAME;NEARBYGPSCOORDINATE;ORDINALDIRECTION;PASSWORD;PHONEIMEI;PHONENUMBER;PIN;PREFIX;SECONDARYADDRESS;SEX;SSN;STATE;STREET;TIME;URL;USERAGENT;USERNAME;VEHICLEVIN;VEHICLEVRM;ZIPCODE,,2182
sola-json-sections,"StructuredOutputAdapter(output_mode=JSON, prompt_layout=SECTIONS)",pii-0028,validation_error,ValidationError,3.598576194999623,1,json_object,0,56,0.0,False,,ACCOUNTNAME;ACCOUNTNUMBER;AGE;AMOUNT;BIC;BITCOINADDRESS;BUILDINGNUMBER;CITY;COMPANYNAME;COUNTY;CREDITCARDCVV;CREDITCARDISSUER;CREDITCARDNUMBER;CURRENCY;CURRENCYCODE;CURRENCYNAME;CURRENCYSYMBOL;DATE;DOB;EMAIL;ETHEREUMADDRESS;EYECOLOR;FIRSTNAME;GENDER;HEIGHT;IBAN;IP;IPV4;IPV6;JOBAREA;JOBTITLE;JOBTYPE;LASTNAME;LITECOINADDRESS;MAC;MASKEDNUMBER;MIDDLENAME;NEARBYGPSCOORDINATE;ORDINALDIRECTION;PASSWORD;PHONEIMEI;PHONENUMBER;PIN;PREFIX;SECONDARYADDRESS;SEX;SSN;STATE;STREET;TIME;URL;USERAGENT;USERNAME;VEHICLEVIN;VEHICLEVRM;ZIPCODE,,3007
sola-json-sections,"StructuredOutputAdapter(output_mode=JSON, prompt_layout=SECTIONS)",pii-0029,parse_error,AdapterParseError,0.4544108829995821,1,json_object,0,56,0.0,False,,ACCOUNTNAME;ACCOUNTNUMBER;AGE;AMOUNT;BIC;BITCOINADDRESS;BUILDINGNUMBER;CITY;COMPANYNAME;COUNTY;CREDITCARDCVV;CREDITCARDISSUER;CREDITCARDNUMBER;CURRENCY;CURRENCYCODE;CURRENCYNAME;CURRENCYSYMBOL;DATE;DOB;EMAIL;ETHEREUMADDRESS;EYECOLOR;FIRSTNAME;GENDER;HEIGHT;IBAN;IP;IPV4;IPV6;JOBAREA;JOBTITLE;JOBTYPE;LASTNAME;LITECOINADDRESS;MAC;MASKEDNUMBER;MIDDLENAME;NEARBYGPSCOORDINATE;ORDINALDIRECTION;PASSWORD;PHONEIMEI;PHONENUMBER;PIN;PREFIX;SECONDARYADDRESS;SEX;SSN;STATE;STREET;TIME;URL;USERAGENT;USERNAME;VEHICLEVIN;VEHICLEVRM;ZIPCODE,,2175
sola-jsonish-sections,"StructuredOutputAdapter(output_mode=JSONISH, prompt_layout=SECTIONS)",pii-0000,validation_error,ValidationError,3.6807118880005874,1,json_object,0,56,0.0,False,,ACCOUNTNAME;ACCOUNTNUMBER;AGE;AMOUNT;BIC;BITCOINADDRESS;BUILDINGNUMBER;CITY;COMPANYNAME;COUNTY;CREDITCARDCVV;CREDITCARDISSUER;CREDITCARDNUMBER;CURRENCY;CURRENCYCODE;CURRENCYNAME;CURRENCYSYMBOL;DATE;DOB;EMAIL;ETHEREUMADDRESS;EYECOLOR;FIRSTNAME;GENDER;HEIGHT;IBAN;IP;IPV4;IPV6;JOBAREA;JOBTITLE;JOBTYPE;LASTNAME;LITECOINADDRESS;MAC;MASKEDNUMBER;MIDDLENAME;NEARBYGPSCOORDINATE;ORDINALDIRECTION;PASSWORD;PHONEIMEI;PHONENUMBER;PIN;PREFIX;SECONDARYADDRESS;SEX;SSN;STATE;STREET;TIME;URL;USERAGENT;USERNAME;VEHICLEVIN;VEHICLEVRM;ZIPCODE,,1966
sola-jsonish-sections,"StructuredOutputAdapter(output_mode=JSONISH, prompt_layout=SECTIONS)",pii-0001,validation_error,ValidationError,3.699371616999997,1,json_object,0,56,0.0,False,,ACCOUNTNAME;ACCOUNTNUMBER;AGE;AMOUNT;BIC;BITCOINADDRESS;BUILDINGNUMBER;CITY;COMPANYNAME;COUNTY;CREDITCARDCVV;CREDITCARDISSUER;CREDITCARDNUMBER;CURRENCY;CURRENCYCODE;CURRENCYNAME;CURRENCYSYMBOL;DATE;DOB;EMAIL;ETHEREUMADDRESS;EYECOLOR;FIRSTNAME;GENDER;HEIGHT;IBAN;IP;IPV4;IPV6;JOBAREA;JOBTITLE;JOBTYPE;LASTNAME;LITECOINADDRESS;MAC;MASKEDNUMBER;MIDDLENAME;NEARBYGPSCOORDINATE;ORDINALDIRECTION;PASSWORD;PHONEIMEI;PHONENUMBER;PIN;PREFIX;SECONDARYADDRESS;SEX;SSN;STATE;STREET;TIME;URL;USERAGENT;USERNAME;VEHICLEVIN;VEHICLEVRM;ZIPCODE,,1951
sola-jsonish-sections,"StructuredOutputAdapter(output_mode=JSONISH, prompt_layout=SECTIONS)",pii-0002,validation_error,ValidationError,3.033520271999805,1,json_object,0,56,0.0,False,,ACCOUNTNAME;ACCOUNTNUMBER;AGE;AMOUNT;BIC;BITCOINADDRESS;BUILDINGNUMBER;CITY;COMPANYNAME;COUNTY;CREDITCARDCVV;CREDITCARDISSUER;CREDITCARDNUMBER;CURRENCY;CURRENCYCODE;CURRENCYNAME;CURRENCYSYMBOL;DATE;DOB;EMAIL;ETHEREUMADDRESS;EYECOLOR;FIRSTNAME;GENDER;HEIGHT;IBAN;IP;IPV4;IPV6;JOBAREA;JOBTITLE;JOBTYPE;LASTNAME;LITECOINADDRESS;MAC;MASKEDNUMBER;MIDDLENAME;NEARBYGPSCOORDINATE;ORDINALDIRECTION;PASSWORD;PHONEIMEI;PHONENUMBER;PIN;PREFIX;SECONDARYADDRESS;SEX;SSN;STATE;STREET;TIME;URL;USERAGENT;USERNAME;VEHICLEVIN;VEHICLEVRM;ZIPCODE,,1803
sola-jsonish-sections,"StructuredOutputAdapter(output_mode=JSONISH, prompt_layout=SECTIONS)",pii-0003,validation_error,ValidationError,0.22595169700070983,1,json_object,0,56,0.0,False,,ACCOUNTNAME;ACCOUNTNUMBER;AGE;AMOUNT;BIC;BITCOINADDRESS;BUILDINGNUMBER;CITY;COMPANYNAME;COUNTY;CREDITCARDCVV;CREDITCARDISSUER;CREDITCARDNUMBER;CURRENCY;CURRENCYCODE;CURRENCYNAME;CURRENCYSYMBOL;DATE;DOB;EMAIL;ETHEREUMADDRESS;EYECOLOR;FIRSTNAME;GENDER;HEIGHT;IBAN;IP;IPV4;IPV6;JOBAREA;JOBTITLE;JOBTYPE;LASTNAME;LITECOINADDRESS;MAC;MASKEDNUMBER;MIDDLENAME;NEARBYGPSCOORDINATE;ORDINALDIRECTION;PASSWORD;PHONEIMEI;PHONENUMBER;PIN;PREFIX;SECONDARYADDRESS;SEX;SSN;STATE;STREET;TIME;URL;USERAGENT;USERNAME;VEHICLEVIN;VEHICLEVRM;ZIPCODE,,1095
sola-jsonish-sections,"StructuredOutputAdapter(output_mode=JSONISH, prompt_layout=SECTIONS)",pii-0004,validation_error,ValidationError,0.21604107900020608,1,json_object,0,56,0.0,False,,ACCOUNTNAME;ACCOUNTNUMBER;AGE;AMOUNT;BIC;BITCOINADDRESS;BUILDINGNUMBER;CITY;COMPANYNAME;COUNTY;CREDITCARDCVV;CREDITCARDISSUER;CREDITCARDNUMBER;CURRENCY;CURRENCYCODE;CURRENCYNAME;CURRENCYSYMBOL;DATE;DOB;EMAIL;ETHEREUMADDRESS;EYECOLOR;FIRSTNAME;GENDER;HEIGHT;IBAN;IP;IPV4;IPV6;JOBAREA;JOBTITLE;JOBTYPE;LASTNAME;LITECOINADDRESS;MAC;MASKEDNUMBER;MIDDLENAME;NEARBYGPSCOORDINATE;ORDINALDIRECTION;PASSWORD;PHONEIMEI;PHONENUMBER;PIN;PREFIX;SECONDARYADDRESS;SEX;SSN;STATE;STREET;TIME;URL;USERAGENT;USERNAME;VEHICLEVIN;VEHICLEVRM;ZIPCODE,,1062
sola-jsonish-sections,"StructuredOutputAdapter(output_mode=JSONISH, prompt_layout=SECTIONS)",pii-0005,validation_error,ValidationError,3.2619828909992066,1,json_object,0,56,0.0,False,,ACCOUNTNAME;ACCOUNTNUMBER;AGE;AMOUNT;BIC;BITCOINADDRESS;BUILDINGNUMBER;CITY;COMPANYNAME;COUNTY;CREDITCARDCVV;CREDITCARDISSUER;CREDITCARDNUMBER;CURRENCY;CURRENCYCODE;CURRENCYNAME;CURRENCYSYMBOL;DATE;DOB;EMAIL;ETHEREUMADDRESS;EYECOLOR;FIRSTNAME;GENDER;HEIGHT;IBAN;IP;IPV4;IPV6;JOBAREA;JOBTITLE;JOBTYPE;LASTNAME;LITECOINADDRESS;MAC;MASKEDNUMBER;MIDDLENAME;NEARBYGPSCOORDINATE;ORDINALDIRECTION;PASSWORD;PHONEIMEI;PHONENUMBER;PIN;PREFIX;SECONDARYADDRESS;SEX;SSN;STATE;STREET;TIME;URL;USERAGENT;USERNAME;VEHICLEVIN;VEHICLEVRM;ZIPCODE,,1878
sola-jsonish-sections,"StructuredOutputAdapter(output_mode=JSONISH, prompt_layout=SECTIONS)",pii-0006,validation_error,ValidationError,3.462535636999746,1,json_object,0,56,0.0,False,,ACCOUNTNAME;ACCOUNTNUMBER;AGE;AMOUNT;BIC;BITCOINADDRESS;BUILDINGNUMBER;CITY;COMPANYNAME;COUNTY;CREDITCARDCVV;CREDITCARDISSUER;CREDITCARDNUMBER;CURRENCY;CURRENCYCODE;CURRENCYNAME;CURRENCYSYMBOL;DATE;DOB;EMAIL;ETHEREUMADDRESS;EYECOLOR;FIRSTNAME;GENDER;HEIGHT;IBAN;IP;IPV4;IPV6;JOBAREA;JOBTITLE;JOBTYPE;LASTNAME;LITECOINADDRESS;MAC;MASKEDNUMBER;MIDDLENAME;NEARBYGPSCOORDINATE;ORDINALDIRECTION;PASSWORD;PHONEIMEI;PHONENUMBER;PIN;PREFIX;SECONDARYADDRESS;SEX;SSN;STATE;STREET;TIME;URL;USERAGENT;USERNAME;VEHICLEVIN;VEHICLEVRM;ZIPCODE,,1925
sola-jsonish-sections,"StructuredOutputAdapter(output_mode=JSONISH, prompt_layout=SECTIONS)",pii-0007,validation_error,ValidationError,0.22590386800038686,1,json_object,0,56,0.0,False,,ACCOUNTNAME;ACCOUNTNUMBER;AGE;AMOUNT;BIC;BITCOINADDRESS;BUILDINGNUMBER;CITY;COMPANYNAME;COUNTY;CREDITCARDCVV;CREDITCARDISSUER;CREDITCARDNUMBER;CURRENCY;CURRENCYCODE;CURRENCYNAME;CURRENCYSYMBOL;DATE;DOB;EMAIL;ETHEREUMADDRESS;EYECOLOR;FIRSTNAME;GENDER;HEIGHT;IBAN;IP;IPV4;IPV6;JOBAREA;JOBTITLE;JOBTYPE;LASTNAME;LITECOINADDRESS;MAC;MASKEDNUMBER;MIDDLENAME;NEARBYGPSCOORDINATE;ORDINALDIRECTION;PASSWORD;PHONEIMEI;PHONENUMBER;PIN;PREFIX;SECONDARYADDRESS;SEX;SSN;STATE;STREET;TIME;URL;USERAGENT;USERNAME;VEHICLEVIN;VEHICLEVRM;ZIPCODE,,1084
sola-jsonish-sections,"StructuredOutputAdapter(output_mode=JSONISH, prompt_layout=SECTIONS)",pii-0008,validation_error,ValidationError,3.2918645210011164,1,json_object,0,56,0.0,False,,ACCOUNTNAME;ACCOUNTNUMBER;AGE;AMOUNT;BIC;BITCOINADDRESS;BUILDINGNUMBER;CITY;COMPANYNAME;COUNTY;CREDITCARDCVV;CREDITCARDISSUER;CREDITCARDNUMBER;CURRENCY;CURRENCYCODE;CURRENCYNAME;CURRENCYSYMBOL;DATE;DOB;EMAIL;ETHEREUMADDRESS;EYECOLOR;FIRSTNAME;GENDER;HEIGHT;IBAN;IP;IPV4;IPV6;JOBAREA;JOBTITLE;JOBTYPE;LASTNAME;LITECOINADDRESS;MAC;MASKEDNUMBER;MIDDLENAME;NEARBYGPSCOORDINATE;ORDINALDIRECTION;PASSWORD;PHONEIMEI;PHONENUMBER;PIN;PREFIX;SECONDARYADDRESS;SEX;SSN;STATE;STREET;TIME;URL;USERAGENT;USERNAME;VEHICLEVIN;VEHICLEVRM;ZIPCODE,,1869
sola-jsonish-sections,"StructuredOutputAdapter(output_mode=JSONISH, prompt_layout=SECTIONS)",pii-0009,validation_error,ValidationError,0.27589368599910813,1,json_object,0,56,0.0,False,,ACCOUNTNAME;ACCOUNTNUMBER;AGE;AMOUNT;BIC;BITCOINADDRESS;BUILDINGNUMBER;CITY;COMPANYNAME;COUNTY;CREDITCARDCVV;CREDITCARDISSUER;CREDITCARDNUMBER;CURRENCY;CURRENCYCODE;CURRENCYNAME;CURRENCYSYMBOL;DATE;DOB;EMAIL;ETHEREUMADDRESS;EYECOLOR;FIRSTNAME;GENDER;HEIGHT;IBAN;IP;IPV4;IPV6;JOBAREA;JOBTITLE;JOBTYPE;LASTNAME;LITECOINADDRESS;MAC;MASKEDNUMBER;MIDDLENAME;NEARBYGPSCOORDINATE;ORDINALDIRECTION;PASSWORD;PHONEIMEI;PHONENUMBER;PIN;PREFIX;SECONDARYADDRESS;SEX;SSN;STATE;STREET;TIME;URL;USERAGENT;USERNAME;VEHICLEVIN;VEHICLEVRM;ZIPCODE,,1067
sola-jsonish-sections,"StructuredOutputAdapter(output_mode=JSONISH, prompt_layout=SECTIONS)",pii-0010,validation_error,ValidationError,0.22027825800068968,1,json_object,0,56,0.0,False,,ACCOUNTNAME;ACCOUNTNUMBER;AGE;AMOUNT;BIC;BITCOINADDRESS;BUILDINGNUMBER;CITY;COMPANYNAME;COUNTY;CREDITCARDCVV;CREDITCARDISSUER;CREDITCARDNUMBER;CURRENCY;CURRENCYCODE;CURRENCYNAME;CURRENCYSYMBOL;DATE;DOB;EMAIL;ETHEREUMADDRESS;EYECOLOR;FIRSTNAME;GENDER;HEIGHT;IBAN;IP;IPV4;IPV6;JOBAREA;JOBTITLE;JOBTYPE;LASTNAME;LITECOINADDRESS;MAC;MASKEDNUMBER;MIDDLENAME;NEARBYGPSCOORDINATE;ORDINALDIRECTION;PASSWORD;PHONEIMEI;PHONENUMBER;PIN;PREFIX;SECONDARYADDRESS;SEX;SSN;STATE;STREET;TIME;URL;USERAGENT;USERNAME;VEHICLEVIN;VEHICLEVRM;ZIPCODE,,1084
sola-jsonish-sections,"StructuredOutputAdapter(output_mode=JSONISH, prompt_layout=SECTIONS)",pii-0011,validation_error,ValidationError,0.21800917299879075,1,json_object,0,56,0.0,False,,ACCOUNTNAME;ACCOUNTNUMBER;AGE;AMOUNT;BIC;BITCOINADDRESS;BUILDINGNUMBER;CITY;COMPANYNAME;COUNTY;CREDITCARDCVV;CREDITCARDISSUER;CREDITCARDNUMBER;CURRENCY;CURRENCYCODE;CURRENCYNAME;CURRENCYSYMBOL;DATE;DOB;EMAIL;ETHEREUMADDRESS;EYECOLOR;FIRSTNAME;GENDER;HEIGHT;IBAN;IP;IPV4;IPV6;JOBAREA;JOBTITLE;JOBTYPE;LASTNAME;LITECOINADDRESS;MAC;MASKEDNUMBER;MIDDLENAME;NEARBYGPSCOORDINATE;ORDINALDIRECTION;PASSWORD;PHONEIMEI;PHONENUMBER;PIN;PREFIX;SECONDARYADDRESS;SEX;SSN;STATE;STREET;TIME;URL;USERAGENT;USERNAME;VEHICLEVIN;VEHICLEVRM;ZIPCODE,,1107
sola-jsonish-sections,"StructuredOutputAdapter(output_mode=JSONISH, prompt_layout=SECTIONS)",pii-0012,validation_error,ValidationError,2.9668635680009174,1,json_object,0,56,0.0,False,,ACCOUNTNAME;ACCOUNTNUMBER;AGE;AMOUNT;BIC;BITCOINADDRESS;BUILDINGNUMBER;CITY;COMPANYNAME;COUNTY;CREDITCARDCVV;CREDITCARDISSUER;CREDITCARDNUMBER;CURRENCY;CURRENCYCODE;CURRENCYNAME;CURRENCYSYMBOL;DATE;DOB;EMAIL;ETHEREUMADDRESS;EYECOLOR;FIRSTNAME;GENDER;HEIGHT;IBAN;IP;IPV4;IPV6;JOBAREA;JOBTITLE;JOBTYPE;LASTNAME;LITECOINADDRESS;MAC;MASKEDNUMBER;MIDDLENAME;NEARBYGPSCOORDINATE;ORDINALDIRECTION;PASSWORD;PHONEIMEI;PHONENUMBER;PIN;PREFIX;SECONDARYADDRESS;SEX;SSN;STATE;STREET;TIME;URL;USERAGENT;USERNAME;VEHICLEVIN;VEHICLEVRM;ZIPCODE,,1798
sola-jsonish-sections,"StructuredOutputAdapter(output_mode=JSONISH, prompt_layout=SECTIONS)",pii-0013,validation_error,ValidationError,0.15643927499877464,1,json_object,0,56,0.0,False,,ACCOUNTNAME;ACCOUNTNUMBER;AGE;AMOUNT;BIC;BITCOINADDRESS;BUILDINGNUMBER;CITY;COMPANYNAME;COUNTY;CREDITCARDCVV;CREDITCARDISSUER;CREDITCARDNUMBER;CURRENCY;CURRENCYCODE;CURRENCYNAME;CURRENCYSYMBOL;DATE;DOB;EMAIL;ETHEREUMADDRESS;EYECOLOR;FIRSTNAME;GENDER;HEIGHT;IBAN;IP;IPV4;IPV6;JOBAREA;JOBTITLE;JOBTYPE;LASTNAME;LITECOINADDRESS;MAC;MASKEDNUMBER;MIDDLENAME;NEARBYGPSCOORDINATE;ORDINALDIRECTION;PASSWORD;PHONEIMEI;PHONENUMBER;PIN;PREFIX;SECONDARYADDRESS;SEX;SSN;STATE;STREET;TIME;URL;USERAGENT;USERNAME;VEHICLEVIN;VEHICLEVRM;ZIPCODE,,1041
sola-jsonish-sections,"StructuredOutputAdapter(output_mode=JSONISH, prompt_layout=SECTIONS)",pii-0014,validation_error,ValidationError,0.24032340799931262,1,json_object,0,56,0.0,False,,ACCOUNTNAME;ACCOUNTNUMBER;AGE;AMOUNT;BIC;BITCOINADDRESS;BUILDINGNUMBER;CITY;COMPANYNAME;COUNTY;CREDITCARDCVV;CREDITCARDISSUER;CREDITCARDNUMBER;CURRENCY;CURRENCYCODE;CURRENCYNAME;CURRENCYSYMBOL;DATE;DOB;EMAIL;ETHEREUMADDRESS;EYECOLOR;FIRSTNAME;GENDER;HEIGHT;IBAN;IP;IPV4;IPV6;JOBAREA;JOBTITLE;JOBTYPE;LASTNAME;LITECOINADDRESS;MAC;MASKEDNUMBER;MIDDLENAME;NEARBYGPSCOORDINATE;ORDINALDIRECTION;PASSWORD;PHONEIMEI;PHONENUMBER;PIN;PREFIX;SECONDARYADDRESS;SEX;SSN;STATE;STREET;TIME;URL;USERAGENT;USERNAME;VEHICLEVIN;VEHICLEVRM;ZIPCODE,,1068
sola-jsonish-sections,"StructuredOutputAdapter(output_mode=JSONISH, prompt_layout=SECTIONS)",pii-0015,validation_error,ValidationError,0.22436926199952723,1,json_object,0,56,0.0,False,,ACCOUNTNAME;ACCOUNTNUMBER;AGE;AMOUNT;BIC;BITCOINADDRESS;BUILDINGNUMBER;CITY;COMPANYNAME;COUNTY;CREDITCARDCVV;CREDITCARDISSUER;CREDITCARDNUMBER;CURRENCY;CURRENCYCODE;CURRENCYNAME;CURRENCYSYMBOL;DATE;DOB;EMAIL;ETHEREUMADDRESS;EYECOLOR;FIRSTNAME;GENDER;HEIGHT;IBAN;IP;IPV4;IPV6;JOBAREA;JOBTITLE;JOBTYPE;LASTNAME;LITECOINADDRESS;MAC;MASKEDNUMBER;MIDDLENAME;NEARBYGPSCOORDINATE;ORDINALDIRECTION;PASSWORD;PHONEIMEI;PHONENUMBER;PIN;PREFIX;SECONDARYADDRESS;SEX;SSN;STATE;STREET;TIME;URL;USERAGENT;USERNAME;VEHICLEVIN;VEHICLEVRM;ZIPCODE,,1140
sola-jsonish-sections,"StructuredOutputAdapter(output_mode=JSONISH, prompt_layout=SECTIONS)",pii-0016,validation_error,ValidationError,0.2096348310005851,1,json_object,0,56,0.0,False,,ACCOUNTNAME;ACCOUNTNUMBER;AGE;AMOUNT;BIC;BITCOINADDRESS;BUILDINGNUMBER;CITY;COMPANYNAME;COUNTY;CREDITCARDCVV;CREDITCARDISSUER;CREDITCARDNUMBER;CURRENCY;CURRENCYCODE;CURRENCYNAME;CURRENCYSYMBOL;DATE;DOB;EMAIL;ETHEREUMADDRESS;EYECOLOR;FIRSTNAME;GENDER;HEIGHT;IBAN;IP;IPV4;IPV6;JOBAREA;JOBTITLE;JOBTYPE;LASTNAME;LITECOINADDRESS;MAC;MASKEDNUMBER;MIDDLENAME;NEARBYGPSCOORDINATE;ORDINALDIRECTION;PASSWORD;PHONEIMEI;PHONENUMBER;PIN;PREFIX;SECONDARYADDRESS;SEX;SSN;STATE;STREET;TIME;URL;USERAGENT;USERNAME;VEHICLEVIN;VEHICLEVRM;ZIPCODE,,1065
sola-jsonish-sections,"StructuredOutputAdapter(output_mode=JSONISH, prompt_layout=SECTIONS)",pii-0017,validation_error,ValidationError,0.22303894799915724,1,json_object,0,56,0.0,False,,ACCOUNTNAME;ACCOUNTNUMBER;AGE;AMOUNT;BIC;BITCOINADDRESS;BUILDINGNUMBER;CITY;COMPANYNAME;COUNTY;CREDITCARDCVV;CREDITCARDISSUER;CREDITCARDNUMBER;CURRENCY;CURRENCYCODE;CURRENCYNAME;CURRENCYSYMBOL;DATE;DOB;EMAIL;ETHEREUMADDRESS;EYECOLOR;FIRSTNAME;GENDER;HEIGHT;IBAN;IP;IPV4;IPV6;JOBAREA;JOBTITLE;JOBTYPE;LASTNAME;LITECOINADDRESS;MAC;MASKEDNUMBER;MIDDLENAME;NEARBYGPSCOORDINATE;ORDINALDIRECTION;PASSWORD;PHONEIMEI;PHONENUMBER;PIN;PREFIX;SECONDARYADDRESS;SEX;SSN;STATE;STREET;TIME;URL;USERAGENT;USERNAME;VEHICLEVIN;VEHICLEVRM;ZIPCODE,,1069
sola-jsonish-sections,"StructuredOutputAdapter(output_mode=JSONISH, prompt_layout=SECTIONS)",pii-0018,validation_error,ValidationError,3.403019294999467,1,json_object,0,56,0.0,False,,ACCOUNTNAME;ACCOUNTNUMBER;AGE;AMOUNT;BIC;BITCOINADDRESS;BUILDINGNUMBER;CITY;COMPANYNAME;COUNTY;CREDITCARDCVV;CREDITCARDISSUER;CREDITCARDNUMBER;CURRENCY;CURRENCYCODE;CURRENCYNAME;CURRENCYSYMBOL;DATE;DOB;EMAIL;ETHEREUMADDRESS;EYECOLOR;FIRSTNAME;GENDER;HEIGHT;IBAN;IP;IPV4;IPV6;JOBAREA;JOBTITLE;JOBTYPE;LASTNAME;LITECOINADDRESS;MAC;MASKEDNUMBER;MIDDLENAME;NEARBYGPSCOORDINATE;ORDINALDIRECTION;PASSWORD;PHONEIMEI;PHONENUMBER;PIN;PREFIX;SECONDARYADDRESS;SEX;SSN;STATE;STREET;TIME;URL;USERAGENT;USERNAME;VEHICLEVIN;VEHICLEVRM;ZIPCODE,,1965
sola-jsonish-sections,"StructuredOutputAdapter(output_mode=JSONISH, prompt_layout=SECTIONS)",pii-0019,validation_error,ValidationError,3.408238956000787,1,json_object,0,56,0.0,False,,ACCOUNTNAME;ACCOUNTNUMBER;AGE;AMOUNT;BIC;BITCOINADDRESS;BUILDINGNUMBER;CITY;COMPANYNAME;COUNTY;CREDITCARDCVV;CREDITCARDISSUER;CREDITCARDNUMBER;CURRENCY;CURRENCYCODE;CURRENCYNAME;CURRENCYSYMBOL;DATE;DOB;EMAIL;ETHEREUMADDRESS;EYECOLOR;FIRSTNAME;GENDER;HEIGHT;IBAN;IP;IPV4;IPV6;JOBAREA;JOBTITLE;JOBTYPE;LASTNAME;LITECOINADDRESS;MAC;MASKEDNUMBER;MIDDLENAME;NEARBYGPSCOORDINATE;ORDINALDIRECTION;PASSWORD;PHONEIMEI;PHONENUMBER;PIN;PREFIX;SECONDARYADDRESS;SEX;SSN;STATE;STREET;TIME;URL;USERAGENT;USERNAME;VEHICLEVIN;VEHICLEVRM;ZIPCODE,,1993
sola-jsonish-sections,"StructuredOutputAdapter(output_mode=JSONISH, prompt_layout=SECTIONS)",pii-0020,validation_error,ValidationError,2.8386544559998583,1,json_object,0,56,0.0,False,,ACCOUNTNAME;ACCOUNTNUMBER;AGE;AMOUNT;BIC;BITCOINADDRESS;BUILDINGNUMBER;CITY;COMPANYNAME;COUNTY;CREDITCARDCVV;CREDITCARDISSUER;CREDITCARDNUMBER;CURRENCY;CURRENCYCODE;CURRENCYNAME;CURRENCYSYMBOL;DATE;DOB;EMAIL;ETHEREUMADDRESS;EYECOLOR;FIRSTNAME;GENDER;HEIGHT;IBAN;IP;IPV4;IPV6;JOBAREA;JOBTITLE;JOBTYPE;LASTNAME;LITECOINADDRESS;MAC;MASKEDNUMBER;MIDDLENAME;NEARBYGPSCOORDINATE;ORDINALDIRECTION;PASSWORD;PHONEIMEI;PHONENUMBER;PIN;PREFIX;SECONDARYADDRESS;SEX;SSN;STATE;STREET;TIME;URL;USERAGENT;USERNAME;VEHICLEVIN;VEHICLEVRM;ZIPCODE,,1731
sola-jsonish-sections,"StructuredOutputAdapter(output_mode=JSONISH, prompt_layout=SECTIONS)",pii-0021,validation_error,ValidationError,3.4546213949997764,1,json_object,0,56,0.0,False,,ACCOUNTNAME;ACCOUNTNUMBER;AGE;AMOUNT;BIC;BITCOINADDRESS;BUILDINGNUMBER;CITY;COMPANYNAME;COUNTY;CREDITCARDCVV;CREDITCARDISSUER;CREDITCARDNUMBER;CURRENCY;CURRENCYCODE;CURRENCYNAME;CURRENCYSYMBOL;DATE;DOB;EMAIL;ETHEREUMADDRESS;EYECOLOR;FIRSTNAME;GENDER;HEIGHT;IBAN;IP;IPV4;IPV6;JOBAREA;JOBTITLE;JOBTYPE;LASTNAME;LITECOINADDRESS;MAC;MASKEDNUMBER;MIDDLENAME;NEARBYGPSCOORDINATE;ORDINALDIRECTION;PASSWORD;PHONEIMEI;PHONENUMBER;PIN;PREFIX;SECONDARYADDRESS;SEX;SSN;STATE;STREET;TIME;URL;USERAGENT;USERNAME;VEHICLEVIN;VEHICLEVRM;ZIPCODE,,1931
sola-jsonish-sections,"StructuredOutputAdapter(output_mode=JSONISH, prompt_layout=SECTIONS)",pii-0022,validation_error,ValidationError,3.59791177200168,1,json_object,0,56,0.0,False,,ACCOUNTNAME;ACCOUNTNUMBER;AGE;AMOUNT;BIC;BITCOINADDRESS;BUILDINGNUMBER;CITY;COMPANYNAME;COUNTY;CREDITCARDCVV;CREDITCARDISSUER;CREDITCARDNUMBER;CURRENCY;CURRENCYCODE;CURRENCYNAME;CURRENCYSYMBOL;DATE;DOB;EMAIL;ETHEREUMADDRESS;EYECOLOR;FIRSTNAME;GENDER;HEIGHT;IBAN;IP;IPV4;IPV6;JOBAREA;JOBTITLE;JOBTYPE;LASTNAME;LITECOINADDRESS;MAC;MASKEDNUMBER;MIDDLENAME;NEARBYGPSCOORDINATE;ORDINALDIRECTION;PASSWORD;PHONEIMEI;PHONENUMBER;PIN;PREFIX;SECONDARYADDRESS;SEX;SSN;STATE;STREET;TIME;URL;USERAGENT;USERNAME;VEHICLEVIN;VEHICLEVRM;ZIPCODE,,1939
sola-jsonish-sections,"StructuredOutputAdapter(output_mode=JSONISH, prompt_layout=SECTIONS)",pii-0023,validation_error,ValidationError,0.20361461399988912,1,json_object,0,56,0.0,False,,ACCOUNTNAME;ACCOUNTNUMBER;AGE;AMOUNT;BIC;BITCOINADDRESS;BUILDINGNUMBER;CITY;COMPANYNAME;COUNTY;CREDITCARDCVV;CREDITCARDISSUER;CREDITCARDNUMBER;CURRENCY;CURRENCYCODE;CURRENCYNAME;CURRENCYSYMBOL;DATE;DOB;EMAIL;ETHEREUMADDRESS;EYECOLOR;FIRSTNAME;GENDER;HEIGHT;IBAN;IP;IPV4;IPV6;JOBAREA;JOBTITLE;JOBTYPE;LASTNAME;LITECOINADDRESS;MAC;MASKEDNUMBER;MIDDLENAME;NEARBYGPSCOORDINATE;ORDINALDIRECTION;PASSWORD;PHONEIMEI;PHONENUMBER;PIN;PREFIX;SECONDARYADDRESS;SEX;SSN;STATE;STREET;TIME;URL;USERAGENT;USERNAME;VEHICLEVIN;VEHICLEVRM;ZIPCODE,,1092
sola-jsonish-sections,"StructuredOutputAdapter(output_mode=JSONISH, prompt_layout=SECTIONS)",pii-0024,validation_error,ValidationError,0.23689453699989826,1,json_object,0,56,0.0,False,,ACCOUNTNAME;ACCOUNTNUMBER;AGE;AMOUNT;BIC;BITCOINADDRESS;BUILDINGNUMBER;CITY;COMPANYNAME;COUNTY;CREDITCARDCVV;CREDITCARDISSUER;CREDITCARDNUMBER;CURRENCY;CURRENCYCODE;CURRENCYNAME;CURRENCYSYMBOL;DATE;DOB;EMAIL;ETHEREUMADDRESS;EYECOLOR;FIRSTNAME;GENDER;HEIGHT;IBAN;IP;IPV4;IPV6;JOBAREA;JOBTITLE;JOBTYPE;LASTNAME;LITECOINADDRESS;MAC;MASKEDNUMBER;MIDDLENAME;NEARBYGPSCOORDINATE;ORDINALDIRECTION;PASSWORD;PHONEIMEI;PHONENUMBER;PIN;PREFIX;SECONDARYADDRESS;SEX;SSN;STATE;STREET;TIME;URL;USERAGENT;USERNAME;VEHICLEVIN;VEHICLEVRM;ZIPCODE,,1061
sola-jsonish-sections,"StructuredOutputAdapter(output_mode=JSONISH, prompt_layout=SECTIONS)",pii-0025,validation_error,ValidationError,0.17479271599950152,1,json_object,0,56,0.0,False,,ACCOUNTNAME;ACCOUNTNUMBER;AGE;AMOUNT;BIC;BITCOINADDRESS;BUILDINGNUMBER;CITY;COMPANYNAME;COUNTY;CREDITCARDCVV;CREDITCARDISSUER;CREDITCARDNUMBER;CURRENCY;CURRENCYCODE;CURRENCYNAME;CURRENCYSYMBOL;DATE;DOB;EMAIL;ETHEREUMADDRESS;EYECOLOR;FIRSTNAME;GENDER;HEIGHT;IBAN;IP;IPV4;IPV6;JOBAREA;JOBTITLE;JOBTYPE;LASTNAME;LITECOINADDRESS;MAC;MASKEDNUMBER;MIDDLENAME;NEARBYGPSCOORDINATE;ORDINALDIRECTION;PASSWORD;PHONEIMEI;PHONENUMBER;PIN;PREFIX;SECONDARYADDRESS;SEX;SSN;STATE;STREET;TIME;URL;USERAGENT;USERNAME;VEHICLEVIN;VEHICLEVRM;ZIPCODE,,1075
sola-jsonish-sections,"StructuredOutputAdapter(output_mode=JSONISH, prompt_layout=SECTIONS)",pii-0026,validation_error,ValidationError,0.19041720300083398,1,json_object,0,56,0.0,False,,ACCOUNTNAME;ACCOUNTNUMBER;AGE;AMOUNT;BIC;BITCOINADDRESS;BUILDINGNUMBER;CITY;COMPANYNAME;COUNTY;CREDITCARDCVV;CREDITCARDISSUER;CREDITCARDNUMBER;CURRENCY;CURRENCYCODE;CURRENCYNAME;CURRENCYSYMBOL;DATE;DOB;EMAIL;ETHEREUMADDRESS;EYECOLOR;FIRSTNAME;GENDER;HEIGHT;IBAN;IP;IPV4;IPV6;JOBAREA;JOBTITLE;JOBTYPE;LASTNAME;LITECOINADDRESS;MAC;MASKEDNUMBER;MIDDLENAME;NEARBYGPSCOORDINATE;ORDINALDIRECTION;PASSWORD;PHONEIMEI;PHONENUMBER;PIN;PREFIX;SECONDARYADDRESS;SEX;SSN;STATE;STREET;TIME;URL;USERAGENT;USERNAME;VEHICLEVIN;VEHICLEVRM;ZIPCODE,,1084
sola-jsonish-sections,"StructuredOutputAdapter(output_mode=JSONISH, prompt_layout=SECTIONS)",pii-0027,validation_error,ValidationError,3.146066895000331,1,json_object,0,56,0.0,False,,ACCOUNTNAME;ACCOUNTNUMBER;AGE;AMOUNT;BIC;BITCOINADDRESS;BUILDINGNUMBER;CITY;COMPANYNAME;COUNTY;CREDITCARDCVV;CREDITCARDISSUER;CREDITCARDNUMBER;CURRENCY;CURRENCYCODE;CURRENCYNAME;CURRENCYSYMBOL;DATE;DOB;EMAIL;ETHEREUMADDRESS;EYECOLOR;FIRSTNAME;GENDER;HEIGHT;IBAN;IP;IPV4;IPV6;JOBAREA;JOBTITLE;JOBTYPE;LASTNAME;LITECOINADDRESS;MAC;MASKEDNUMBER;MIDDLENAME;NEARBYGPSCOORDINATE;ORDINALDIRECTION;PASSWORD;PHONEIMEI;PHONENUMBER;PIN;PREFIX;SECONDARYADDRESS;SEX;SSN;STATE;STREET;TIME;URL;USERAGENT;USERNAME;VEHICLEVIN;VEHICLEVRM;ZIPCODE,,1886
sola-jsonish-sections,"StructuredOutputAdapter(output_mode=JSONISH, prompt_layout=SECTIONS)",pii-0028,validation_error,ValidationError,0.20812680299968633,1,json_object,0,56,0.0,False,,ACCOUNTNAME;ACCOUNTNUMBER;AGE;AMOUNT;BIC;BITCOINADDRESS;BUILDINGNUMBER;CITY;COMPANYNAME;COUNTY;CREDITCARDCVV;CREDITCARDISSUER;CREDITCARDNUMBER;CURRENCY;CURRENCYCODE;CURRENCYNAME;CURRENCYSYMBOL;DATE;DOB;EMAIL;ETHEREUMADDRESS;EYECOLOR;FIRSTNAME;GENDER;HEIGHT;IBAN;IP;IPV4;IPV6;JOBAREA;JOBTITLE;JOBTYPE;LASTNAME;LITECOINADDRESS;MAC;MASKEDNUMBER;MIDDLENAME;NEARBYGPSCOORDINATE;ORDINALDIRECTION;PASSWORD;PHONEIMEI;PHONENUMBER;PIN;PREFIX;SECONDARYADDRESS;SEX;SSN;STATE;STREET;TIME;URL;USERAGENT;USERNAME;VEHICLEVIN;VEHICLEVRM;ZIPCODE,,1074
sola-jsonish-sections,"StructuredOutputAdapter(output_mode=JSONISH, prompt_layout=SECTIONS)",pii-0029,validation_error,ValidationError,0.18511293700066744,1,json_object,0,56,0.0,False,,ACCOUNTNAME;ACCOUNTNUMBER;AGE;AMOUNT;BIC;BITCOINADDRESS;BUILDINGNUMBER;CITY;COMPANYNAME;COUNTY;CREDITCARDCVV;CREDITCARDISSUER;CREDITCARDNUMBER;CURRENCY;CURRENCYCODE;CURRENCYNAME;CURRENCYSYMBOL;DATE;DOB;EMAIL;ETHEREUMADDRESS;EYECOLOR;FIRSTNAME;GENDER;HEIGHT;IBAN;IP;IPV4;IPV6;JOBAREA;JOBTITLE;JOBTYPE;LASTNAME;LITECOINADDRESS;MAC;MASKEDNUMBER;MIDDLENAME;NEARBYGPSCOORDINATE;ORDINALDIRECTION;PASSWORD;PHONEIMEI;PHONENUMBER;PIN;PREFIX;SECONDARYADDRESS;SEX;SSN;STATE;STREET;TIME;URL;USERAGENT;USERNAME;VEHICLEVIN;VEHICLEVRM;ZIPCODE,,1076
sola-yaml-sections,"StructuredOutputAdapter(output_mode=YAML, prompt_layout=SECTIONS)",pii-0000,ok,,3.389125071998933,1,none,0,56,0.0,False,ACCOUNTNAME;ACCOUNTNUMBER;AGE;AMOUNT;BIC;BITCOINADDRESS;BUILDINGNUMBER;CITY;COMPANYNAME;COUNTY;CREDITCARDCVV;CREDITCARDISSUER;CREDITCARDNUMBER;CURRENCY;CURRENCYCODE;CURRENCYNAME;CURRENCYSYMBOL;DATE;DOB;EMAIL;ETHEREUMADDRESS;EYECOLOR;FIRSTNAME;GENDER;HEIGHT;IBAN;IP;IPV4;IPV6;JOBAREA;JOBTITLE;JOBTYPE;LASTNAME;LITECOINADDRESS;MAC;MASKEDNUMBER;MIDDLENAME;NEARBYGPSCOORDINATE;ORDINALDIRECTION;PASSWORD;PHONEIMEI;PHONENUMBER;PIN;PREFIX;SECONDARYADDRESS;SEX;SSN;STATE;STREET;TIME;URL;USERAGENT;USERNAME;VEHICLEVIN;VEHICLEVRM;ZIPCODE,,,2009
sola-yaml-sections,"StructuredOutputAdapter(output_mode=YAML, prompt_layout=SECTIONS)",pii-0001,ok,,3.3552710780004418,1,none,0,56,0.0,False,ACCOUNTNAME;ACCOUNTNUMBER;AGE;AMOUNT;BIC;BITCOINADDRESS;BUILDINGNUMBER;CITY;COMPANYNAME;COUNTY;CREDITCARDCVV;CREDITCARDISSUER;CREDITCARDNUMBER;CURRENCY;CURRENCYCODE;CURRENCYNAME;CURRENCYSYMBOL;DATE;DOB;EMAIL;ETHEREUMADDRESS;EYECOLOR;FIRSTNAME;GENDER;HEIGHT;IBAN;IP;IPV4;IPV6;JOBAREA;JOBTITLE;JOBTYPE;LASTNAME;LITECOINADDRESS;MAC;MASKEDNUMBER;MIDDLENAME;NEARBYGPSCOORDINATE;ORDINALDIRECTION;PASSWORD;PHONEIMEI;PHONENUMBER;PIN;PREFIX;SECONDARYADDRESS;SEX;SSN;STATE;STREET;TIME;URL;USERAGENT;USERNAME;VEHICLEVIN;VEHICLEVRM;ZIPCODE,,,1994
sola-yaml-sections,"StructuredOutputAdapter(output_mode=YAML, prompt_layout=SECTIONS)",pii-0002,ok,,3.286039606000486,1,none,0,56,0.0,False,ACCOUNTNAME;ACCOUNTNUMBER;AGE;AMOUNT;BIC;BITCOINADDRESS;BUILDINGNUMBER;CITY;COMPANYNAME;COUNTY;CREDITCARDCVV;CREDITCARDISSUER;CREDITCARDNUMBER;CURRENCY;CURRENCYCODE;CURRENCYNAME;CURRENCYSYMBOL;DATE;DOB;EMAIL;ETHEREUMADDRESS;EYECOLOR;FIRSTNAME;GENDER;HEIGHT;IBAN;IP;IPV4;IPV6;JOBAREA;JOBTITLE;JOBTYPE;LASTNAME;LITECOINADDRESS;MAC;MASKEDNUMBER;MIDDLENAME;NEARBYGPSCOORDINATE;ORDINALDIRECTION;PASSWORD;PHONEIMEI;PHONENUMBER;PIN;PREFIX;SECONDARYADDRESS;SEX;SSN;STATE;STREET;TIME;URL;USERAGENT;USERNAME;VEHICLEVIN;VEHICLEVRM;ZIPCODE,,,2002
sola-yaml-sections,"StructuredOutputAdapter(output_mode=YAML, prompt_layout=SECTIONS)",pii-0003,ok,,3.290420016999633,1,none,0,56,0.0,False,ACCOUNTNAME;ACCOUNTNUMBER;AGE;AMOUNT;BIC;BITCOINADDRESS;BUILDINGNUMBER;CITY;COMPANYNAME;COUNTY;CREDITCARDCVV;CREDITCARDISSUER;CREDITCARDNUMBER;CURRENCY;CURRENCYCODE;CURRENCYNAME;CURRENCYSYMBOL;DATE;DOB;EMAIL;ETHEREUMADDRESS;EYECOLOR;FIRSTNAME;GENDER;HEIGHT;IBAN;IP;IPV4;IPV6;JOBAREA;JOBTITLE;JOBTYPE;LASTNAME;LITECOINADDRESS;MAC;MASKEDNUMBER;MIDDLENAME;NEARBYGPSCOORDINATE;ORDINALDIRECTION;PASSWORD;PHONEIMEI;PHONENUMBER;PIN;PREFIX;SECONDARYADDRESS;SEX;SSN;STATE;STREET;TIME;URL;USERAGENT;USERNAME;VEHICLEVIN;VEHICLEVRM;ZIPCODE,,,2010
sola-yaml-sections,"StructuredOutputAdapter(output_mode=YAML, prompt_layout=SECTIONS)",pii-0004,ok,,3.234700687999066,1,none,0,56,0.0,False,ACCOUNTNAME;ACCOUNTNUMBER;AGE;AMOUNT;BIC;BITCOINADDRESS;BUILDINGNUMBER;CITY;COMPANYNAME;COUNTY;CREDITCARDCVV;CREDITCARDISSUER;CREDITCARDNUMBER;CURRENCY;CURRENCYCODE;CURRENCYNAME;CURRENCYSYMBOL;DATE;DOB;EMAIL;ETHEREUMADDRESS;EYECOLOR;FIRSTNAME;GENDER;HEIGHT;IBAN;IP;IPV4;IPV6;JOBAREA;JOBTITLE;JOBTYPE;LASTNAME;LITECOINADDRESS;MAC;MASKEDNUMBER;MIDDLENAME;NEARBYGPSCOORDINATE;ORDINALDIRECTION;PASSWORD;PHONEIMEI;PHONENUMBER;PIN;PREFIX;SECONDARYADDRESS;SEX;SSN;STATE;STREET;TIME;URL;USERAGENT;USERNAME;VEHICLEVIN;VEHICLEVRM;ZIPCODE,,,1979
sola-yaml-sections,"StructuredOutputAdapter(output_mode=YAML, prompt_layout=SECTIONS)",pii-0005,ok,,3.2526400520000607,1,none,0,56,0.0,False,ACCOUNTNAME;ACCOUNTNUMBER;AGE;AMOUNT;BIC;BITCOINADDRESS;BUILDINGNUMBER;CITY;COMPANYNAME;COUNTY;CREDITCARDCVV;CREDITCARDISSUER;CREDITCARDNUMBER;CURRENCY;CURRENCYCODE;CURRENCYNAME;CURRENCYSYMBOL;DATE;DOB;EMAIL;ETHEREUMADDRESS;EYECOLOR;FIRSTNAME;GENDER;HEIGHT;IBAN;IP;IPV4;IPV6;JOBAREA;JOBTITLE;JOBTYPE;LASTNAME;LITECOINADDRESS;MAC;MASKEDNUMBER;MIDDLENAME;NEARBYGPSCOORDINATE;ORDINALDIRECTION;PASSWORD;PHONEIMEI;PHONENUMBER;PIN;PREFIX;SECONDARYADDRESS;SEX;SSN;STATE;STREET;TIME;URL;USERAGENT;USERNAME;VEHICLEVIN;VEHICLEVRM;ZIPCODE,,,1997
sola-yaml-sections,"StructuredOutputAdapter(output_mode=YAML, prompt_layout=SECTIONS)",pii-0006,ok,,3.398269960000107,1,none,0,56,0.0,False,ACCOUNTNAME;ACCOUNTNUMBER;AGE;AMOUNT;BIC;BITCOINADDRESS;BUILDINGNUMBER;CITY;COMPANYNAME;COUNTY;CREDITCARDCVV;CREDITCARDISSUER;CREDITCARDNUMBER;CURRENCY;CURRENCYCODE;CURRENCYNAME;CURRENCYSYMBOL;DATE;DOB;EMAIL;ETHEREUMADDRESS;EYECOLOR;FIRSTNAME;GENDER;HEIGHT;IBAN;IP;IPV4;IPV6;JOBAREA;JOBTITLE;JOBTYPE;LASTNAME;LITECOINADDRESS;MAC;MASKEDNUMBER;MIDDLENAME;NEARBYGPSCOORDINATE;ORDINALDIRECTION;PASSWORD;PHONEIMEI;PHONENUMBER;PIN;PREFIX;SECONDARYADDRESS;SEX;SSN;STATE;STREET;TIME;URL;USERAGENT;USERNAME;VEHICLEVIN;VEHICLEVRM;ZIPCODE,,,1968
sola-yaml-sections,"StructuredOutputAdapter(output_mode=YAML, prompt_layout=SECTIONS)",pii-0007,ok,,3.347152680000363,1,none,0,56,0.0,False,ACCOUNTNAME;ACCOUNTNUMBER;AGE;AMOUNT;BIC;BITCOINADDRESS;BUILDINGNUMBER;CITY;COMPANYNAME;COUNTY;CREDITCARDCVV;CREDITCARDISSUER;CREDITCARDNUMBER;CURRENCY;CURRENCYCODE;CURRENCYNAME;CURRENCYSYMBOL;DATE;DOB;EMAIL;ETHEREUMADDRESS;EYECOLOR;FIRSTNAME;GENDER;HEIGHT;IBAN;IP;IPV4;IPV6;JOBAREA;JOBTITLE;JOBTYPE;LASTNAME;LITECOINADDRESS;MAC;MASKEDNUMBER;MIDDLENAME;NEARBYGPSCOORDINATE;ORDINALDIRECTION;PASSWORD;PHONEIMEI;PHONENUMBER;PIN;PREFIX;SECONDARYADDRESS;SEX;SSN;STATE;STREET;TIME;URL;USERAGENT;USERNAME;VEHICLEVIN;VEHICLEVRM;ZIPCODE,,,1999
sola-yaml-sections,"StructuredOutputAdapter(output_mode=YAML, prompt_layout=SECTIONS)",pii-0008,ok,,3.322303461998672,1,none,0,56,0.0,False,ACCOUNTNAME;ACCOUNTNUMBER;AGE;AMOUNT;BIC;BITCOINADDRESS;BUILDINGNUMBER;CITY;COMPANYNAME;COUNTY;CREDITCARDCVV;CREDITCARDISSUER;CREDITCARDNUMBER;CURRENCY;CURRENCYCODE;CURRENCYNAME;CURRENCYSYMBOL;DATE;DOB;EMAIL;ETHEREUMADDRESS;EYECOLOR;FIRSTNAME;GENDER;HEIGHT;IBAN;IP;IPV4;IPV6;JOBAREA;JOBTITLE;JOBTYPE;LASTNAME;LITECOINADDRESS;MAC;MASKEDNUMBER;MIDDLENAME;NEARBYGPSCOORDINATE;ORDINALDIRECTION;PASSWORD;PHONEIMEI;PHONENUMBER;PIN;PREFIX;SECONDARYADDRESS;SEX;SSN;STATE;STREET;TIME;URL;USERAGENT;USERNAME;VEHICLEVIN;VEHICLEVRM;ZIPCODE,,,1976
sola-yaml-sections,"StructuredOutputAdapter(output_mode=YAML, prompt_layout=SECTIONS)",pii-0009,ok,,3.356888993999746,1,none,0,56,0.0,False,ACCOUNTNAME;ACCOUNTNUMBER;AGE;AMOUNT;BIC;BITCOINADDRESS;BUILDINGNUMBER;CITY;COMPANYNAME;COUNTY;CREDITCARDCVV;CREDITCARDISSUER;CREDITCARDNUMBER;CURRENCY;CURRENCYCODE;CURRENCYNAME;CURRENCYSYMBOL;DATE;DOB;EMAIL;ETHEREUMADDRESS;EYECOLOR;FIRSTNAME;GENDER;HEIGHT;IBAN;IP;IPV4;IPV6;JOBAREA;JOBTITLE;JOBTYPE;LASTNAME;LITECOINADDRESS;MAC;MASKEDNUMBER;MIDDLENAME;NEARBYGPSCOORDINATE;ORDINALDIRECTION;PASSWORD;PHONEIMEI;PHONENUMBER;PIN;PREFIX;SECONDARYADDRESS;SEX;SSN;STATE;STREET;TIME;URL;USERAGENT;USERNAME;VEHICLEVIN;VEHICLEVRM;ZIPCODE,,,1982
sola-yaml-sections,"StructuredOutputAdapter(output_mode=YAML, prompt_layout=SECTIONS)",pii-0010,ok,,3.351826121001068,1,none,0,56,0.0,False,ACCOUNTNAME;ACCOUNTNUMBER;AGE;AMOUNT;BIC;BITCOINADDRESS;BUILDINGNUMBER;CITY;COMPANYNAME;COUNTY;CREDITCARDCVV;CREDITCARDISSUER;CREDITCARDNUMBER;CURRENCY;CURRENCYCODE;CURRENCYNAME;CURRENCYSYMBOL;DATE;DOB;EMAIL;ETHEREUMADDRESS;EYECOLOR;FIRSTNAME;GENDER;HEIGHT;IBAN;IP;IPV4;IPV6;JOBAREA;JOBTITLE;JOBTYPE;LASTNAME;LITECOINADDRESS;MAC;MASKEDNUMBER;MIDDLENAME;NEARBYGPSCOORDINATE;ORDINALDIRECTION;PASSWORD;PHONEIMEI;PHONENUMBER;PIN;PREFIX;SECONDARYADDRESS;SEX;SSN;STATE;STREET;TIME;URL;USERAGENT;USERNAME;VEHICLEVIN;VEHICLEVRM;ZIPCODE,,,1997
sola-yaml-sections,"StructuredOutputAdapter(output_mode=YAML, prompt_layout=SECTIONS)",pii-0011,ok,,3.3482698459993117,1,none,0,56,0.0,False,ACCOUNTNAME;ACCOUNTNUMBER;AGE;AMOUNT;BIC;BITCOINADDRESS;BUILDINGNUMBER;CITY;COMPANYNAME;COUNTY;CREDITCARDCVV;CREDITCARDISSUER;CREDITCARDNUMBER;CURRENCY;CURRENCYCODE;CURRENCYNAME;CURRENCYSYMBOL;DATE;DOB;EMAIL;ETHEREUMADDRESS;EYECOLOR;FIRSTNAME;GENDER;HEIGHT;IBAN;IP;IPV4;IPV6;JOBAREA;JOBTITLE;JOBTYPE;LASTNAME;LITECOINADDRESS;MAC;MASKEDNUMBER;MIDDLENAME;NEARBYGPSCOORDINATE;ORDINALDIRECTION;PASSWORD;PHONEIMEI;PHONENUMBER;PIN;PREFIX;SECONDARYADDRESS;SEX;SSN;STATE;STREET;TIME;URL;USERAGENT;USERNAME;VEHICLEVIN;VEHICLEVRM;ZIPCODE,,,2022
sola-yaml-sections,"StructuredOutputAdapter(output_mode=YAML, prompt_layout=SECTIONS)",pii-0012,ok,,3.3471565159998136,1,none,0,56,0.0,False,ACCOUNTNAME;ACCOUNTNUMBER;AGE;AMOUNT;BIC;BITCOINADDRESS;BUILDINGNUMBER;CITY;COMPANYNAME;COUNTY;CREDITCARDCVV;CREDITCARDISSUER;CREDITCARDNUMBER;CURRENCY;CURRENCYCODE;CURRENCYNAME;CURRENCYSYMBOL;DATE;DOB;EMAIL;ETHEREUMADDRESS;EYECOLOR;FIRSTNAME;GENDER;HEIGHT;IBAN;IP;IPV4;IPV6;JOBAREA;JOBTITLE;JOBTYPE;LASTNAME;LITECOINADDRESS;MAC;MASKEDNUMBER;MIDDLENAME;NEARBYGPSCOORDINATE;ORDINALDIRECTION;PASSWORD;PHONEIMEI;PHONENUMBER;PIN;PREFIX;SECONDARYADDRESS;SEX;SSN;STATE;STREET;TIME;URL;USERAGENT;USERNAME;VEHICLEVIN;VEHICLEVRM;ZIPCODE,,,1969
sola-yaml-sections,"StructuredOutputAdapter(output_mode=YAML, prompt_layout=SECTIONS)",pii-0013,ok,,3.2964589370003523,1,none,0,56,0.0,False,ACCOUNTNAME;ACCOUNTNUMBER;AGE;AMOUNT;BIC;BITCOINADDRESS;BUILDINGNUMBER;CITY;COMPANYNAME;COUNTY;CREDITCARDCVV;CREDITCARDISSUER;CREDITCARDNUMBER;CURRENCY;CURRENCYCODE;CURRENCYNAME;CURRENCYSYMBOL;DATE;DOB;EMAIL;ETHEREUMADDRESS;EYECOLOR;FIRSTNAME;GENDER;HEIGHT;IBAN;IP;IPV4;IPV6;JOBAREA;JOBTITLE;JOBTYPE;LASTNAME;LITECOINADDRESS;MAC;MASKEDNUMBER;MIDDLENAME;NEARBYGPSCOORDINATE;ORDINALDIRECTION;PASSWORD;PHONEIMEI;PHONENUMBER;PIN;PREFIX;SECONDARYADDRESS;SEX;SSN;STATE;STREET;TIME;URL;USERAGENT;USERNAME;VEHICLEVIN;VEHICLEVRM;ZIPCODE,,,1970
sola-yaml-sections,"StructuredOutputAdapter(output_mode=YAML, prompt_layout=SECTIONS)",pii-0014,ok,,3.2890643549999368,1,none,0,56,0.0,False,ACCOUNTNAME;ACCOUNTNUMBER;AGE;AMOUNT;BIC;BITCOINADDRESS;BUILDINGNUMBER;CITY;COMPANYNAME;COUNTY;CREDITCARDCVV;CREDITCARDISSUER;CREDITCARDNUMBER;CURRENCY;CURRENCYCODE;CURRENCYNAME;CURRENCYSYMBOL;DATE;DOB;EMAIL;ETHEREUMADDRESS;EYECOLOR;FIRSTNAME;GENDER;HEIGHT;IBAN;IP;IPV4;IPV6;JOBAREA;JOBTITLE;JOBTYPE;LASTNAME;LITECOINADDRESS;MAC;MASKEDNUMBER;MIDDLENAME;NEARBYGPSCOORDINATE;ORDINALDIRECTION;PASSWORD;PHONEIMEI;PHONENUMBER;PIN;PREFIX;SECONDARYADDRESS;SEX;SSN;STATE;STREET;TIME;URL;USERAGENT;USERNAME;VEHICLEVIN;VEHICLEVRM;ZIPCODE,,,1979
sola-yaml-sections,"StructuredOutputAdapter(output_mode=YAML, prompt_layout=SECTIONS)",pii-0015,ok,,3.3360833040005673,1,none,0,56,0.0,False,ACCOUNTNAME;ACCOUNTNUMBER;AGE;AMOUNT;BIC;BITCOINADDRESS;BUILDINGNUMBER;CITY;COMPANYNAME;COUNTY;CREDITCARDCVV;CREDITCARDISSUER;CREDITCARDNUMBER;CURRENCY;CURRENCYCODE;CURRENCYNAME;CURRENCYSYMBOL;DATE;DOB;EMAIL;ETHEREUMADDRESS;EYECOLOR;FIRSTNAME;GENDER;HEIGHT;IBAN;IP;IPV4;IPV6;JOBAREA;JOBTITLE;JOBTYPE;LASTNAME;LITECOINADDRESS;MAC;MASKEDNUMBER;MIDDLENAME;NEARBYGPSCOORDINATE;ORDINALDIRECTION;PASSWORD;PHONEIMEI;PHONENUMBER;PIN;PREFIX;SECONDARYADDRESS;SEX;SSN;STATE;STREET;TIME;URL;USERAGENT;USERNAME;VEHICLEVIN;VEHICLEVRM;ZIPCODE,,,2069
sola-yaml-sections,"StructuredOutputAdapter(output_mode=YAML, prompt_layout=SECTIONS)",pii-0016,ok,,3.3229164570002467,1,none,0,56,0.0,False,ACCOUNTNAME;ACCOUNTNUMBER;AGE;AMOUNT;BIC;BITCOINADDRESS;BUILDINGNUMBER;CITY;COMPANYNAME;COUNTY;CREDITCARDCVV;CREDITCARDISSUER;CREDITCARDNUMBER;CURRENCY;CURRENCYCODE;CURRENCYNAME;CURRENCYSYMBOL;DATE;DOB;EMAIL;ETHEREUMADDRESS;EYECOLOR;FIRSTNAME;GENDER;HEIGHT;IBAN;IP;IPV4;IPV6;JOBAREA;JOBTITLE;JOBTYPE;LASTNAME;LITECOINADDRESS;MAC;MASKEDNUMBER;MIDDLENAME;NEARBYGPSCOORDINATE;ORDINALDIRECTION;PASSWORD;PHONEIMEI;PHONENUMBER;PIN;PREFIX;SECONDARYADDRESS;SEX;SSN;STATE;STREET;TIME;URL;USERAGENT;USERNAME;VEHICLEVIN;VEHICLEVRM;ZIPCODE,,,1982
sola-yaml-sections,"StructuredOutputAdapter(output_mode=YAML, prompt_layout=SECTIONS)",pii-0017,ok,,3.377231997999843,1,none,0,56,0.0,False,ACCOUNTNAME;ACCOUNTNUMBER;AGE;AMOUNT;BIC;BITCOINADDRESS;BUILDINGNUMBER;CITY;COMPANYNAME;COUNTY;CREDITCARDCVV;CREDITCARDISSUER;CREDITCARDNUMBER;CURRENCY;CURRENCYCODE;CURRENCYNAME;CURRENCYSYMBOL;DATE;DOB;EMAIL;ETHEREUMADDRESS;EYECOLOR;FIRSTNAME;GENDER;HEIGHT;IBAN;IP;IPV4;IPV6;JOBAREA;JOBTITLE;JOBTYPE;LASTNAME;LITECOINADDRESS;MAC;MASKEDNUMBER;MIDDLENAME;NEARBYGPSCOORDINATE;ORDINALDIRECTION;PASSWORD;PHONEIMEI;PHONENUMBER;PIN;PREFIX;SECONDARYADDRESS;SEX;SSN;STATE;STREET;TIME;URL;USERAGENT;USERNAME;VEHICLEVIN;VEHICLEVRM;ZIPCODE,,,1986
sola-yaml-sections,"StructuredOutputAdapter(output_mode=YAML, prompt_layout=SECTIONS)",pii-0018,ok,,3.318563458000426,1,none,0,56,0.0,False,ACCOUNTNAME;ACCOUNTNUMBER;AGE;AMOUNT;BIC;BITCOINADDRESS;BUILDINGNUMBER;CITY;COMPANYNAME;COUNTY;CREDITCARDCVV;CREDITCARDISSUER;CREDITCARDNUMBER;CURRENCY;CURRENCYCODE;CURRENCYNAME;CURRENCYSYMBOL;DATE;DOB;EMAIL;ETHEREUMADDRESS;EYECOLOR;FIRSTNAME;GENDER;HEIGHT;IBAN;IP;IPV4;IPV6;JOBAREA;JOBTITLE;JOBTYPE;LASTNAME;LITECOINADDRESS;MAC;MASKEDNUMBER;MIDDLENAME;NEARBYGPSCOORDINATE;ORDINALDIRECTION;PASSWORD;PHONEIMEI;PHONENUMBER;PIN;PREFIX;SECONDARYADDRESS;SEX;SSN;STATE;STREET;TIME;URL;USERAGENT;USERNAME;VEHICLEVIN;VEHICLEVRM;ZIPCODE,,,2008
sola-yaml-sections,"StructuredOutputAdapter(output_mode=YAML, prompt_layout=SECTIONS)",pii-0019,ok,,3.3230784609986586,1,none,0,56,0.0,False,ACCOUNTNAME;ACCOUNTNUMBER;AGE;AMOUNT;BIC;BITCOINADDRESS;BUILDINGNUMBER;CITY;COMPANYNAME;COUNTY;CREDITCARDCVV;CREDITCARDISSUER;CREDITCARDNUMBER;CURRENCY;CURRENCYCODE;CURRENCYNAME;CURRENCYSYMBOL;DATE;DOB;EMAIL;ETHEREUMADDRESS;EYECOLOR;FIRSTNAME;GENDER;HEIGHT;IBAN;IP;IPV4;IPV6;JOBAREA;JOBTITLE;JOBTYPE;LASTNAME;LITECOINADDRESS;MAC;MASKEDNUMBER;MIDDLENAME;NEARBYGPSCOORDINATE;ORDINALDIRECTION;PASSWORD;PHONEIMEI;PHONENUMBER;PIN;PREFIX;SECONDARYADDRESS;SEX;SSN;STATE;STREET;TIME;URL;USERAGENT;USERNAME;VEHICLEVIN;VEHICLEVRM;ZIPCODE,,,2036
sola-yaml-sections,"StructuredOutputAdapter(output_mode=YAML, prompt_layout=SECTIONS)",pii-0020,ok,,3.316397771000993,1,none,0,56,0.0,False,ACCOUNTNAME;ACCOUNTNUMBER;AGE;AMOUNT;BIC;BITCOINADDRESS;BUILDINGNUMBER;CITY;COMPANYNAME;COUNTY;CREDITCARDCVV;CREDITCARDISSUER;CREDITCARDNUMBER;CURRENCY;CURRENCYCODE;CURRENCYNAME;CURRENCYSYMBOL;DATE;DOB;EMAIL;ETHEREUMADDRESS;EYECOLOR;FIRSTNAME;GENDER;HEIGHT;IBAN;IP;IPV4;IPV6;JOBAREA;JOBTITLE;JOBTYPE;LASTNAME;LITECOINADDRESS;MAC;MASKEDNUMBER;MIDDLENAME;NEARBYGPSCOORDINATE;ORDINALDIRECTION;PASSWORD;PHONEIMEI;PHONENUMBER;PIN;PREFIX;SECONDARYADDRESS;SEX;SSN;STATE;STREET;TIME;URL;USERAGENT;USERNAME;VEHICLEVIN;VEHICLEVRM;ZIPCODE,,,1972
sola-yaml-sections,"StructuredOutputAdapter(output_mode=YAML, prompt_layout=SECTIONS)",pii-0021,ok,,3.28926801399939,1,none,0,56,0.0,False,ACCOUNTNAME;ACCOUNTNUMBER;AGE;AMOUNT;BIC;BITCOINADDRESS;BUILDINGNUMBER;CITY;COMPANYNAME;COUNTY;CREDITCARDCVV;CREDITCARDISSUER;CREDITCARDNUMBER;CURRENCY;CURRENCYCODE;CURRENCYNAME;CURRENCYSYMBOL;DATE;DOB;EMAIL;ETHEREUMADDRESS;EYECOLOR;FIRSTNAME;GENDER;HEIGHT;IBAN;IP;IPV4;IPV6;JOBAREA;JOBTITLE;JOBTYPE;LASTNAME;LITECOINADDRESS;MAC;MASKEDNUMBER;MIDDLENAME;NEARBYGPSCOORDINATE;ORDINALDIRECTION;PASSWORD;PHONEIMEI;PHONENUMBER;PIN;PREFIX;SECONDARYADDRESS;SEX;SSN;STATE;STREET;TIME;URL;USERAGENT;USERNAME;VEHICLEVIN;VEHICLEVRM;ZIPCODE,,,1974
sola-yaml-sections,"StructuredOutputAdapter(output_mode=YAML, prompt_layout=SECTIONS)",pii-0022,ok,,3.290498532998754,1,none,0,56,0.0,False,ACCOUNTNAME;ACCOUNTNUMBER;AGE;AMOUNT;BIC;BITCOINADDRESS;BUILDINGNUMBER;CITY;COMPANYNAME;COUNTY;CREDITCARDCVV;CREDITCARDISSUER;CREDITCARDNUMBER;CURRENCY;CURRENCYCODE;CURRENCYNAME;CURRENCYSYMBOL;DATE;DOB;EMAIL;ETHEREUMADDRESS;EYECOLOR;FIRSTNAME;GENDER;HEIGHT;IBAN;IP;IPV4;IPV6;JOBAREA;JOBTITLE;JOBTYPE;LASTNAME;LITECOINADDRESS;MAC;MASKEDNUMBER;MIDDLENAME;NEARBYGPSCOORDINATE;ORDINALDIRECTION;PASSWORD;PHONEIMEI;PHONENUMBER;PIN;PREFIX;SECONDARYADDRESS;SEX;SSN;STATE;STREET;TIME;URL;USERAGENT;USERNAME;VEHICLEVIN;VEHICLEVRM;ZIPCODE,,,1982
sola-yaml-sections,"StructuredOutputAdapter(output_mode=YAML, prompt_layout=SECTIONS)",pii-0023,ok,,3.2972622929992212,1,none,0,56,0.0,False,ACCOUNTNAME;ACCOUNTNUMBER;AGE;AMOUNT;BIC;BITCOINADDRESS;BUILDINGNUMBER;CITY;COMPANYNAME;COUNTY;CREDITCARDCVV;CREDITCARDISSUER;CREDITCARDNUMBER;CURRENCY;CURRENCYCODE;CURRENCYNAME;CURRENCYSYMBOL;DATE;DOB;EMAIL;ETHEREUMADDRESS;EYECOLOR;FIRSTNAME;GENDER;HEIGHT;IBAN;IP;IPV4;IPV6;JOBAREA;JOBTITLE;JOBTYPE;LASTNAME;LITECOINADDRESS;MAC;MASKEDNUMBER;MIDDLENAME;NEARBYGPSCOORDINATE;ORDINALDIRECTION;PASSWORD;PHONEIMEI;PHONENUMBER;PIN;PREFIX;SECONDARYADDRESS;SEX;SSN;STATE;STREET;TIME;URL;USERAGENT;USERNAME;VEHICLEVIN;VEHICLEVRM;ZIPCODE,,,2008
sola-yaml-sections,"StructuredOutputAdapter(output_mode=YAML, prompt_layout=SECTIONS)",pii-0024,ok,,3.307883061999746,1,none,0,56,0.0,False,ACCOUNTNAME;ACCOUNTNUMBER;AGE;AMOUNT;BIC;BITCOINADDRESS;BUILDINGNUMBER;CITY;COMPANYNAME;COUNTY;CREDITCARDCVV;CREDITCARDISSUER;CREDITCARDNUMBER;CURRENCY;CURRENCYCODE;CURRENCYNAME;CURRENCYSYMBOL;DATE;DOB;EMAIL;ETHEREUMADDRESS;EYECOLOR;FIRSTNAME;GENDER;HEIGHT;IBAN;IP;IPV4;IPV6;JOBAREA;JOBTITLE;JOBTYPE;LASTNAME;LITECOINADDRESS;MAC;MASKEDNUMBER;MIDDLENAME;NEARBYGPSCOORDINATE;ORDINALDIRECTION;PASSWORD;PHONEIMEI;PHONENUMBER;PIN;PREFIX;SECONDARYADDRESS;SEX;SSN;STATE;STREET;TIME;URL;USERAGENT;USERNAME;VEHICLEVIN;VEHICLEVRM;ZIPCODE,,,1972
sola-yaml-sections,"StructuredOutputAdapter(output_mode=YAML, prompt_layout=SECTIONS)",pii-0025,ok,,3.2460559859991918,1,none,0,56,0.0,False,ACCOUNTNAME;ACCOUNTNUMBER;AGE;AMOUNT;BIC;BITCOINADDRESS;BUILDINGNUMBER;CITY;COMPANYNAME;COUNTY;CREDITCARDCVV;CREDITCARDISSUER;CREDITCARDNUMBER;CURRENCY;CURRENCYCODE;CURRENCYNAME;CURRENCYSYMBOL;DATE;DOB;EMAIL;ETHEREUMADDRESS;EYECOLOR;FIRSTNAME;GENDER;HEIGHT;IBAN;IP;IPV4;IPV6;JOBAREA;JOBTITLE;JOBTYPE;LASTNAME;LITECOINADDRESS;MAC;MASKEDNUMBER;MIDDLENAME;NEARBYGPSCOORDINATE;ORDINALDIRECTION;PASSWORD;PHONEIMEI;PHONENUMBER;PIN;PREFIX;SECONDARYADDRESS;SEX;SSN;STATE;STREET;TIME;URL;USERAGENT;USERNAME;VEHICLEVIN;VEHICLEVRM;ZIPCODE,,,2001
sola-yaml-sections,"StructuredOutputAdapter(output_mode=YAML, prompt_layout=SECTIONS)",pii-0026,ok,,3.3465041119998205,1,none,0,56,0.0,False,ACCOUNTNAME;ACCOUNTNUMBER;AGE;AMOUNT;BIC;BITCOINADDRESS;BUILDINGNUMBER;CITY;COMPANYNAME;COUNTY;CREDITCARDCVV;CREDITCARDISSUER;CREDITCARDNUMBER;CURRENCY;CURRENCYCODE;CURRENCYNAME;CURRENCYSYMBOL;DATE;DOB;EMAIL;ETHEREUMADDRESS;EYECOLOR;FIRSTNAME;GENDER;HEIGHT;IBAN;IP;IPV4;IPV6;JOBAREA;JOBTITLE;JOBTYPE;LASTNAME;LITECOINADDRESS;MAC;MASKEDNUMBER;MIDDLENAME;NEARBYGPSCOORDINATE;ORDINALDIRECTION;PASSWORD;PHONEIMEI;PHONENUMBER;PIN;PREFIX;SECONDARYADDRESS;SEX;SSN;STATE;STREET;TIME;URL;USERAGENT;USERNAME;VEHICLEVIN;VEHICLEVRM;ZIPCODE,,,2005
sola-yaml-sections,"StructuredOutputAdapter(output_mode=YAML, prompt_layout=SECTIONS)",pii-0027,ok,,3.3786847490009677,1,none,0,56,0.0,False,ACCOUNTNAME;ACCOUNTNUMBER;AGE;AMOUNT;BIC;BITCOINADDRESS;BUILDINGNUMBER;CITY;COMPANYNAME;COUNTY;CREDITCARDCVV;CREDITCARDISSUER;CREDITCARDNUMBER;CURRENCY;CURRENCYCODE;CURRENCYNAME;CURRENCYSYMBOL;DATE;DOB;EMAIL;ETHEREUMADDRESS;EYECOLOR;FIRSTNAME;GENDER;HEIGHT;IBAN;IP;IPV4;IPV6;JOBAREA;JOBTITLE;JOBTYPE;LASTNAME;LITECOINADDRESS;MAC;MASKEDNUMBER;MIDDLENAME;NEARBYGPSCOORDINATE;ORDINALDIRECTION;PASSWORD;PHONEIMEI;PHONENUMBER;PIN;PREFIX;SECONDARYADDRESS;SEX;SSN;STATE;STREET;TIME;URL;USERAGENT;USERNAME;VEHICLEVIN;VEHICLEVRM;ZIPCODE,,,2014
sola-yaml-sections,"StructuredOutputAdapter(output_mode=YAML, prompt_layout=SECTIONS)",pii-0028,ok,,3.38196503799918,1,none,0,56,0.0,False,ACCOUNTNAME;ACCOUNTNUMBER;AGE;AMOUNT;BIC;BITCOINADDRESS;BUILDINGNUMBER;CITY;COMPANYNAME;COUNTY;CREDITCARDCVV;CREDITCARDISSUER;CREDITCARDNUMBER;CURRENCY;CURRENCYCODE;CURRENCYNAME;CURRENCYSYMBOL;DATE;DOB;EMAIL;ETHEREUMADDRESS;EYECOLOR;FIRSTNAME;GENDER;HEIGHT;IBAN;IP;IPV4;IPV6;JOBAREA;JOBTITLE;JOBTYPE;LASTNAME;LITECOINADDRESS;MAC;MASKEDNUMBER;MIDDLENAME;NEARBYGPSCOORDINATE;ORDINALDIRECTION;PASSWORD;PHONEIMEI;PHONENUMBER;PIN;PREFIX;SECONDARYADDRESS;SEX;SSN;STATE;STREET;TIME;URL;USERAGENT;USERNAME;VEHICLEVIN;VEHICLEVRM;ZIPCODE,,,1991
sola-yaml-sections,"StructuredOutputAdapter(output_mode=YAML, prompt_layout=SECTIONS)",pii-0029,ok,,3.4003150389999064,1,none,0,56,0.0,False,ACCOUNTNAME;ACCOUNTNUMBER;AGE;AMOUNT;BIC;BITCOINADDRESS;BUILDINGNUMBER;CITY;COMPANYNAME;COUNTY;CREDITCARDCVV;CREDITCARDISSUER;CREDITCARDNUMBER;CURRENCY;CURRENCYCODE;CURRENCYNAME;CURRENCYSYMBOL;DATE;DOB;EMAIL;ETHEREUMADDRESS;EYECOLOR;FIRSTNAME;GENDER;HEIGHT;IBAN;IP;IPV4;IPV6;JOBAREA;JOBTITLE;JOBTYPE;LASTNAME;LITECOINADDRESS;MAC;MASKEDNUMBER;MIDDLENAME;NEARBYGPSCOORDINATE;ORDINALDIRECTION;PASSWORD;PHONEIMEI;PHONENUMBER;PIN;PREFIX;SECONDARYADDRESS;SEX;SSN;STATE;STREET;TIME;URL;USERAGENT;USERNAME;VEHICLEVIN;VEHICLEVRM;ZIPCODE,,,1997
sola-jsonish-rescue,"StructuredOutputAdapter(output_mode=JSONISH, prompt_layout=SECTIONS, parse_config=ParseConfig())",pii-0000,validation_error,ValidationError,3.4915344069995626,1,json_object,0,56,0.0,False,,ACCOUNTNAME;ACCOUNTNUMBER;AGE;AMOUNT;BIC;BITCOINADDRESS;BUILDINGNUMBER;CITY;COMPANYNAME;COUNTY;CREDITCARDCVV;CREDITCARDISSUER;CREDITCARDNUMBER;CURRENCY;CURRENCYCODE;CURRENCYNAME;CURRENCYSYMBOL;DATE;DOB;EMAIL;ETHEREUMADDRESS;EYECOLOR;FIRSTNAME;GENDER;HEIGHT;IBAN;IP;IPV4;IPV6;JOBAREA;JOBTITLE;JOBTYPE;LASTNAME;LITECOINADDRESS;MAC;MASKEDNUMBER;MIDDLENAME;NEARBYGPSCOORDINATE;ORDINALDIRECTION;PASSWORD;PHONEIMEI;PHONENUMBER;PIN;PREFIX;SECONDARYADDRESS;SEX;SSN;STATE;STREET;TIME;URL;USERAGENT;USERNAME;VEHICLEVIN;VEHICLEVRM;ZIPCODE,,1966
sola-jsonish-rescue,"StructuredOutputAdapter(output_mode=JSONISH, prompt_layout=SECTIONS, parse_config=ParseConfig())",pii-0001,validation_error,ValidationError,3.522673515999486,1,json_object,0,56,0.0,False,,ACCOUNTNAME;ACCOUNTNUMBER;AGE;AMOUNT;BIC;BITCOINADDRESS;BUILDINGNUMBER;CITY;COMPANYNAME;COUNTY;CREDITCARDCVV;CREDITCARDISSUER;CREDITCARDNUMBER;CURRENCY;CURRENCYCODE;CURRENCYNAME;CURRENCYSYMBOL;DATE;DOB;EMAIL;ETHEREUMADDRESS;EYECOLOR;FIRSTNAME;GENDER;HEIGHT;IBAN;IP;IPV4;IPV6;JOBAREA;JOBTITLE;JOBTYPE;LASTNAME;LITECOINADDRESS;MAC;MASKEDNUMBER;MIDDLENAME;NEARBYGPSCOORDINATE;ORDINALDIRECTION;PASSWORD;PHONEIMEI;PHONENUMBER;PIN;PREFIX;SECONDARYADDRESS;SEX;SSN;STATE;STREET;TIME;URL;USERAGENT;USERNAME;VEHICLEVIN;VEHICLEVRM;ZIPCODE,,1951
sola-jsonish-rescue,"StructuredOutputAdapter(output_mode=JSONISH, prompt_layout=SECTIONS, parse_config=ParseConfig())",pii-0002,validation_error,ValidationError,0.1684323570007109,1,json_object,0,56,0.0,False,,ACCOUNTNAME;ACCOUNTNUMBER;AGE;AMOUNT;BIC;BITCOINADDRESS;BUILDINGNUMBER;CITY;COMPANYNAME;COUNTY;CREDITCARDCVV;CREDITCARDISSUER;CREDITCARDNUMBER;CURRENCY;CURRENCYCODE;CURRENCYNAME;CURRENCYSYMBOL;DATE;DOB;EMAIL;ETHEREUMADDRESS;EYECOLOR;FIRSTNAME;GENDER;HEIGHT;IBAN;IP;IPV4;IPV6;JOBAREA;JOBTITLE;JOBTYPE;LASTNAME;LITECOINADDRESS;MAC;MASKEDNUMBER;MIDDLENAME;NEARBYGPSCOORDINATE;ORDINALDIRECTION;PASSWORD;PHONEIMEI;PHONENUMBER;PIN;PREFIX;SECONDARYADDRESS;SEX;SSN;STATE;STREET;TIME;URL;USERAGENT;USERNAME;VEHICLEVIN;VEHICLEVRM;ZIPCODE,,1069
sola-jsonish-rescue,"StructuredOutputAdapter(output_mode=JSONISH, prompt_layout=SECTIONS, parse_config=ParseConfig())",pii-0003,validation_error,ValidationError,0.22064797500024724,1,json_object,0,56,0.0,False,,ACCOUNTNAME;ACCOUNTNUMBER;AGE;AMOUNT;BIC;BITCOINADDRESS;BUILDINGNUMBER;CITY;COMPANYNAME;COUNTY;CREDITCARDCVV;CREDITCARDISSUER;CREDITCARDNUMBER;CURRENCY;CURRENCYCODE;CURRENCYNAME;CURRENCYSYMBOL;DATE;DOB;EMAIL;ETHEREUMADDRESS;EYECOLOR;FIRSTNAME;GENDER;HEIGHT;IBAN;IP;IPV4;IPV6;JOBAREA;JOBTITLE;JOBTYPE;LASTNAME;LITECOINADDRESS;MAC;MASKEDNUMBER;MIDDLENAME;NEARBYGPSCOORDINATE;ORDINALDIRECTION;PASSWORD;PHONEIMEI;PHONENUMBER;PIN;PREFIX;SECONDARYADDRESS;SEX;SSN;STATE;STREET;TIME;URL;USERAGENT;USERNAME;VEHICLEVIN;VEHICLEVRM;ZIPCODE,,1095
sola-jsonish-rescue,"StructuredOutputAdapter(output_mode=JSONISH, prompt_layout=SECTIONS, parse_config=ParseConfig())",pii-0004,validation_error,ValidationError,0.21458958000039274,1,json_object,0,56,0.0,False,,ACCOUNTNAME;ACCOUNTNUMBER;AGE;AMOUNT;BIC;BITCOINADDRESS;BUILDINGNUMBER;CITY;COMPANYNAME;COUNTY;CREDITCARDCVV;CREDITCARDISSUER;CREDITCARDNUMBER;CURRENCY;CURRENCYCODE;CURRENCYNAME;CURRENCYSYMBOL;DATE;DOB;EMAIL;ETHEREUMADDRESS;EYECOLOR;FIRSTNAME;GENDER;HEIGHT;IBAN;IP;IPV4;IPV6;JOBAREA;JOBTITLE;JOBTYPE;LASTNAME;LITECOINADDRESS;MAC;MASKEDNUMBER;MIDDLENAME;NEARBYGPSCOORDINATE;ORDINALDIRECTION;PASSWORD;PHONEIMEI;PHONENUMBER;PIN;PREFIX;SECONDARYADDRESS;SEX;SSN;STATE;STREET;TIME;URL;USERAGENT;USERNAME;VEHICLEVIN;VEHICLEVRM;ZIPCODE,,1062
sola-jsonish-rescue,"StructuredOutputAdapter(output_mode=JSONISH, prompt_layout=SECTIONS, parse_config=ParseConfig())",pii-0005,validation_error,ValidationError,3.349228580000272,1,json_object,0,56,0.0,False,,ACCOUNTNAME;ACCOUNTNUMBER;AGE;AMOUNT;BIC;BITCOINADDRESS;BUILDINGNUMBER;CITY;COMPANYNAME;COUNTY;CREDITCARDCVV;CREDITCARDISSUER;CREDITCARDNUMBER;CURRENCY;CURRENCYCODE;CURRENCYNAME;CURRENCYSYMBOL;DATE;DOB;EMAIL;ETHEREUMADDRESS;EYECOLOR;FIRSTNAME;GENDER;HEIGHT;IBAN;IP;IPV4;IPV6;JOBAREA;JOBTITLE;JOBTYPE;LASTNAME;LITECOINADDRESS;MAC;MASKEDNUMBER;MIDDLENAME;NEARBYGPSCOORDINATE;ORDINALDIRECTION;PASSWORD;PHONEIMEI;PHONENUMBER;PIN;PREFIX;SECONDARYADDRESS;SEX;SSN;STATE;STREET;TIME;URL;USERAGENT;USERNAME;VEHICLEVIN;VEHICLEVRM;ZIPCODE,,1897
sola-jsonish-rescue,"StructuredOutputAdapter(output_mode=JSONISH, prompt_layout=SECTIONS, parse_config=ParseConfig())",pii-0006,validation_error,ValidationError,3.6175891479997517,1,json_object,0,56,0.0,False,,ACCOUNTNAME;ACCOUNTNUMBER;AGE;AMOUNT;BIC;BITCOINADDRESS;BUILDINGNUMBER;CITY;COMPANYNAME;COUNTY;CREDITCARDCVV;CREDITCARDISSUER;CREDITCARDNUMBER;CURRENCY;CURRENCYCODE;CURRENCYNAME;CURRENCYSYMBOL;DATE;DOB;EMAIL;ETHEREUMADDRESS;EYECOLOR;FIRSTNAME;GENDER;HEIGHT;IBAN;IP;IPV4;IPV6;JOBAREA;JOBTITLE;JOBTYPE;LASTNAME;LITECOINADDRESS;MAC;MASKEDNUMBER;MIDDLENAME;NEARBYGPSCOORDINATE;ORDINALDIRECTION;PASSWORD;PHONEIMEI;PHONENUMBER;PIN;PREFIX;SECONDARYADDRESS;SEX;SSN;STATE;STREET;TIME;URL;USERAGENT;USERNAME;VEHICLEVIN;VEHICLEVRM;ZIPCODE,,1908
sola-jsonish-rescue,"StructuredOutputAdapter(output_mode=JSONISH, prompt_layout=SECTIONS, parse_config=ParseConfig())",pii-0007,validation_error,ValidationError,0.20206632299959892,1,json_object,0,56,0.0,False,,ACCOUNTNAME;ACCOUNTNUMBER;AGE;AMOUNT;BIC;BITCOINADDRESS;BUILDINGNUMBER;CITY;COMPANYNAME;COUNTY;CREDITCARDCVV;CREDITCARDISSUER;CREDITCARDNUMBER;CURRENCY;CURRENCYCODE;CURRENCYNAME;CURRENCYSYMBOL;DATE;DOB;EMAIL;ETHEREUMADDRESS;EYECOLOR;FIRSTNAME;GENDER;HEIGHT;IBAN;IP;IPV4;IPV6;JOBAREA;JOBTITLE;JOBTYPE;LASTNAME;LITECOINADDRESS;MAC;MASKEDNUMBER;MIDDLENAME;NEARBYGPSCOORDINATE;ORDINALDIRECTION;PASSWORD;PHONEIMEI;PHONENUMBER;PIN;PREFIX;SECONDARYADDRESS;SEX;SSN;STATE;STREET;TIME;URL;USERAGENT;USERNAME;VEHICLEVIN;VEHICLEVRM;ZIPCODE,,1084
sola-jsonish-rescue,"StructuredOutputAdapter(output_mode=JSONISH, prompt_layout=SECTIONS, parse_config=ParseConfig())",pii-0008,validation_error,ValidationError,3.0994828839993716,1,json_object,0,56,0.0,False,,ACCOUNTNAME;ACCOUNTNUMBER;AGE;AMOUNT;BIC;BITCOINADDRESS;BUILDINGNUMBER;CITY;COMPANYNAME;COUNTY;CREDITCARDCVV;CREDITCARDISSUER;CREDITCARDNUMBER;CURRENCY;CURRENCYCODE;CURRENCYNAME;CURRENCYSYMBOL;DATE;DOB;EMAIL;ETHEREUMADDRESS;EYECOLOR;FIRSTNAME;GENDER;HEIGHT;IBAN;IP;IPV4;IPV6;JOBAREA;JOBTITLE;JOBTYPE;LASTNAME;LITECOINADDRESS;MAC;MASKEDNUMBER;MIDDLENAME;NEARBYGPSCOORDINATE;ORDINALDIRECTION;PASSWORD;PHONEIMEI;PHONENUMBER;PIN;PREFIX;SECONDARYADDRESS;SEX;SSN;STATE;STREET;TIME;URL;USERAGENT;USERNAME;VEHICLEVIN;VEHICLEVRM;ZIPCODE,,1858
sola-jsonish-rescue,"StructuredOutputAdapter(output_mode=JSONISH, prompt_layout=SECTIONS, parse_config=ParseConfig())",pii-0009,validation_error,ValidationError,0.19847955200020806,1,json_object,0,56,0.0,False,,ACCOUNTNAME;ACCOUNTNUMBER;AGE;AMOUNT;BIC;BITCOINADDRESS;BUILDINGNUMBER;CITY;COMPANYNAME;COUNTY;CREDITCARDCVV;CREDITCARDISSUER;CREDITCARDNUMBER;CURRENCY;CURRENCYCODE;CURRENCYNAME;CURRENCYSYMBOL;DATE;DOB;EMAIL;ETHEREUMADDRESS;EYECOLOR;FIRSTNAME;GENDER;HEIGHT;IBAN;IP;IPV4;IPV6;JOBAREA;JOBTITLE;JOBTYPE;LASTNAME;LITECOINADDRESS;MAC;MASKEDNUMBER;MIDDLENAME;NEARBYGPSCOORDINATE;ORDINALDIRECTION;PASSWORD;PHONEIMEI;PHONENUMBER;PIN;PREFIX;SECONDARYADDRESS;SEX;SSN;STATE;STREET;TIME;URL;USERAGENT;USERNAME;VEHICLEVIN;VEHICLEVRM;ZIPCODE,,1067
sola-jsonish-rescue,"StructuredOutputAdapter(output_mode=JSONISH, prompt_layout=SECTIONS, parse_config=ParseConfig())",pii-0010,validation_error,ValidationError,0.22578792199965392,1,json_object,0,56,0.0,False,,ACCOUNTNAME;ACCOUNTNUMBER;AGE;AMOUNT;BIC;BITCOINADDRESS;BUILDINGNUMBER;CITY;COMPANYNAME;COUNTY;CREDITCARDCVV;CREDITCARDISSUER;CREDITCARDNUMBER;CURRENCY;CURRENCYCODE;CURRENCYNAME;CURRENCYSYMBOL;DATE;DOB;EMAIL;ETHEREUMADDRESS;EYECOLOR;FIRSTNAME;GENDER;HEIGHT;IBAN;IP;IPV4;IPV6;JOBAREA;JOBTITLE;JOBTYPE;LASTNAME;LITECOINADDRESS;MAC;MASKEDNUMBER;MIDDLENAME;NEARBYGPSCOORDINATE;ORDINALDIRECTION;PASSWORD;PHONEIMEI;PHONENUMBER;PIN;PREFIX;SECONDARYADDRESS;SEX;SSN;STATE;STREET;TIME;URL;USERAGENT;USERNAME;VEHICLEVIN;VEHICLEVRM;ZIPCODE,,1084
sola-jsonish-rescue,"StructuredOutputAdapter(output_mode=JSONISH, prompt_layout=SECTIONS, parse_config=ParseConfig())",pii-0011,validation_error,ValidationError,0.20769553599893698,1,json_object,0,56,0.0,False,,ACCOUNTNAME;ACCOUNTNUMBER;AGE;AMOUNT;BIC;BITCOINADDRESS;BUILDINGNUMBER;CITY;COMPANYNAME;COUNTY;CREDITCARDCVV;CREDITCARDISSUER;CREDITCARDNUMBER;CURRENCY;CURRENCYCODE;CURRENCYNAME;CURRENCYSYMBOL;DATE;DOB;EMAIL;ETHEREUMADDRESS;EYECOLOR;FIRSTNAME;GENDER;HEIGHT;IBAN;IP;IPV4;IPV6;JOBAREA;JOBTITLE;JOBTYPE;LASTNAME;LITECOINADDRESS;MAC;MASKEDNUMBER;MIDDLENAME;NEARBYGPSCOORDINATE;ORDINALDIRECTION;PASSWORD;PHONEIMEI;PHONENUMBER;PIN;PREFIX;SECONDARYADDRESS;SEX;SSN;STATE;STREET;TIME;URL;USERAGENT;USERNAME;VEHICLEVIN;VEHICLEVRM;ZIPCODE,,1107
sola-jsonish-rescue,"StructuredOutputAdapter(output_mode=JSONISH, prompt_layout=SECTIONS, parse_config=ParseConfig())",pii-0012,validation_error,ValidationError,3.18749638600093,1,json_object,0,56,0.0,False,,ACCOUNTNAME;ACCOUNTNUMBER;AGE;AMOUNT;BIC;BITCOINADDRESS;BUILDINGNUMBER;CITY;COMPANYNAME;COUNTY;CREDITCARDCVV;CREDITCARDISSUER;CREDITCARDNUMBER;CURRENCY;CURRENCYCODE;CURRENCYNAME;CURRENCYSYMBOL;DATE;DOB;EMAIL;ETHEREUMADDRESS;EYECOLOR;FIRSTNAME;GENDER;HEIGHT;IBAN;IP;IPV4;IPV6;JOBAREA;JOBTITLE;JOBTYPE;LASTNAME;LITECOINADDRESS;MAC;MASKEDNUMBER;MIDDLENAME;NEARBYGPSCOORDINATE;ORDINALDIRECTION;PASSWORD;PHONEIMEI;PHONENUMBER;PIN;PREFIX;SECONDARYADDRESS;SEX;SSN;STATE;STREET;TIME;URL;USERAGENT;USERNAME;VEHICLEVIN;VEHICLEVRM;ZIPCODE,,1839
sola-jsonish-rescue,"StructuredOutputAdapter(output_mode=JSONISH, prompt_layout=SECTIONS, parse_config=ParseConfig())",pii-0013,validation_error,ValidationError,0.17256870300116134,1,json_object,0,56,0.0,False,,ACCOUNTNAME;ACCOUNTNUMBER;AGE;AMOUNT;BIC;BITCOINADDRESS;BUILDINGNUMBER;CITY;COMPANYNAME;COUNTY;CREDITCARDCVV;CREDITCARDISSUER;CREDITCARDNUMBER;CURRENCY;CURRENCYCODE;CURRENCYNAME;CURRENCYSYMBOL;DATE;DOB;EMAIL;ETHEREUMADDRESS;EYECOLOR;FIRSTNAME;GENDER;HEIGHT;IBAN;IP;IPV4;IPV6;JOBAREA;JOBTITLE;JOBTYPE;LASTNAME;LITECOINADDRESS;MAC;MASKEDNUMBER;MIDDLENAME;NEARBYGPSCOORDINATE;ORDINALDIRECTION;PASSWORD;PHONEIMEI;PHONENUMBER;PIN;PREFIX;SECONDARYADDRESS;SEX;SSN;STATE;STREET;TIME;URL;USERAGENT;USERNAME;VEHICLEVIN;VEHICLEVRM;ZIPCODE,,1041
sola-jsonish-rescue,"StructuredOutputAdapter(output_mode=JSONISH, prompt_layout=SECTIONS, parse_config=ParseConfig())",pii-0014,validation_error,ValidationError,0.24604227499912668,1,json_object,0,56,0.0,False,,ACCOUNTNAME;ACCOUNTNUMBER;AGE;AMOUNT;BIC;BITCOINADDRESS;BUILDINGNUMBER;CITY;COMPANYNAME;COUNTY;CREDITCARDCVV;CREDITCARDISSUER;CREDITCARDNUMBER;CURRENCY;CURRENCYCODE;CURRENCYNAME;CURRENCYSYMBOL;DATE;DOB;EMAIL;ETHEREUMADDRESS;EYECOLOR;FIRSTNAME;GENDER;HEIGHT;IBAN;IP;IPV4;IPV6;JOBAREA;JOBTITLE;JOBTYPE;LASTNAME;LITECOINADDRESS;MAC;MASKEDNUMBER;MIDDLENAME;NEARBYGPSCOORDINATE;ORDINALDIRECTION;PASSWORD;PHONEIMEI;PHONENUMBER;PIN;PREFIX;SECONDARYADDRESS;SEX;SSN;STATE;STREET;TIME;URL;USERAGENT;USERNAME;VEHICLEVIN;VEHICLEVRM;ZIPCODE,,1068
sola-jsonish-rescue,"StructuredOutputAdapter(output_mode=JSONISH, prompt_layout=SECTIONS, parse_config=ParseConfig())",pii-0015,validation_error,ValidationError,3.5588436250000086,1,json_object,0,56,0.0,False,,ACCOUNTNAME;ACCOUNTNUMBER;AGE;AMOUNT;BIC;BITCOINADDRESS;BUILDINGNUMBER;CITY;COMPANYNAME;COUNTY;CREDITCARDCVV;CREDITCARDISSUER;CREDITCARDNUMBER;CURRENCY;CURRENCYCODE;CURRENCYNAME;CURRENCYSYMBOL;DATE;DOB;EMAIL;ETHEREUMADDRESS;EYECOLOR;FIRSTNAME;GENDER;HEIGHT;IBAN;IP;IPV4;IPV6;JOBAREA;JOBTITLE;JOBTYPE;LASTNAME;LITECOINADDRESS;MAC;MASKEDNUMBER;MIDDLENAME;NEARBYGPSCOORDINATE;ORDINALDIRECTION;PASSWORD;PHONEIMEI;PHONENUMBER;PIN;PREFIX;SECONDARYADDRESS;SEX;SSN;STATE;STREET;TIME;URL;USERAGENT;USERNAME;VEHICLEVIN;VEHICLEVRM;ZIPCODE,,2026
sola-jsonish-rescue,"StructuredOutputAdapter(output_mode=JSONISH, prompt_layout=SECTIONS, parse_config=ParseConfig())",pii-0016,validation_error,ValidationError,0.2513462629995047,1,json_object,0,56,0.0,False,,ACCOUNTNAME;ACCOUNTNUMBER;AGE;AMOUNT;BIC;BITCOINADDRESS;BUILDINGNUMBER;CITY;COMPANYNAME;COUNTY;CREDITCARDCVV;CREDITCARDISSUER;CREDITCARDNUMBER;CURRENCY;CURRENCYCODE;CURRENCYNAME;CURRENCYSYMBOL;DATE;DOB;EMAIL;ETHEREUMADDRESS;EYECOLOR;FIRSTNAME;GENDER;HEIGHT;IBAN;IP;IPV4;IPV6;JOBAREA;JOBTITLE;JOBTYPE;LASTNAME;LITECOINADDRESS;MAC;MASKEDNUMBER;MIDDLENAME;NEARBYGPSCOORDINATE;ORDINALDIRECTION;PASSWORD;PHONEIMEI;PHONENUMBER;PIN;PREFIX;SECONDARYADDRESS;SEX;SSN;STATE;STREET;TIME;URL;USERAGENT;USERNAME;VEHICLEVIN;VEHICLEVRM;ZIPCODE,,1065
sola-jsonish-rescue,"StructuredOutputAdapter(output_mode=JSONISH, prompt_layout=SECTIONS, parse_config=ParseConfig())",pii-0017,validation_error,ValidationError,0.20692938300089736,1,json_object,0,56,0.0,False,,ACCOUNTNAME;ACCOUNTNUMBER;AGE;AMOUNT;BIC;BITCOINADDRESS;BUILDINGNUMBER;CITY;COMPANYNAME;COUNTY;CREDITCARDCVV;CREDITCARDISSUER;CREDITCARDNUMBER;CURRENCY;CURRENCYCODE;CURRENCYNAME;CURRENCYSYMBOL;DATE;DOB;EMAIL;ETHEREUMADDRESS;EYECOLOR;FIRSTNAME;GENDER;HEIGHT;IBAN;IP;IPV4;IPV6;JOBAREA;JOBTITLE;JOBTYPE;LASTNAME;LITECOINADDRESS;MAC;MASKEDNUMBER;MIDDLENAME;NEARBYGPSCOORDINATE;ORDINALDIRECTION;PASSWORD;PHONEIMEI;PHONENUMBER;PIN;PREFIX;SECONDARYADDRESS;SEX;SSN;STATE;STREET;TIME;URL;USERAGENT;USERNAME;VEHICLEVIN;VEHICLEVRM;ZIPCODE,,1069
sola-jsonish-rescue,"StructuredOutputAdapter(output_mode=JSONISH, prompt_layout=SECTIONS, parse_config=ParseConfig())",pii-0018,validation_error,ValidationError,3.0712889909991645,1,json_object,0,56,0.0,False,,ACCOUNTNAME;ACCOUNTNUMBER;AGE;AMOUNT;BIC;BITCOINADDRESS;BUILDINGNUMBER;CITY;COMPANYNAME;COUNTY;CREDITCARDCVV;CREDITCARDISSUER;CREDITCARDNUMBER;CURRENCY;CURRENCYCODE;CURRENCYNAME;CURRENCYSYMBOL;DATE;DOB;EMAIL;ETHEREUMADDRESS;EYECOLOR;FIRSTNAME;GENDER;HEIGHT;IBAN;IP;IPV4;IPV6;JOBAREA;JOBTITLE;JOBTYPE;LASTNAME;LITECOINADDRESS;MAC;MASKEDNUMBER;MIDDLENAME;NEARBYGPSCOORDINATE;ORDINALDIRECTION;PASSWORD;PHONEIMEI;PHONENUMBER;PIN;PREFIX;SECONDARYADDRESS;SEX;SSN;STATE;STREET;TIME;URL;USERAGENT;USERNAME;VEHICLEVIN;VEHICLEVRM;ZIPCODE,,1849
sola-jsonish-rescue,"StructuredOutputAdapter(output_mode=JSONISH, prompt_layout=SECTIONS, parse_config=ParseConfig())",pii-0019,validation_error,ValidationError,3.306404777998978,1,json_object,0,56,0.0,False,,ACCOUNTNAME;ACCOUNTNUMBER;AGE;AMOUNT;BIC;BITCOINADDRESS;BUILDINGNUMBER;CITY;COMPANYNAME;COUNTY;CREDITCARDCVV;CREDITCARDISSUER;CREDITCARDNUMBER;CURRENCY;CURRENCYCODE;CURRENCYNAME;CURRENCYSYMBOL;DATE;DOB;EMAIL;ETHEREUMADDRESS;EYECOLOR;FIRSTNAME;GENDER;HEIGHT;IBAN;IP;IPV4;IPV6;JOBAREA;JOBTITLE;JOBTYPE;LASTNAME;LITECOINADDRESS;MAC;MASKEDNUMBER;MIDDLENAME;NEARBYGPSCOORDINATE;ORDINALDIRECTION;PASSWORD;PHONEIMEI;PHONENUMBER;PIN;PREFIX;SECONDARYADDRESS;SEX;SSN;STATE;STREET;TIME;URL;USERAGENT;USERNAME;VEHICLEVIN;VEHICLEVRM;ZIPCODE,,1993
sola-jsonish-rescue,"StructuredOutputAdapter(output_mode=JSONISH, prompt_layout=SECTIONS, parse_config=ParseConfig())",pii-0020,validation_error,ValidationError,2.8432392430004256,1,json_object,0,56,0.0,False,,ACCOUNTNAME;ACCOUNTNUMBER;AGE;AMOUNT;BIC;BITCOINADDRESS;BUILDINGNUMBER;CITY;COMPANYNAME;COUNTY;CREDITCARDCVV;CREDITCARDISSUER;CREDITCARDNUMBER;CURRENCY;CURRENCYCODE;CURRENCYNAME;CURRENCYSYMBOL;DATE;DOB;EMAIL;ETHEREUMADDRESS;EYECOLOR;FIRSTNAME;GENDER;HEIGHT;IBAN;IP;IPV4;IPV6;JOBAREA;JOBTITLE;JOBTYPE;LASTNAME;LITECOINADDRESS;MAC;MASKEDNUMBER;MIDDLENAME;NEARBYGPSCOORDINATE;ORDINALDIRECTION;PASSWORD;PHONEIMEI;PHONENUMBER;PIN;PREFIX;SECONDARYADDRESS;SEX;SSN;STATE;STREET;TIME;URL;USERAGENT;USERNAME;VEHICLEVIN;VEHICLEVRM;ZIPCODE,,1734
sola-jsonish-rescue,"StructuredOutputAdapter(output_mode=JSONISH, prompt_layout=SECTIONS, parse_config=ParseConfig())",pii-0021,validation_error,ValidationError,0.23779671299962502,1,json_object,0,56,0.0,False,,ACCOUNTNAME;ACCOUNTNUMBER;AGE;AMOUNT;BIC;BITCOINADDRESS;BUILDINGNUMBER;CITY;COMPANYNAME;COUNTY;CREDITCARDCVV;CREDITCARDISSUER;CREDITCARDNUMBER;CURRENCY;CURRENCYCODE;CURRENCYNAME;CURRENCYSYMBOL;DATE;DOB;EMAIL;ETHEREUMADDRESS;EYECOLOR;FIRSTNAME;GENDER;HEIGHT;IBAN;IP;IPV4;IPV6;JOBAREA;JOBTITLE;JOBTYPE;LASTNAME;LITECOINADDRESS;MAC;MASKEDNUMBER;MIDDLENAME;NEARBYGPSCOORDINATE;ORDINALDIRECTION;PASSWORD;PHONEIMEI;PHONENUMBER;PIN;PREFIX;SECONDARYADDRESS;SEX;SSN;STATE;STREET;TIME;URL;USERAGENT;USERNAME;VEHICLEVIN;VEHICLEVRM;ZIPCODE,,1063
sola-jsonish-rescue,"StructuredOutputAdapter(output_mode=JSONISH, prompt_layout=SECTIONS, parse_config=ParseConfig())",pii-0022,validation_error,ValidationError,3.485909694998554,1,json_object,0,56,0.0,False,,ACCOUNTNAME;ACCOUNTNUMBER;AGE;AMOUNT;BIC;BITCOINADDRESS;BUILDINGNUMBER;CITY;COMPANYNAME;COUNTY;CREDITCARDCVV;CREDITCARDISSUER;CREDITCARDNUMBER;CURRENCY;CURRENCYCODE;CURRENCYNAME;CURRENCYSYMBOL;DATE;DOB;EMAIL;ETHEREUMADDRESS;EYECOLOR;FIRSTNAME;GENDER;HEIGHT;IBAN;IP;IPV4;IPV6;JOBAREA;JOBTITLE;JOBTYPE;LASTNAME;LITECOINADDRESS;MAC;MASKEDNUMBER;MIDDLENAME;NEARBYGPSCOORDINATE;ORDINALDIRECTION;PASSWORD;PHONEIMEI;PHONENUMBER;PIN;PREFIX;SECONDARYADDRESS;SEX;SSN;STATE;STREET;TIME;URL;USERAGENT;USERNAME;VEHICLEVIN;VEHICLEVRM;ZIPCODE,,1939
sola-jsonish-rescue,"StructuredOutputAdapter(output_mode=JSONISH, prompt_layout=SECTIONS, parse_config=ParseConfig())",pii-0023,validation_error,ValidationError,0.21316762499918696,1,json_object,0,56,0.0,False,,ACCOUNTNAME;ACCOUNTNUMBER;AGE;AMOUNT;BIC;BITCOINADDRESS;BUILDINGNUMBER;CITY;COMPANYNAME;COUNTY;CREDITCARDCVV;CREDITCARDISSUER;CREDITCARDNUMBER;CURRENCY;CURRENCYCODE;CURRENCYNAME;CURRENCYSYMBOL;DATE;DOB;EMAIL;ETHEREUMADDRESS;EYECOLOR;FIRSTNAME;GENDER;HEIGHT;IBAN;IP;IPV4;IPV6;JOBAREA;JOBTITLE;JOBTYPE;LASTNAME;LITECOINADDRESS;MAC;MASKEDNUMBER;MIDDLENAME;NEARBYGPSCOORDINATE;ORDINALDIRECTION;PASSWORD;PHONEIMEI;PHONENUMBER;PIN;PREFIX;SECONDARYADDRESS;SEX;SSN;STATE;STREET;TIME;URL;USERAGENT;USERNAME;VEHICLEVIN;VEHICLEVRM;ZIPCODE,,1092
sola-jsonish-rescue,"StructuredOutputAdapter(output_mode=JSONISH, prompt_layout=SECTIONS, parse_config=ParseConfig())",pii-0024,validation_error,ValidationError,0.2443371829995158,1,json_object,0,56,0.0,False,,ACCOUNTNAME;ACCOUNTNUMBER;AGE;AMOUNT;BIC;BITCOINADDRESS;BUILDINGNUMBER;CITY;COMPANYNAME;COUNTY;CREDITCARDCVV;CREDITCARDISSUER;CREDITCARDNUMBER;CURRENCY;CURRENCYCODE;CURRENCYNAME;CURRENCYSYMBOL;DATE;DOB;EMAIL;ETHEREUMADDRESS;EYECOLOR;FIRSTNAME;GENDER;HEIGHT;IBAN;IP;IPV4;IPV6;JOBAREA;JOBTITLE;JOBTYPE;LASTNAME;LITECOINADDRESS;MAC;MASKEDNUMBER;MIDDLENAME;NEARBYGPSCOORDINATE;ORDINALDIRECTION;PASSWORD;PHONEIMEI;PHONENUMBER;PIN;PREFIX;SECONDARYADDRESS;SEX;SSN;STATE;STREET;TIME;URL;USERAGENT;USERNAME;VEHICLEVIN;VEHICLEVRM;ZIPCODE,,1061
sola-jsonish-rescue,"StructuredOutputAdapter(output_mode=JSONISH, prompt_layout=SECTIONS, parse_config=ParseConfig())",pii-0025,validation_error,ValidationError,0.21417758700044942,1,json_object,0,56,0.0,False,,ACCOUNTNAME;ACCOUNTNUMBER;AGE;AMOUNT;BIC;BITCOINADDRESS;BUILDINGNUMBER;CITY;COMPANYNAME;COUNTY;CREDITCARDCVV;CREDITCARDISSUER;CREDITCARDNUMBER;CURRENCY;CURRENCYCODE;CURRENCYNAME;CURRENCYSYMBOL;DATE;DOB;EMAIL;ETHEREUMADDRESS;EYECOLOR;FIRSTNAME;GENDER;HEIGHT;IBAN;IP;IPV4;IPV6;JOBAREA;JOBTITLE;JOBTYPE;LASTNAME;LITECOINADDRESS;MAC;MASKEDNUMBER;MIDDLENAME;NEARBYGPSCOORDINATE;ORDINALDIRECTION;PASSWORD;PHONEIMEI;PHONENUMBER;PIN;PREFIX;SECONDARYADDRESS;SEX;SSN;STATE;STREET;TIME;URL;USERAGENT;USERNAME;VEHICLEVIN;VEHICLEVRM;ZIPCODE,,1080
sola-jsonish-rescue,"StructuredOutputAdapter(output_mode=JSONISH, prompt_layout=SECTIONS, parse_config=ParseConfig())",pii-0026,validation_error,ValidationError,3.313910118000422,1,json_object,0,56,0.0,False,,ACCOUNTNAME;ACCOUNTNUMBER;AGE;AMOUNT;BIC;BITCOINADDRESS;BUILDINGNUMBER;CITY;COMPANYNAME;COUNTY;CREDITCARDCVV;CREDITCARDISSUER;CREDITCARDNUMBER;CURRENCY;CURRENCYCODE;CURRENCYNAME;CURRENCYSYMBOL;DATE;DOB;EMAIL;ETHEREUMADDRESS;EYECOLOR;FIRSTNAME;GENDER;HEIGHT;IBAN;IP;IPV4;IPV6;JOBAREA;JOBTITLE;JOBTYPE;LASTNAME;LITECOINADDRESS;MAC;MASKEDNUMBER;MIDDLENAME;NEARBYGPSCOORDINATE;ORDINALDIRECTION;PASSWORD;PHONEIMEI;PHONENUMBER;PIN;PREFIX;SECONDARYADDRESS;SEX;SSN;STATE;STREET;TIME;URL;USERAGENT;USERNAME;VEHICLEVIN;VEHICLEVRM;ZIPCODE,,1962
sola-jsonish-rescue,"StructuredOutputAdapter(output_mode=JSONISH, prompt_layout=SECTIONS, parse_config=ParseConfig())",pii-0027,validation_error,ValidationError,3.106907740000679,1,json_object,0,56,0.0,False,,ACCOUNTNAME;ACCOUNTNUMBER;AGE;AMOUNT;BIC;BITCOINADDRESS;BUILDINGNUMBER;CITY;COMPANYNAME;COUNTY;CREDITCARDCVV;CREDITCARDISSUER;CREDITCARDNUMBER;CURRENCY;CURRENCYCODE;CURRENCYNAME;CURRENCYSYMBOL;DATE;DOB;EMAIL;ETHEREUMADDRESS;EYECOLOR;FIRSTNAME;GENDER;HEIGHT;IBAN;IP;IPV4;IPV6;JOBAREA;JOBTITLE;JOBTYPE;LASTNAME;LITECOINADDRESS;MAC;MASKEDNUMBER;MIDDLENAME;NEARBYGPSCOORDINATE;ORDINALDIRECTION;PASSWORD;PHONEIMEI;PHONENUMBER;PIN;PREFIX;SECONDARYADDRESS;SEX;SSN;STATE;STREET;TIME;URL;USERAGENT;USERNAME;VEHICLEVIN;VEHICLEVRM;ZIPCODE,,1878
sola-jsonish-rescue,"StructuredOutputAdapter(output_mode=JSONISH, prompt_layout=SECTIONS, parse_config=ParseConfig())",pii-0028,validation_error,ValidationError,0.22002751999934844,1,json_object,0,56,0.0,False,,ACCOUNTNAME;ACCOUNTNUMBER;AGE;AMOUNT;BIC;BITCOINADDRESS;BUILDINGNUMBER;CITY;COMPANYNAME;COUNTY;CREDITCARDCVV;CREDITCARDISSUER;CREDITCARDNUMBER;CURRENCY;CURRENCYCODE;CURRENCYNAME;CURRENCYSYMBOL;DATE;DOB;EMAIL;ETHEREUMADDRESS;EYECOLOR;FIRSTNAME;GENDER;HEIGHT;IBAN;IP;IPV4;IPV6;JOBAREA;JOBTITLE;JOBTYPE;LASTNAME;LITECOINADDRESS;MAC;MASKEDNUMBER;MIDDLENAME;NEARBYGPSCOORDINATE;ORDINALDIRECTION;PASSWORD;PHONEIMEI;PHONENUMBER;PIN;PREFIX;SECONDARYADDRESS;SEX;SSN;STATE;STREET;TIME;URL;USERAGENT;USERNAME;VEHICLEVIN;VEHICLEVRM;ZIPCODE,,1079
sola-jsonish-rescue,"StructuredOutputAdapter(output_mode=JSONISH, prompt_layout=SECTIONS, parse_config=ParseConfig())",pii-0029,validation_error,ValidationError,0.19596327399995062,1,json_object,0,56,0.0,False,,ACCOUNTNAME;ACCOUNTNUMBER;AGE;AMOUNT;BIC;BITCOINADDRESS;BUILDINGNUMBER;CITY;COMPANYNAME;COUNTY;CREDITCARDCVV;CREDITCARDISSUER;CREDITCARDNUMBER;CURRENCY;CURRENCYCODE;CURRENCYNAME;CURRENCYSYMBOL;DATE;DOB;EMAIL;ETHEREUMADDRESS;EYECOLOR;FIRSTNAME;GENDER;HEIGHT;IBAN;IP;IPV4;IPV6;JOBAREA;JOBTITLE;JOBTYPE;LASTNAME;LITECOINADDRESS;MAC;MASKEDNUMBER;MIDDLENAME;NEARBYGPSCOORDINATE;ORDINALDIRECTION;PASSWORD;PHONEIMEI;PHONENUMBER;PIN;PREFIX;SECONDARYADDRESS;SEX;SSN;STATE;STREET;TIME;URL;USERAGENT;USERNAME;VEHICLEVIN;VEHICLEVRM;ZIPCODE,,1076
sola-yaml-rescue,"StructuredOutputAdapter(output_mode=YAML, prompt_layout=SECTIONS, parse_config=ParseConfig())",pii-0000,ok,,3.3196396500006813,1,none,0,56,0.0,False,ACCOUNTNAME;ACCOUNTNUMBER;AGE;AMOUNT;BIC;BITCOINADDRESS;BUILDINGNUMBER;CITY;COMPANYNAME;COUNTY;CREDITCARDCVV;CREDITCARDISSUER;CREDITCARDNUMBER;CURRENCY;CURRENCYCODE;CURRENCYNAME;CURRENCYSYMBOL;DATE;DOB;EMAIL;ETHEREUMADDRESS;EYECOLOR;FIRSTNAME;GENDER;HEIGHT;IBAN;IP;IPV4;IPV6;JOBAREA;JOBTITLE;JOBTYPE;LASTNAME;LITECOINADDRESS;MAC;MASKEDNUMBER;MIDDLENAME;NEARBYGPSCOORDINATE;ORDINALDIRECTION;PASSWORD;PHONEIMEI;PHONENUMBER;PIN;PREFIX;SECONDARYADDRESS;SEX;SSN;STATE;STREET;TIME;URL;USERAGENT;USERNAME;VEHICLEVIN;VEHICLEVRM;ZIPCODE,,,2009
sola-yaml-rescue,"StructuredOutputAdapter(output_mode=YAML, prompt_layout=SECTIONS, parse_config=ParseConfig())",pii-0001,ok,,3.313657233000413,1,none,0,56,0.0,False,ACCOUNTNAME;ACCOUNTNUMBER;AGE;AMOUNT;BIC;BITCOINADDRESS;BUILDINGNUMBER;CITY;COMPANYNAME;COUNTY;CREDITCARDCVV;CREDITCARDISSUER;CREDITCARDNUMBER;CURRENCY;CURRENCYCODE;CURRENCYNAME;CURRENCYSYMBOL;DATE;DOB;EMAIL;ETHEREUMADDRESS;EYECOLOR;FIRSTNAME;GENDER;HEIGHT;IBAN;IP;IPV4;IPV6;JOBAREA;JOBTITLE;JOBTYPE;LASTNAME;LITECOINADDRESS;MAC;MASKEDNUMBER;MIDDLENAME;NEARBYGPSCOORDINATE;ORDINALDIRECTION;PASSWORD;PHONEIMEI;PHONENUMBER;PIN;PREFIX;SECONDARYADDRESS;SEX;SSN;STATE;STREET;TIME;URL;USERAGENT;USERNAME;VEHICLEVIN;VEHICLEVRM;ZIPCODE,,,1994
sola-yaml-rescue,"StructuredOutputAdapter(output_mode=YAML, prompt_layout=SECTIONS, parse_config=ParseConfig())",pii-0002,ok,,3.3005709299995942,1,none,0,56,0.0,False,ACCOUNTNAME;ACCOUNTNUMBER;AGE;AMOUNT;BIC;BITCOINADDRESS;BUILDINGNUMBER;CITY;COMPANYNAME;COUNTY;CREDITCARDCVV;CREDITCARDISSUER;CREDITCARDNUMBER;CURRENCY;CURRENCYCODE;CURRENCYNAME;CURRENCYSYMBOL;DATE;DOB;EMAIL;ETHEREUMADDRESS;EYECOLOR;FIRSTNAME;GENDER;HEIGHT;IBAN;IP;IPV4;IPV6;JOBAREA;JOBTITLE;JOBTYPE;LASTNAME;LITECOINADDRESS;MAC;MASKEDNUMBER;MIDDLENAME;NEARBYGPSCOORDINATE;ORDINALDIRECTION;PASSWORD;PHONEIMEI;PHONENUMBER;PIN;PREFIX;SECONDARYADDRESS;SEX;SSN;STATE;STREET;TIME;URL;USERAGENT;USERNAME;VEHICLEVIN;VEHICLEVRM;ZIPCODE,,,2002
sola-yaml-rescue,"StructuredOutputAdapter(output_mode=YAML, prompt_layout=SECTIONS, parse_config=ParseConfig())",pii-0003,ok,,3.346008902999529,1,none,0,56,0.0,False,ACCOUNTNAME;ACCOUNTNUMBER;AGE;AMOUNT;BIC;BITCOINADDRESS;BUILDINGNUMBER;CITY;COMPANYNAME;COUNTY;CREDITCARDCVV;CREDITCARDISSUER;CREDITCARDNUMBER;CURRENCY;CURRENCYCODE;CURRENCYNAME;CURRENCYSYMBOL;DATE;DOB;EMAIL;ETHEREUMADDRESS;EYECOLOR;FIRSTNAME;GENDER;HEIGHT;IBAN;IP;IPV4;IPV6;JOBAREA;JOBTITLE;JOBTYPE;LASTNAME;LITECOINADDRESS;MAC;MASKEDNUMBER;MIDDLENAME;NEARBYGPSCOORDINATE;ORDINALDIRECTION;PASSWORD;PHONEIMEI;PHONENUMBER;PIN;PREFIX;SECONDARYADDRESS;SEX;SSN;STATE;STREET;TIME;URL;USERAGENT;USERNAME;VEHICLEVIN;VEHICLEVRM;ZIPCODE,,,2010
sola-yaml-rescue,"StructuredOutputAdapter(output_mode=YAML, prompt_layout=SECTIONS, parse_config=ParseConfig())",pii-0004,ok,,3.2876310240008024,1,none,0,56,0.0,False,ACCOUNTNAME;ACCOUNTNUMBER;AGE;AMOUNT;BIC;BITCOINADDRESS;BUILDINGNUMBER;CITY;COMPANYNAME;COUNTY;CREDITCARDCVV;CREDITCARDISSUER;CREDITCARDNUMBER;CURRENCY;CURRENCYCODE;CURRENCYNAME;CURRENCYSYMBOL;DATE;DOB;EMAIL;ETHEREUMADDRESS;EYECOLOR;FIRSTNAME;GENDER;HEIGHT;IBAN;IP;IPV4;IPV6;JOBAREA;JOBTITLE;JOBTYPE;LASTNAME;LITECOINADDRESS;MAC;MASKEDNUMBER;MIDDLENAME;NEARBYGPSCOORDINATE;ORDINALDIRECTION;PASSWORD;PHONEIMEI;PHONENUMBER;PIN;PREFIX;SECONDARYADDRESS;SEX;SSN;STATE;STREET;TIME;URL;USERAGENT;USERNAME;VEHICLEVIN;VEHICLEVRM;ZIPCODE,,,1979
sola-yaml-rescue,"StructuredOutputAdapter(output_mode=YAML, prompt_layout=SECTIONS, parse_config=ParseConfig())",pii-0005,ok,,3.275822709998465,1,none,0,56,0.0,False,ACCOUNTNAME;ACCOUNTNUMBER;AGE;AMOUNT;BIC;BITCOINADDRESS;BUILDINGNUMBER;CITY;COMPANYNAME;COUNTY;CREDITCARDCVV;CREDITCARDISSUER;CREDITCARDNUMBER;CURRENCY;CURRENCYCODE;CURRENCYNAME;CURRENCYSYMBOL;DATE;DOB;EMAIL;ETHEREUMADDRESS;EYECOLOR;FIRSTNAME;GENDER;HEIGHT;IBAN;IP;IPV4;IPV6;JOBAREA;JOBTITLE;JOBTYPE;LASTNAME;LITECOINADDRESS;MAC;MASKEDNUMBER;MIDDLENAME;NEARBYGPSCOORDINATE;ORDINALDIRECTION;PASSWORD;PHONEIMEI;PHONENUMBER;PIN;PREFIX;SECONDARYADDRESS;SEX;SSN;STATE;STREET;TIME;URL;USERAGENT;USERNAME;VEHICLEVIN;VEHICLEVRM;ZIPCODE,,,1997
sola-yaml-rescue,"StructuredOutputAdapter(output_mode=YAML, prompt_layout=SECTIONS, parse_config=ParseConfig())",pii-0006,ok,,3.302409383999475,1,none,0,56,0.0,False,ACCOUNTNAME;ACCOUNTNUMBER;AGE;AMOUNT;BIC;BITCOINADDRESS;BUILDINGNUMBER;CITY;COMPANYNAME;COUNTY;CREDITCARDCVV;CREDITCARDISSUER;CREDITCARDNUMBER;CURRENCY;CURRENCYCODE;CURRENCYNAME;CURRENCYSYMBOL;DATE;DOB;EMAIL;ETHEREUMADDRESS;EYECOLOR;FIRSTNAME;GENDER;HEIGHT;IBAN;IP;IPV4;IPV6;JOBAREA;JOBTITLE;JOBTYPE;LASTNAME;LITECOINADDRESS;MAC;MASKEDNUMBER;MIDDLENAME;NEARBYGPSCOORDINATE;ORDINALDIRECTION;PASSWORD;PHONEIMEI;PHONENUMBER;PIN;PREFIX;SECONDARYADDRESS;SEX;SSN;STATE;STREET;TIME;URL;USERAGENT;USERNAME;VEHICLEVIN;VEHICLEVRM;ZIPCODE,,,1968
sola-yaml-rescue,"StructuredOutputAdapter(output_mode=YAML, prompt_layout=SECTIONS, parse_config=ParseConfig())",pii-0007,ok,,3.2876529690001917,1,none,0,56,0.0,False,ACCOUNTNAME;ACCOUNTNUMBER;AGE;AMOUNT;BIC;BITCOINADDRESS;BUILDINGNUMBER;CITY;COMPANYNAME;COUNTY;CREDITCARDCVV;CREDITCARDISSUER;CREDITCARDNUMBER;CURRENCY;CURRENCYCODE;CURRENCYNAME;CURRENCYSYMBOL;DATE;DOB;EMAIL;ETHEREUMADDRESS;EYECOLOR;FIRSTNAME;GENDER;HEIGHT;IBAN;IP;IPV4;IPV6;JOBAREA;JOBTITLE;JOBTYPE;LASTNAME;LITECOINADDRESS;MAC;MASKEDNUMBER;MIDDLENAME;NEARBYGPSCOORDINATE;ORDINALDIRECTION;PASSWORD;PHONEIMEI;PHONENUMBER;PIN;PREFIX;SECONDARYADDRESS;SEX;SSN;STATE;STREET;TIME;URL;USERAGENT;USERNAME;VEHICLEVIN;VEHICLEVRM;ZIPCODE,,,1999
sola-yaml-rescue,"StructuredOutputAdapter(output_mode=YAML, prompt_layout=SECTIONS, parse_config=ParseConfig())",pii-0008,ok,,3.2960316600001534,1,none,0,56,0.0,False,ACCOUNTNAME;ACCOUNTNUMBER;AGE;AMOUNT;BIC;BITCOINADDRESS;BUILDINGNUMBER;CITY;COMPANYNAME;COUNTY;CREDITCARDCVV;CREDITCARDISSUER;CREDITCARDNUMBER;CURRENCY;CURRENCYCODE;CURRENCYNAME;CURRENCYSYMBOL;DATE;DOB;EMAIL;ETHEREUMADDRESS;EYECOLOR;FIRSTNAME;GENDER;HEIGHT;IBAN;IP;IPV4;IPV6;JOBAREA;JOBTITLE;JOBTYPE;LASTNAME;LITECOINADDRESS;MAC;MASKEDNUMBER;MIDDLENAME;NEARBYGPSCOORDINATE;ORDINALDIRECTION;PASSWORD;PHONEIMEI;PHONENUMBER;PIN;PREFIX;SECONDARYADDRESS;SEX;SSN;STATE;STREET;TIME;URL;USERAGENT;USERNAME;VEHICLEVIN;VEHICLEVRM;ZIPCODE,,,1976
sola-yaml-rescue,"StructuredOutputAdapter(output_mode=YAML, prompt_layout=SECTIONS, parse_config=ParseConfig())",pii-0009,ok,,3.279615008001201,1,none,0,56,0.0,False,ACCOUNTNAME;ACCOUNTNUMBER;AGE;AMOUNT;BIC;BITCOINADDRESS;BUILDINGNUMBER;CITY;COMPANYNAME;COUNTY;CREDITCARDCVV;CREDITCARDISSUER;CREDITCARDNUMBER;CURRENCY;CURRENCYCODE;CURRENCYNAME;CURRENCYSYMBOL;DATE;DOB;EMAIL;ETHEREUMADDRESS;EYECOLOR;FIRSTNAME;GENDER;HEIGHT;IBAN;IP;IPV4;IPV6;JOBAREA;JOBTITLE;JOBTYPE;LASTNAME;LITECOINADDRESS;MAC;MASKEDNUMBER;MIDDLENAME;NEARBYGPSCOORDINATE;ORDINALDIRECTION;PASSWORD;PHONEIMEI;PHONENUMBER;PIN;PREFIX;SECONDARYADDRESS;SEX;SSN;STATE;STREET;TIME;URL;USERAGENT;USERNAME;VEHICLEVIN;VEHICLEVRM;ZIPCODE,,,1982
sola-yaml-rescue,"StructuredOutputAdapter(output_mode=YAML, prompt_layout=SECTIONS, parse_config=ParseConfig())",pii-0010,ok,,3.328611486000227,1,none,0,56,0.0,False,ACCOUNTNAME;ACCOUNTNUMBER;AGE;AMOUNT;BIC;BITCOINADDRESS;BUILDINGNUMBER;CITY;COMPANYNAME;COUNTY;CREDITCARDCVV;CREDITCARDISSUER;CREDITCARDNUMBER;CURRENCY;CURRENCYCODE;CURRENCYNAME;CURRENCYSYMBOL;DATE;DOB;EMAIL;ETHEREUMADDRESS;EYECOLOR;FIRSTNAME;GENDER;HEIGHT;IBAN;IP;IPV4;IPV6;JOBAREA;JOBTITLE;JOBTYPE;LASTNAME;LITECOINADDRESS;MAC;MASKEDNUMBER;MIDDLENAME;NEARBYGPSCOORDINATE;ORDINALDIRECTION;PASSWORD;PHONEIMEI;PHONENUMBER;PIN;PREFIX;SECONDARYADDRESS;SEX;SSN;STATE;STREET;TIME;URL;USERAGENT;USERNAME;VEHICLEVIN;VEHICLEVRM;ZIPCODE,,,1997
sola-yaml-rescue,"StructuredOutputAdapter(output_mode=YAML, prompt_layout=SECTIONS, parse_config=ParseConfig())",pii-0011,ok,,3.2758572799994,1,none,0,56,0.0,False,ACCOUNTNAME;ACCOUNTNUMBER;AGE;AMOUNT;BIC;BITCOINADDRESS;BUILDINGNUMBER;CITY;COMPANYNAME;COUNTY;CREDITCARDCVV;CREDITCARDISSUER;CREDITCARDNUMBER;CURRENCY;CURRENCYCODE;CURRENCYNAME;CURRENCYSYMBOL;DATE;DOB;EMAIL;ETHEREUMADDRESS;EYECOLOR;FIRSTNAME;GENDER;HEIGHT;IBAN;IP;IPV4;IPV6;JOBAREA;JOBTITLE;JOBTYPE;LASTNAME;LITECOINADDRESS;MAC;MASKEDNUMBER;MIDDLENAME;NEARBYGPSCOORDINATE;ORDINALDIRECTION;PASSWORD;PHONEIMEI;PHONENUMBER;PIN;PREFIX;SECONDARYADDRESS;SEX;SSN;STATE;STREET;TIME;URL;USERAGENT;USERNAME;VEHICLEVIN;VEHICLEVRM;ZIPCODE,,,2022
sola-yaml-rescue,"StructuredOutputAdapter(output_mode=YAML, prompt_layout=SECTIONS, parse_config=ParseConfig())",pii-0012,ok,,3.2784957150015543,1,none,0,56,0.0,False,ACCOUNTNAME;ACCOUNTNUMBER;AGE;AMOUNT;BIC;BITCOINADDRESS;BUILDINGNUMBER;CITY;COMPANYNAME;COUNTY;CREDITCARDCVV;CREDITCARDISSUER;CREDITCARDNUMBER;CURRENCY;CURRENCYCODE;CURRENCYNAME;CURRENCYSYMBOL;DATE;DOB;EMAIL;ETHEREUMADDRESS;EYECOLOR;FIRSTNAME;GENDER;HEIGHT;IBAN;IP;IPV4;IPV6;JOBAREA;JOBTITLE;JOBTYPE;LASTNAME;LITECOINADDRESS;MAC;MASKEDNUMBER;MIDDLENAME;NEARBYGPSCOORDINATE;ORDINALDIRECTION;PASSWORD;PHONEIMEI;PHONENUMBER;PIN;PREFIX;SECONDARYADDRESS;SEX;SSN;STATE;STREET;TIME;URL;USERAGENT;USERNAME;VEHICLEVIN;VEHICLEVRM;ZIPCODE,,,1969
sola-yaml-rescue,"StructuredOutputAdapter(output_mode=YAML, prompt_layout=SECTIONS, parse_config=ParseConfig())",pii-0013,ok,,3.3205759249995026,1,none,0,56,0.0,False,ACCOUNTNAME;ACCOUNTNUMBER;AGE;AMOUNT;BIC;BITCOINADDRESS;BUILDINGNUMBER;CITY;COMPANYNAME;COUNTY;CREDITCARDCVV;CREDITCARDISSUER;CREDITCARDNUMBER;CURRENCY;CURRENCYCODE;CURRENCYNAME;CURRENCYSYMBOL;DATE;DOB;EMAIL;ETHEREUMADDRESS;EYECOLOR;FIRSTNAME;GENDER;HEIGHT;IBAN;IP;IPV4;IPV6;JOBAREA;JOBTITLE;JOBTYPE;LASTNAME;LITECOINADDRESS;MAC;MASKEDNUMBER;MIDDLENAME;NEARBYGPSCOORDINATE;ORDINALDIRECTION;PASSWORD;PHONEIMEI;PHONENUMBER;PIN;PREFIX;SECONDARYADDRESS;SEX;SSN;STATE;STREET;TIME;URL;USERAGENT;USERNAME;VEHICLEVIN;VEHICLEVRM;ZIPCODE,,,1970
sola-yaml-rescue,"StructuredOutputAdapter(output_mode=YAML, prompt_layout=SECTIONS, parse_config=ParseConfig())",pii-0014,ok,,3.2010649490002834,1,none,0,56,0.0,False,ACCOUNTNAME;ACCOUNTNUMBER;AGE;AMOUNT;BIC;BITCOINADDRESS;BUILDINGNUMBER;CITY;COMPANYNAME;COUNTY;CREDITCARDCVV;CREDITCARDISSUER;CREDITCARDNUMBER;CURRENCY;CURRENCYCODE;CURRENCYNAME;CURRENCYSYMBOL;DATE;DOB;EMAIL;ETHEREUMADDRESS;EYECOLOR;FIRSTNAME;GENDER;HEIGHT;IBAN;IP;IPV4;IPV6;JOBAREA;JOBTITLE;JOBTYPE;LASTNAME;LITECOINADDRESS;MAC;MASKEDNUMBER;MIDDLENAME;NEARBYGPSCOORDINATE;ORDINALDIRECTION;PASSWORD;PHONEIMEI;PHONENUMBER;PIN;PREFIX;SECONDARYADDRESS;SEX;SSN;STATE;STREET;TIME;URL;USERAGENT;USERNAME;VEHICLEVIN;VEHICLEVRM;ZIPCODE,,,1979
sola-yaml-rescue,"StructuredOutputAdapter(output_mode=YAML, prompt_layout=SECTIONS, parse_config=ParseConfig())",pii-0015,ok,,3.136315695999656,1,none,0,56,0.0,False,ACCOUNTNAME;ACCOUNTNUMBER;AGE;AMOUNT;BIC;BITCOINADDRESS;BUILDINGNUMBER;CITY;COMPANYNAME;COUNTY;CREDITCARDCVV;CREDITCARDISSUER;CREDITCARDNUMBER;CURRENCY;CURRENCYCODE;CURRENCYNAME;CURRENCYSYMBOL;DATE;DOB;EMAIL;ETHEREUMADDRESS;EYECOLOR;FIRSTNAME;GENDER;HEIGHT;IBAN;IP;IPV4;IPV6;JOBAREA;JOBTITLE;JOBTYPE;LASTNAME;LITECOINADDRESS;MAC;MASKEDNUMBER;MIDDLENAME;NEARBYGPSCOORDINATE;ORDINALDIRECTION;PASSWORD;PHONEIMEI;PHONENUMBER;PIN;PREFIX;SECONDARYADDRESS;SEX;SSN;STATE;STREET;TIME;URL;USERAGENT;USERNAME;VEHICLEVIN;VEHICLEVRM;ZIPCODE,,,2069
sola-yaml-rescue,"StructuredOutputAdapter(output_mode=YAML, prompt_layout=SECTIONS, parse_config=ParseConfig())",pii-0016,ok,,3.3127032319989667,1,none,0,56,0.0,False,ACCOUNTNAME;ACCOUNTNUMBER;AGE;AMOUNT;BIC;BITCOINADDRESS;BUILDINGNUMBER;CITY;COMPANYNAME;COUNTY;CREDITCARDCVV;CREDITCARDISSUER;CREDITCARDNUMBER;CURRENCY;CURRENCYCODE;CURRENCYNAME;CURRENCYSYMBOL;DATE;DOB;EMAIL;ETHEREUMADDRESS;EYECOLOR;FIRSTNAME;GENDER;HEIGHT;IBAN;IP;IPV4;IPV6;JOBAREA;JOBTITLE;JOBTYPE;LASTNAME;LITECOINADDRESS;MAC;MASKEDNUMBER;MIDDLENAME;NEARBYGPSCOORDINATE;ORDINALDIRECTION;PASSWORD;PHONEIMEI;PHONENUMBER;PIN;PREFIX;SECONDARYADDRESS;SEX;SSN;STATE;STREET;TIME;URL;USERAGENT;USERNAME;VEHICLEVIN;VEHICLEVRM;ZIPCODE,,,1982
sola-yaml-rescue,"StructuredOutputAdapter(output_mode=YAML, prompt_layout=SECTIONS, parse_config=ParseConfig())",pii-0017,ok,,3.2317262590004248,1,none,0,56,0.0,False,ACCOUNTNAME;ACCOUNTNUMBER;AGE;AMOUNT;BIC;BITCOINADDRESS;BUILDINGNUMBER;CITY;COMPANYNAME;COUNTY;CREDITCARDCVV;CREDITCARDISSUER;CREDITCARDNUMBER;CURRENCY;CURRENCYCODE;CURRENCYNAME;CURRENCYSYMBOL;DATE;DOB;EMAIL;ETHEREUMADDRESS;EYECOLOR;FIRSTNAME;GENDER;HEIGHT;IBAN;IP;IPV4;IPV6;JOBAREA;JOBTITLE;JOBTYPE;LASTNAME;LITECOINADDRESS;MAC;MASKEDNUMBER;MIDDLENAME;NEARBYGPSCOORDINATE;ORDINALDIRECTION;PASSWORD;PHONEIMEI;PHONENUMBER;PIN;PREFIX;SECONDARYADDRESS;SEX;SSN;STATE;STREET;TIME;URL;USERAGENT;USERNAME;VEHICLEVIN;VEHICLEVRM;ZIPCODE,,,1986
sola-yaml-rescue,"StructuredOutputAdapter(output_mode=YAML, prompt_layout=SECTIONS, parse_config=ParseConfig())",pii-0018,ok,,3.1363673849991756,1,none,0,56,0.0,False,ACCOUNTNAME;ACCOUNTNUMBER;AGE;AMOUNT;BIC;BITCOINADDRESS;BUILDINGNUMBER;CITY;COMPANYNAME;COUNTY;CREDITCARDCVV;CREDITCARDISSUER;CREDITCARDNUMBER;CURRENCY;CURRENCYCODE;CURRENCYNAME;CURRENCYSYMBOL;DATE;DOB;EMAIL;ETHEREUMADDRESS;EYECOLOR;FIRSTNAME;GENDER;HEIGHT;IBAN;IP;IPV4;IPV6;JOBAREA;JOBTITLE;JOBTYPE;LASTNAME;LITECOINADDRESS;MAC;MASKEDNUMBER;MIDDLENAME;NEARBYGPSCOORDINATE;ORDINALDIRECTION;PASSWORD;PHONEIMEI;PHONENUMBER;PIN;PREFIX;SECONDARYADDRESS;SEX;SSN;STATE;STREET;TIME;URL;USERAGENT;USERNAME;VEHICLEVIN;VEHICLEVRM;ZIPCODE,,,2008
sola-yaml-rescue,"StructuredOutputAdapter(output_mode=YAML, prompt_layout=SECTIONS, parse_config=ParseConfig())",pii-0019,ok,,3.138983482000185,1,none,0,56,0.0,False,ACCOUNTNAME;ACCOUNTNUMBER;AGE;AMOUNT;BIC;BITCOINADDRESS;BUILDINGNUMBER;CITY;COMPANYNAME;COUNTY;CREDITCARDCVV;CREDITCARDISSUER;CREDITCARDNUMBER;CURRENCY;CURRENCYCODE;CURRENCYNAME;CURRENCYSYMBOL;DATE;DOB;EMAIL;ETHEREUMADDRESS;EYECOLOR;FIRSTNAME;GENDER;HEIGHT;IBAN;IP;IPV4;IPV6;JOBAREA;JOBTITLE;JOBTYPE;LASTNAME;LITECOINADDRESS;MAC;MASKEDNUMBER;MIDDLENAME;NEARBYGPSCOORDINATE;ORDINALDIRECTION;PASSWORD;PHONEIMEI;PHONENUMBER;PIN;PREFIX;SECONDARYADDRESS;SEX;SSN;STATE;STREET;TIME;URL;USERAGENT;USERNAME;VEHICLEVIN;VEHICLEVRM;ZIPCODE,,,2036
sola-yaml-rescue,"StructuredOutputAdapter(output_mode=YAML, prompt_layout=SECTIONS, parse_config=ParseConfig())",pii-0020,ok,,3.1302372720001586,1,none,0,56,0.0,False,ACCOUNTNAME;ACCOUNTNUMBER;AGE;AMOUNT;BIC;BITCOINADDRESS;BUILDINGNUMBER;CITY;COMPANYNAME;COUNTY;CREDITCARDCVV;CREDITCARDISSUER;CREDITCARDNUMBER;CURRENCY;CURRENCYCODE;CURRENCYNAME;CURRENCYSYMBOL;DATE;DOB;EMAIL;ETHEREUMADDRESS;EYECOLOR;FIRSTNAME;GENDER;HEIGHT;IBAN;IP;IPV4;IPV6;JOBAREA;JOBTITLE;JOBTYPE;LASTNAME;LITECOINADDRESS;MAC;MASKEDNUMBER;MIDDLENAME;NEARBYGPSCOORDINATE;ORDINALDIRECTION;PASSWORD;PHONEIMEI;PHONENUMBER;PIN;PREFIX;SECONDARYADDRESS;SEX;SSN;STATE;STREET;TIME;URL;USERAGENT;USERNAME;VEHICLEVIN;VEHICLEVRM;ZIPCODE,,,1972
sola-yaml-rescue,"StructuredOutputAdapter(output_mode=YAML, prompt_layout=SECTIONS, parse_config=ParseConfig())",pii-0021,ok,,3.0832400399995095,1,none,0,56,0.0,False,ACCOUNTNAME;ACCOUNTNUMBER;AGE;AMOUNT;BIC;BITCOINADDRESS;BUILDINGNUMBER;CITY;COMPANYNAME;COUNTY;CREDITCARDCVV;CREDITCARDISSUER;CREDITCARDNUMBER;CURRENCY;CURRENCYCODE;CURRENCYNAME;CURRENCYSYMBOL;DATE;DOB;EMAIL;ETHEREUMADDRESS;EYECOLOR;FIRSTNAME;GENDER;HEIGHT;IBAN;IP;IPV4;IPV6;JOBAREA;JOBTITLE;JOBTYPE;LASTNAME;LITECOINADDRESS;MAC;MASKEDNUMBER;MIDDLENAME;NEARBYGPSCOORDINATE;ORDINALDIRECTION;PASSWORD;PHONEIMEI;PHONENUMBER;PIN;PREFIX;SECONDARYADDRESS;SEX;SSN;STATE;STREET;TIME;URL;USERAGENT;USERNAME;VEHICLEVIN;VEHICLEVRM;ZIPCODE,,,1974
sola-yaml-rescue,"StructuredOutputAdapter(output_mode=YAML, prompt_layout=SECTIONS, parse_config=ParseConfig())",pii-0022,ok,,3.083331695999732,1,none,0,56,0.0,False,ACCOUNTNAME;ACCOUNTNUMBER;AGE;AMOUNT;BIC;BITCOINADDRESS;BUILDINGNUMBER;CITY;COMPANYNAME;COUNTY;CREDITCARDCVV;CREDITCARDISSUER;CREDITCARDNUMBER;CURRENCY;CURRENCYCODE;CURRENCYNAME;CURRENCYSYMBOL;DATE;DOB;EMAIL;ETHEREUMADDRESS;EYECOLOR;FIRSTNAME;GENDER;HEIGHT;IBAN;IP;IPV4;IPV6;JOBAREA;JOBTITLE;JOBTYPE;LASTNAME;LITECOINADDRESS;MAC;MASKEDNUMBER;MIDDLENAME;NEARBYGPSCOORDINATE;ORDINALDIRECTION;PASSWORD;PHONEIMEI;PHONENUMBER;PIN;PREFIX;SECONDARYADDRESS;SEX;SSN;STATE;STREET;TIME;URL;USERAGENT;USERNAME;VEHICLEVIN;VEHICLEVRM;ZIPCODE,,,1982
sola-yaml-rescue,"StructuredOutputAdapter(output_mode=YAML, prompt_layout=SECTIONS, parse_config=ParseConfig())",pii-0023,ok,,3.2754637970010663,1,none,0,56,0.0,False,ACCOUNTNAME;ACCOUNTNUMBER;AGE;AMOUNT;BIC;BITCOINADDRESS;BUILDINGNUMBER;CITY;COMPANYNAME;COUNTY;CREDITCARDCVV;CREDITCARDISSUER;CREDITCARDNUMBER;CURRENCY;CURRENCYCODE;CURRENCYNAME;CURRENCYSYMBOL;DATE;DOB;EMAIL;ETHEREUMADDRESS;EYECOLOR;FIRSTNAME;GENDER;HEIGHT;IBAN;IP;IPV4;IPV6;JOBAREA;JOBTITLE;JOBTYPE;LASTNAME;LITECOINADDRESS;MAC;MASKEDNUMBER;MIDDLENAME;NEARBYGPSCOORDINATE;ORDINALDIRECTION;PASSWORD;PHONEIMEI;PHONENUMBER;PIN;PREFIX;SECONDARYADDRESS;SEX;SSN;STATE;STREET;TIME;URL;USERAGENT;USERNAME;VEHICLEVIN;VEHICLEVRM;ZIPCODE,,,2008
sola-yaml-rescue,"StructuredOutputAdapter(output_mode=YAML, prompt_layout=SECTIONS, parse_config=ParseConfig())",pii-0024,ok,,3.2503136949999316,1,none,0,56,0.0,False,ACCOUNTNAME;ACCOUNTNUMBER;AGE;AMOUNT;BIC;BITCOINADDRESS;BUILDINGNUMBER;CITY;COMPANYNAME;COUNTY;CREDITCARDCVV;CREDITCARDISSUER;CREDITCARDNUMBER;CURRENCY;CURRENCYCODE;CURRENCYNAME;CURRENCYSYMBOL;DATE;DOB;EMAIL;ETHEREUMADDRESS;EYECOLOR;FIRSTNAME;GENDER;HEIGHT;IBAN;IP;IPV4;IPV6;JOBAREA;JOBTITLE;JOBTYPE;LASTNAME;LITECOINADDRESS;MAC;MASKEDNUMBER;MIDDLENAME;NEARBYGPSCOORDINATE;ORDINALDIRECTION;PASSWORD;PHONEIMEI;PHONENUMBER;PIN;PREFIX;SECONDARYADDRESS;SEX;SSN;STATE;STREET;TIME;URL;USERAGENT;USERNAME;VEHICLEVIN;VEHICLEVRM;ZIPCODE,,,1972
sola-yaml-rescue,"StructuredOutputAdapter(output_mode=YAML, prompt_layout=SECTIONS, parse_config=ParseConfig())",pii-0025,ok,,3.110779333001119,1,none,0,56,0.0,False,ACCOUNTNAME;ACCOUNTNUMBER;AGE;AMOUNT;BIC;BITCOINADDRESS;BUILDINGNUMBER;CITY;COMPANYNAME;COUNTY;CREDITCARDCVV;CREDITCARDISSUER;CREDITCARDNUMBER;CURRENCY;CURRENCYCODE;CURRENCYNAME;CURRENCYSYMBOL;DATE;DOB;EMAIL;ETHEREUMADDRESS;EYECOLOR;FIRSTNAME;GENDER;HEIGHT;IBAN;IP;IPV4;IPV6;JOBAREA;JOBTITLE;JOBTYPE;LASTNAME;LITECOINADDRESS;MAC;MASKEDNUMBER;MIDDLENAME;NEARBYGPSCOORDINATE;ORDINALDIRECTION;PASSWORD;PHONEIMEI;PHONENUMBER;PIN;PREFIX;SECONDARYADDRESS;SEX;SSN;STATE;STREET;TIME;URL;USERAGENT;USERNAME;VEHICLEVIN;VEHICLEVRM;ZIPCODE,,,2001
sola-yaml-rescue,"StructuredOutputAdapter(output_mode=YAML, prompt_layout=SECTIONS, parse_config=ParseConfig())",pii-0026,ok,,3.128320342999359,1,none,0,56,0.0,False,ACCOUNTNAME;ACCOUNTNUMBER;AGE;AMOUNT;BIC;BITCOINADDRESS;BUILDINGNUMBER;CITY;COMPANYNAME;COUNTY;CREDITCARDCVV;CREDITCARDISSUER;CREDITCARDNUMBER;CURRENCY;CURRENCYCODE;CURRENCYNAME;CURRENCYSYMBOL;DATE;DOB;EMAIL;ETHEREUMADDRESS;EYECOLOR;FIRSTNAME;GENDER;HEIGHT;IBAN;IP;IPV4;IPV6;JOBAREA;JOBTITLE;JOBTYPE;LASTNAME;LITECOINADDRESS;MAC;MASKEDNUMBER;MIDDLENAME;NEARBYGPSCOORDINATE;ORDINALDIRECTION;PASSWORD;PHONEIMEI;PHONENUMBER;PIN;PREFIX;SECONDARYADDRESS;SEX;SSN;STATE;STREET;TIME;URL;USERAGENT;USERNAME;VEHICLEVIN;VEHICLEVRM;ZIPCODE,,,2005
sola-yaml-rescue,"StructuredOutputAdapter(output_mode=YAML, prompt_layout=SECTIONS, parse_config=ParseConfig())",pii-0027,parse_error,AdapterParseError,3.106475258999126,1,none,0,56,0.0,False,,ACCOUNTNAME;ACCOUNTNUMBER;AGE;AMOUNT;BIC;BITCOINADDRESS;BUILDINGNUMBER;CITY;COMPANYNAME;COUNTY;CREDITCARDCVV;CREDITCARDISSUER;CREDITCARDNUMBER;CURRENCY;CURRENCYCODE;CURRENCYNAME;CURRENCYSYMBOL;DATE;DOB;EMAIL;ETHEREUMADDRESS;EYECOLOR;FIRSTNAME;GENDER;HEIGHT;IBAN;IP;IPV4;IPV6;JOBAREA;JOBTITLE;JOBTYPE;LASTNAME;LITECOINADDRESS;MAC;MASKEDNUMBER;MIDDLENAME;NEARBYGPSCOORDINATE;ORDINALDIRECTION;PASSWORD;PHONEIMEI;PHONENUMBER;PIN;PREFIX;SECONDARYADDRESS;SEX;SSN;STATE;STREET;TIME;URL;USERAGENT;USERNAME;VEHICLEVIN;VEHICLEVRM;ZIPCODE,,2014
sola-yaml-rescue,"StructuredOutputAdapter(output_mode=YAML, prompt_layout=SECTIONS, parse_config=ParseConfig())",pii-0028,ok,,3.14391211200018,1,none,0,56,0.0,False,ACCOUNTNAME;ACCOUNTNUMBER;AGE;AMOUNT;BIC;BITCOINADDRESS;BUILDINGNUMBER;CITY;COMPANYNAME;COUNTY;CREDITCARDCVV;CREDITCARDISSUER;CREDITCARDNUMBER;CURRENCY;CURRENCYCODE;CURRENCYNAME;CURRENCYSYMBOL;DATE;DOB;EMAIL;ETHEREUMADDRESS;EYECOLOR;FIRSTNAME;GENDER;HEIGHT;IBAN;IP;IPV4;IPV6;JOBAREA;JOBTITLE;JOBTYPE;LASTNAME;LITECOINADDRESS;MAC;MASKEDNUMBER;MIDDLENAME;NEARBYGPSCOORDINATE;ORDINALDIRECTION;PASSWORD;PHONEIMEI;PHONENUMBER;PIN;PREFIX;SECONDARYADDRESS;SEX;SSN;STATE;STREET;TIME;URL;USERAGENT;USERNAME;VEHICLEVIN;VEHICLEVRM;ZIPCODE,,,1991
sola-yaml-rescue,"StructuredOutputAdapter(output_mode=YAML, prompt_layout=SECTIONS, parse_config=ParseConfig())",pii-0029,ok,,3.1266295880013786,1,none,0,56,0.0,False,ACCOUNTNAME;ACCOUNTNUMBER;AGE;AMOUNT;BIC;BITCOINADDRESS;BUILDINGNUMBER;CITY;COMPANYNAME;COUNTY;CREDITCARDCVV;CREDITCARDISSUER;CREDITCARDNUMBER;CURRENCY;CURRENCYCODE;CURRENCYNAME;CURRENCYSYMBOL;DATE;DOB;EMAIL;ETHEREUMADDRESS;EYECOLOR;FIRSTNAME;GENDER;HEIGHT;IBAN;IP;IPV4;IPV6;JOBAREA;JOBTITLE;JOBTYPE;LASTNAME;LITECOINADDRESS;MAC;MASKEDNUMBER;MIDDLENAME;NEARBYGPSCOORDINATE;ORDINALDIRECTION;PASSWORD;PHONEIMEI;PHONENUMBER;PIN;PREFIX;SECONDARYADDRESS;SEX;SSN;STATE;STREET;TIME;URL;USERAGENT;USERNAME;VEHICLEVIN;VEHICLEVRM;ZIPCODE,,,1997
