adapter,adapter_config,case_id,outcome,error_class,wall_s,lm_calls,response_format_sent,matched,total,ratio,exact,wrong,missing,spurious,total_tokens,recall_matched,recall_total,recall,invented,replies
chat,ChatAdapter(use_json_adapter_fallback=False),case-0000,parse_error,AdapterParseError,5.660996655002236,1,none,0,12,0.0,False,,address.city;address.postcode;address.street;age;contacts[0].email;contacts[0].phone;contacts[1].email;contacts[1].phone;employment;name;tags[0];tags[1],,1365,0,10,0.0,0,"[""```python\n[[ ## record ## ]]\n{text}\n\n[[ ## completed ## ]]\n{record}        # note: the value you produce must adhere to the JSON schema: {\""type\"": \""object\"", \""$defs\"": {\""Address\"": {\""type\"": \""object\"", \""description\"": \""A postal address; ``postcode`` is genuinely optional in the rendered prose.\"", \""properties\"": {\""city\"": {\""type\"": \""string\"", \""title\"": \""City\""}, \""postcode\"": {\""anyOf\"": [{\""type\"": \""string\""}, {\""type\"": \""null\""}], \""default\"": null, \""title\"": \""Postcode\""}, \""street\"": {\""type\"": \""string\"", \""title\"": \""Street\""}}, \""required\"": [\""street\"", \""city\""], \""title\"": \""Address\""}, \""Contact\"": {\""type\"": \""object\"", \""description\"": \""One contact method; ``phone`` is often absent.\"", \""properties\"": {\""email\"": {\""type\"": \""string\"", \""title\"": \""Email\""}, \""phone\"": {\""anyOf\"": [{\""type\"": \""string\""}, {\""type\"": \""null\""}], \""default\"": null, \""title\"": \""Phone\""}}, \""required\"": [\""email\""], \""title\"": \""Contact\""}, \""Employment\"": {\""type\"": \""object\"", \""description\"": \""Current employment. The whole object is omitted for unemployed records.\"", \""properties\"": {\""company\"": {\""type\"": \""string\"", \""title\"": \""Company\""}, \""role\"": {\""type\"": \""string\"", \""title\"": \""Role\""}, \""years\"": {\""type\"": \""integer\"", \""maximum\"": 50, \""minimum\"": 0, \""title\"": \""Years\""}}, \""required\"": [\""company\"", \""role\"", \""years\""], \""title\"": \""Employment\""}}, \""description\"": \""The extraction target: nested models, an optional object, and two lists.\\n\\nDeliberately shaped like the reference benchmarks' targets - nesting, optionality and\\nrepetition are where schema-following actually breaks down, and a flat model would\\nmake every adapter look identical.\"", \""properties\"": {\""address\"": {\""$ref\"": \""#/$defs/Address\""}, \""age\"": {\""type\"": \""integer\"", \""maximum\"": 120, \""minimum\"": 0, \""title\"": \""Age\""}, \""contacts\"": {\""type\"": \""array\"", \""items\"": {\""$ref\"": \""#/$defs/Contact\""}, \""title\"": \""Contacts\""}, \""employment\"": {\""anyOf\"": [{\""$ref\"": \""#/$defs/Employment\""}, {\""type\"": \""null\""}], \""default\"": null}, \""name\"": {\""type\"": \""string\"", \""title\"": \""Name\""}, \""tags\"": {\""type\"": \""array\"", \""items\"": {\""type\"": \""string\""}, \""title\"": \""Tags\""}}, \""required\"": [\""name\"", \""age\"", \""address\""], \""title\"": \""PersonRecord\""}\n```""]"
chat,ChatAdapter(use_json_adapter_fallback=False),case-0001,parse_error,AdapterParseError,2.176470064005116,1,none,0,14,0.0,False,,address.city;address.postcode;address.street;age;contacts[0].email;contacts[0].phone;contacts[1].email;contacts[1].phone;employment.company;employment.role;employment.years;name;tags[0];tags[1],,1385,0,14,0.0,0,"[""```python\n[[ ## record ## ]]\n{text}\n\n[[ ## completed ## ]]\n{record}        # note: the value you produce must adhere to the JSON schema: {\""type\"": \""object\"", \""$defs\"": {\""Address\"": {\""type\"": \""object\"", \""description\"": \""A postal address; ``postcode`` is genuinely optional in the rendered prose.\"", \""properties\"": {\""city\"": {\""type\"": \""string\"", \""title\"": \""City\""}, \""postcode\"": {\""anyOf\"": [{\""type\"": \""string\""}, {\""type\"": \""null\""}], \""default\"": null, \""title\"": \""Postcode\""}, \""street\"": {\""type\"": \""string\"", \""title\"": \""Street\""}}, \""required\"": [\""street\"", \""city\""], \""title\"": \""Address\""}, \""Contact\"": {\""type\"": \""object\"", \""description\"": \""One contact method; ``phone`` is often absent.\"", \""properties\"": {\""email\"": {\""type\"": \""string\"", \""title\"": \""Email\""}, \""phone\"": {\""anyOf\"": [{\""type\"": \""string\""}, {\""type\"": \""null\""}], \""default\"": null, \""title\"": \""Phone\""}}, \""required\"": [\""email\""], \""title\"": \""Contact\""}, \""Employment\"": {\""type\"": \""object\"", \""description\"": \""Current employment. The whole object is omitted for unemployed records.\"", \""properties\"": {\""company\"": {\""type\"": \""string\"", \""title\"": \""Company\""}, \""role\"": {\""type\"": \""string\"", \""title\"": \""Role\""}, \""years\"": {\""type\"": \""integer\"", \""maximum\"": 50, \""minimum\"": 0, \""title\"": \""Years\""}}, \""required\"": [\""company\"", \""role\"", \""years\""], \""title\"": \""Employment\""}}, \""description\"": \""The extraction target: nested models, an optional object, and two lists.\\n\\nDeliberately shaped like the reference benchmarks' targets - nesting, optionality and\\nrepetition are where schema-following actually breaks down, and a flat model would\\nmake every adapter look identical.\"", \""properties\"": {\""address\"": {\""$ref\"": \""#/$defs/Address\""}, \""age\"": {\""type\"": \""integer\"", \""maximum\"": 120, \""minimum\"": 0, \""title\"": \""Age\""}, \""contacts\"": {\""type\"": \""array\"", \""items\"": {\""$ref\"": \""#/$defs/Contact\""}, \""title\"": \""Contacts\""}, \""employment\"": {\""anyOf\"": [{\""$ref\"": \""#/$defs/Employment\""}, {\""type\"": \""null\""}], \""default\"": null}, \""name\"": {\""type\"": \""string\"", \""title\"": \""Name\""}, \""tags\"": {\""type\"": \""array\"", \""items\"": {\""type\"": \""string\""}, \""title\"": \""Tags\""}}, \""required\"": [\""name\"", \""age\"", \""address\""], \""title\"": \""PersonRecord\""}\n```""]"
chat,ChatAdapter(use_json_adapter_fallback=False),case-0002,parse_error,AdapterParseError,2.11642975002178,1,none,0,10,0.0,False,,address.city;address.postcode;address.street;age;contacts[0].email;contacts[0].phone;employment;name;tags[0];tags[1],,1328,0,8,0.0,0,"[""```python\n[[ ## completed ## ]]\n{text}\n\n[[ ## text ## ]]\n{record}        # note: the value you produce must adhere to the JSON schema: {\""type\"": \""object\"", \""$defs\"": {\""Address\"": {\""type\"": \""object\"", \""description\"": \""A postal address; ``postcode`` is genuinely optional in the rendered prose.\"", \""properties\"": {\""city\"": {\""type\"": \""string\"", \""title\"": \""City\""}, \""postcode\"": {\""anyOf\"": [{\""type\"": \""string\""}, {\""type\"": \""null\""}], \""default\"": null, \""title\"": \""Postcode\""}, \""street\"": {\""type\"": \""string\"", \""title\"": \""Street\""}}, \""required\"": [\""street\"", \""city\""], \""title\"": \""Address\""}, \""Contact\"": {\""type\"": \""object\"", \""description\"": \""One contact method; ``phone`` is often absent.\"", \""properties\"": {\""email\"": {\""type\"": \""string\"", \""title\"": \""Email\""}, \""phone\"": {\""anyOf\"": [{\""type\"": \""string\""}, {\""type\"": \""null\""}], \""default\"": null, \""title\"": \""Phone\""}}, \""required\"": [\""email\""], \""title\"": \""Contact\""}, \""Employment\"": {\""type\"": \""object\"", \""description\"": \""Current employment. The whole object is omitted for unemployed records.\"", \""properties\"": {\""company\"": {\""type\"": \""string\"", \""title\"": \""Company\""}, \""role\"": {\""type\"": \""string\"", \""title\"": \""Role\""}, \""years\"": {\""type\"": \""integer\"", \""maximum\"": 50, \""minimum\"": 0, \""title\"": \""Years\""}}, \""required\"": [\""company\"", \""role\"", \""years\""], \""title\"": \""Employment\""}}, \""description\"": \""The extraction target: nested models, an optional object, and two lists.\\n\\nDeliberately shaped like the reference benchmarks' targets - nesting, optionality and\\nrepetition are where schema-following actually breaks down, and a flat model would\\nmake every adapter look identical.\"", \""properties\"": {\""address\"": {\""$ref\"": \""#/$defs/Address\""}, \""age\"": {\""type\"": \""integer\"", \""maximum\"": 120, \""minimum\"": 0, \""title\"": \""Age\""}, \""contacts\"": {\""type\"": \""array\"", \""items\"": {\""$ref\"": \""#/$defs/Contact\""}, \""title\"": \""Contacts\""}, \""employment\"": {\""anyOf\"": [{\""$ref\"": \""#/$defs/Employment\""}, {\""type\"": \""null\""}], \""default\"": null}, \""name\"": {\""type\"": \""string\"", \""title\"": \""Name\""}, \""tags\"": {\""type\"": \""array\"", \""items\"": {\""type\"": \""string\""}, \""title\"": \""Tags\""}}, \""required\"": [\""name\"", \""age\"", \""address\""], \""title\"": \""PersonRecord\""}\n```""]"
chat,ChatAdapter(use_json_adapter_fallback=False),case-0003,parse_error,AdapterParseError,2.1975105100136716,1,none,0,11,0.0,False,,address.city;address.postcode;address.street;age;employment.company;employment.role;employment.years;name;tags[0];tags[1];tags[2],,1343,0,11,0.0,0,"[""```python\n[[ ## record ## ]]\n{text}\n\n[[ ## completed ## ]]\n{record}        # note: the value you produce must adhere to the JSON schema: {\""type\"": \""object\"", \""$defs\"": {\""Address\"": {\""type\"": \""object\"", \""description\"": \""A postal address; ``postcode`` is genuinely optional in the rendered prose.\"", \""properties\"": {\""city\"": {\""type\"": \""string\"", \""title\"": \""City\""}, \""postcode\"": {\""anyOf\"": [{\""type\"": \""string\""}, {\""type\"": \""null\""}], \""default\"": null, \""title\"": \""Postcode\""}, \""street\"": {\""type\"": \""string\"", \""title\"": \""Street\""}}, \""required\"": [\""street\"", \""city\""], \""title\"": \""Address\""}, \""Contact\"": {\""type\"": \""object\"", \""description\"": \""One contact method; ``phone`` is often absent.\"", \""properties\"": {\""email\"": {\""type\"": \""string\"", \""title\"": \""Email\""}, \""phone\"": {\""anyOf\"": [{\""type\"": \""string\""}, {\""type\"": \""null\""}], \""default\"": null, \""title\"": \""Phone\""}}, \""required\"": [\""email\""], \""title\"": \""Contact\""}, \""Employment\"": {\""type\"": \""object\"", \""description\"": \""Current employment. The whole object is omitted for unemployed records.\"", \""properties\"": {\""company\"": {\""type\"": \""string\"", \""title\"": \""Company\""}, \""role\"": {\""type\"": \""string\"", \""title\"": \""Role\""}, \""years\"": {\""type\"": \""integer\"", \""maximum\"": 50, \""minimum\"": 0, \""title\"": \""Years\""}}, \""required\"": [\""company\"", \""role\"", \""years\""], \""title\"": \""Employment\""}}, \""description\"": \""The extraction target: nested models, an optional object, and two lists.\\n\\nDeliberately shaped like the reference benchmarks' targets - nesting, optionality and\\nrepetition are where schema-following actually breaks down, and a flat model would\\nmake every adapter look identical.\"", \""properties\"": {\""address\"": {\""$ref\"": \""#/$defs/Address\""}, \""age\"": {\""type\"": \""integer\"", \""maximum\"": 120, \""minimum\"": 0, \""title\"": \""Age\""}, \""contacts\"": {\""type\"": \""array\"", \""items\"": {\""$ref\"": \""#/$defs/Contact\""}, \""title\"": \""Contacts\""}, \""employment\"": {\""anyOf\"": [{\""$ref\"": \""#/$defs/Employment\""}, {\""type\"": \""null\""}], \""default\"": null}, \""name\"": {\""type\"": \""string\"", \""title\"": \""Name\""}, \""tags\"": {\""type\"": \""array\"", \""items\"": {\""type\"": \""string\""}, \""title\"": \""Tags\""}}, \""required\"": [\""name\"", \""age\"", \""address\""], \""title\"": \""PersonRecord\""}\n```""]"
chat,ChatAdapter(use_json_adapter_fallback=False),case-0004,parse_error,AdapterParseError,2.0070095009868965,1,none,0,10,0.0,False,,address.city;address.postcode;address.street;age;contacts[0].email;contacts[0].phone;employment.company;employment.role;employment.years;name,,1328,0,10,0.0,0,"[""```python\n[\n    {\n        \""text\"": \""Katherine Torvalds, aged 40, lives at 12 Baker St in London.\"",\n        \""record\"": {\n            \""type\"": \""object\"",\n            \""description\"": \""A person record.\"",\n            \""properties\"": {\n                \""name\"": {\""type\"": \""string\"", \""title\"": \""Name\""},\n                \""age\"": {\""type\"": \""integer\"", \""maximum\"": 40, \""minimum\"": 40},\n                \""address\"": {\""type\"": \""object\"", \""description\"": \""A postal address.\"", \""properties\"": {\""city\"": {\""type\"": \""string\"", \""title\"": \""City\""}, \""postcode\"": {\""anyOf\"": [{\""type\"": \""string\""}, {\""type\"": \""null\""}], \""default\"": null, \""title\"": \""Postcode\""}, \""street\"": {\""type\"": \""string\"", \""title\"": \""Street\""}, \""contact\"": {\""type\"": \""object\"", \""description\"": \""One contact method; ``phone`` is often absent.\"", \""properties\"": {\""email\"": {\""type\"": \""string\"", \""title\"": \""Email\""}, \""phone\"": {\""anyOf\"": [{\""type\"": \""string\""}, {\""type\"": \""null\""}], \""default\"": null, \""title\"": \""Phone\""}}, \""required\"": [\""address\"", \""contact\""]\n            },\n            \""required\"": [\""name\"", \""age\"", \""address\""],\n            \""title\"": \""PersonRecord\""\n        },\n        \""description\"": \""The extraction target: nested models, an optional object, and two lists.\\n\\nDeliberately shaped like the reference benchmarks' targets - nesting, optionality and\\nrepetition are where schema-following actually breaks down, and a flat model would\\nmake every adapter look identical.\"",\n        \""properties\"": {\""address\"": {\""$ref\"": \""#/$defs/Address\""}, \""age\"": {\""type\"": \""integer\"", \""maximum\"": 40, \""minimum\"": 40},\n        \""contacts\"": {\""type\"": \""array\"", \""items\"": {\""$ref\"": \""#/$defs/Contact\""}, \""title\"": \""Contacts\""},\n        \""employment\"": {\""anyOf\"": [{\""$ref\"": \""#/$defs/Employment\""}, {\""type\"": \""null\""}], \""default\"": null},\n        \""name\"": {\""type\"": \""string\"", \""title\"": \""Name\""},\n        \""tags\"": {\""type\"": \""array\"", \""items\"": {\""type\"": \""string\""}, \""title\"": \""Tags\""}},\n        \""required\"": [\""name\"", \""age\"", \""address\""],\n        \""title\"": \""PersonRecord\""\n    }\n]\n```""]"
chat,ChatAdapter(use_json_adapter_fallback=False),case-0005,parse_error,AdapterParseError,1.423675721976906,1,none,0,8,0.0,False,,address.city;address.postcode;address.street;age;employment;name;tags[0];tags[1],,1086,0,6,0.0,0,"[""```python\n[[ ## completed ## ]]\n{text}\n\n[[ ## text ## ]]\n{record}        # note: the value you produce must adhere to the JSON schema: {\""type\"": \""object\"", \""$defs\"": {\""Address\"": {\""type\"": \""object\"", \""description\"": \""A postal address; ``postcode`` is genuinely optional in the rendered prose.\"", \""properties\"": {\""city\"": {\""type\"": \""string\"", \""title\"": \""City\""}, \""postcode\"": {\""anyOf\"": [{\""type\"": \""string\""}, {\""type\"": \""null\""}], \""default\"": null, \""title\"": \""Postcode\""}, \""street\"": {\""type\"": \""string\"", \""title\"": \""Street\""}}, \""required\"": [\""street\"", \""city\""], \""title\"": \""Address\""}, \""Contact\"": {\""type\"": \""object\"", \""description\"": \""One contact method; ``phone`` is often absent.\"", \""properties\"": {\""email\"": {\""type\"": \""string\"", \""title\"": \""Email\""}, \""phone\"": {\""anyOf\"": [{\""type\"": \""string\""}, {\""type\"": \""null\""}], \""default\"": null, \""title\"": \""Phone\""}}, \""required\"": [\""email\""], \""title\"": \""Contact\""}, \""Employment\"": {\""type\"": \""object\"", \""description\"": \""Current employment. The whole object is omitted for unemployed records.\"", \""properties\"": {\""company\"": {\""type\"": \""string\"", \""title\"": \""Company\""}, \""role\"": {\""type\"": \""string\"", \""title\"": \""Role\""}, \""years\"": {\""type\"": \""integer\"", \""maximum\"": 50, \""minimum\"": 0, \""title\"": \""Years\""}}, \""required\"": [\""company\"", \""role\"", \""years\""], \""title\"": \""PersonRecord\""}\n```""]"
chat,ChatAdapter(use_json_adapter_fallback=False),case-0006,parse_error,AdapterParseError,2.07703050901182,1,none,0,13,0.0,False,,address.city;address.postcode;address.street;age;contacts[0].email;contacts[0].phone;employment.company;employment.role;employment.years;name;tags[0];tags[1];tags[2],,1355,0,12,0.0,0,"[""```python\n[[ ## record ## ]]\n{text}\n\n[[ ## completed ## ]]\n{record}        # note: the value you produce must adhere to the JSON schema: {\""type\"": \""object\"", \""$defs\"": {\""Address\"": {\""type\"": \""object\"", \""description\"": \""A postal address; ``postcode`` is genuinely optional in the rendered prose.\"", \""properties\"": {\""city\"": {\""type\"": \""string\"", \""title\"": \""City\""}, \""postcode\"": {\""anyOf\"": [{\""type\"": \""string\""}, {\""type\"": \""null\""}], \""default\"": null, \""title\"": \""Postcode\""}, \""street\"": {\""type\"": \""string\"", \""title\"": \""Street\""}}, \""required\"": [\""street\"", \""city\""], \""title\"": \""Address\""}, \""Contact\"": {\""type\"": \""object\"", \""description\"": \""One contact method; ``phone`` is often absent.\"", \""properties\"": {\""email\"": {\""type\"": \""string\"", \""title\"": \""Email\""}, \""phone\"": {\""anyOf\"": [{\""type\"": \""string\""}, {\""type\"": \""null\""}], \""default\"": null, \""title\"": \""Phone\""}}, \""required\"": [\""email\""], \""title\"": \""Contact\""}, \""Employment\"": {\""type\"": \""object\"", \""description\"": \""Current employment. The whole object is omitted for unemployed records.\"", \""properties\"": {\""company\"": {\""type\"": \""string\"", \""title\"": \""Company\""}, \""role\"": {\""type\"": \""string\"", \""title\"": \""Role\""}, \""years\"": {\""type\"": \""integer\"", \""maximum\"": 50, \""minimum\"": 0, \""title\"": \""Years\""}}, \""required\"": [\""company\"", \""role\"", \""years\""], \""title\"": \""Employment\""}}, \""description\"": \""The extraction target: nested models, an optional object, and two lists.\\n\\nDeliberately shaped like the reference benchmarks' targets - nesting, optionality and\\nrepetition are where schema-following actually breaks down, and a flat model would\\nmake every adapter look identical.\"", \""properties\"": {\""address\"": {\""$ref\"": \""#/$defs/Address\""}, \""age\"": {\""type\"": \""integer\"", \""maximum\"": 120, \""minimum\"": 0, \""title\"": \""Age\""}, \""contacts\"": {\""type\"": \""array\"", \""items\"": {\""$ref\"": \""#/$defs/Contact\""}, \""title\"": \""Contacts\""}, \""employment\"": {\""anyOf\"": [{\""$ref\"": \""#/$defs/Employment\""}, {\""type\"": \""null\""}], \""default\"": null}, \""name\"": {\""type\"": \""string\"", \""title\"": \""Name\""}, \""tags\"": {\""type\"": \""array\"", \""items\"": {\""type\"": \""string\""}, \""title\"": \""Tags\""}}, \""required\"": [\""name\"", \""age\"", \""address\""], \""title\"": \""PersonRecord\""}\n```""]"
chat,ChatAdapter(use_json_adapter_fallback=False),case-0007,parse_error,AdapterParseError,2.12854607499321,1,none,0,10,0.0,False,,address.city;address.postcode;address.street;age;employment.company;employment.role;employment.years;name;tags[0];tags[1],,1340,0,10,0.0,0,"[""```python\n[[ ## record ## ]]\n{text}\n\n[[ ## completed ## ]]\n{record}        # note: the value you produce must adhere to the JSON schema: {\""type\"": \""object\"", \""$defs\"": {\""Address\"": {\""type\"": \""object\"", \""description\"": \""A postal address; ``postcode`` is genuinely optional in the rendered prose.\"", \""properties\"": {\""city\"": {\""type\"": \""string\"", \""title\"": \""City\""}, \""postcode\"": {\""anyOf\"": [{\""type\"": \""string\""}, {\""type\"": \""null\""}], \""default\"": null, \""title\"": \""Postcode\""}, \""street\"": {\""type\"": \""string\"", \""title\"": \""Street\""}}, \""required\"": [\""street\"", \""city\""], \""title\"": \""Address\""}, \""Contact\"": {\""type\"": \""object\"", \""description\"": \""One contact method; ``phone`` is often absent.\"", \""properties\"": {\""email\"": {\""type\"": \""string\"", \""title\"": \""Email\""}, \""phone\"": {\""anyOf\"": [{\""type\"": \""string\""}, {\""type\"": \""null\""}], \""default\"": null, \""title\"": \""Phone\""}}, \""required\"": [\""email\""], \""title\"": \""Contact\""}, \""Employment\"": {\""type\"": \""object\"", \""description\"": \""Current employment. The whole object is omitted for unemployed records.\"", \""properties\"": {\""company\"": {\""type\"": \""string\"", \""title\"": \""Company\""}, \""role\"": {\""type\"": \""string\"", \""title\"": \""Role\""}, \""years\"": {\""type\"": \""integer\"", \""maximum\"": 50, \""minimum\"": 0, \""title\"": \""Years\""}}, \""required\"": [\""company\"", \""role\"", \""years\""], \""title\"": \""Employment\""}}, \""description\"": \""The extraction target: nested models, an optional object, and two lists.\\n\\nDeliberately shaped like the reference benchmarks' targets - nesting, optionality and\\nrepetition are where schema-following actually breaks down, and a flat model would\\nmake every adapter look identical.\"", \""properties\"": {\""address\"": {\""$ref\"": \""#/$defs/Address\""}, \""age\"": {\""type\"": \""integer\"", \""maximum\"": 120, \""minimum\"": 0, \""title\"": \""Age\""}, \""contacts\"": {\""type\"": \""array\"", \""items\"": {\""$ref\"": \""#/$defs/Contact\""}, \""title\"": \""Contacts\""}, \""employment\"": {\""anyOf\"": [{\""$ref\"": \""#/$defs/Employment\""}, {\""type\"": \""null\""}], \""default\"": null}, \""name\"": {\""type\"": \""string\"", \""title\"": \""Name\""}, \""tags\"": {\""type\"": \""array\"", \""items\"": {\""type\"": \""string\""}, \""title\"": \""Tags\""}}, \""required\"": [\""name\"", \""age\"", \""address\""], \""title\"": \""PersonRecord\""}\n```""]"
chat,ChatAdapter(use_json_adapter_fallback=False),case-0008,parse_error,AdapterParseError,2.154639396001585,1,none,0,8,0.0,False,,address.city;address.postcode;address.street;age;employment.company;employment.role;employment.years;name,,1338,0,7,0.0,0,"[""```python\n[\n    {\n        \""text\"": \""Katherine Liskov — 21 this year — resides at 5 Rue Lafayette in Paris.\"",\n        \""record\"": \""PersonRecord\"",\n        \""type\"": \""object\"",\n        \""defs\"": {\""Address\"": {\""type\"": \""object\"", \""description\"": \""A postal address; ``postcode`` is genuinely optional in the rendered prose.\"", \""properties\"": {\""city\"": {\""type\"": \""string\"", \""title\"": \""City\""}, \""postcode\"": {\""anyOf\"": [{\""type\"": \""string\""}, {\""type\"": \""null\""}], \""default\"": null, \""title\"": \""Postcode\""}, \""street\"": {\""type\"": \""string\"", \""title\"": \""Street\""}}, \""required\"": [\""street\"", \""city\""], \""title\"": \""Address\""},\n        \""contact\"": {\""type\"": \""object\"", \""description\"": \""One contact method; ``phone`` is often absent.\"", \""properties\"": {\""email\"": {\""type\"": \""string\"", \""title\"": \""Email\""}, \""phone\"": {\""anyOf\"": [{\""type\"": \""string\""}, {\""type\"": \""null\""}], \""default\"": null, \""title\"": \""Phone\""}}, \""required\"": [\""email\""], \""title\"": \""Contact\""},\n        \""employment\"": {\""type\"": \""object\"", \""description\"": \""Current employment. The whole object is omitted for unemployed records.\"", \""properties\"": {\""company\"": {\""type\"": \""string\"", \""title\"": \""Company\""}, \""role\"": {\""type\"": \""string\"", \""title\"": \""Role\""}, \""years\"": {\""type\"": \""integer\"", \""maximum\"": 50, \""minimum\"": 0, \""title\"": \""Years\""}}, \""required\"": [\""company\"", \""role\"", \""years\""], \""title\"": \""Employment\""}}, \""description\"": \""The extraction target: nested models, an optional object, and two lists.\\n\\nDeliberately shaped like the reference benchmarks' targets - nesting, optionality and\\nrepetition are where schema-following actually breaks down, and a flat model would\\nmake every adapter look identical.\"", \""properties\"": {\""address\"": {\""$ref\"": \""#/$defs/Address\""}, \""age\"": {\""type\"": \""integer\"", \""maximum\"": 120, \""minimum\"": 0, \""title\"": \""Age\""}, \""contacts\"": {\""type\"": \""array\"", \""items\"": {\""$ref\"": \""#/$defs/Contact\""}, \""title\"": \""Contacts\""}, \""employment\"": {\""anyOf\"": [{\""$ref\"": \""#/$defs/Employment\""}, {\""type\"": \""null\""}], \""default\"": null}, \""name\"": {\""type\"": \""string\"", \""title\"": \""Name\""}, \""tags\"": {\""type\"": \""array\"", \""items\"": {\""type\"": \""string\""}, \""title\"": \""Tags\""}}, \""required\"": [\""name\"", \""age\"", \""address\""], \""title\"": \""PersonRecord\""}\n```""]"
chat,ChatAdapter(use_json_adapter_fallback=False),case-0009,parse_error,AdapterParseError,2.103127078997204,1,none,0,10,0.0,False,,address.city;address.postcode;address.street;age;employment.company;employment.role;employment.years;name;tags[0];tags[1],,1345,0,10,0.0,0,"[""```python\n[[ ## record ## ]]\n{text}\n\n[[ ## completed ## ]]\n{record}        # note: the value you produce must adhere to the JSON schema: {\""type\"": \""object\"", \""$defs\"": {\""Address\"": {\""type\"": \""object\"", \""description\"": \""A postal address; ``postcode`` is genuinely optional in the rendered prose.\"", \""properties\"": {\""city\"": {\""type\"": \""string\"", \""title\"": \""City\""}, \""postcode\"": {\""anyOf\"": [{\""type\"": \""string\""}, {\""type\"": \""null\""}], \""default\"": null, \""title\"": \""Postcode\""}, \""street\"": {\""type\"": \""string\"", \""title\"": \""Street\""}}, \""required\"": [\""street\"", \""city\""], \""title\"": \""Address\""}, \""Contact\"": {\""type\"": \""object\"", \""description\"": \""One contact method; ``phone`` is often absent.\"", \""properties\"": {\""email\"": {\""type\"": \""string\"", \""title\"": \""Email\""}, \""phone\"": {\""anyOf\"": [{\""type\"": \""string\""}, {\""type\"": \""null\""}], \""default\"": null, \""title\"": \""Phone\""}}, \""required\"": [\""email\""], \""title\"": \""Contact\""}, \""Employment\"": {\""type\"": \""object\"", \""description\"": \""Current employment. The whole object is omitted for unemployed records.\"", \""properties\"": {\""company\"": {\""type\"": \""string\"", \""title\"": \""Company\""}, \""role\"": {\""type\"": \""string\"", \""title\"": \""Role\""}, \""years\"": {\""type\"": \""integer\"", \""maximum\"": 50, \""minimum\"": 0, \""title\"": \""Years\""}}, \""required\"": [\""company\"", \""role\"", \""years\""], \""title\"": \""Employment\""}}, \""description\"": \""The extraction target: nested models, an optional object, and two lists.\\n\\nDeliberately shaped like the reference benchmarks' targets - nesting, optionality and\\nrepetition are where schema-following actually breaks down, and a flat model would\\nmake every adapter look identical.\"", \""properties\"": {\""address\"": {\""$ref\"": \""#/$defs/Address\""}, \""age\"": {\""type\"": \""integer\"", \""maximum\"": 120, \""minimum\"": 0, \""title\"": \""Age\""}, \""contacts\"": {\""type\"": \""array\"", \""items\"": {\""$ref\"": \""#/$defs/Contact\""}, \""title\"": \""Contacts\""}, \""employment\"": {\""anyOf\"": [{\""$ref\"": \""#/$defs/Employment\""}, {\""type\"": \""null\""}], \""default\"": null}, \""name\"": {\""type\"": \""string\"", \""title\"": \""Name\""}, \""tags\"": {\""type\"": \""array\"", \""items\"": {\""type\"": \""string\""}, \""title\"": \""Tags\""}}, \""required\"": [\""name\"", \""age\"", \""address\""], \""title\"": \""PersonRecord\""}\n```""]"
chat,ChatAdapter(use_json_adapter_fallback=False),case-0010,parse_error,AdapterParseError,2.121857510996051,1,none,0,14,0.0,False,,address.city;address.postcode;address.street;age;contacts[0].email;contacts[0].phone;contacts[1].email;contacts[1].phone;employment.company;employment.role;employment.years;name;tags[0];tags[1],,1383,0,13,0.0,0,"[""```python\n[[ ## record ## ]]\n{text}\n\n[[ ## completed ## ]]\n{record}        # note: the value you produce must adhere to the JSON schema: {\""type\"": \""object\"", \""$defs\"": {\""Address\"": {\""type\"": \""object\"", \""description\"": \""A postal address; ``postcode`` is genuinely optional in the rendered prose.\"", \""properties\"": {\""city\"": {\""type\"": \""string\"", \""title\"": \""City\""}, \""postcode\"": {\""anyOf\"": [{\""type\"": \""string\""}, {\""type\"": \""null\""}], \""default\"": null, \""title\"": \""Postcode\""}, \""street\"": {\""type\"": \""string\"", \""title\"": \""Street\""}}, \""required\"": [\""street\"", \""city\""], \""title\"": \""Address\""}, \""Contact\"": {\""type\"": \""object\"", \""description\"": \""One contact method; ``phone`` is often absent.\"", \""properties\"": {\""email\"": {\""type\"": \""string\"", \""title\"": \""Email\""}, \""phone\"": {\""anyOf\"": [{\""type\"": \""string\""}, {\""type\"": \""null\""}], \""default\"": null, \""title\"": \""Phone\""}}, \""required\"": [\""email\""], \""title\"": \""Contact\""}, \""Employment\"": {\""type\"": \""object\"", \""description\"": \""Current employment. The whole object is omitted for unemployed records.\"", \""properties\"": {\""company\"": {\""type\"": \""string\"", \""title\"": \""Company\""}, \""role\"": {\""type\"": \""string\"", \""title\"": \""Role\""}, \""years\"": {\""type\"": \""integer\"", \""maximum\"": 50, \""minimum\"": 0, \""title\"": \""Years\""}}, \""required\"": [\""company\"", \""role\"", \""years\""], \""title\"": \""Employment\""}}, \""description\"": \""The extraction target: nested models, an optional object, and two lists.\\n\\nDeliberately shaped like the reference benchmarks' targets - nesting, optionality and\\nrepetition are where schema-following actually breaks down, and a flat model would\\nmake every adapter look identical.\"", \""properties\"": {\""address\"": {\""$ref\"": \""#/$defs/Address\""}, \""age\"": {\""type\"": \""integer\"", \""maximum\"": 120, \""minimum\"": 0, \""title\"": \""Age\""}, \""contacts\"": {\""type\"": \""array\"", \""items\"": {\""$ref\"": \""#/$defs/Contact\""}, \""title\"": \""Contacts\""}, \""employment\"": {\""anyOf\"": [{\""$ref\"": \""#/$defs/Employment\""}, {\""type\"": \""null\""}], \""default\"": null}, \""name\"": {\""type\"": \""string\"", \""title\"": \""Name\""}, \""tags\"": {\""type\"": \""array\"", \""items\"": {\""type\"": \""string\""}, \""title\"": \""Tags\""}}, \""required\"": [\""name\"", \""age\"", \""address\""], \""title\"": \""PersonRecord\""}\n```""]"
chat,ChatAdapter(use_json_adapter_fallback=False),case-0011,parse_error,AdapterParseError,3.217689948010957,1,none,0,9,0.0,False,,address.city;address.postcode;address.street;age;contacts[0].email;contacts[0].phone;employment;name;tags[0],,1672,0,8,0.0,0,"[""```python\n[\n    {\n        \""text\"": \""7 Nassau St in Cupertino.\"",\n        \""record\"": {\n            \""type\"": \""PersonRecord\"",\n            \""description\"": \""All interactions will be structured in the following way, with the appropriate values filled in.\n        },\n        \""required\"": [\""7 Nassau St\"", \""in Cupertino\""]\n    },\n    {\n        \""text\"": \""distributed-systems\"",\n        \""record\"": {\n            \""type\"": \""PersonRecord\"",\n            \""description\"": \""The extraction target: nested models, an optional object, and two lists.\\n\\nDeliberately shaped like the reference benchmarks' targets - nesting, optionality and\\nrepetition are where schema-following actually breaks down, and a flat model would\\nmake every adapter look identical.\"",\n        \""properties\"": {\""address\"": {\""$ref\"": \""#/$defs/Address\""}, \""age\"": {\""type\"": \""integer\"", \""maximum\"": 120, \""minimum\"": 0, \""title\"": \""Age\""}, \""contacts\"": {\""type\"": \""array\"", \""items\"": {\""$ref\"": \""#/$defs/Contact\""}, \""title\"": \""Contacts\""}, \""employment\"": {\""anyOf\"": [{\""$ref\"": \""#/$defs/Employment\""}, {\""type\"": \""null\""}], \""default\"": null}, \""name\"": {\""type\"": \""string\"", \""title\"": \""Name\""}, \""tags\"": {\""type\"": \""array\"", \""items\"": {\""type\"": \""string\""}, \""title\"": \""Tags\""}}, \""required\"": [\""name\"", \""age\"", \""address\""], \""title\"": \""PersonRecord\""}\n    },\n    {\n        \""text\"": \""3 Nassau St in Cupertino.\"",\n        \""record\"": {\n            \""type\"": \""PersonRecord\"",\n            \""description\"": \""The extraction target: nested models, an optional object, and two lists.\\n\\nDeliberately shaped like the reference benchmarks' targets - nesting, optionality and\\nrepetition are where schema-following actually breaks down, and a flat model would\\nmake every adapter look identical.\"",\n        \""properties\"": {\""address\"": {\""$ref\"": \""#/$defs/Address\""}, \""age\"": {\""type\"": \""integer\"", \""maximum\"": 120, \""minimum\"": 0, \""title\"": \""Age\""}, \""contacts\"": {\""type\"": \""array\"", \""items\"": {\""$ref\"": \""#/$defs/Contact\""}, \""title\"": \""Contacts\""}, \""employment\"": {\""anyOf\"": [{\""$ref\"": \""#/$defs/Employment\""}, {\""type\"": \""null\""}], \""default\"": null}, \""name\"": {\""type\"": \""string\"", \""title\"": \""Name\""}, \""tags\"": {\""type\"": \""array\"", \""items\"": {\""type\"": \""string\""}, \""title\"": \""Tags\""}}, \""required\"": [\""3 Nassau St\"", \""in Cupertino\""]\n    },\n    {\n        \""text\"": \""distributed-systems\"",\n        \""record\"": {\n            \""type\"": \""PersonRecord\"",\n            \""description\"": \""The extraction target: nested models, an optional object, and two lists.\\n\\nDeliberately shaped like the reference benchmarks' targets - nesting, optionality and\\nrepetition are where schema-following actually breaks down, and a flat model would\\nmake every adapter look identical.\"",\n        \""properties\"": {\""address\"": {\""$ref\"": \""#/$defs/Address\""}, \""age\"": {\""type\"": \""integer\"", \""maximum\"": 120, \""minimum\"": 0, \""title\"": \""Age\""}, \""contacts\"": {\""type\"": \""array\"", \""items\"": {\""$ref\"": \""#/$defs/Contact\""}, \""title\"": \""Contacts\""}, \""employment\"": {\""anyOf\"": [{\""$ref\"": \""#/$defs/Employment\""}, {\""type\"": \""null\""}], \""default\"": null}, \""name\"": {\""type\"": \""string\"", \""title\"": \""Name\""}, \""tags\"": {\""type\"": \""array\"", \""items\"": {\""type\"": \""string\""}, \""title\"": \""Tags\""}}, \""required\"": [\""distributed-systems\"", \""3 Nassau St\"", \""in Cupertino\""]\n    },\n    {\n        \""text\"": \""5 Nassau St in Cupertino.\"",\n        \""record\"": {\n            \""type\"": \""PersonRecord\"",\n            \""description\"": \""The extraction target: nested models, an optional object, and two lists""]"
chat,ChatAdapter(use_json_adapter_fallback=False),case-0012,parse_error,AdapterParseError,3.1858987040177453,1,none,0,12,0.0,False,,address.city;address.postcode;address.street;age;contacts[0].email;contacts[0].phone;employment.company;employment.role;employment.years;name;tags[0];tags[1],,1668,0,10,0.0,0,"[""```python\n[\n    {\n        \""text\"": \""Radia Torvalds, aged 89, lives at 12 Baker St in Düsseldorf. Contact: radia.torvalds@post.example. They work at Xerox PARC as a compiler architect, 21 years so far.\"",\n        \""record\"": {\n            \""type\"": \""object\"",\n            \""$defs\"": {\n                \""Address\"": {\n                    \""type\"": \""object\"",\n                    \""description\"": \""A postal address; ``postcode`` is genuinely optional in the rendered prose.\"",\n                    \""properties\"": {\""city\"": {\""type\"": \""string\"", \""title\"": \""City\""}, \""postcode\"": {\""anyOf\"": [{\""type\"": \""string\""}, {\""type\"": \""null\""}], \""default\"": null, \""title\"": \""Postcode\""}, \""street\"": {\""type\"": \""string\"", \""title\"": \""Street\""}},\n                    \""required\"": [\""street\"", \""city\""]\n                },\n                \""Contact\"": {\n                    \""type\"": \""object\"",\n                    \""description\"": \""One contact method; ``phone`` is often absent.\"",\n                    \""properties\"": {\""email\"": {\""type\"": \""string\"", \""title\"": \""Email\""}, \""phone\"": {\""anyOf\"": [{\""type\"": \""string\""}, {\""type\"": \""null\""}], \""default\"": null, \""title\"": \""Phone\""}},\n                    \""required\"": [\""email\""],\n                    \""title\"": \""Contact\""\n                },\n                \""Employment\"": {\n                    \""type\"": \""object\"",\n                    \""description\"": \""Current employment. The whole object is omitted for unemployed records.\"",\n                    \""properties\"": {\""company\"": {\""type\"": \""string\"", \""title\"": \""Company\""}, \""role\"": {\""type\"": \""string\"", \""title\"": \""Role\""}, \""years\"": {\""type\"": \""integer\"", \""maximum\"": 50, \""minimum\"": 0, \""title\"": \""Years\""}},\n                    \""required\"": [\""company\"", \""role\"", \""years\""],\n                    \""title\"": \""Employment\""\n                }\n            }\n        },\n        \""required\"": [\""company\"", \""role\"", \""years\""]\n    },\n    {\n        \""text\"": \""Radia Torvalds, aged 89, lives at 12 Baker St in Düsseldorf. Contact: radia.torvalds@post.example. They work at Xerox PARC as a compiler architect, 21 years so far.\"",\n        \""record\"": {\n            \""type\"": \""object\"",\n            \""$defs\"": {\n                \""Address\"": {\n                    \""type\"": \""object\"",\n                    \""description\"": \""A postal address; ``postcode`` is genuinely optional in the rendered prose.\"",\n                    \""properties\"": {\""city\"": {\""type\"": \""string\"", \""title\"": \""City\""}, \""postcode\"": {\""anyOf\"": [{\""type\"": \""string\""}, {\""type\"": \""null\""}], \""default\"": null, \""title\"": \""Postcode\""}, \""street\"": {\""type\"": \""string\"", \""title\"": \""Street\""}},\n                    \""required\"": [\""street\"", \""city\""]\n                },\n                \""Contact\"": {\n                    \""type\"": \""object\"",\n                    \""description\"": \""One contact method; ``phone`` is often absent.\"",\n                    \""properties\"": {\""email\"": {\""type\"": \""string\"", \""title\"": \""Email\""}, \""phone\"": {\""anyOf\"": [{\""type\"": \""string\""}, {\""type\"": \""null\""}], \""default\"": null, \""title\"": \""Phone\""}},\n                    \""required\"": [\""email\""],\n                    \""title\"": \""Contact\""\n                },\n                \""Employment\"": {\n                    \""type\"": \""object\"",\n                    \""description\"": \""Current employment. The whole object is omitted for unemployed records.\"",\n                    \""properties\"": {\""company\"": {\""type\"": \""string\"", \""title\"": \""Company\""}, \""role\"": {\""type\"": \""string\"", \""title\"": \""Role\""}, \""years\"": {\""type\"": \""integer\"", \""maximum\"": 50, \""minimum\"": 0, \""title\"": \""Years\""}},\n                    \""required\"": [\""company\"", \""role\"", \""years\""],\n                    \""title\"": \""Employment\""\n                }\n            }\n        },\n        \""required\"": [\""company\"", \""role\"", \""years\""]\n    },\n    {\n""]"
chat,ChatAdapter(use_json_adapter_fallback=False),case-0013,parse_error,AdapterParseError,2.1359413519967347,1,none,0,11,0.0,False,,address.city;address.postcode;address.street;age;contacts[0].email;contacts[0].phone;employment.company;employment.role;employment.years;name;tags[0],,1339,0,9,0.0,0,"[""```python\n[[ ## record ## ]]\n{text}\n\n[[ ## completed ## ]]\n{record}        # note: the value you produce must adhere to the JSON schema: {\""type\"": \""object\"", \""$defs\"": {\""Address\"": {\""type\"": \""object\"", \""description\"": \""A postal address; ``postcode`` is genuinely optional in the rendered prose.\"", \""properties\"": {\""city\"": {\""type\"": \""string\"", \""title\"": \""City\""}, \""postcode\"": {\""anyOf\"": [{\""type\"": \""string\""}, {\""type\"": \""null\""}], \""default\"": null, \""title\"": \""Postcode\""}, \""street\"": {\""type\"": \""string\"", \""title\"": \""Street\""}}, \""required\"": [\""street\"", \""city\""], \""title\"": \""Address\""}, \""Contact\"": {\""type\"": \""object\"", \""description\"": \""One contact method; ``phone`` is often absent.\"", \""properties\"": {\""email\"": {\""type\"": \""string\"", \""title\"": \""Email\""}, \""phone\"": {\""anyOf\"": [{\""type\"": \""string\""}, {\""type\"": \""null\""}], \""default\"": null, \""title\"": \""Phone\""}}, \""required\"": [\""email\""], \""title\"": \""Contact\""}, \""Employment\"": {\""type\"": \""object\"", \""description\"": \""Current employment. The whole object is omitted for unemployed records.\"", \""properties\"": {\""company\"": {\""type\"": \""string\"", \""title\"": \""Company\""}, \""role\"": {\""type\"": \""string\"", \""title\"": \""Role\""}, \""years\"": {\""type\"": \""integer\"", \""maximum\"": 50, \""minimum\"": 0, \""title\"": \""Years\""}}, \""required\"": [\""company\"", \""role\"", \""years\""], \""title\"": \""Employment\""}}, \""description\"": \""The extraction target: nested models, an optional object, and two lists.\\n\\nDeliberately shaped like the reference benchmarks' targets - nesting, optionality and\\nrepetition are where schema-following actually breaks down, and a flat model would\\nmake every adapter look identical.\"", \""properties\"": {\""address\"": {\""$ref\"": \""#/$defs/Address\""}, \""age\"": {\""type\"": \""integer\"", \""maximum\"": 120, \""minimum\"": 0, \""title\"": \""Age\""}, \""contacts\"": {\""type\"": \""array\"", \""items\"": {\""$ref\"": \""#/$defs/Contact\""}, \""title\"": \""Contacts\""}, \""employment\"": {\""anyOf\"": [{\""$ref\"": \""#/$defs/Employment\""}, {\""type\"": \""null\""}], \""default\"": null}, \""name\"": {\""type\"": \""string\"", \""title\"": \""Name\""}, \""tags\"": {\""type\"": \""array\"", \""items\"": {\""type\"": \""string\""}, \""title\"": \""Tags\""}}, \""required\"": [\""name\"", \""age\"", \""address\""], \""title\"": \""PersonRecord\""}\n```""]"
chat,ChatAdapter(use_json_adapter_fallback=False),case-0014,parse_error,AdapterParseError,1.5335183590068482,1,none,0,10,0.0,False,,address.city;address.postcode;address.street;age;employment.company;employment.role;employment.years;name;tags[0];tags[1],,1157,0,10,0.0,0,"[""```python\n[\n    {\n        \""text\"": \""Grace Johnson (63): residence 88 Königsallee, Cupertino.\"",\n        \""record\"": {\n            \""type\"": \""object\"",\n            \""$defs\"": {\n                \""Address\"": {\n                    \""type\"": \""object\"",\n                    \""description\"": \""A postal address; ``postcode`` is genuinely optional in the rendered prose.\"",\n                    \""properties\"": {\""city\"": {\""type\"": \""string\"", \""title\"": \""City\""}, \""postcode\"": {\""anyOf\"": [{\""type\"": \""string\""}, {\""type\"": \""null\""}], \""default\"": null, \""title\"": \""Postcode\""}, \""street\"": {\""type\"": \""string\"", \""title\"": \""Street\""}},\n                    \""required\"": [\""street\"", \""city\""]\n                },\n                \""contact\"": {\n                    \""type\"": \""object\"",\n                    \""description\"": \""One contact method; ``phone`` is often absent.\"",\n                    \""properties\"": {\""email\"": {\""type\"": \""string\"", \""title\"": \""Email\""}, \""phone\"": {\""anyOf\"": [{\""type\"": \""string\""}, {\""type\"": \""null\""}], \""default\"": null, \""title\"": \""Phone\""}},\n                    \""required\"": [\""email\""],\n                    \""title\"": \""Contact\""\n                },\n                \""employment\"": {\""anyOf\"": [{\""$ref\"": \""#/$defs/Employment\""}, {\""type\"": \""null\""}], \""default\"": null},\n                \""name\"": {\""type\"": \""string\"", \""title\"": \""Name\""},\n                \""tags\"": {\""type\"": \""array\"", \""items\"": {\""type\"": \""string\""}, \""title\"": \""Tags\""}},\n                \""required\"": [\""name\"", \""age\"", \""address\""]\n            }\n        },\n        \""required\"": [\""name\"", \""age\"", \""address\""]\n        \""title\"": \""PersonRecord\""\n    }\n]\n```""]"
chat,ChatAdapter(use_json_adapter_fallback=False),case-0015,parse_error,AdapterParseError,2.0439000870101154,1,none,0,10,0.0,False,,address.city;address.postcode;address.street;age;contacts[0].email;contacts[0].phone;employment.company;employment.role;employment.years;name,,1357,0,10,0.0,0,"[""```python\n[[ ## completed ## ]]\n{text}\n\n[[ ## text ## ]]\n{record}        # note: the value you produce must adhere to the JSON schema: {\""type\"": \""object\"", \""$defs\"": {\""Address\"": {\""type\"": \""object\"", \""description\"": \""A postal address; ``postcode`` is genuinely optional in the rendered prose.\"", \""properties\"": {\""city\"": {\""type\"": \""string\"", \""title\"": \""City\""}, \""postcode\"": {\""anyOf\"": [{\""type\"": \""string\""}, {\""type\"": \""null\""}], \""default\"": null, \""title\"": \""Postcode\""}, \""street\"": {\""type\"": \""string\"", \""title\"": \""Street\""}}, \""required\"": [\""street\"", \""city\""], \""title\"": \""Address\""}, \""Contact\"": {\""type\"": \""object\"", \""description\"": \""One contact method; ``phone`` is often absent.\"", \""properties\"": {\""email\"": {\""type\"": \""string\"", \""title\"": \""Email\""}, \""phone\"": {\""anyOf\"": [{\""type\"": \""string\""}, {\""type\"": \""null\""}], \""default\"": null, \""title\"": \""Phone\""}}, \""required\"": [\""email\""], \""title\"": \""Contact\""}, \""Employment\"": {\""type\"": \""object\"", \""description\"": \""Current employment. The whole object is omitted for unemployed records.\"", \""properties\"": {\""company\"": {\""type\"": \""string\"", \""title\"": \""Company\""}, \""role\"": {\""type\"": \""string\"", \""title\"": \""Role\""}, \""years\"": {\""type\"": \""integer\"", \""maximum\"": 50, \""minimum\"": 0, \""title\"": \""Years\""}}, \""required\"": [\""company\"", \""role\"", \""years\""], \""title\"": \""Employment\""}}, \""description\"": \""The extraction target: nested models, an optional object, and two lists.\\n\\nDeliberately shaped like the reference benchmarks' targets - nesting, optionality and\\nrepetition are where schema-following actually breaks down, and a flat model would\\nmake every adapter look identical.\"", \""properties\"": {\""address\"": {\""$ref\"": \""#/$defs/Address\""}, \""age\"": {\""type\"": \""integer\"", \""maximum\"": 120, \""minimum\"": 0, \""title\"": \""Age\""}, \""contacts\"": {\""type\"": \""array\"", \""items\"": {\""$ref\"": \""#/$defs/Contact\""}, \""title\"": \""Contacts\""}, \""employment\"": {\""anyOf\"": [{\""$ref\"": \""#/$defs/Employment\""}, {\""type\"": \""null\""}], \""default\"": null}, \""name\"": {\""type\"": \""string\"", \""title\"": \""Name\""}, \""tags\"": {\""type\"": \""array\"", \""items\"": {\""type\"": \""string\""}, \""title\"": \""Tags\""}}, \""required\"": [\""name\"", \""age\"", \""address\""], \""title\"": \""PersonRecord\""}\n```""]"
chat,ChatAdapter(use_json_adapter_fallback=False),case-0016,parse_error,AdapterParseError,2.1276865620166063,1,none,0,12,0.0,False,,address.city;address.postcode;address.street;age;contacts[0].email;contacts[0].phone;contacts[1].email;contacts[1].phone;employment.company;employment.role;employment.years;name,,1386,0,12,0.0,0,"[""```python\n[[ ## record ## ]]\n{text}\n\n[[ ## text ## ]]\n{record}        # note: the value you produce must adhere to the JSON schema: {\""type\"": \""object\"", \""$defs\"": {\""Address\"": {\""type\"": \""object\"", \""description\"": \""A postal address; ``postcode`` is genuinely optional in the rendered prose.\"", \""properties\"": {\""city\"": {\""type\"": \""string\"", \""title\"": \""City\""}, \""postcode\"": {\""anyOf\"": [{\""type\"": \""string\""}, {\""type\"": \""null\""}], \""default\"": null, \""title\"": \""Postcode\""}, \""street\"": {\""type\"": \""string\"", \""title\"": \""Street\""}}, \""required\"": [\""street\"", \""city\""], \""title\"": \""Address\""}, \""Contact\"": {\""type\"": \""object\"", \""description\"": \""One contact method; ``phone`` is often absent.\"", \""properties\"": {\""email\"": {\""type\"": \""string\"", \""title\"": \""Email\""}, \""phone\"": {\""anyOf\"": [{\""type\"": \""string\""}, {\""type\"": \""null\""}], \""default\"": null, \""title\"": \""Phone\""}}, \""required\"": [\""email\""], \""title\"": \""Contact\""}, \""Employment\"": {\""type\"": \""object\"", \""description\"": \""Current employment. The whole object is omitted for unemployed records.\"", \""properties\"": {\""company\"": {\""type\"": \""string\"", \""title\"": \""Company\""}, \""role\"": {\""type\"": \""string\"", \""title\"": \""Role\""}, \""years\"": {\""type\"": \""integer\"", \""maximum\"": 50, \""minimum\"": 0, \""title\"": \""Years\""}}, \""required\"": [\""company\"", \""role\"", \""years\""], \""title\"": \""Employment\""}}, \""description\"": \""The extraction target: nested models, an optional object, and two lists.\\n\\nDeliberately shaped like the reference benchmarks' targets - nesting, optionality and\\nrepetition are where schema-following actually breaks down, and a flat model would\\nmake every adapter look identical.\"", \""properties\"": {\""address\"": {\""$ref\"": \""#/$defs/Address\""}, \""age\"": {\""type\"": \""integer\"", \""maximum\"": 120, \""minimum\"": 0, \""title\"": \""Age\""}, \""contacts\"": {\""type\"": \""array\"", \""items\"": {\""$ref\"": \""#/$defs/Contact\""}, \""title\"": \""Contacts\""}, \""employment\"": {\""anyOf\"": [{\""$ref\"": \""#/$defs/Employment\""}, {\""type\"": \""null\""}], \""default\"": null}, \""name\"": {\""type\"": \""string\"", \""title\"": \""Name\""}, \""tags\"": {\""type\"": \""array\"", \""items\"": {\""type\"": \""string\""}, \""title\"": \""Tags\""}}, \""required\"": [\""name\"", \""age\"", \""address\""], \""title\"": \""PersonRecord\""}\n```""]"
chat,ChatAdapter(use_json_adapter_fallback=False),case-0017,parse_error,AdapterParseError,2.135906683979556,1,none,0,10,0.0,False,,address.city;address.postcode;address.street;age;contacts[0].email;contacts[0].phone;employment.company;employment.role;employment.years;name,,1340,0,8,0.0,0,"[""```python\n[[ ## record ## ]]\n{text}\n\n[[ ## completed ## ]]\n{record}        # note: the value you produce must adhere to the JSON schema: {\""type\"": \""object\"", \""$defs\"": {\""Address\"": {\""type\"": \""object\"", \""description\"": \""A postal address; ``postcode`` is genuinely optional in the rendered prose.\"", \""properties\"": {\""city\"": {\""type\"": \""string\"", \""title\"": \""City\""}, \""postcode\"": {\""anyOf\"": [{\""type\"": \""string\""}, {\""type\"": \""null\""}], \""default\"": null, \""title\"": \""Postcode\""}, \""street\"": {\""type\"": \""string\"", \""title\"": \""Street\""}}, \""required\"": [\""street\"", \""city\""], \""title\"": \""Address\""}, \""Contact\"": {\""type\"": \""object\"", \""description\"": \""One contact method; ``phone`` is often absent.\"", \""properties\"": {\""email\"": {\""type\"": \""string\"", \""title\"": \""Email\""}, \""phone\"": {\""anyOf\"": [{\""type\"": \""string\""}, {\""type\"": \""null\""}], \""default\"": null, \""title\"": \""Phone\""}}, \""required\"": [\""email\""], \""title\"": \""Contact\""}, \""Employment\"": {\""type\"": \""object\"", \""description\"": \""Current employment. The whole object is omitted for unemployed records.\"", \""properties\"": {\""company\"": {\""type\"": \""string\"", \""title\"": \""Company\""}, \""role\"": {\""type\"": \""string\"", \""title\"": \""Role\""}, \""years\"": {\""type\"": \""integer\"", \""maximum\"": 50, \""minimum\"": 0, \""title\"": \""Years\""}}, \""required\"": [\""company\"", \""role\"", \""years\""], \""title\"": \""Employment\""}}, \""description\"": \""The extraction target: nested models, an optional object, and two lists.\\n\\nDeliberately shaped like the reference benchmarks' targets - nesting, optionality and\\nrepetition are where schema-following actually breaks down, and a flat model would\\nmake every adapter look identical.\"", \""properties\"": {\""address\"": {\""$ref\"": \""#/$defs/Address\""}, \""age\"": {\""type\"": \""integer\"", \""maximum\"": 120, \""minimum\"": 0, \""title\"": \""Age\""}, \""contacts\"": {\""type\"": \""array\"", \""items\"": {\""$ref\"": \""#/$defs/Contact\""}, \""title\"": \""Contacts\""}, \""employment\"": {\""anyOf\"": [{\""$ref\"": \""#/$defs/Employment\""}, {\""type\"": \""null\""}], \""default\"": null}, \""name\"": {\""type\"": \""string\"", \""title\"": \""Name\""}, \""tags\"": {\""type\"": \""array\"", \""items\"": {\""type\"": \""string\""}, \""title\"": \""Tags\""}}, \""required\"": [\""name\"", \""age\"", \""address\""], \""title\"": \""PersonRecord\""}\n```""]"
chat,ChatAdapter(use_json_adapter_fallback=False),case-0018,parse_error,AdapterParseError,2.0075918860093225,1,none,0,12,0.0,False,,address.city;address.postcode;address.street;age;contacts[0].email;contacts[0].phone;employment.company;employment.role;employment.years;name;tags[0];tags[1],,1356,0,11,0.0,0,"[""```python\n[[ ## record ## ]]\n{text}\n\n[[ ## completed ## ]]\n{record}        # note: the value you produce must adhere to the JSON schema: {\""type\"": \""object\"", \""$defs\"": {\""Address\"": {\""type\"": \""object\"", \""description\"": \""A postal address; ``postcode`` is genuinely optional in the rendered prose.\"", \""properties\"": {\""city\"": {\""type\"": \""string\"", \""title\"": \""City\""}, \""postcode\"": {\""anyOf\"": [{\""type\"": \""string\""}, {\""type\"": \""null\""}], \""default\"": null, \""title\"": \""Postcode\""}, \""street\"": {\""type\"": \""string\"", \""title\"": \""Street\""}}, \""required\"": [\""street\"", \""city\""], \""title\"": \""Address\""}, \""Contact\"": {\""type\"": \""object\"", \""description\"": \""One contact method; ``phone`` is often absent.\"", \""properties\"": {\""email\"": {\""type\"": \""string\"", \""title\"": \""Email\""}, \""phone\"": {\""anyOf\"": [{\""type\"": \""string\""}, {\""type\"": \""null\""}], \""default\"": null, \""title\"": \""Phone\""}}, \""required\"": [\""email\""], \""title\"": \""Contact\""}, \""Employment\"": {\""type\"": \""object\"", \""description\"": \""Current employment. The whole object is omitted for unemployed records.\"", \""properties\"": {\""company\"": {\""type\"": \""string\"", \""title\"": \""Company\""}, \""role\"": {\""type\"": \""string\"", \""title\"": \""Role\""}, \""years\"": {\""type\"": \""integer\"", \""maximum\"": 50, \""minimum\"": 0, \""title\"": \""Years\""}}, \""required\"": [\""company\"", \""role\"", \""years\""], \""title\"": \""Employment\""}}, \""description\"": \""The extraction target: nested models, an optional object, and two lists.\\n\\nDeliberately shaped like the reference benchmarks' targets - nesting, optionality and\\nrepetition are where schema-following actually breaks down, and a flat model would\\nmake every adapter look identical.\"", \""properties\"": {\""address\"": {\""$ref\"": \""#/$defs/Address\""}, \""age\"": {\""type\"": \""integer\"", \""maximum\"": 120, \""minimum\"": 0, \""title\"": \""Age\""}, \""contacts\"": {\""type\"": \""array\"", \""items\"": {\""$ref\"": \""#/$defs/Contact\""}, \""title\"": \""Contacts\""}, \""employment\"": {\""anyOf\"": [{\""$ref\"": \""#/$defs/Employment\""}, {\""type\"": \""null\""}], \""default\"": null}, \""name\"": {\""type\"": \""string\"", \""title\"": \""Name\""}, \""tags\"": {\""type\"": \""array\"", \""items\"": {\""type\"": \""string\""}, \""title\"": \""Tags\""}}, \""required\"": [\""name\"", \""age\"", \""address\""], \""title\"": \""PersonRecord\""}\n```""]"
chat,ChatAdapter(use_json_adapter_fallback=False),case-0019,parse_error,AdapterParseError,2.085956636990886,1,none,0,13,0.0,False,,address.city;address.postcode;address.street;age;contacts[0].email;contacts[0].phone;employment.company;employment.role;employment.years;name;tags[0];tags[1];tags[2],,1352,0,12,0.0,0,"[""```python\n[[ ## record ## ]]\n{text}\n\n[[ ## completed ## ]]\n{record}        # note: the value you produce must adhere to the JSON schema: {\""type\"": \""object\"", \""$defs\"": {\""Address\"": {\""type\"": \""object\"", \""description\"": \""A postal address; ``postcode`` is genuinely optional in the rendered prose.\"", \""properties\"": {\""city\"": {\""type\"": \""string\"", \""title\"": \""City\""}, \""postcode\"": {\""anyOf\"": [{\""type\"": \""string\""}, {\""type\"": \""null\""}], \""default\"": null, \""title\"": \""Postcode\""}, \""street\"": {\""type\"": \""string\"", \""title\"": \""Street\""}}, \""required\"": [\""street\"", \""city\""], \""title\"": \""Address\""}, \""Contact\"": {\""type\"": \""object\"", \""description\"": \""One contact method; ``phone`` is often absent.\"", \""properties\"": {\""email\"": {\""type\"": \""string\"", \""title\"": \""Email\""}, \""phone\"": {\""anyOf\"": [{\""type\"": \""string\""}, {\""type\"": \""null\""}], \""default\"": null, \""title\"": \""Phone\""}}, \""required\"": [\""email\""], \""title\"": \""Contact\""}, \""Employment\"": {\""type\"": \""object\"", \""description\"": \""Current employment. The whole object is omitted for unemployed records.\"", \""properties\"": {\""company\"": {\""type\"": \""string\"", \""title\"": \""Company\""}, \""role\"": {\""type\"": \""string\"", \""title\"": \""Role\""}, \""years\"": {\""type\"": \""integer\"", \""maximum\"": 50, \""minimum\"": 0, \""title\"": \""Years\""}}, \""required\"": [\""company\"", \""role\"", \""years\""], \""title\"": \""Employment\""}}, \""description\"": \""The extraction target: nested models, an optional object, and two lists.\\n\\nDeliberately shaped like the reference benchmarks' targets - nesting, optionality and\\nrepetition are where schema-following actually breaks down, and a flat model would\\nmake every adapter look identical.\"", \""properties\"": {\""address\"": {\""$ref\"": \""#/$defs/Address\""}, \""age\"": {\""type\"": \""integer\"", \""maximum\"": 120, \""minimum\"": 0, \""title\"": \""Age\""}, \""contacts\"": {\""type\"": \""array\"", \""items\"": {\""$ref\"": \""#/$defs/Contact\""}, \""title\"": \""Contacts\""}, \""employment\"": {\""anyOf\"": [{\""$ref\"": \""#/$defs/Employment\""}, {\""type\"": \""null\""}], \""default\"": null}, \""name\"": {\""type\"": \""string\"", \""title\"": \""Name\""}, \""tags\"": {\""type\"": \""array\"", \""items\"": {\""type\"": \""string\""}, \""title\"": \""Tags\""}}, \""required\"": [\""name\"", \""age\"", \""address\""], \""title\"": \""PersonRecord\""}\n```""]"
chat,ChatAdapter(use_json_adapter_fallback=False),case-0020,parse_error,AdapterParseError,2.0848544169857632,1,none,0,8,0.0,False,,address.city;address.postcode;address.street;age;employment;name;tags[0];tags[1],,1311,0,6,0.0,0,"[""```python\n[[ ## record ## ]]\n{text}\n\n[[ ## completed ## ]]\n{record}        # note: the value you produce must adhere to the JSON schema: {\""type\"": \""object\"", \""$defs\"": {\""Address\"": {\""type\"": \""object\"", \""description\"": \""A postal address; ``postcode`` is genuinely optional in the rendered prose.\"", \""properties\"": {\""city\"": {\""type\"": \""string\"", \""title\"": \""City\""}, \""postcode\"": {\""anyOf\"": [{\""type\"": \""string\""}, {\""type\"": \""null\""}], \""default\"": null, \""title\"": \""Postcode\""}, \""street\"": {\""type\"": \""string\"", \""title\"": \""Street\""}}, \""required\"": [\""street\"", \""city\""], \""title\"": \""Address\""}, \""Contact\"": {\""type\"": \""object\"", \""description\"": \""One contact method; ``phone`` is often absent.\"", \""properties\"": {\""email\"": {\""type\"": \""string\"", \""title\"": \""Email\""}, \""phone\"": {\""anyOf\"": [{\""type\"": \""string\""}, {\""type\"": \""null\""}], \""default\"": null, \""title\"": \""Phone\""}}, \""required\"": [\""email\""], \""title\"": \""Contact\""}, \""Employment\"": {\""type\"": \""object\"", \""description\"": \""Current employment. The whole object is omitted for unemployed records.\"", \""properties\"": {\""company\"": {\""type\"": \""string\"", \""title\"": \""Company\""}, \""role\"": {\""type\"": \""string\"", \""title\"": \""Role\""}, \""years\"": {\""type\"": \""integer\"", \""maximum\"": 50, \""minimum\"": 0, \""title\"": \""Years\""}}, \""required\"": [\""company\"", \""role\"", \""years\""], \""title\"": \""Employment\""}}, \""description\"": \""The extraction target: nested models, an optional object, and two lists.\\n\\nDeliberately shaped like the reference benchmarks' targets - nesting, optionality and\\nrepetition are where schema-following actually breaks down, and a flat model would\\nmake every adapter look identical.\"", \""properties\"": {\""address\"": {\""$ref\"": \""#/$defs/Address\""}, \""age\"": {\""type\"": \""integer\"", \""maximum\"": 120, \""minimum\"": 0, \""title\"": \""Age\""}, \""contacts\"": {\""type\"": \""array\"", \""items\"": {\""$ref\"": \""#/$defs/Contact\""}, \""title\"": \""Contacts\""}, \""employment\"": {\""anyOf\"": [{\""$ref\"": \""#/$defs/Employment\""}, {\""type\"": \""null\""}], \""default\"": null}, \""name\"": {\""type\"": \""string\"", \""title\"": \""Name\""}, \""tags\"": {\""type\"": \""array\"", \""items\"": {\""type\"": \""string\""}, \""title\"": \""Tags\""}}, \""required\"": [\""name\"", \""age\"", \""address\""], \""title\"": \""PersonRecord\""}\n```""]"
chat,ChatAdapter(use_json_adapter_fallback=False),case-0021,parse_error,AdapterParseError,2.0751320839917753,1,none,0,13,0.0,False,,address.city;address.postcode;address.street;age;contacts[0].email;contacts[0].phone;contacts[1].email;contacts[1].phone;employment.company;employment.role;employment.years;name;tags[0],,1366,0,11,0.0,0,"[""```python\n[[ ## record ## ]]\n{text}\n\n[[ ## completed ## ]]\n{record}        # note: the value you produce must adhere to the JSON schema: {\""type\"": \""object\"", \""$defs\"": {\""Address\"": {\""type\"": \""object\"", \""description\"": \""A postal address; ``postcode`` is genuinely optional in the rendered prose.\"", \""properties\"": {\""city\"": {\""type\"": \""string\"", \""title\"": \""City\""}, \""postcode\"": {\""anyOf\"": [{\""type\"": \""string\""}, {\""type\"": \""null\""}], \""default\"": null, \""title\"": \""Postcode\""}, \""street\"": {\""type\"": \""string\"", \""title\"": \""Street\""}}, \""required\"": [\""street\"", \""city\""], \""title\"": \""Address\""}, \""Contact\"": {\""type\"": \""object\"", \""description\"": \""One contact method; ``phone`` is often absent.\"", \""properties\"": {\""email\"": {\""type\"": \""string\"", \""title\"": \""Email\""}, \""phone\"": {\""anyOf\"": [{\""type\"": \""string\""}, {\""type\"": \""null\""}], \""default\"": null, \""title\"": \""Phone\""}}, \""required\"": [\""email\""], \""title\"": \""Contact\""}, \""Employment\"": {\""type\"": \""object\"", \""description\"": \""Current employment. The whole object is omitted for unemployed records.\"", \""properties\"": {\""company\"": {\""type\"": \""string\"", \""title\"": \""Company\""}, \""role\"": {\""type\"": \""string\"", \""title\"": \""Role\""}, \""years\"": {\""type\"": \""integer\"", \""maximum\"": 50, \""minimum\"": 0, \""title\"": \""Years\""}}, \""required\"": [\""company\"", \""role\"", \""years\""], \""title\"": \""Employment\""}}, \""description\"": \""The extraction target: nested models, an optional object, and two lists.\\n\\nDeliberately shaped like the reference benchmarks' targets - nesting, optionality and\\nrepetition are where schema-following actually breaks down, and a flat model would\\nmake every adapter look identical.\"", \""properties\"": {\""address\"": {\""$ref\"": \""#/$defs/Address\""}, \""age\"": {\""type\"": \""integer\"", \""maximum\"": 120, \""minimum\"": 0, \""title\"": \""Age\""}, \""contacts\"": {\""type\"": \""array\"", \""items\"": {\""$ref\"": \""#/$defs/Contact\""}, \""title\"": \""Contacts\""}, \""employment\"": {\""anyOf\"": [{\""$ref\"": \""#/$defs/Employment\""}, {\""type\"": \""null\""}], \""default\"": null}, \""name\"": {\""type\"": \""string\"", \""title\"": \""Name\""}, \""tags\"": {\""type\"": \""array\"", \""items\"": {\""type\"": \""string\""}, \""title\"": \""Tags\""}}, \""required\"": [\""name\"", \""age\"", \""address\""], \""title\"": \""PersonRecord\""}\n```""]"
chat,ChatAdapter(use_json_adapter_fallback=False),case-0022,parse_error,AdapterParseError,3.114025311981095,1,none,0,8,0.0,False,,address.city;address.postcode;address.street;age;contacts[0].email;contacts[0].phone;employment;name,,1664,0,7,0.0,0,"[""```python\n[\n    {\n        \""text\"": \""88 Königsallee in Osaka\"",\n        \""record\"": \""alan.johnson@mail.test, phone +7 427 3934\""\n    },\n    {\n        \""text\"": \""88 Königsallee in Osaka\"",\n        \""record\"": \""alan.johnson@mail.test, phone +7 427 3934\""\n    },\n    {\n        \""text\"": \""88 Königsallee in Osaka\"",\n        \""record\"": \""alan.johnson@mail.test, phone +7 427 3934\""\n    },\n    {\n        \""text\"": \""88 Königsallee in Osaka\"",\n        \""record\"": \""alan.johnson@mail.test, phone +7 427 3934\""\n    },\n    {\n        \""text\"": \""88 Königsallee in Osaka\"",\n        \""record\"": \""alan.johnson@mail.test, phone +7 427 3934\""\n    },\n    {\n        \""text\"": \""88 Königsallee in Osaka\"",\n        \""record\"": \""alan.johnson@mail.test, phone +7 427 3934\""\n    },\n    {\n        \""text\"": \""88 Königsallee in Osaka\"",\n        \""record\"": \""alan.johnson@mail.test, phone +7 427 3934\""\n    },\n    {\n        \""text\"": \""88 Königsallee in Osaka\"",\n        \""record\"": \""alan.johnson@mail.test, phone +7 427 3934\""\n    },\n    {\n        \""text\"": \""88 Königsallee in Osaka\"",\n        \""record\"": \""alan.johnson@mail.test, phone +7 427 3934\""\n    },\n    {\n        \""text\"": \""88 Königsallee in Osaka\"",\n        \""record\"": \""alan.johnson@mail.test, phone +7 427 3934\""\n    },\n    {\n        \""text\"": \""88 Königsallee in Osaka\"",\n        \""record\"": \""alan.johnson@mail.test, phone +7 427 3934\""\n    },\n    {\n        \""text\"": \""88 Königsallee in Osaka\"",\n        \""record\"": \""alan.johnson@mail.test, phone +7 427 3934\""\n    },\n    {\n        \""text\"": \""88 Königsallee in Osaka\"",\n        \""record\"": \""alan.johnson@mail.test, phone +7 427 3934\""\n    },\n    {\n        \""text\"": \""88 Königsallee in Osaka\"",\n        \""record\"": \""alan.johnson@mail.test, phone +7 427 3934\""\n    },\n    {\n        \""text\"": \""88 Königsallee in Osaka\"",\n        \""record\"": \""alan.johnson@mail.test, phone +7 427 3934\""\n    },\n    {\n        \""text\"": \""88 Königsallee in Osaka\"",\n        \""record\"": \""alan.johnson@mail.test, phone +7 427 3934\""\n    },\n    {\n        \""text\"": \""88 Königsallee in Osaka\"",\n        \""record\"": \""alan.johnson@mail.test, phone +7 427 3934\""\n    },\n    {\n        \""text\"": \""88 Königsallee in Osaka\"",\n        \""record\"": \""alan.johnson@mail.test, phone +7 427 3934\""\n    },\n    {\n        \""text\"": \""88 Königsallee in Osaka\"",\n        \""record\"": \""alan.johnson@mail.test,""]"
chat,ChatAdapter(use_json_adapter_fallback=False),case-0023,parse_error,AdapterParseError,2.1064914560120087,1,none,0,15,0.0,False,,address.city;address.postcode;address.street;age;contacts[0].email;contacts[0].phone;contacts[1].email;contacts[1].phone;employment.company;employment.role;employment.years;name;tags[0];tags[1];tags[2],,1380,0,14,0.0,0,"[""```python\n[[ ## record ## ]]\n{text}\n\n[[ ## completed ## ]]\n{record}        # note: the value you produce must adhere to the JSON schema: {\""type\"": \""object\"", \""$defs\"": {\""Address\"": {\""type\"": \""object\"", \""description\"": \""A postal address; ``postcode`` is genuinely optional in the rendered prose.\"", \""properties\"": {\""city\"": {\""type\"": \""string\"", \""title\"": \""City\""}, \""postcode\"": {\""anyOf\"": [{\""type\"": \""string\""}, {\""type\"": \""null\""}], \""default\"": null, \""title\"": \""Postcode\""}, \""street\"": {\""type\"": \""string\"", \""title\"": \""Street\""}}, \""required\"": [\""street\"", \""city\""], \""title\"": \""Address\""}, \""Contact\"": {\""type\"": \""object\"", \""description\"": \""One contact method; ``phone`` is often absent.\"", \""properties\"": {\""email\"": {\""type\"": \""string\"", \""title\"": \""Email\""}, \""phone\"": {\""anyOf\"": [{\""type\"": \""string\""}, {\""type\"": \""null\""}], \""default\"": null, \""title\"": \""Phone\""}}, \""required\"": [\""email\""], \""title\"": \""Contact\""}, \""Employment\"": {\""type\"": \""object\"", \""description\"": \""Current employment. The whole object is omitted for unemployed records.\"", \""properties\"": {\""company\"": {\""type\"": \""string\"", \""title\"": \""Company\""}, \""role\"": {\""type\"": \""string\"", \""title\"": \""Role\""}, \""years\"": {\""type\"": \""integer\"", \""maximum\"": 50, \""minimum\"": 0, \""title\"": \""Years\""}}, \""required\"": [\""company\"", \""role\"", \""years\""], \""title\"": \""Employment\""}}, \""description\"": \""The extraction target: nested models, an optional object, and two lists.\\n\\nDeliberately shaped like the reference benchmarks' targets - nesting, optionality and\\nrepetition are where schema-following actually breaks down, and a flat model would\\nmake every adapter look identical.\"", \""properties\"": {\""address\"": {\""$ref\"": \""#/$defs/Address\""}, \""age\"": {\""type\"": \""integer\"", \""maximum\"": 120, \""minimum\"": 0, \""title\"": \""Age\""}, \""contacts\"": {\""type\"": \""array\"", \""items\"": {\""$ref\"": \""#/$defs/Contact\""}, \""title\"": \""Contacts\""}, \""employment\"": {\""anyOf\"": [{\""$ref\"": \""#/$defs/Employment\""}, {\""type\"": \""null\""}], \""default\"": null}, \""name\"": {\""type\"": \""string\"", \""title\"": \""Name\""}, \""tags\"": {\""type\"": \""array\"", \""items\"": {\""type\"": \""string\""}, \""title\"": \""Tags\""}}, \""required\"": [\""name\"", \""age\"", \""address\""], \""title\"": \""PersonRecord\""}\n```""]"
chat,ChatAdapter(use_json_adapter_fallback=False),case-0024,parse_error,AdapterParseError,2.7646389449946582,1,none,0,10,0.0,False,,address.city;address.postcode;address.street;age;contacts[0].email;contacts[0].phone;employment.company;employment.role;employment.years;name,,1557,0,10,0.0,0,"[""```python\n[\n    {\n        \""text\"": \"" Edsger Turing — 56 this year — resides at 5 Rue Lafayette in Osaka.\"",\n        \""record\"": {\n            \""type\"": \""object\"",\n            \""$defs\"": {\n                \""Address\"": {\n                    \""type\"": \""object\"",\n                    \""description\"": \""A postal address; ``postcode`` is genuinely optional in the rendered prose.\"",\n                    \""properties\"": {\""city\"": {\""type\"": \""string\"", \""title\"": \""City\""}, \""postcode\"": {\""anyOf\"": [{\""type\"": \""string\""}, {\""type\"": \""null\""}], \""default\"": null, \""title\"": \""Postcode\""}, \""street\"": {\""type\"": \""string\"", \""title\"": \""Street\""}},\n                    \""required\"": [\""street\"", \""city\""]\n                },\n                \""contact\"": {\n                    \""type\"": \""object\"",\n                    \""description\"": \""One contact method; ``phone`` is often absent.\"",\n                    \""properties\"": {\""email\"": {\""type\"": \""string\"", \""title\"": \""Email\""}, \""phone\"": {\""anyOf\"": [{\""type\"": \""string\""}, {\""type\"": \""null\""}], \""default\"": null, \""title\"": \""Phone\""}},\n                    \""required\"": [\""email\""],\n                    \""title\"": \""Contact\""\n                },\n                \""employment\"": {\""anyOf\"": [{\""$ref\"": \""#/$defs/Employment\""}, {\""type\"": \""null\""}], \""default\"": null},\n                \""name\"": {\""type\"": \""string\"", \""title\"": \""Name\""},\n                \""tags\"": {\""type\"": \""array\"", \""items\"": {\""type\"": \""string\""}, \""title\"": \""Tags\""}},\n                \""required\"": [\""name\"", \""age\"", \""address\""]\n            }\n        },\n        \""required\"": [\""name\"", \""age\"", \""address\""]\n    },\n    {\n        \""text\"": \"" Edsger Turing — 56 this year — resides at 5 Rue Lafayette in Osaka.\"",\n        \""record\"": {\n            \""type\"": \""object\"",\n            \""$defs\"": {\n                \""Address\"": {\n                    \""type\"": \""object\"",\n                    \""description\"": \""A postal address; ``postcode`` is genuinely optional in the rendered prose.\"",\n                    \""properties\"": {\""city\"": {\""type\"": \""string\"", \""title\"": \""City\""}, \""postcode\"": {\""anyOf\"": [{\""type\"": \""string\""}, {\""type\"": \""null\""}], \""default\"": null, \""title\"": \""Postcode\""}, \""street\"": {\""type\"": \""string\"", \""title\"": \""Street\""}},\n                    \""required\"": [\""street\"", \""city\""]\n                },\n                \""contact\"": {\n                    \""type\"": \""object\"",\n                    \""description\"": \""One contact method; ``phone`` is often absent.\"",\n                    \""properties\"": {\""email\"": {\""type\"": \""string\"", \""title\"": \""Email\""}, \""phone\"": {\""anyOf\"": [{\""type\"": \""string\""}, {\""type\"": \""null\""}], \""default\"": null, \""title\"": \""Phone\""}},\n                    \""required\"": [\""email\""],\n                    \""title\"": \""Contact\""\n                },\n                \""employment\"": {\""anyOf\"": [{\""$ref\"": \""#/$defs/Employment\""}, {\""type\"": \""null\""}], \""default\"": null},\n                \""name\"": {\""type\"": \""string\"", \""title\"": \""Name\""},\n                \""tags\"": {\""type\"": \""array\"", \""items\"": {\""type\"": \""string\""}, \""title\"": \""Tags\""}},\n                \""required\"": [\""name\"", \""age\"", \""address\""]\n            }\n        },\n        \""required\"": [\""name\"", \""age\"", \""address\""]\n    }\n]\n```""]"
chat,ChatAdapter(use_json_adapter_fallback=False),case-0025,parse_error,AdapterParseError,2.0753888829785865,1,none,0,10,0.0,False,,address.city;address.postcode;address.street;age;contacts[0].email;contacts[0].phone;contacts[1].email;contacts[1].phone;employment;name,,1357,0,8,0.0,0,"[""```python\n[[ ## completed ## ]]\n{text}\n\n[[ ## text ## ]]\n{record}        # note: the value you produce must adhere to the JSON schema: {\""type\"": \""object\"", \""$defs\"": {\""Address\"": {\""type\"": \""object\"", \""description\"": \""A postal address; ``postcode`` is genuinely optional in the rendered prose.\"", \""properties\"": {\""city\"": {\""type\"": \""string\"", \""title\"": \""City\""}, \""postcode\"": {\""anyOf\"": [{\""type\"": \""string\""}, {\""type\"": \""null\""}], \""default\"": null, \""title\"": \""Postcode\""}, \""street\"": {\""type\"": \""string\"", \""title\"": \""Street\""}}, \""required\"": [\""street\"", \""city\""], \""title\"": \""Address\""}, \""Contact\"": {\""type\"": \""object\"", \""description\"": \""One contact method; ``phone`` is often absent.\"", \""properties\"": {\""email\"": {\""type\"": \""string\"", \""title\"": \""Email\""}, \""phone\"": {\""anyOf\"": [{\""type\"": \""string\""}, {\""type\"": \""null\""}], \""default\"": null, \""title\"": \""Phone\""}}, \""required\"": [\""email\""], \""title\"": \""Contact\""}, \""Employment\"": {\""type\"": \""object\"", \""description\"": \""Current employment. The whole object is omitted for unemployed records.\"", \""properties\"": {\""company\"": {\""type\"": \""string\"", \""title\"": \""Company\""}, \""role\"": {\""type\"": \""string\"", \""title\"": \""Role\""}, \""years\"": {\""type\"": \""integer\"", \""maximum\"": 50, \""minimum\"": 0, \""title\"": \""Years\""}}, \""required\"": [\""company\"", \""role\"", \""years\""], \""title\"": \""Employment\""}}, \""description\"": \""The extraction target: nested models, an optional object, and two lists.\\n\\nDeliberately shaped like the reference benchmarks' targets - nesting, optionality and\\nrepetition are where schema-following actually breaks down, and a flat model would\\nmake every adapter look identical.\"", \""properties\"": {\""address\"": {\""$ref\"": \""#/$defs/Address\""}, \""age\"": {\""type\"": \""integer\"", \""maximum\"": 120, \""minimum\"": 0, \""title\"": \""Age\""}, \""contacts\"": {\""type\"": \""array\"", \""items\"": {\""$ref\"": \""#/$defs/Contact\""}, \""title\"": \""Contacts\""}, \""employment\"": {\""anyOf\"": [{\""$ref\"": \""#/$defs/Employment\""}, {\""type\"": \""null\""}], \""default\"": null}, \""name\"": {\""type\"": \""string\"", \""title\"": \""Name\""}, \""tags\"": {\""type\"": \""array\"", \""items\"": {\""type\"": \""string\""}, \""title\"": \""Tags\""}}, \""required\"": [\""name\"", \""age\"", \""address\""], \""title\"": \""PersonRecord\""}\n```""]"
chat,ChatAdapter(use_json_adapter_fallback=False),case-0026,parse_error,AdapterParseError,2.043167785013793,1,none,0,12,0.0,False,,address.city;address.postcode;address.street;age;contacts[0].email;contacts[0].phone;employment.company;employment.role;employment.years;name;tags[0];tags[1],,1352,0,11,0.0,0,"[""```python\n[[ ## record ## ]]\n{text}\n\n[[ ## completed ## ]]\n{record}        # note: the value you produce must adhere to the JSON schema: {\""type\"": \""object\"", \""$defs\"": {\""Address\"": {\""type\"": \""object\"", \""description\"": \""A postal address; ``postcode`` is genuinely optional in the rendered prose.\"", \""properties\"": {\""city\"": {\""type\"": \""string\"", \""title\"": \""City\""}, \""postcode\"": {\""anyOf\"": [{\""type\"": \""string\""}, {\""type\"": \""null\""}], \""default\"": null, \""title\"": \""Postcode\""}, \""street\"": {\""type\"": \""string\"", \""title\"": \""Street\""}}, \""required\"": [\""street\"", \""city\""], \""title\"": \""Address\""}, \""Contact\"": {\""type\"": \""object\"", \""description\"": \""One contact method; ``phone`` is often absent.\"", \""properties\"": {\""email\"": {\""type\"": \""string\"", \""title\"": \""Email\""}, \""phone\"": {\""anyOf\"": [{\""type\"": \""string\""}, {\""type\"": \""null\""}], \""default\"": null, \""title\"": \""Phone\""}}, \""required\"": [\""email\""], \""title\"": \""Contact\""}, \""Employment\"": {\""type\"": \""object\"", \""description\"": \""Current employment. The whole object is omitted for unemployed records.\"", \""properties\"": {\""company\"": {\""type\"": \""string\"", \""title\"": \""Company\""}, \""role\"": {\""type\"": \""string\"", \""title\"": \""Role\""}, \""years\"": {\""type\"": \""integer\"", \""maximum\"": 50, \""minimum\"": 0, \""title\"": \""Years\""}}, \""required\"": [\""company\"", \""role\"", \""years\""], \""title\"": \""Employment\""}}, \""description\"": \""The extraction target: nested models, an optional object, and two lists.\\n\\nDeliberately shaped like the reference benchmarks' targets - nesting, optionality and\\nrepetition are where schema-following actually breaks down, and a flat model would\\nmake every adapter look identical.\"", \""properties\"": {\""address\"": {\""$ref\"": \""#/$defs/Address\""}, \""age\"": {\""type\"": \""integer\"", \""maximum\"": 120, \""minimum\"": 0, \""title\"": \""Age\""}, \""contacts\"": {\""type\"": \""array\"", \""items\"": {\""$ref\"": \""#/$defs/Contact\""}, \""title\"": \""Contacts\""}, \""employment\"": {\""anyOf\"": [{\""$ref\"": \""#/$defs/Employment\""}, {\""type\"": \""null\""}], \""default\"": null}, \""name\"": {\""type\"": \""string\"", \""title\"": \""Name\""}, \""tags\"": {\""type\"": \""array\"", \""items\"": {\""type\"": \""string\""}, \""title\"": \""Tags\""}}, \""required\"": [\""name\"", \""age\"", \""address\""], \""title\"": \""PersonRecord\""}\n```""]"
chat,ChatAdapter(use_json_adapter_fallback=False),case-0027,parse_error,AdapterParseError,2.0164029500156175,1,none,0,10,0.0,False,,address.city;address.postcode;address.street;age;employment.company;employment.role;employment.years;name;tags[0];tags[1],,1332,0,9,0.0,0,"[""```python\n[[ ## record ## ]]\n{text}\n\n[[ ## completed ## ]]\n{record}        # note: the value you produce must adhere to the JSON schema: {\""type\"": \""object\"", \""$defs\"": {\""Address\"": {\""type\"": \""object\"", \""description\"": \""A postal address; ``postcode`` is genuinely optional in the rendered prose.\"", \""properties\"": {\""city\"": {\""type\"": \""string\"", \""title\"": \""City\""}, \""postcode\"": {\""anyOf\"": [{\""type\"": \""string\""}, {\""type\"": \""null\""}], \""default\"": null, \""title\"": \""Postcode\""}, \""street\"": {\""type\"": \""string\"", \""title\"": \""Street\""}}, \""required\"": [\""street\"", \""city\""], \""title\"": \""Address\""}, \""Contact\"": {\""type\"": \""object\"", \""description\"": \""One contact method; ``phone`` is often absent.\"", \""properties\"": {\""email\"": {\""type\"": \""string\"", \""title\"": \""Email\""}, \""phone\"": {\""anyOf\"": [{\""type\"": \""string\""}, {\""type\"": \""null\""}], \""default\"": null, \""title\"": \""Phone\""}}, \""required\"": [\""email\""], \""title\"": \""Contact\""}, \""Employment\"": {\""type\"": \""object\"", \""description\"": \""Current employment. The whole object is omitted for unemployed records.\"", \""properties\"": {\""company\"": {\""type\"": \""string\"", \""title\"": \""Company\""}, \""role\"": {\""type\"": \""string\"", \""title\"": \""Role\""}, \""years\"": {\""type\"": \""integer\"", \""maximum\"": 50, \""minimum\"": 0, \""title\"": \""Years\""}}, \""required\"": [\""company\"", \""role\"", \""years\""], \""title\"": \""Employment\""}}, \""description\"": \""The extraction target: nested models, an optional object, and two lists.\\n\\nDeliberately shaped like the reference benchmarks' targets - nesting, optionality and\\nrepetition are where schema-following actually breaks down, and a flat model would\\nmake every adapter look identical.\"", \""properties\"": {\""address\"": {\""$ref\"": \""#/$defs/Address\""}, \""age\"": {\""type\"": \""integer\"", \""maximum\"": 120, \""minimum\"": 0, \""title\"": \""Age\""}, \""contacts\"": {\""type\"": \""array\"", \""items\"": {\""$ref\"": \""#/$defs/Contact\""}, \""title\"": \""Contacts\""}, \""employment\"": {\""anyOf\"": [{\""$ref\"": \""#/$defs/Employment\""}, {\""type\"": \""null\""}], \""default\"": null}, \""name\"": {\""type\"": \""string\"", \""title\"": \""Name\""}, \""tags\"": {\""type\"": \""array\"", \""items\"": {\""type\"": \""string\""}, \""title\"": \""Tags\""}}, \""required\"": [\""name\"", \""age\"", \""address\""], \""title\"": \""PersonRecord\""}\n```""]"
chat,ChatAdapter(use_json_adapter_fallback=False),case-0028,parse_error,AdapterParseError,2.1273678169818595,1,none,0,9,0.0,False,,address.city;address.postcode;address.street;age;contacts[0].email;contacts[0].phone;employment;name;tags[0],,1347,0,8,0.0,0,"[""```python\n[[ ## record ## ]]\n{text}\n\n[[ ## completed ## ]]\n{record}        # note: the value you produce must adhere to the JSON schema: {\""type\"": \""object\"", \""$defs\"": {\""Address\"": {\""type\"": \""object\"", \""description\"": \""A postal address; ``postcode`` is genuinely optional in the rendered prose.\"", \""properties\"": {\""city\"": {\""type\"": \""string\"", \""title\"": \""City\""}, \""postcode\"": {\""anyOf\"": [{\""type\"": \""string\""}, {\""type\"": \""null\""}], \""default\"": null, \""title\"": \""Postcode\""}, \""street\"": {\""type\"": \""string\"", \""title\"": \""Street\""}}, \""required\"": [\""street\"", \""city\""], \""title\"": \""Address\""}, \""Contact\"": {\""type\"": \""object\"", \""description\"": \""One contact method; ``phone`` is often absent.\"", \""properties\"": {\""email\"": {\""type\"": \""string\"", \""title\"": \""Email\""}, \""phone\"": {\""anyOf\"": [{\""type\"": \""string\""}, {\""type\"": \""null\""}], \""default\"": null, \""title\"": \""Phone\""}}, \""required\"": [\""email\""], \""title\"": \""Contact\""}, \""Employment\"": {\""type\"": \""object\"", \""description\"": \""Current employment. The whole object is omitted for unemployed records.\"", \""properties\"": {\""company\"": {\""type\"": \""string\"", \""title\"": \""Company\""}, \""role\"": {\""type\"": \""string\"", \""title\"": \""Role\""}, \""years\"": {\""type\"": \""integer\"", \""maximum\"": 50, \""minimum\"": 0, \""title\"": \""Years\""}}, \""required\"": [\""company\"", \""role\"", \""years\""], \""title\"": \""Employment\""}}, \""description\"": \""The extraction target: nested models, an optional object, and two lists.\\n\\nDeliberately shaped like the reference benchmarks' targets - nesting, optionality and\\nrepetition are where schema-following actually breaks down, and a flat model would\\nmake every adapter look identical.\"", \""properties\"": {\""address\"": {\""$ref\"": \""#/$defs/Address\""}, \""age\"": {\""type\"": \""integer\"", \""maximum\"": 120, \""minimum\"": 0, \""title\"": \""Age\""}, \""contacts\"": {\""type\"": \""array\"", \""items\"": {\""$ref\"": \""#/$defs/Contact\""}, \""title\"": \""Contacts\""}, \""employment\"": {\""anyOf\"": [{\""$ref\"": \""#/$defs/Employment\""}, {\""type\"": \""null\""}], \""default\"": null}, \""name\"": {\""type\"": \""string\"", \""title\"": \""Name\""}, \""tags\"": {\""type\"": \""array\"", \""items\"": {\""type\"": \""string\""}, \""title\"": \""Tags\""}}, \""required\"": [\""name\"", \""age\"", \""address\""], \""title\"": \""PersonRecord\""}\n```""]"
chat,ChatAdapter(use_json_adapter_fallback=False),case-0029,parse_error,AdapterParseError,3.2467195019999053,1,none,0,11,0.0,False,,address.city;address.postcode;address.street;age;employment.company;employment.role;employment.years;name;tags[0];tags[1];tags[2],,1670,0,11,0.0,0,"[""```python\n[\n    {\""text\"": \""Grace Liskov — 28 this year — resides at 88 Königsallee in Cupertino.\""},\n    {\""record\"": \""88 Königsallee\"", \""city\"": \""Cupertino\""},\n    {\""record\"": \""95014\"", \""city\"": \""Cupertino\""},\n    {\""record\"": \""interests\"": [\""networking\"", \""cryptography\"", \""distributed-systems\""], \""title\"": \""Networking\"", \""contact\"": {\""email\"": \""grace.liskov@example.com\"", \""phone\"": \""555-123-4567\""}, \""employment\"": {\""company\"": \""Analytical Engines Ltd\"", \""role\"": \""staff engineer\"", \""years\"": 4}, \""name\"": \""Grace Liskov\""},\n    {\""record\"": \""4 years so far\"", \""city\"": \""Cupertino\""},\n    {\""record\"": \""88 Königsallee\"", \""city\"": \""Cupertino\""},\n    {\""record\"": \""interests\"": [\""networking\"", \""cryptography\"", \""distributed-systems\""], \""title\"": \""Networking\"", \""contact\"": {\""email\"": \""grace.liskov@example.com\"", \""phone\"": \""555-123-4567\""}, \""employment\"": {\""company\"": \""Analytical Engines Ltd\"", \""role\"": \""staff engineer\"", \""years\"": 4}, \""name\"": \""Grace Liskov\""},\n    {\""record\"": \""Grace Liskov — 28 this year — resides at 88 Königsallee in Cupertino.\""},\n    {\""record\"": \""95014\"", \""city\"": \""Cupertino\""},\n    {\""record\"": \""interests\"": [\""networking\"", \""cryptography\"", \""distributed-systems\""], \""title\"": \""Networking\"", \""contact\"": {\""email\"": \""grace.liskov@example.com\"", \""phone\"": \""555-123-4567\""}, \""employment\"": {\""company\"": \""Analytical Engines Ltd\"", \""role\"": \""staff engineer\"", \""years\"": 4}, \""name\"": \""Grace Liskov\""},\n    {\""record\"": \""4 years so far\"", \""city\"": \""Cupertino\""},\n    {\""record\"": \""88 Königsallee\"", \""city\"": \""Cupertino\""},\n    {\""record\"": \""interests\"": [\""networking\"", \""cryptography\"", \""distributed-systems\""], \""title\"": \""Networking\"", \""contact\"": {\""email\"": \""grace.liskov@example.com\"", \""phone\"": \""555-123-4567\""}, \""employment\"": {\""company\"": \""Analytical Engines Ltd\"", \""role\"": \""staff engineer\"", \""years\"": 4}, \""name\"": \""Grace Liskov\""},\n    {\""record\"": \""Grace Liskov — 28 this year — resides at 88 Königsallee in Cupertino.\""},\n    {\""record\"": \""95014\"", \""city\"": \""Cupertino\""},\n    {\""record\"": \""interests\"": [\""networking\"", \""cryptography\"", \""distributed-systems\""], \""title\"": \""Networking\"", \""contact\"": {\""email\"": \""grace.liskov@example.com\"", \""phone\"": \""555-123-4567\""}, \""employment\"": {\""company\"": \""Analytical Engines Ltd\"", \""role\"": \""staff engineer\"", \""years\"": 4}, \""name\"": \""Grace Liskov\""},\n    {\""record\"": \""4 years so far\"", \""city\"": \""Cupertino\""},\n    {\""record\"": \""88 Königsallee\"", \""city\"": \""Cupertino\""},\n    {\""record\"": \""interests\"": [\""networking\"", \""cryptography\"", \""distributed-systems\""], \""title\"": \""Networking\"", \""contact\"": {\""email\"": \""grace.liskov@example.com\"", \""phone\"": \""555-123-4567\""}, \""employment\"": {\""company\"": \""Analytical Engines Ltd\"", \""role\"": \""staff engineer\"", \""years\"": 4}, \""name\"": \""Grace Liskov\""},\n    {\""record\"": \""Grace Liskov — 28 this year — resides at 88 Königsallee in Cupertino.\""},\n    {\""record\"": \""95014\"", \""city\"": \""Cupertino\""},\n    {\""record\"": \""interests\"": [\""networking\"", \""cryptography\"", \""distributed-systems\""],""]"
json,JSONAdapter(),case-0000,validation_error,ValidationError,2.6850435480009764,1,json_object,0,12,0.0,False,,address.city;address.postcode;address.street;age;contacts[0].email;contacts[0].phone;contacts[1].email;contacts[1].phone;employment;name;tags[0];tags[1],,1505,0,10,0.0,0,"[""{\n  \""record\"": \""1\"",\n  \""type\"": \""PersonRecord\"",\n  \""description\"": \""Edsger Dijkstra, aged 57, lives at 88 Königsallee in Cupertino. Interests: distributed-systems, cryptography.\"",\n  \""properties\"": {\n    \""address\"": {\n      \""type\"": \""object\"",\n      \""description\"": \""A postal address; ``postcode`` is genuinely optional in the rendered prose.\\\"", \\\""properties\\\"": {\\\""city\\\"": {\\\""type\\\"": \\\""string\\\"", \\\""title\\\"": \\\""City\\\""}, \\\""postcode\\\"": {\\\""anyOf\\\"": [{\\\""type\\\"": \\\""string\\\""}, {\\\""type\\\"": \\\""null\\\""}], \\\""default\\\"": null, \\\""title\\\"": \\\""Postcode\\\""}, \\\""street\\\"": {\\\""type\\\"": \\\""string\\\"", \\\""title\\\"": \\\""Street\\\""}}, \\\""required\\\"": [\\\""street\\\"", \\\""city\\\""], \\\""title\\\"": \\\""Address\\\""}, \\\""Contact\\\"": {\\\""type\\\"": \\\""object\\\"", \\\""description\\\"": \\\""One contact method; ``phone`` is often absent.\\\"", \\\""properties\\\"": {\\\""email\\\"": {\\\""type\\\"": \\\""string\\\"", \\\""title\\\"": \\\""Email\\\""}, \\\""phone\\\"": {\\\""anyOf\\\"": [{\\\""type\\\"": \\\""string\\\""}, {\\\""type\\\"": \\\""null\\\""}], \\\""default\\\"": null, \\\""title\\\"": \\\""Phone\\\""}}, \\\""required\\\"": [\\\""email\\\""], \\\""title\\\"": \\\""Contact\\\""}, \\\""Employment\\\"": {\\\""type\\\"": \\\""object\\\"", \\\""description\\\"": \\\""Current employment. The whole object is omitted for unemployed records.\\\"", \\\""properties\\\"": {\\\""company\\\"": {\\\""type\\\"": \\\""string\\\"", \\\""title\\\"": \\\""Company\\\""}, \\\""role\\\"": {\\\""type\\\"": \\\""string\\\"", \\\""title\\\"": \\\""Role\\\""}, \\\""years\\\"": {\\\""type\\\"": \\\""integer\\\"", \\\""maximum\\\"": 50, \\\""minimum\\\"": 0, \\\""title\\\"": \\\""Years\\\""}}, \\\""required\\\"": [\\\""company\\\"", \\\""role\\\"", \\\""years\\\""], \\\""title\\\"": \\\""Employment\\\""}}, \\\""description\\\"": \\\""The extraction target: nested models, an optional object, and two lists.\\\\n\\\\nDeliberately shaped like the reference benchmarks' targets - nesting, optionality and\\\\nrepetition are where schema-following actually breaks down, and a flat model would\\\\nmake every adapter look identical.\\\"", \\\""properties\\\"": {\\\""address\\\"": {\\\""$ref\\\"": \\\""#/$defs/Address\\\""}, \\\""age\\\"": {\\\""type\\\"": \\\""integer\\\"", \\\""maximum\\\"": 120, \\\""minimum\\\"": 0, \\\""title\\\"": \\\""Age\\\""}, \\\""contacts\\\"": {\\\""type\\\"": \\\""array\\\"", \\\""items\\\"": {\\\""$ref\\\"": \\\""#/$defs/Contact\\\""}, \\\""title\\\"": \\\""Contacts\\\""}, \\\""employment\\\"": {\\\""anyOf\\\"": [{\\\""$ref\\\"": \\\""#/$defs/Employment\\\""}, {\\\""type\\\"": \\\""null\\\""}], \\\""default\\\"": null}, \\\""name\\\"": {\\\""type\\\"": \\\""string\\\"", \\\""title\\\"": \\\""Name\\\""}, \\\""tags\\\"": {\\\""type\\\"": \\\""array\\\"", \\\""items\\\"": {\\\""type\\\"": \\\""string\\\""}, \\\""title\\\"": \\\""Tags\\\""}}, \\\""required\\\"": [\\\""name\\\"", \\\""age\\\"", \\\""address\\\""], \\\""title\\\"": \\\""PersonRecord\\\""}\""\n}\n}\n}""]"
json,JSONAdapter(),case-0001,validation_error,ValidationError,0.6201652260206174,1,json_object,0,14,0.0,False,,address.city;address.postcode;address.street;age;contacts[0].email;contacts[0].phone;contacts[1].email;contacts[1].phone;employment.company;employment.role;employment.years;name;tags[0];tags[1],,992,0,14,0.0,0,"[""{\n  \""record\"": \""Alan Hopper, aged 20, lives at 1 Infinite Loop in Osaka.\"",\n  \""name\"": \""Alan Hopper\"",\n  \""age\"": 20,\n  \""address\"": \""1 Infinite Loop in Osaka\"",\n  \""contact\"": \""alan.hopper@post.example\"",\n  \""phone\"": \""+98 885 1034\"",\n  \""contact\"": \""alan.hopper1@post.example\"",\n  \""employment\"": \""Analytical Engines Ltd as a network designer, 1 years so far.\""\n}""]"
json,JSONAdapter(),case-0002,validation_error,ValidationError,0.6853622549970169,1,json_object,0,10,0.0,False,,address.city;address.postcode;address.street;age;contacts[0].email;contacts[0].phone;employment;name;tags[0];tags[1],,869,0,8,0.0,0,"[""{\n  \""record\"": \""7 Nassau St, Paris\"",\n  \""type\"": \""PersonRecord\"",\n  \""description\"": \""Ada Hopper (68)\"",\n  \""properties\"": {\n    \""address\"": {\n      \""type\"": \""object\"",\n      \""description\"": \""A postal address; ``postcode`` is genuinely optional in the rendered prose.\\\"", \""\t   \t\t\t\t\t\t\t\t\t\t\t\t\t\t\t\t\t\t\t\t\t\t\t\t\t\t\t\t\t""]"
json,JSONAdapter(),case-0003,validation_error,ValidationError,0.5529635910061188,1,json_object,0,11,0.0,False,,address.city;address.postcode;address.street;age;employment.company;employment.role;employment.years;name;tags[0];tags[1];tags[2],,960,0,11,0.0,0,"[""{\n  \""record\"": \""Katherine Turing\"",\n  \""type\"": \""PersonRecord\"",\n  \""description\"": \""Katherine Turing is 37 years old and can be found at 12 Baker St, Osaka. They work at Bell Labs as a research lead, 7 years so far.\"",\n  \""address\"": \""12 Baker St, Osaka\"",\n  \""age\"": 37,\n  \""city\"": \""Osaka\"",\n  \""postcode\"": \""95014\"",\n  \""interests\"": [\""networking\"", \""distributed-systems\"", \""cryptography\""],\n  \""name\"": \""Katherine Turing\""\n}""]"
json,JSONAdapter(),case-0004,validation_error,ValidationError,0.25750945101026446,1,json_object,0,10,0.0,False,,address.city;address.postcode;address.street;age;contacts[0].email;contacts[0].phone;employment.company;employment.role;employment.years;name,,884,0,10,0.0,0,"[""{\n  \""record\"": \""Katherine Torvalds, aged 40, lives at 12 Baker St in London.\"",\n  \""person\"": \""Katherine Torvalds\""\n}""]"
json,JSONAdapter(),case-0005,validation_error,ValidationError,2.4623872629890684,1,json_object,0,8,0.0,False,,address.city;address.postcode;address.street;age;employment;name;tags[0];tags[1],,1436,0,6,0.0,0,"[""{\n  \""record\"": \""Linus Liskov\"",\n  \""type\"": \""PersonRecord\"",\n  \""description\"": \""Linus Liskov (32)\"",\n  \""properties\"": {\n    \""address\"": {\n      \""type\"": \""object\"",\n      \""description\"": \""A postal address; ``postcode`` is genuinely optional in the rendered prose.\\\"", \\\""properties\\\"": {\\\""city\\\"": {\\\""type\\\"": \\\""string\\\"", \\\""title\\\"": \\\""City\\\""}, \\\""postcode\\\"": {\\\""anyOf\\\"": [{\\\""type\\\"": \\\""string\\\""}, {\\\""type\\\"": \\\""null\\\""}], \\\""default\\\"": null, \\\""title\\\"": \\\""Postcode\\\""}, \\\""street\\\"": {\\\""type\\\"": \\\""string\\\"", \\\""title\\\"": \\\""Street\\\""}}, \\\""required\\\"": [\\\""street\\\"", \\\""city\\\""], \\\""title\\\"": \\\""Address\\\""}, \\\""Contact\\\"": {\\\""type\\\"": \\\""object\\\"", \\\""description\\\"": \\\""One contact method; ``phone`` is often absent.\\\"", \\\""properties\\\"": {\\\""email\\\"": {\\\""type\\\"": \\\""string\\\"", \\\""title\\\"": \\\""Email\\\""}, \\\""phone\\\"": {\\\""anyOf\\\"": [{\\\""type\\\"": \\\""string\\\""}, {\\\""type\\\"": \\\""null\\\""}], \\\""default\\\"": null, \\\""title\\\"": \\\""Phone\\\""}}, \\\""required\\\"": [\\\""email\\\""], \\\""title\\\"": \\\""Contact\\\""}, \\\""Employment\\\"": {\\\""type\\\"": \\\""object\\\"", \\\""description\\\"": \\\""Current employment. The whole object is omitted for unemployed records.\\\"", \\\""properties\\\"": {\\\""company\\\"": {\\\""type\\\"": \\\""string\\\"", \\\""title\\\"": \\\""Company\\\""}, \\\""role\\\"": {\\\""type\\\"": \\\""string\\\"", \\\""title\\\"": \\\""Role\\\""}, \\\""years\\\"": {\\\""type\\\"": \\\""integer\\\"", \\\""maximum\\\"": 50, \\\""minimum\\\"": 0, \\\""title\\\"": \\\""Years\\\""}}, \\\""required\\\"": [\\\""company\\\"", \\\""role\\\"", \\\""years\\\""], \\\""title\\\"": \\\""Employment\\\""}}, \\\""description\\\"": \\\""The extraction target: nested models, an optional object, and two lists.\\\\n\\\\nDeliberately shaped like the reference benchmarks' targets - nesting, optionality and\\\\nrepetition are where schema-following actually breaks down, and a flat model would\\\\nmake every adapter look identical.\\\"", \\\""properties\\\"": {\\\""address\\\"": {\\\""$ref\\\"": \\\""#/$defs/Address\\\""}, \\\""age\\\"": {\\\""type\\\"": \\\""integer\\\"", \\\""maximum\\\"": 120, \\\""minimum\\\"": 0, \\\""title\\\"": \\\""Age\\\""}, \\\""contacts\\\"": {\\\""type\\\"": \\\""array\\\"", \\\""items\\\"": {\\\""$ref\\\"": \\\""#/$defs/Contact\\\""}, \\\""title\\\"": \\\""Contacts\\\""}, \\\""employment\\\"": {\\\""anyOf\\\"": [{\\\""$ref\\\"": \\\""#/$defs/Employment\\\""}, {\\\""type\\\"": \\\""null\\\""}], \\\""default\\\"": null}, \\\""name\\\"": {\\\""type\\\"": \\\""string\\\"", \\\""title\\\"": \\\""Name\\\""}, \\\""tags\\\"": {\\\""type\\\"": \\\""array\\\"", \\\""items\\\"": {\\\""type\\\"": \\\""string\\\""}, \\\""title\\\"": \\\""Tags\\\""}}, \\\""required\\\"": [\\\""name\\\"", \\\""age\\\"", \\\""address\\\""], \\\""title\\\"": \\\""PersonRecord\\\""}\""\n}\n}\n}""]"
json,JSONAdapter(),case-0006,validation_error,ValidationError,2.4967752899974585,1,json_object,0,13,0.0,False,,address.city;address.postcode;address.street;age;contacts[0].email;contacts[0].phone;employment.company;employment.role;employment.years;name;tags[0];tags[1];tags[2],,1514,0,12,0.0,0,"[""{\n  \""record\"": \""Grace Perlman (90)\"",\n  \""type\"": \""PersonRecord\"",\n  \""description\"": \""Grace Perlman (90) is a compiler architect with 25 years of experience in distributed-systems and mathematics. He is interested in distributed-systems, mathematics, networking and is a compiler architect.\"",\n  \""properties\"": {\n    \""address\"": {\n      \""type\"": \""object\"",\n      \""description\"": \""A postal address; ``postcode`` is genuinely optional in the rendered prose.\\\"", \\\""properties\\\"": {\\\""city\\\"": {\\\""type\\\"": \\\""string\\\"", \\\""title\\\"": \\\""City\\\""}, \\\""postcode\\\"": {\\\""anyOf\\\"": [{\\\""type\\\"": \\\""string\\\""}, {\\\""type\\\"": \\\""null\\\""}], \\\""default\\\"": null, \\\""title\\\"": \\\""Postcode\\\""}, \\\""street\\\"": {\\\""type\\\"": \\\""string\\\"", \\\""title\\\"": \\\""Street\\\""}}, \\\""required\\\"": [\\\""street\\\"", \\\""city\\\""], \\\""title\\\"": \\\""Address\\\""}, \\\""Contact\\\"": {\\\""type\\\"": \\\""object\\\"", \\\""description\\\"": \\\""One contact method; ``phone`` is often absent.\\\"", \\\""properties\\\"": {\\\""email\\\"": {\\\""type\\\"": \\\""string\\\"", \\\""title\\\"": \\\""Email\\\""}, \\\""phone\\\"": {\\\""anyOf\\\"": [{\\\""type\\\"": \\\""string\\\""}, {\\\""type\\\"": \\\""null\\\""}], \\\""default\\\"": null, \\\""title\\\"": \\\""Phone\\\""}}, \\\""required\\\"": [\\\""email\\\""], \\\""title\\\"": \\\""Contact\\\""}, \\\""Employment\\\"": {\\\""type\\\"": \\\""object\\\"", \\\""description\\\"": \\\""Current employment. The whole object is omitted for unemployed records.\\\"", \\\""properties\\\"": {\\\""company\\\"": {\\\""type\\\"": \\\""string\\\"", \\\""title\\\"": \\\""Company\\\""}, \\\""role\\\"": {\\\""type\\\"": \\\""string\\\"", \\\""title\\\"": \\\""Role\\\""}, \\\""years\\\"": {\\\""type\\\"": \\\""integer\\\"", \\\""maximum\\\"": 50, \\\""minimum\\\"": 0, \\\""title\\\"": \\\""Years\\\""}}, \\\""required\\\"": [\\\""company\\\"", \\\""role\\\"", \\\""years\\\""], \\\""title\\\"": \\\""Employment\\\""}}, \\\""description\\\"": \\\""The extraction target: nested models, an optional object, and two lists.\\\\n\\\\nDeliberately shaped like the reference benchmarks' targets - nesting, optionality and\\\\nrepetition are where schema-following actually breaks down, and a flat model would\\\\nmake every adapter look identical.\\\"", \\\""properties\\\"": {\\\""address\\\"": {\\\""$ref\\\"": \\\""#/$defs/Address\\\""}, \\\""age\\\"": {\\\""type\\\"": \\\""integer\\\"", \\\""maximum\\\"": 120, \\\""minimum\\\"": 0, \\\""title\\\"": \\\""Age\\\""}, \\\""contacts\\\"": {\\\""type\\\"": \\\""array\\\"", \\\""items\\\"": {\\\""$ref\\\"": \\\""#/$defs/Contact\\\""}, \\\""title\\\"": \\\""Contacts\\\""}, \\\""employment\\\"": {\\\""anyOf\\\"": [{\\\""$ref\\\"": \\\""#/$defs/Employment\\\""}, {\\\""type\\\"": \\\""null\\\""}], \\\""default\\\"": null}, \\\""name\\\"": {\\\""type\\\"": \\\""string\\\"", \\\""title\\\"": \\\""Name\\\""}, \\\""tags\\\"": {\\\""type\\\"": \\\""array\\\"", \\\""items\\\"": {\\\""type\\\"": \\\""string\\\""}, \\\""title\\\"": \\\""Tags\\\""}}, \\\""required\\\"": [\\\""name\\\"", \\\""age\\\"", \\\""address\\\""], \\\""title\\\"": \\\""PersonRecord\\\""}\""\n}\n}\n}""]"
json,JSONAdapter(),case-0007,validation_error,ValidationError,0.5518522170023061,1,json_object,0,10,0.0,False,,address.city;address.postcode;address.street;age;employment.company;employment.role;employment.years;name;tags[0];tags[1],,937,0,10,0.0,0,"[""{\n  \""record\"": \""Barbara Turing\"",\n  \""type\"": \""PersonRecord\"",\n  \""description\"": \""Barbara Turing is 26 years old and can be found at 7 Nassau St, London. Interests: networking, distributed-systems. They work at Naval Systems as a staff engineer, 3 years so far.\"",\n  \""address\"": \""08540\"",\n  \""age\"": 26,\n  \""city\"": \""London\"",\n  \""postcode\"": \""08540\""\n}""]"
json,JSONAdapter(),case-0008,validation_error,ValidationError,0.30851950400392525,1,json_object,0,8,0.0,False,,address.city;address.postcode;address.street;age;employment.company;employment.role;employment.years;name,,858,0,7,0.0,0,"[""{\n  \""record\"": \""21 this year\"",\n  \""type\"": \""PersonRecord\"",\n  \""description\"": \""Katherine Liskov — 21 this year — resides at 5 Rue Lafayette in Paris.\""\n}""]"
json,JSONAdapter(),case-0009,validation_error,ValidationError,2.4987742000084836,1,json_object,0,10,0.0,False,,address.city;address.postcode;address.street;age;employment.company;employment.role;employment.years;name;tags[0];tags[1],,1483,0,10,0.0,0,"[""{\n  \""record\"": \""Radia Liskov is 66 years old and can be found at 7 Nassau St, Cupertino. The postcode is 08540. They work at Analytical Engines Ltd as a compiler architect, 18 years so far.\"",\n  \""address\"": {\n    \""type\"": \""object\"",\n    \""description\"": \""A postal address; ``postcode`` is genuinely optional in the rendered prose.\\\"", \\\""properties\\\"": {\\\""city\\\"": {\\\""type\\\"": \\\""string\\\"", \\\""title\\\"": \\\""City\\\""}, \\\""postcode\\\"": {\\\""anyOf\\\"": [{\\\""type\\\"": \\\""string\\\""}, {\\\""type\\\"": \\\""null\\\""}], \\\""default\\\"": null, \\\""title\\\"": \\\""Postcode\\\""}, \\\""street\\\"": {\\\""type\\\"": \\\""string\\\"", \\\""title\\\"": \\\""Street\\\""}}, \\\""required\\\"": [\\\""street\\\"", \\\""city\\\""], \\\""title\\\"": \\\""Address\\\""}, \\\""Contact\\\"": {\\\""type\\\"": \\\""object\\\"", \\\""description\\\"": \\\""One contact method; ``phone`` is often absent.\\\"", \\\""properties\\\"": {\\\""email\\\"": {\\\""type\\\"": \\\""string\\\"", \\\""title\\\"": \\\""Email\\\""}, \\\""phone\\\"": {\\\""anyOf\\\"": [{\\\""type\\\"": \\\""string\\\""}, {\\\""type\\\"": \\\""null\\\""}], \\\""default\\\"": null, \\\""title\\\"": \\\""Phone\\\""}}, \\\""required\\\"": [\\\""email\\\""], \\\""title\\\"": \\\""Contact\\\""}, \\\""Employment\\\"": {\\\""type\\\"": \\\""object\\\"", \\\""description\\\"": \\\""Current employment. The whole object is omitted for unemployed records.\\\"", \\\""properties\\\"": {\\\""company\\\"": {\\\""type\\\"": \\\""string\\\"", \\\""title\\\"": \\\""Company\\\""}, \\\""role\\\"": {\\\""type\\\"": \\\""string\\\"", \\\""title\\\"": \\\""Role\\\""}, \\\""years\\\"": {\\\""type\\\"": \\\""integer\\\"", \\\""maximum\\\"": 50, \\\""minimum\\\"": 0, \\\""title\\\"": \\\""Years\\\""}}, \\\""required\\\"": [\\\""company\\\"", \\\""role\\\"", \\\""years\\\""], \\\""title\\\"": \\\""Employment\\\""}}, \\\""description\\\"": \\\""The extraction target: nested models, an optional object, and two lists.\\\\n\\\\nDeliberately shaped like the reference benchmarks' targets - nesting, optionality and\\\\nrepetition are where schema-following actually breaks down, and a flat model would\\\\nmake every adapter look identical.\\\"", \\\""properties\\\"": {\\\""address\\\"": {\\\""$ref\\\"": \\\""#/$defs/Address\\\""}, \\\""age\\\"": {\\\""type\\\"": \\\""integer\\\"", \\\""maximum\\\"": 120, \\\""minimum\\\"": 0, \\\""title\\\"": \\\""Age\\\""}, \\\""contacts\\\"": {\\\""type\\\"": \\\""array\\\"", \\\""items\\\"": {\\\""$ref\\\"": \\\""#/$defs/Contact\\\""}, \\\""title\\\"": \\\""Contacts\\\""}, \\\""employment\\\"": {\\\""anyOf\\\"": [{\\\""$ref\\\"": \\\""#/$defs/Employment\\\""}, {\\\""type\\\"": \\\""null\\\""}], \\\""default\\\"": null}, \\\""name\\\"": {\\\""type\\\"": \\\""string\\\"", \\\""title\\\"": \\\""Name\\\""}, \\\""tags\\\"": {\\\""type\\\"": \\\""array\\\"", \\\""items\\\"": {\\\""type\\\"": \\\""string\\\""}, \\\""title\\\"": \\\""Tags\\\""}}, \\\""required\\\"": [\\\""name\\\"", \\\""age\\\"", \\\""address\\\""], \\\""title\\\"": \\\""PersonRecord\\\""}\""\n}\n}""]"
json,JSONAdapter(),case-0010,validation_error,ValidationError,0.9556059110036585,1,json_object,0,14,0.0,False,,address.city;address.postcode;address.street;age;contacts[0].email;contacts[0].phone;contacts[1].email;contacts[1].phone;employment.company;employment.role;employment.years;name;tags[0];tags[1],,1096,0,13,0.0,0,"[""{\n  \""record\"": \""1. Ada Dijkstra — 66 this year — resides at 88 Königsallee in Kraków. Contact: ada.dijkstra1@post.example. The postcode is 75009. They work at Analytical Engines Ltd as a network designer, 11 years so far. Interests: distributed-systems, compilers. Contact: ada.dijkstra@example.com, phone +96 469 1730.\"",\n  \""name\"": \""Ada Dijkstra\"",\n  \""age\"": 66,\n  \""address\"": \""88 Königsallee, Kraków\"",\n  \""contacts\"": [\n    \""ada.dijkstra1@post.example.com\"",\n    \""hada.dijkstra@example.com\""\n  ],\n  \""job\"": \""Network Designer\"",\n  \""interests\"": [\""distributed-systems\"", \""compilers\""],\n  \""contact\"": \""ada.dijkstra@example.com, phone +96 469 1730\""\n}""]"
json,JSONAdapter(),case-0011,validation_error,ValidationError,1.0607803759921808,1,json_object,0,9,0.0,False,,address.city;address.postcode;address.street;age;contacts[0].email;contacts[0].phone;employment;name;tags[0],,1000,0,8,0.0,0,"[""{\n  \""record\"": \""7 Nassau St\"",\n  \""type\"": \""PersonRecord\"",\n  \""description\"": \""The person record described by the text.\"",\n  \""address\"": \""08540\"",\n  \""age\"": 120,\n  \""contacts\"": [\n    \""radia.perlman@mail.test\"",\n    \""radios.perlman@mail.test\""\n  ],\n  \""title\"": \""7 Nassau St\"",\n  \""contact\"": {\n    \""phone\"": \""+39 245 2485\""\n  },\n  \""employment\"": {\n    \""company\"": \""Distributed-systems\"",\n    \""role\"": \""distributed-systems\""\n  },\n  \""years\"": 23\n}""]"
json,JSONAdapter(),case-0012,validation_error,ValidationError,0.5675786189967766,1,json_object,0,12,0.0,False,,address.city;address.postcode;address.street;age;contacts[0].email;contacts[0].phone;employment.company;employment.role;employment.years;name;tags[0];tags[1],,940,0,10,0.0,0,"[""{\n  \""record\"": \""Radia Torvalds, aged 89, lives at 12 Baker St in Düsseldorf.\"",\n  \""name\"": \""Radia Torvalds\"",\n  \""age\"": 89,\n  \""address\"": \""12 Baker St, Düsseldorf\"",\n  \""contact\"": \""radia.torvalds@post.example. They work at Xerox PARC as a compiler architect, 21 years so far.\"",\n  \""interests\"": \""distributed-systems, cryptography.\""\n}""]"
json,JSONAdapter(),case-0013,validation_error,ValidationError,0.27754348001326434,1,json_object,0,11,0.0,False,,address.city;address.postcode;address.street;age;contacts[0].email;contacts[0].phone;employment.company;employment.role;employment.years;name;tags[0],,864,0,9,0.0,0,"[""{\n  \""record\"": \""Linus Torvalds, aged 55, lives at 5 Rue Lafayette in Osaka.\"",\n  \""person\"": \""Linus Torvalds\""\n}""]"
json,JSONAdapter(),case-0014,validation_error,ValidationError,1.7049016490054782,1,json_object,0,10,0.0,False,,address.city;address.postcode;address.street;age;employment.company;employment.role;employment.years;name;tags[0];tags[1],,1220,0,10,0.0,0,"[""{\n  \""record\"": \""Grace Johnson (63)\"",\n  \""type\"": \""PersonRecord\"",\n  \""description\"": \""Grace Johnson (63) is a software engineer with a background in cryptography and compilers. She works at Xerox PARC as a staff engineer, 9 years so far.\"",\n  \""properties\"": {\n    \""address\"": {\n      \""type\"": \""object\"",\n      \""description\"": \""A postal address; 88 Königsallee, Cupertino. Interests: cryptography, compilers.\""\n    },\n    \""age\"": {\n      \""type\"": \""integer\"",\n      \""maximum\"": 63,\n      \""minimum\"": 0,\n      \""title\"": \""Age\""\n    },\n    \""contacts\"": {\n      \""type\"": \""array\"",\n      \""items\"": {\n        \""type\"": \""object\"",\n        \""description\"": \""One contact method; ``phone`` is often absent.\""\n      },\n      \""title\"": \""Contacts\""\n    },\n    \""employment\"": {\n      \""anyOf\"": [\n        {\n          \""type\"": \""object\"",\n          \""description\"": \""Current employment. The whole object is omitted for unemployed records.\""\n        },\n        {\n          \""type\"": \""null\"",\n          \""description\"": \""Grace Johnson (63) is a software engineer with a background in cryptography and compilers. She works at Xerox PARC as a staff engineer, 9 years so far.\""\n        }\n      ]\n    },\n    \""name\"": {\n      \""type\"": \""string\"",\n      \""title\"": \""Name\""\n    },\n    \""tags\"": {\n      \""type\"": \""array\"",\n      \""items\"": {\n        \""type\"": \""string\""\n      },\n      \""title\"": \""Tags\""\n    },\n    \""title\"": \""PersonRecord\""\n  }\n}""]"
json,JSONAdapter(),case-0015,validation_error,ValidationError,0.9207750739878975,1,json_object,0,10,0.0,False,,address.city;address.postcode;address.street;age;contacts[0].email;contacts[0].phone;employment.company;employment.role;employment.years;name,,1050,0,10,0.0,0,"[""{\n  \""record\"": \""Katherine Lovelace (51)\"",\n  \""type\"": \""PersonRecord\"",\n  \""description\"": \""Katherine Lovelace (51) is a research lead at Bell Labs, working as a research lead for a research team of 4 years.\"",\n  \""address\"": \""12 Baker St, Osaka\"",\n  \""age\"": 51,\n  \""contacts\"": [\n    \""katherine.lovelace@corp.example\"",\n    \""phone +46 387 7427\""\n  ],\n  \""title\"": \""Katherine Lovelace\"",\n  \""employment\"": \""Research Lead\"",\n  \""company\"": \""Bell Labs\"",\n  \""role\"": \""Research Lead\"",\n  \""years\"": 4,\n  \""address\"": \""12 Baker St, Osaka\"",\n  \""contact\"": \""katherine.lovelace@corp.example\"",\n  \""postcode\"": 75009\n}""]"
json,JSONAdapter(),case-0016,validation_error,ValidationError,0.6457655029953457,1,json_object,0,12,0.0,False,,address.city;address.postcode;address.street;age;contacts[0].email;contacts[0].phone;contacts[1].email;contacts[1].phone;employment.company;employment.role;employment.years;name,,1002,0,12,0.0,0,"[""{\n  \""record\"": \""Barbara Perlman is 20 years old and can be found at 1 Infinite Loop, Osaka.\"",\n  \""name\"": \""Barbara Perlman\"",\n  \""age\"": 20,\n  \""address\"": \""1 Infinite Loop, Osaka\"",\n  \""contact\"": \""barbara.perlman1@corp.example\"",\n  \""phone\"": \""+29 717 5153\"",\n  \""contact\"": \""barbara.perlman@corp.example\"",\n  \""employment\"": \""Naval Systems as a research lead, 1 year so far.\""\n}""]"
json,JSONAdapter(),case-0017,validation_error,ValidationError,0.4589022419822868,1,json_object,0,10,0.0,False,,address.city;address.postcode;address.street;age;contacts[0].email;contacts[0].phone;employment.company;employment.role;employment.years;name,,924,0,8,0.0,0,"[""{\n  \""record\"": \""Edsger Torvalds is 69 years old and can be found at 12 Baker St, Paris. Contact: edsger.torvalds@corp.example. They work at Xerox PARC as a network designer, 9 years so far.\"",\n  \""name\"": \""Edsger Torvalds\"",\n  \""tags\"": [\""Edsger Torvalds\"", \""69 years old\"", \""Paris\"", \""Network Designer\""]\n}""]"
json,JSONAdapter(),case-0018,validation_error,ValidationError,0.8213170110248029,1,json_object,0,12,0.0,False,,address.city;address.postcode;address.street;age;contacts[0].email;contacts[0].phone;employment.company;employment.role;employment.years;name;tags[0];tags[1],,1044,0,11,0.0,0,"[""{\n  \""record\"": \""Alan Hopper is 48 years old and can be found at 1 Infinite Loop, Paris.\"",\n  \""person\"": {\n    \""record\"": \""Alan Hopper is 48 years old and can be found at 1 Infinite Loop, Paris.\"",\n    \""person\"": {\n      \""record\"": \""Alan Hopper is 48 years old and can be found at 1 Infinite Loop, Paris.\"",\n      \""person\"": {\n        \""record\"": \""Alan Hopper is 48 years old and can be found at 1 Infinite Loop, Paris.\"",\n        \""person\"": {\n          \""record\"": \""Alan Hopper is 48 years old and can be found at 1 Infinite Loop, Paris.\"",\n          \""person\"": {\n            \""record\"": \""Alan Hopper is 48 years old and can be found at 1 Infinite Loop, Paris.\""\n          }\n        }\n      }\n    }\n  }\n}""]"
json,JSONAdapter(),case-0019,validation_error,ValidationError,0.8205639280204196,1,json_object,0,13,0.0,False,,address.city;address.postcode;address.street;age;contacts[0].email;contacts[0].phone;employment.company;employment.role;employment.years;name;tags[0];tags[1];tags[2],,1040,0,12,0.0,0,"[""{\n  \""record\"": \""Ada Hopper is 20 years old and can be found at 5 Rue Lafayette, Princeton.\"",\n  \""person\"": {\n    \""record\"": \""Ada Hopper is 20 years old and can be found at 5 Rue Lafayette, Princeton.\"",\n    \""person\"": {\n      \""record\"": \""Ada Hopper is 20 years old and can be found at 5 Rue Lafayette, Princeton.\"",\n      \""person\"": {\n        \""record\"": \""Ada Hopper is 20 years old and can be found at 5 Rue Lafayette, Princeton.\"",\n        \""person\"": {\n          \""record\"": \""Ada Hopper is 20 years old and can be found at 5 Rue Lafayette, Princeton.\"",\n          \""person\"": {\n            \""record\"": \""Ada Hopper is 20 years old and can be found at 5 Rue Lafayette, Princeton.\""\n          }\n        }\n      }\n    }\n  }\n}""]"
json,JSONAdapter(),case-0020,validation_error,ValidationError,0.3535742739913985,1,json_object,0,8,0.0,False,,address.city;address.postcode;address.street;age;employment;name;tags[0];tags[1],,857,0,6,0.0,0,"[""{\n  \""record\"": \""Alan Torvalds, aged 70, lives at 7 Nassau St in Paris.\"",\n  \""type\"": \""PersonRecord\"",\n  \""description\"": \""Alan Torvalds, aged 70, lives at 7 Nassau St in Paris.\""\n}""]"
json,JSONAdapter(),case-0021,validation_error,ValidationError,0.385541486000875,1,json_object,0,13,0.0,False,,address.city;address.postcode;address.street;age;contacts[0].email;contacts[0].phone;contacts[1].email;contacts[1].phone;employment.company;employment.role;employment.years;name;tags[0],,933,0,11,0.0,0,"[""{\n  \""record\"": \""Alan Dijkstra is 47 years old and can be found at 1 Infinite Loop, Osaka.\"",\n  \""person\"": {\n    \""record\"": \""Alan Dijkstra\"",\n    \""person\"": {\n      \""record\"": \""1 Infinite Loop\"",\n      \""person\"": {\n        \""record\"": \""Osaka\""\n      }\n    }\n  }\n}""]"
json,JSONAdapter(),case-0022,validation_error,ValidationError,0.2964573139906861,1,json_object,0,8,0.0,False,,address.city;address.postcode;address.street;age;contacts[0].email;contacts[0].phone;employment;name,,874,0,7,0.0,0,"[""{\n  \""record\"": \""88 this year\"",\n  \""type\"": \""PersonRecord\"",\n  \""description\"": \""Alan Johnson — 88 this year — resides at 88 Königsallee in Osaka.\""\n}""]"
json,JSONAdapter(),case-0023,validation_error,ValidationError,0.9276925930171274,1,json_object,0,15,0.0,False,,address.city;address.postcode;address.street;age;contacts[0].email;contacts[0].phone;contacts[1].email;contacts[1].phone;employment.company;employment.role;employment.years;name;tags[0];tags[1];tags[2],,1086,0,14,0.0,0,"[""{\n  \""record\"": \""Linus Hopper is 25 years old and can be found at 88 Königsallee, Paris.\"",\n  \""person\"": {\n    \""record\"": \""Linus Hopper is 25 years old and can be found at 88 Königsallee, Paris.\"",\n    \""person\"": {\n      \""record\"": \""Linus Hopper is 25 years old and can be found at 88 Königsallee, Paris.\"",\n      \""person\"": {\n        \""record\"": \""Linus Hopper is 25 years old and can be found at 88 Königsallee, Paris.\"",\n        \""person\"": {\n          \""record\"": \""Linus Hopper is 25 years old and can be found at 88 Königsallee, Paris.\"",\n          \""person\"": {\n            \""record\"": \""Linus Hopper is 25 years old and can be found at 88 Königsallee, Paris.\""\n          }\n        }\n      }\n    }\n  }\n}""]"
json,JSONAdapter(),case-0024,validation_error,ValidationError,0.2583236470236443,1,json_object,0,10,0.0,False,,address.city;address.postcode;address.street;age;contacts[0].email;contacts[0].phone;employment.company;employment.role;employment.years;name,,879,0,10,0.0,0,"[""{\n  \""record\"": \""56\"",\n  \""type\"": \""PersonRecord\"",\n  \""description\"": \""The person described by the text.\""\n}""]"
json,JSONAdapter(),case-0025,validation_error,ValidationError,2.3792710110137705,1,json_object,0,10,0.0,False,,address.city;address.postcode;address.street;age;contacts[0].email;contacts[0].phone;contacts[1].email;contacts[1].phone;employment;name,,1478,0,8,0.0,0,"[""{\n  \""record\"": \""41\"",\n  \""type\"": \""PersonRecord\"",\n  \""description\"": \""Edsger Lovelace (41)\"",\n  \""properties\"": {\n    \""address\"": {\n      \""type\"": \""object\"",\n      \""description\"": \""A postal address; ``postcode`` is genuinely optional in the rendered prose.\\\"", \\\""properties\\\"": {\\\""city\\\"": {\\\""type\\\"": \\\""string\\\"", \\\""title\\\"": \\\""City\\\""}, \\\""postcode\\\"": {\\\""anyOf\\\"": [{\\\""type\\\"": \\\""string\\\""}, {\\\""type\\\"": \\\""null\\\""}], \\\""default\\\"": null, \\\""title\\\"": \\\""Postcode\\\""}, \\\""street\\\"": {\\\""type\\\"": \\\""string\\\"", \\\""title\\\"": \\\""Street\\\""}}, \\\""required\\\"": [\\\""street\\\"", \\\""city\\\""], \\\""title\\\"": \\\""Address\\\""}, \\\""Contact\\\"": {\\\""type\\\"": \\\""object\\\"", \\\""description\\\"": \\\""One contact method; ``phone`` is often absent.\\\"", \\\""properties\\\"": {\\\""email\\\"": {\\\""type\\\"": \\\""string\\\"", \\\""title\\\"": \\\""Email\\\""}, \\\""phone\\\"": {\\\""anyOf\\\"": [{\\\""type\\\"": \\\""string\\\""}, {\\\""type\\\"": \\\""null\\\""}], \\\""default\\\"": null, \\\""title\\\"": \\\""Phone\\\""}}, \\\""required\\\"": [\\\""email\\\""], \\\""title\\\"": \\\""Contact\\\""}, \\\""Employment\\\"": {\\\""type\\\"": \\\""object\\\"", \\\""description\\\"": \\\""Current employment. The whole object is omitted for unemployed records.\\\"", \\\""properties\\\"": {\\\""company\\\"": {\\\""type\\\"": \\\""string\\\"", \\\""title\\\"": \\\""Company\\\""}, \\\""role\\\"": {\\\""type\\\"": \\\""string\\\"", \\\""title\\\"": \\\""Role\\\""}, \\\""years\\\"": {\\\""type\\\"": \\\""integer\\\"", \\\""maximum\\\"": 50, \\\""minimum\\\"": 0, \\\""title\\\"": \\\""Years\\\""}}, \\\""required\\\"": [\\\""company\\\"", \\\""role\\\"", \\\""years\\\""], \\\""title\\\"": \\\""Employment\\\""}}, \\\""description\\\"": \\\""The extraction target: nested models, an optional object, and two lists.\\\\n\\\\nDeliberately shaped like the reference benchmarks' targets - nesting, optionality and\\\\nrepetition are where schema-following actually breaks down, and a flat model would\\\\nmake every adapter look identical.\\\"", \\\""properties\\\"": {\\\""address\\\"": {\\\""$ref\\\"": \\\""#/$defs/Address\\\""}, \\\""age\\\"": {\\\""type\\\"": \\\""integer\\\"", \\\""maximum\\\"": 120, \\\""minimum\\\"": 0, \\\""title\\\"": \\\""Age\\\""}, \\\""contacts\\\"": {\\\""type\\\"": \\\""array\\\"", \\\""items\\\"": {\\\""$ref\\\"": \\\""#/$defs/Contact\\\""}, \\\""title\\\"": \\\""Contacts\\\""}, \\\""employment\\\"": {\\\""anyOf\\\"": [{\\\""$ref\\\"": \\\""#/$defs/Employment\\\""}, {\\\""type\\\"": \\\""null\\\""}], \\\""default\\\"": null}, \\\""name\\\"": {\\\""type\\\"": \\\""string\\\"", \\\""title\\\"": \\\""Name\\\""}, \\\""tags\\\"": {\\\""type\\\"": \\\""array\\\"", \\\""items\\\"": {\\\""type\\\"": \\\""string\\\""}, \\\""title\\\"": \\\""Tags\\\""}}, \\\""required\\\"": [\\\""name\\\"", \\\""age\\\"", \\\""address\\\""], \\\""title\\\"": \\\""PersonRecord\\\""}\""\n}\n}\n}""]"
json,JSONAdapter(),case-0026,validation_error,ValidationError,0.6012690170027781,1,json_object,0,12,0.0,False,,address.city;address.postcode;address.street;age;contacts[0].email;contacts[0].phone;employment.company;employment.role;employment.years;name;tags[0];tags[1],,943,0,11,0.0,0,"[""{\n  \""record\"": \""Katherine Johnson\"",\n  \""type\"": \""PersonRecord\"",\n  \""description\"": \""Katherine Johnson\"",\n  \""address\"": \""12 Baker St, Kraków\"",\n  \""age\"": 21,\n  \""interests\"": [\""networking\"", \""cryptography\""],\n  \""contact\"": \""katherine.johnson@post.example. The postcode is 08540. They work at Sun Micro as a research lead, 21 years so far.\""\n}""]"
json,JSONAdapter(),case-0027,validation_error,ValidationError,0.918951369007118,1,json_object,0,10,0.0,False,,address.city;address.postcode;address.street;age;employment.company;employment.role;employment.years;name;tags[0];tags[1],,1037,0,9,0.0,0,"[""{\n  \""record\"": \""Radia Torvalds is 49 years old and can be found at 7 Nassau St, Düsseldorf. They work at Bell Labs as a compiler architect, 27 years so far.\"",\n  \""name\"": \""Radia Torvalds\"",\n  \""age\"": 49,\n  \""address\"": \""7 Nassau St, Düsseldorf\"",\n  \""contacts\"": [\n    {\n      \""type\"": \""object\"",\n      \""description\"": \""Radia Torvalds\""\n    },\n    {\n      \""type\"": \""object\"",\n      \""description\"": \""Radia Torvalds\""\n    }\n  ],\n  \""title\"": \""Radia Torvalds\"",\n  \""employment\"": {\n    \""type\"": \""object\"",\n    \""description\"": \""Radia Torvalds\""\n  },\n  \""company\"": \""Bell Labs\"",\n  \""role\"": \""compiler architect\"",\n  \""years\"": 27,\n  \""interests\"": \""networking, cryptography\""\n}""]"
json,JSONAdapter(),case-0028,validation_error,ValidationError,0.8103134120174218,1,json_object,0,9,0.0,False,,address.city;address.postcode;address.street;age;contacts[0].email;contacts[0].phone;employment;name;tags[0],,1035,0,8,0.0,0,"[""{\n  \""record\"": \""Grace Turing is 42 years old and can be found at 1 Infinite Loop, Osaka.\"",\n  \""person\"": {\n    \""record\"": \""Grace Turing is 42 years old and can be found at 1 Infinite Loop, Osaka.\"",\n    \""person\"": {\n      \""record\"": \""Grace Turing is 42 years old and can be found at 1 Infinite Loop, Osaka.\"",\n      \""person\"": {\n        \""record\"": \""Grace Turing is 42 years old and can be found at 1 Infinite Loop, Osaka.\"",\n        \""person\"": {\n          \""record\"": \""Grace Turing is 42 years old and can be found at 1 Infinite Loop, Osaka.\"",\n          \""person\"": {\n            \""record\"": \""Grace Turing is 42 years old and can be found at 1 Infinite Loop, Osaka.\""\n          }\n        }\n      }\n    }\n  }\n}""]"
json,JSONAdapter(),case-0029,validation_error,ValidationError,2.4938134390104096,1,json_object,0,11,0.0,False,,address.city;address.postcode;address.street;age;employment.company;employment.role;employment.years;name;tags[0];tags[1];tags[2],,1484,0,11,0.0,0,"[""{\n  \""record\"": \""28 this year\"",\n  \""type\"": \""PersonRecord\"",\n  \""description\"": \""Grace Liskov — 28 this year — resides at 88 Königsallee in Cupertino.\"",\n  \""properties\"": {\n    \""address\"": {\n      \""type\"": \""object\"",\n      \""description\"": \""A postal address; ``postcode`` is genuinely optional in the rendered prose.\\\"", \\\""properties\\\"": {\\\""city\\\"": {\\\""type\\\"": \\\""string\\\"", \\\""title\\\"": \\\""City\\\""}, \\\""postcode\\\"": {\\\""anyOf\\\"": [{\\\""type\\\"": \\\""string\\\""}, {\\\""type\\\"": \\\""null\\\""}], \\\""default\\\"": null, \\\""title\\\"": \\\""Postcode\\\""}, \\\""street\\\"": {\\\""type\\\"": \\\""string\\\"", \\\""title\\\"": \\\""Street\\\""}}, \\\""required\\\"": [\\\""street\\\"", \\\""city\\\""], \\\""title\\\"": \\\""Address\\\""}, \\\""Contact\\\"": {\\\""type\\\"": \\\""object\\\"", \\\""description\\\"": \\\""One contact method; ``phone`` is often absent.\\\"", \\\""properties\\\"": {\\\""email\\\"": {\\\""type\\\"": \\\""string\\\"", \\\""title\\\"": \\\""Email\\\""}, \\\""phone\\\"": {\\\""anyOf\\\"": [{\\\""type\\\"": \\\""string\\\""}, {\\\""type\\\"": \\\""null\\\""}], \\\""default\\\"": null, \\\""title\\\"": \\\""Phone\\\""}}, \\\""required\\\"": [\\\""email\\\""], \\\""title\\\"": \\\""Contact\\\""}, \\\""Employment\\\"": {\\\""type\\\"": \\\""object\\\"", \\\""description\\\"": \\\""Current employment. The whole object is omitted for unemployed records.\\\"", \\\""properties\\\"": {\\\""company\\\"": {\\\""type\\\"": \\\""string\\\"", \\\""title\\\"": \\\""Company\\\""}, \\\""role\\\"": {\\\""type\\\"": \\\""string\\\"", \\\""title\\\"": \\\""Role\\\""}, \\\""years\\\"": {\\\""type\\\"": \\\""integer\\\"", \\\""maximum\\\"": 50, \\\""minimum\\\"": 0, \\\""title\\\"": \\\""Years\\\""}}, \\\""required\\\"": [\\\""company\\\"", \\\""role\\\"", \\\""years\\\""], \\\""title\\\"": \\\""Employment\\\""}}, \\\""description\\\"": \\\""The extraction target: nested models, an optional object, and two lists.\\\\n\\\\nDeliberately shaped like the reference benchmarks' targets - nesting, optionality and\\\\nrepetition are where schema-following actually breaks down, and a flat model would\\\\nmake every adapter look identical.\\\"", \\\""properties\\\"": {\\\""address\\\"": {\\\""$ref\\\"": \\\""#/$defs/Address\\\""}, \\\""age\\\"": {\\\""type\\\"": \\\""integer\\\"", \\\""maximum\\\"": 120, \\\""minimum\\\"": 0, \\\""title\\\"": \\\""Age\\\""}, \\\""contacts\\\"": {\\\""type\\\"": \\\""array\\\"", \\\""items\\\"": {\\\""$ref\\\"": \\\""#/$defs/Contact\\\""}, \\\""title\\\"": \\\""Contacts\\\""}, \\\""employment\\\"": {\\\""anyOf\\\"": [{\\\""$ref\\\"": \\\""#/$defs/Employment\\\""}, {\\\""type\\\"": \\\""null\\\""}], \\\""default\\\"": null}, \\\""name\\\"": {\\\""type\\\"": \\\""string\\\"", \\\""title\\\"": \\\""Name\\\""}, \\\""tags\\\"": {\\\""type\\\"": \\\""array\\\"", \\\""items\\\"": {\\\""type\\\"": \\\""string\\\""}, \\\""title\\\"": \\\""Tags\\\""}}, \\\""required\\\"": [\\\""name\\\"", \\\""age\\\"", \\\""address\\\""], \\\""title\\\"": \\\""PersonRecord\\\""}\""\n}\n}\n}""]"
baml,BAMLAdapter(),case-0000,validation_error,ValidationError,0.6062496750091668,1,json_object,0,12,0.0,False,,address.city;address.postcode;address.street;age;contacts[0].email;contacts[0].phone;contacts[1].email;contacts[1].phone;employment;name;tags[0];tags[1],,569,0,10,0.0,0,"[""{\n  \""record\"": \""Edsger Dijkstra, aged 57, lives at 88 Königsallee in Cupertino.\"",\n  \""address\"": \""88 Königsallee, Cupertino, CA 95042\"",\n  \""employment\"": \""distributed-systems, cryptography\"",\n  \""contacts\"": [\n    {\n      \""email\"": \""edgersger.dijkstra@mail.test.Contact: Edsger Dijkstra1@corp.example\"",\n      \""phone\"": \""+13 733 5104\""\n    }\n  ],\n  \""tags\"": [\""distributed-systems\"", \""cryptography\""]\n}""]"
baml,BAMLAdapter(),case-0001,validation_error,ValidationError,0.4849198719894048,1,json_object,0,14,0.0,False,,address.city;address.postcode;address.street;age;contacts[0].email;contacts[0].phone;contacts[1].email;contacts[1].phone;employment.company;employment.role;employment.years;name;tags[0];tags[1],,561,0,14,0.0,0,"[""{\n  \""record\"": \""Alan Hopper\"",\n  \""name\"": \""Alan Hopper\"",\n  \""age\"": 20,\n  \""address\"": \""1 Infinite Loop in Osaka\"",\n  \""employment\"": \""Network Designer\"",\n  \""contacts\"": [\n    {\n      \""email\"": \""alan.hopper@post.example\"",\n      \""phone\"": \""+98 885 1034\""\n    }\n  ],\n  \""tags\"": [\""compilers\"", \""mathematics\""]\n}""]"
baml,BAMLAdapter(),case-0002,validation_error,ValidationError,0.5545315569906961,1,json_object,0,10,0.0,False,,address.city;address.postcode;address.street;age;contacts[0].email;contacts[0].phone;employment;name;tags[0];tags[1],,497,0,8,0.0,0,"[""{\n  \""record\"": \""Ada Hopper\"",\n  \""name\"": \""Ada Hopper\"",\n  \""age\"": 68,\n  \""address\"": \""7 Nassau St, Paris\"",\n  \""employment\"": \""Cryptography, Networking\"",\n  \""contacts\"": [\n    {\n      \""email\"": \""ada.hopper@example.com\"",\n      \""phone\"": \""8540\""\n    }\n  ],\n  \""tags\"": [\""cryptography\"", \""networking\""]\n}""]"
baml,BAMLAdapter(),case-0003,validation_error,ValidationError,0.5640189389814623,1,json_object,0,11,0.0,False,,address.city;address.postcode;address.street;age;employment.company;employment.role;employment.years;name;tags[0];tags[1];tags[2],,521,0,11,0.0,0,"[""{\n  \""record\"": \""Katherine Turing\"",\n  \""name\"": \""Katherine Turing\"",\n  \""age\"": 37,\n  \""address\"": \""12 Baker St, Osaka\"",\n  \""employment\"": \""Research Lead\"",\n  \""contacts\"": [\n    {\n      \""email\"": \""katarina.turing@bell.com\"",\n      \""phone\"": \""95014\""\n    }\n  ],\n  \""tags\"": [\""networking\"", \""distributed-systems\"", \""cryptography\""]\n}""]"
baml,BAMLAdapter(),case-0004,validation_error,ValidationError,0.5397817410121206,1,json_object,0,10,0.0,False,,address.city;address.postcode;address.street;age;contacts[0].email;contacts[0].phone;employment.company;employment.role;employment.years;name,,543,0,10,0.0,0,"[""{\n  \""record\"": \""Katherine Torvalds, aged 40, lives at 12 Baker St in London.\"",\n  \""address\"": \""12 Baker St, London, UK\"",\n  \""employment\"": \""Compiler architect\"",\n  \""contacts\"": [\n    {\n      \""email\"": \""katherine.torvalds@example.com\"",\n      \""phone\"": \""+69 468 5533\""\n    }\n  ],\n  \""tags\"": [\""person\"", \""developer\"", \""software engineer\""]\n}""]"
baml,BAMLAdapter(),case-0005,validation_error,ValidationError,0.603155592980329,1,json_object,0,8,0.0,False,,address.city;address.postcode;address.street;age;employment;name;tags[0];tags[1],,499,0,6,0.0,0,"[""{\n  \""record\"": \""Linus Liskov\"",\n  \""name\"": \""Linus Liskov\"",\n  \""age\"": 32,\n  \""address\"": \""5 Rue Lafayette, Kraków\"",\n  \""employment\"": \""mathematics, cryptography\"",\n  \""contacts\"": [\n    {\n      \""email\"": \""linus.liskov@example.com\"",\n      \""phone\"": \""555-123-4567\""\n    }\n  ],\n  \""tags\"": [\""mathematics\"", \""cryptography\""]\n}""]"
baml,BAMLAdapter(),case-0006,validation_error,ValidationError,0.5597318820073269,1,json_object,0,13,0.0,False,,address.city;address.postcode;address.street;age;contacts[0].email;contacts[0].phone;employment.company;employment.role;employment.years;name;tags[0];tags[1];tags[2],,537,0,12,0.0,0,"[""{\n  \""record\"": \""Grace Perlman\"",\n  \""name\"": \""Grace Perlman\"",\n  \""age\"": 25,\n  \""address\"": \""Infinite Loop, Osaka\"",\n  \""employment\"": \""Compiler Architect\"",\n  \""contacts\"": [\n    {\n      \""email\"": \""grace.perlman@example.com\"",\n      \""phone\"": \""+26 847 7783\""\n    }\n  ],\n  \""tags\"": [\""distributed-systems\"", \""mathematics\"", \""networking\""]\n}""]"
baml,BAMLAdapter(),case-0007,validation_error,ValidationError,0.5095216989866458,1,json_object,0,10,0.0,False,,address.city;address.postcode;address.street;age;employment.company;employment.role;employment.years;name;tags[0];tags[1],,516,0,10,0.0,0,"[""{\n  \""record\"": \""Barbara Turing\"",\n  \""name\"": \""Barbara Turing\"",\n  \""age\"": 26,\n  \""address\"": \""7 Nassau St, London\"",\n  \""employment\"": \""Networking, distributed-systems\"",\n  \""contacts\"": [\n    {\n      \""email\"": \""mailto:Barbara_Turing@example.com\"",\n      \""phone\"": \""08540\""\n    }\n  ],\n  \""tags\"": [\""networking\"", \""distributed-systems\""]\n}""]"
baml,BAMLAdapter(),case-0008,validation_error,ValidationError,0.5388047659944277,1,json_object,0,8,0.0,False,,address.city;address.postcode;address.street;age;employment.company;employment.role;employment.years;name,,510,0,7,0.0,0,"[""{\n  \""record\"": \""21 this year\"",\n  \""name\"": \""Katherine Liskov\"",\n  \""age\"": 21,\n  \""address\"": \""5 Rue Lafayette\"",\n  \""employment\"": \""Research Lead\"",\n  \""contacts\"": [\n    {\n      \""email\"": \""katheryna.liskov@sunmicro.com\"",\n      \""phone\"": \""555-123-4567\""\n    }\n  ],\n  \""tags\"": [\""person\"", \""research\"", \""lead\""]\n}""]"
baml,BAMLAdapter(),case-0009,validation_error,ValidationError,0.5699497040186543,1,json_object,0,10,0.0,False,,address.city;address.postcode;address.street;age;employment.company;employment.role;employment.years;name;tags[0];tags[1],,533,0,10,0.0,0,"[""{\n  \""record\"": \""Radia Liskov\"",\n  \""name\"": \""Radia Liskov\"",\n  \""age\"": 66,\n  \""address\"": \""7 Nassau St, Cupertino\"",\n  \""employment\"": \""Analytical Engines Ltd\"",\n  \""contacts\"": [\n    {\n      \""email\"": \""radia.liskov@email.com\"",\n      \""phone\"": \""555-123-4567\""\n    }\n  ],\n  \""tags\"": [\""distributed-systems\"", \""mathematics\""]\n}""]"
baml,BAMLAdapter(),case-0010,validation_error,ValidationError,0.5123957129835617,1,json_object,0,14,0.0,False,,address.city;address.postcode;address.street;age;contacts[0].email;contacts[0].phone;contacts[1].email;contacts[1].phone;employment.company;employment.role;employment.years;name;tags[0];tags[1],,567,0,13,0.0,0,"[""{\n  \""record\"": \""Ada Dijkstra\"",\n  \""name\"": \""Ada Dijkstra\"",\n  \""age\"": 66,\n  \""address\"": \""88 Königsallee, Kraków\"",\n  \""employment\"": \""Network Designer\"",\n  \""contacts\"": [\n    {\n      \""email\"": \""ada.dijkstra1@post.example.com\"",\n      \""phone\"": \""+96 469 1730\""\n    }\n  ],\n  \""tags\"": [\""distributed-systems\"", \""compilers\""]\n}""]"
baml,BAMLAdapter(),case-0011,validation_error,ValidationError,0.5460063760110643,1,json_object,0,9,0.0,False,,address.city;address.postcode;address.street;age;contacts[0].email;contacts[0].phone;employment;name;tags[0],,530,0,8,0.0,0,"[""{\n  \""record\"": \""Radia Perlman — 23 this year — resides at 7 Nassau St in Cupertino.\"",\n  \""address\"": \""08540\"",\n  \""employment\"": \""distributed-systems\"",\n  \""contacts\"": [\n    {\n      \""email\"": \""radia.perlman@mail.test\"",\n      \""phone\"": \""+39 245 2485\""\n    }\n  ],\n  \""tags\"": [\""distributed-systems\"", \""cuitcupertino\""]\n}""]"
baml,BAMLAdapter(),case-0012,validation_error,ValidationError,0.6458266169938724,1,json_object,0,12,0.0,False,,address.city;address.postcode;address.street;age;contacts[0].email;contacts[0].phone;employment.company;employment.role;employment.years;name;tags[0];tags[1],,561,0,10,0.0,0,"[""{\n  \""record\"": \""Radia Torvalds, aged 89, lives at 12 Baker St in Düsseldorf. Contact: radia.torvalds@post.example. They work at Xerox PARC as a compiler architect, 21 years so far.\"",\n  \""address\"": \""12 Baker St, Düsseldorf, Germany\"",\n  \""employment\"": \""Compiler Architect\"",\n  \""contacts\"": [\n    {\n      \""email\"": \""radia.torvalds@post.example.com\"",\n      \""phone\"": \""555-123-4567\""\n    }\n  ],\n  \""tags\"": [\""distributed-systems\"", \""cryptography\""]\n}""]"
baml,BAMLAdapter(),case-0013,validation_error,ValidationError,0.5420131139981095,1,json_object,0,11,0.0,False,,address.city;address.postcode;address.street;age;contacts[0].email;contacts[0].phone;employment.company;employment.role;employment.years;name;tags[0],,518,0,9,0.0,0,"[""{\n  \""record\"": \""Linus Torvalds, aged 55, lives at 5 Rue Lafayette in Osaka.\"",\n  \""address\"": \""5 Rue Lafayette, Osaka\"",\n  \""employment\"": \""Research Lead\"",\n  \""contacts\"": [\n    {\n      \""email\"": \""linus.torvalds@example.com\"",\n      \""phone\"": \""555-123-4567\""\n    }\n  ],\n  \""tags\"": [\""cryptography\"", \""naval systems\""]\n}""]"
baml,BAMLAdapter(),case-0014,validation_error,ValidationError,0.5302934309875127,1,json_object,0,10,0.0,False,,address.city;address.postcode;address.street;age;employment.company;employment.role;employment.years;name;tags[0];tags[1],,517,0,10,0.0,0,"[""{\n  \""record\"": \""Grace Johnson\"",\n  \""name\"": \""Grace Johnson\"",\n  \""age\"": 63,\n  \""address\"": \""88 Königsallee, Cupertino\"",\n  \""employment\"": \""staff engineer\"",\n  \""contacts\"": [\n    {\n      \""email\"": \""grace.johnson@example.com\"",\n      \""phone\"": \""555-123-4567\""\n    }\n  ],\n  \""tags\"": [\""cryptography\"", \""compilers\""]\n}""]"
baml,BAMLAdapter(),case-0015,validation_error,ValidationError,0.5522476960031781,1,json_object,0,10,0.0,False,,address.city;address.postcode;address.street;age;contacts[0].email;contacts[0].phone;employment.company;employment.role;employment.years;name,,540,0,10,0.0,0,"[""{\n  \""record\"": \""Katherine Lovelace\"",\n  \""name\"": \""Katherine Lovelace\"",\n  \""age\"": 51,\n  \""address\"": \""12 Baker St, Osaka\"",\n  \""employment\"": \""Research Lead\"",\n  \""contacts\"": [\n    {\n      \""email\"": \""katherine.lovelace@corp.example\"",\n      \""phone\"": \""+46 387 7427\""\n    }\n  ],\n  \""tags\"": [\""research\"", \""lead\"", \""Osaka\""]\n}""]"
baml,BAMLAdapter(),case-0016,validation_error,ValidationError,0.5249289349885657,1,json_object,0,12,0.0,False,,address.city;address.postcode;address.street;age;contacts[0].email;contacts[0].phone;contacts[1].email;contacts[1].phone;employment.company;employment.role;employment.years;name,,567,0,12,0.0,0,"[""{\n  \""record\"": \""Barbara Perlman\"",\n  \""name\"": \""Barbara Perlman\"",\n  \""age\"": 20,\n  \""address\"": \""1 Infinite Loop, Osaka\"",\n  \""employment\"": \""Research Lead\"",\n  \""contacts\"": [\n    {\n      \""email\"": \""barbara.perlman1@corp.example\"",\n      \""phone\"": \""+29 717 5153\""\n    }\n  ],\n  \""tags\"": [\""Person\"", \""Research Lead\""]\n}""]"
baml,BAMLAdapter(),case-0017,validation_error,ValidationError,0.5765881559927948,1,json_object,0,10,0.0,False,,address.city;address.postcode;address.street;age;contacts[0].email;contacts[0].phone;employment.company;employment.role;employment.years;name,,532,0,8,0.0,0,"[""{\n  \""record\"": \""Edsger Torvalds\"",\n  \""name\"": \""Edsger Torvalds\"",\n  \""age\"": 69,\n  \""address\"": \""12 Baker St, Paris\"",\n  \""employment\"": \""Network Designer\"",\n  \""contacts\"": [\n    {\n      \""email\"": \""edgersger.torvalds@corp.example.com\"",\n      \""phone\"": \""999-1234-5678\""\n    }\n  ],\n  \""tags\"": [\""person\"", \""network\"", \""designer\""]\n}""]"
baml,BAMLAdapter(),case-0018,validation_error,ValidationError,0.5328143649967387,1,json_object,0,12,0.0,False,,address.city;address.postcode;address.street;age;contacts[0].email;contacts[0].phone;employment.company;employment.role;employment.years;name;tags[0];tags[1],,533,0,11,0.0,0,"[""{\n  \""record\"": \""Alan Hopper\"",\n  \""name\"": \""Alan Hopper\"",\n  \""age\"": 48,\n  \""address\"": \""1 Infinite Loop, Paris\"",\n  \""employment\"": \""Compiler Architect\"",\n  \""contacts\"": [\n    {\n      \""email\"": \""alan.hopper@corp.example\"",\n      \""phone\"": \""+89 220 6315\""\n    }\n  ],\n  \""tags\"": [\""distributed-systems\"", \""cryptography\""]\n}""]"
baml,BAMLAdapter(),case-0019,validation_error,ValidationError,0.47863847098778933,1,json_object,0,13,0.0,False,,address.city;address.postcode;address.street;age;contacts[0].email;contacts[0].phone;employment.company;employment.role;employment.years;name;tags[0];tags[1];tags[2],,527,0,12,0.0,0,"[""{\n  \""record\"": \""Ada Hopper\"",\n  \""name\"": \""Ada Hopper\"",\n  \""age\"": 20,\n  \""address\"": \""5 Rue Lafayette, Princeton\"",\n  \""employment\"": \""Compiler Architect\"",\n  \""contacts\"": [\n    {\n      \""email\"": \""ada.hopper@corp.example.com\"",\n      \""phone\"": \""40212\""\n    }\n  ],\n  \""tags\"": [\""Mathematics\"", \""Composers\"", \""Cryptography\""]\n}""]"
baml,BAMLAdapter(),case-0020,validation_error,ValidationError,0.6371363759972155,1,json_object,0,8,0.0,False,,address.city;address.postcode;address.street;age;employment;name;tags[0];tags[1],,508,0,6,0.0,0,"[""{\n  \""record\"": \""Alan Torvalds, aged 70, lives at 7 Nassau St in Paris.\"",\n  \""name\"": \""Alan Torvalds\"",\n  \""age\"": 70,\n  \""address\"": \""7 Nassau St, Paris\"",\n  \""employment\"": \""Mathematics, networking\"",\n  \""contacts\"": [\n    {\n      \""email\"": \""alan.torvalds@example.com\"",\n      \""phone\"": \""555-123-4567\""\n    }\n  ],\n  \""tags\"": [\""mathematics\"", \""networking\""]\n}""]"
baml,BAMLAdapter(),case-0021,validation_error,ValidationError,0.5181043180054985,1,json_object,0,13,0.0,False,,address.city;address.postcode;address.street;age;contacts[0].email;contacts[0].phone;contacts[1].email;contacts[1].phone;employment.company;employment.role;employment.years;name;tags[0],,543,0,11,0.0,0,"[""{\n  \""record\"": \""Alan Dijkstra\"",\n  \""name\"": \""Alan Dijkstra\"",\n  \""age\"": 47,\n  \""address\"": \""1 Infinite Loop, Osaka\"",\n  \""employment\"": \""Cryptography\"",\n  \""contacts\"": [\n    {\n      \""email\"": \""alan.dijkstra1@example.com\"",\n      \""phone\"": \""+75 538 2134\""\n    }\n  ],\n  \""tags\"": [\""Cryptography\"", \""Research Lead\""]\n}""]"
baml,BAMLAdapter(),case-0022,validation_error,ValidationError,0.4050466679909732,1,json_object,0,8,0.0,False,,address.city;address.postcode;address.street;age;contacts[0].email;contacts[0].phone;employment;name,,494,0,7,0.0,0,"[""{\n  \""record\"": \""88 this year\"",\n  \""name\"": \""Alan Johnson\"",\n  \""age\"": 88,\n  \""address\"": \""88 Königsallee, Osaka\"",\n  \""employment\"": \""Contact: alan.johnson@mail.test, phone +7 427 3934\"",\n  \""tags\"": [\""Osaka\"", \""88\""]\n}""]"
baml,BAMLAdapter(),case-0023,validation_error,ValidationError,0.5048547030019108,1,json_object,0,15,0.0,False,,address.city;address.postcode;address.street;age;contacts[0].email;contacts[0].phone;contacts[1].email;contacts[1].phone;employment.company;employment.role;employment.years;name;tags[0];tags[1];tags[2],,563,0,14,0.0,0,"[""{\n  \""record\"": \""Linus Hopper\"",\n  \""name\"": \""Linus Hopper\"",\n  \""age\"": 25,\n  \""address\"": \""88 Königsallee, Paris\"",\n  \""employment\"": \""Network Designer\"",\n  \""contacts\"": [\n    {\n      \""email\"": \""linus.hopper1@example.com\"",\n      \""phone\"": \""+91 610 7901\""\n    }\n  ],\n  \""tags\"": [\""Mathematics\"", \""Networking\"", \""Cryptography\""]\n}""]"
baml,BAMLAdapter(),case-0024,validation_error,ValidationError,0.5199577409948688,1,json_object,0,10,0.0,False,,address.city;address.postcode;address.street;age;contacts[0].email;contacts[0].phone;employment.company;employment.role;employment.years;name,,540,0,10,0.0,0,"[""{\n  \""record\"": \""56\"",\n  \""name\"": \""Edsger Turing\"",\n  \""age\"": 56,\n  \""address\"": \""5 Rue Lafayette\"",\n  \""employment\"": \""Network Designer\"",\n  \""contacts\"": [\n    {\n      \""email\"": \""edgersger.turing@example.com\"",\n      \""phone\"": \""+22 603 8277\""\n    }\n  ],\n  \""tags\"": [\""computer\"", \""network\"", \""designer\""]\n}""]"
baml,BAMLAdapter(),case-0025,validation_error,ValidationError,0.5186073779768776,1,json_object,0,10,0.0,False,,address.city;address.postcode;address.street;age;contacts[0].email;contacts[0].phone;contacts[1].email;contacts[1].phone;employment;name,,546,0,8,0.0,0,"[""{\n  \""record\"": \""Edsger Lovelace\"",\n  \""name\"": \""Edsger Lovelace\"",\n  \""age\"": 41,\n  \""address\"": \""88 Königsallee, London\"",\n  \""employment\"": \""employed\"",\n  \""contacts\"": [\n    {\n      \""email\"": \""edgersger.lovelace@post.example\"",\n      \""phone\"": \""+16 689 4229\""\n    }\n  ],\n  \""tags\"": [\""person\"", \""job\"", \""address\"", \""contact\""]\n}""]"
baml,BAMLAdapter(),case-0026,validation_error,ValidationError,0.5438625550013967,1,json_object,0,12,0.0,False,,address.city;address.postcode;address.street;age;contacts[0].email;contacts[0].phone;employment.company;employment.role;employment.years;name;tags[0];tags[1],,526,0,11,0.0,0,"[""{\n  \""record\"": \""Katherine Johnson\"",\n  \""name\"": \""Katherine Johnson\"",\n  \""age\"": 21,\n  \""address\"": \""12 Baker St, Kraków\"",\n  \""employment\"": \""Research Lead\"",\n  \""contacts\"": [\n    {\n      \""email\"": \""katherine.johnson@post.example.com\"",\n      \""phone\"": \""08540\""\n    }\n  ],\n  \""tags\"": [\""networking\"", \""cryptography\""]\n}""]"
baml,BAMLAdapter(),case-0027,validation_error,ValidationError,0.5780641769815702,1,json_object,0,10,0.0,False,,address.city;address.postcode;address.street;age;employment.company;employment.role;employment.years;name;tags[0];tags[1],,521,0,9,0.0,0,"[""{\n  \""record\"": \""Radia Torvalds\"",\n  \""name\"": \""Radia Torvalds\"",\n  \""age\"": 49,\n  \""address\"": \""7 Nassau St, Düsseldorf\"",\n  \""employment\"": \""Bell Labs as a compiler architect\"",\n  \""contacts\"": [\n    {\n      \""email\"": \""radia.torvalds@example.com\"",\n      \""phone\"": \""555-123-4567\""\n    }\n  ],\n  \""tags\"": [\""networking\"", \""cryptography\""]\n}""]"
baml,BAMLAdapter(),case-0028,validation_error,ValidationError,0.578707109001698,1,json_object,0,9,0.0,False,,address.city;address.postcode;address.street;age;contacts[0].email;contacts[0].phone;employment;name;tags[0],,535,0,8,0.0,0,"[""{\n  \""record\"": \""Grace Turing\"",\n  \""name\"": \""Grace Turing\"",\n  \""age\"": 42,\n  \""address\"": \""1 Infinite Loop, Osaka\"",\n  \""employment\"": \""distributed-systems\"",\n  \""contacts\"": [\n    {\n      \""email\"": \""grace.turing@mail.test\"",\n      \""phone\"": \""+51 266 3147\""\n    }\n  ],\n  \""tags\"": [\""distributed-systems\"", \""communication\"", \""system\"", \""software\"", \""software development\""]\n}""]"
baml,BAMLAdapter(),case-0029,validation_error,ValidationError,0.5983568119991105,1,json_object,0,11,0.0,False,,address.city;address.postcode;address.street;age;employment.company;employment.role;employment.years;name;tags[0];tags[1];tags[2],,545,0,11,0.0,0,"[""{\n  \""record\"": \""28 this year\"",\n  \""name\"": \""Grace Liskov\"",\n  \""age\"": 28,\n  \""address\"": \""88 Königsallee, Cupertino, CA 95014\"",\n  \""employment\"": \""Staff Engineer\"",\n  \""contacts\"": [\n    {\n      \""email\"": \""grace.liskov@analyticalengines.com\"",\n      \""phone\"": \""555-123-4567\""\n    }\n  ],\n  \""tags\"": [\""networking\"", \""cryptography\"", \""distributed-systems\""]\n}""]"
sola-json-sections,"StructuredOutputAdapter(output_mode=JSON, prompt_layout=SECTIONS)",case-0000,validation_error,ValidationError,0.32898479598225094,1,json_object,0,12,0.0,False,,address.city;address.postcode;address.street;age;contacts[0].email;contacts[0].phone;contacts[1].email;contacts[1].phone;employment;name;tags[0];tags[1],,814,0,10,0.0,0,"[""{\n\""record\"": \""Edsger Dijkstra, aged 57, lives at 88 Königsallee in Cupertino.\"",\n\""required\"": [\""record\""]\n}""]"
sola-json-sections,"StructuredOutputAdapter(output_mode=JSON, prompt_layout=SECTIONS)",case-0001,validation_error,ValidationError,0.454027657979168,1,json_object,0,14,0.0,False,,address.city;address.postcode;address.street;age;contacts[0].email;contacts[0].phone;contacts[1].email;contacts[1].phone;employment.company;employment.role;employment.years;name;tags[0];tags[1],,889,0,14,0.0,0,"[""{\n  \""record\"": \""Alan Hopper\"",\n  \""name\"": \""Alan Hopper\"",\n  \""age\"": 20,\n  \""address\"": \""1 Infinite Loop in Osaka\"",\n  \""employment\"": \""Network Designer\"",\n  \""contacts\"": [\""alan.hopper@post.example\"", \""alan.hopper1@post.example\"", \""phone +98 885 1034\""]\n}""]"
sola-json-sections,"StructuredOutputAdapter(output_mode=JSON, prompt_layout=SECTIONS)",case-0002,validation_error,ValidationError,0.6002984670049045,1,json_object,0,10,0.0,False,,address.city;address.postcode;address.street;age;contacts[0].email;contacts[0].phone;employment;name;tags[0];tags[1],,871,0,8,0.0,0,"[""{\n\""record\"": \""Ada Hopper\"",\n\""address\"": {\n\""description\"": \""A postal address; ``postcode`` is genuinely optional in the rendered prose.\"",\n\""properties\"": {\""street\"": {\""title\"": \""Street\"", \""type\"": \""string\""}, \""city\"": {\""title\"": \""City\"", \""type\"": \""string\""}, \""postcode\"": {\""anyOf\"": [{\""type\"": \""string\""}, {\""type\"": \""null\""}], \""default\"": null, \""title\"": \""Postcode\""}},\n\""required\"": [\""street\"", \""city\""],\n\""title\"": \""Address\"",\n\""type\"": \""object\""}\n}""]"
sola-json-sections,"StructuredOutputAdapter(output_mode=JSON, prompt_layout=SECTIONS)",case-0003,validation_error,ValidationError,0.7021452140179463,1,json_object,0,11,0.0,False,,address.city;address.postcode;address.street;age;employment.company;employment.role;employment.years;name;tags[0];tags[1];tags[2],,919,0,11,0.0,0,"[""{\n\""record\"": \""Katherine Turing\"",\n\""type\"": \""object\"",\n\""properties\"": {\n\""name\"": {\""title\"": \""Katherine Turing\""},\n\""age\"": {\""maximum\"": 37},\n\""address\"": {\""description\"": \""12 Baker St, Osaka\""},\n\""employment\"": {\""anyOf\"": [{\""$ref\"": \""#/$defs/Employment\""}, {\""type\"": \""null\""}],\n\""contacts\"": {\""items\"": {\""$ref\"": \""#/$defs/Contact\""}, \""title\"": \""Contacts\"", \""type\"": \""array\""},\n\""tags\"": {\""items\"": {\""type\"": \""string\""}, \""title\"": \""Tags\"", \""type\"": \""array\""}\n},\n\""required\"": [\""name\"", \""age\"", \""address\"", \""employment\"", \""contacts\""]\n}\n}""]"
sola-json-sections,"StructuredOutputAdapter(output_mode=JSON, prompt_layout=SECTIONS)",case-0004,validation_error,ValidationError,0.28334147299756296,1,json_object,0,10,0.0,False,,address.city;address.postcode;address.street;age;contacts[0].email;contacts[0].phone;employment.company;employment.role;employment.years;name,,809,0,10,0.0,0,"[""{\n\""record\"": \""Katherine Torvalds, aged 40, lives at 12 Baker St in London.\"",\n\""required\"": [\""record\""]\n}""]"
sola-json-sections,"StructuredOutputAdapter(output_mode=JSON, prompt_layout=SECTIONS)",case-0005,validation_error,ValidationError,1.3612931660027243,1,json_object,0,8,0.0,False,,address.city;address.postcode;address.street;age;employment;name;tags[0];tags[1],,1070,0,6,0.0,0,"[""{\n\""record\"": \""Linus Liskov\"",\n\""type\"": \""object\"",\n\""properties\"": {\n\""address\"": {\""description\"": \""A postal address; ``postcode`` is genuinely optional in the rendered prose.\"",\n\""properties\"": {\""street\"": {\""title\"": \""Street\"", \""type\"": \""string\""}, \""city\"": {\""title\"": \""City\"", \""type\"": \""string\""}, \""postcode\"": {\""anyOf\"": [{\""type\"": \""string\""}, {\""type\"": \""null\""}], \""default\"": null, \""title\"": \""Postcode\""}},\n\""required\"": [\""street\"", \""city\""],\n\""title\"": \""Address\"",\n\""type\"": \""object\""},\n\""Contact\"": {\""description\"": \""One contact method; ``phone`` is often absent.\"",\n\""properties\"": {\""email\"": {\""title\"": \""Email\"", \""type\"": \""string\""}, \""phone\"": {\""anyOf\"": [{\""type\"": \""string\""}, {\""type\"": \""null\""}], \""default\"": null, \""title\"": \""Phone\""}},\n\""required\"": [\""email\""],\n\""title\"": \""Contact\"",\n\""type\"": \""object\""},\n\""employment\"": {\""description\"": \""Current employment. The whole object is omitted for unemployed records.\"",\n\""properties\"": {\""company\"": {\""title\"": \""Company\"", \""type\"": \""string\""}, \""role\"": {\""title\"": \""Role\"", \""type\"": \""string\""}, \""years\"": {\""maximum\"": 50, \""minimum\"": 0, \""title\"": \""Years\"", \""type\"": \""integer\""}},\n\""required\"": [\""company\"", \""role\"", \""years\""],\n\""title\"": \""Employment\"",\n\""type\"": \""object\""}\n}\n}""]"
sola-json-sections,"StructuredOutputAdapter(output_mode=JSON, prompt_layout=SECTIONS)",case-0006,validation_error,ValidationError,1.9670021519996226,1,json_object,0,13,0.0,False,,address.city;address.postcode;address.street;age;contacts[0].email;contacts[0].phone;employment.company;employment.role;employment.years;name;tags[0];tags[1];tags[2],,1315,0,12,0.0,0,"[""{\n  \""record\"": \""Grace Perlman\"",\n  \""type\"": \""PersonRecord\"",\n  \""address\"": {\n    \""description\"": \""A postal address; ``postcode`` is genuinely optional in the rendered prose.\"",\n    \""properties\"": {\""street\"": {\""title\"": \""Street\"", \""type\"": \""string\""}, \""city\"": {\""title\"": \""City\"", \""type\"": \""string\""}, \""postcode\"": {\""anyOf\"": [{\""type\"": \""string\""}, {\""type\"": \""null\""}], \""default\"": null, \""title\"": \""Postcode\""}},\n    \""required\"": [\""street\"", \""city\""]\n  },\n  \""contact\"": {\n    \""description\"": \""One contact method; ``phone`` is often absent.\"",\n    \""properties\"": {\""email\"": {\""title\"": \""Email\"", \""type\"": \""string\""}, \""phone\"": {\""anyOf\"": [{\""type\"": \""string\""}, {\""type\"": \""null\""}], \""default\"": null, \""title\"": \""Phone\""}},\n    \""required\"": [\""email\""]\n  },\n  \""employment\"": {\n    \""description\"": \""Current employment. The whole object is omitted for unemployed records.\"",\n    \""properties\"": {\""company\"": {\""title\"": \""Company\"", \""type\"": \""string\""}, \""role\"": {\""title\"": \""Role\"", \""type\"": \""string\""}, \""years\"": {\""maximum\"": 50, \""minimum\"": 0, \""title\"": \""Years\"", \""type\"": \""integer\""}},\n    \""required\"": [\""company\"", \""role\"", \""years\""]\n  },\n  \""description\"": \""The extraction target: nested models, an optional object, and two lists.\\n\\nDeliberately shaped like the reference benchmarks' targets - nesting, optionality and\\nrepetition are where schema-following actually breaks down, and a flat model would\\nmake every adapter look identical.\"",\n  \""properties\"": {\""name\"": {\""title\"": \""Name\"", \""type\"": \""string\""}, \""age\"": {\""maximum\"": 120, \""minimum\"": 0, \""title\"": \""Age\"", \""type\"": \""integer\""}, \""address\"": {\""$ref\"": \""#/$defs/Address\""}, \""employment\"": {\""anyOf\"": [{\""$ref\"": \""#/$defs/Employment\""}, {\""type\"": \""null\""}], \""default\"": null}, \""contacts\"": {\""items\"": {\""$ref\"": \""#/$defs/Contact\""}, \""title\"": \""Contacts\"", \""type\"": \""array\""}, \""tags\"": {\""items\"": {\""type\"": \""string\""}, \""title\"": \""Tags\"", \""type\"": \""array\""}}, \""required\"": [\""name\"", \""age\"", \""address\""]\n}""]"
sola-json-sections,"StructuredOutputAdapter(output_mode=JSON, prompt_layout=SECTIONS)",case-0007,validation_error,ValidationError,0.8696559170202818,1,json_object,0,10,0.0,False,,address.city;address.postcode;address.street;age;employment.company;employment.role;employment.years;name;tags[0];tags[1],,952,0,10,0.0,0,"[""{\n  \""record\"": \""Barbara Turing\"",\n  \""type\"": \""object\"",\n  \""properties\"": {\n    \""name\"": {\""title\"": \""Name\"", \""type\"": \""string\""},\n    \""age\"": {\""maximum\"": 26, \""minimum\"": 0, \""title\"": \""Age\"", \""type\"": \""integer\""},\n    \""address\"": {\""$ref\"": \""#/$defs/Address\""},\n    \""employment\"": {\""anyOf\"": [{\""$ref\"": \""#/$defs/Employment\""}, {\""type\"": \""null\""}], \""default\"": null},\n    \""contacts\"": {\""items\"": {\""$ref\"": \""#/$defs/Contact\""}, \""title\"": \""Contacts\"", \""type\"": \""array\""},\n    \""tags\"": {\""items\"": {\""type\"": \""string\""}, \""title\"": \""Tags\"", \""type\"": \""array\""}\n  },\n  \""required\"": [\""name\"", \""age\"", \""address\"", \""employment\"", \""contacts\""]\n}""]"
sola-json-sections,"StructuredOutputAdapter(output_mode=JSON, prompt_layout=SECTIONS)",case-0008,validation_error,ValidationError,0.213044625998009,1,json_object,0,8,0.0,False,,address.city;address.postcode;address.street;age;employment.company;employment.role;employment.years;name,,759,0,7,0.0,0,"[""{\n\""record\"": \""21 this year\"",\n\""type\"": \""object\""\n}""]"
sola-json-sections,"StructuredOutputAdapter(output_mode=JSON, prompt_layout=SECTIONS)",case-0009,validation_error,ValidationError,0.4323409180215094,1,json_object,0,10,0.0,False,,address.city;address.postcode;address.street;age;employment.company;employment.role;employment.years;name;tags[0];tags[1],,846,0,10,0.0,0,"[""{\n\""record\"": \""Radia Liskov is 66 years old and can be found at 7 Nassau St, Cupertino. The postcode is 08540. They work at Analytical Engines Ltd as a compiler architect, 18 years so far.\"",\n\""required\"": [\""name\"", \""age\"", \""address\""],\n\""title\"": \""PersonRecord\"",\n\""type\"": \""object\""\n}""]"
sola-json-sections,"StructuredOutputAdapter(output_mode=JSON, prompt_layout=SECTIONS)",case-0010,validation_error,ValidationError,0.7572804279916454,1,json_object,0,14,0.0,False,,address.city;address.postcode;address.street;age;contacts[0].email;contacts[0].phone;contacts[1].email;contacts[1].phone;employment.company;employment.role;employment.years;name;tags[0];tags[1],,965,0,13,0.0,0,"[""{\n\""record\"": \""Ada Dijkstra\"",\n\""type\"": \""object\"",\n\""properties\"": {\n\""name\"": {\""title\"": \""Ada Dijkstra\""},\n\""age\"": {\""maximum\"": 120, \""minimum\"": 0},\n\""address\"": {\""$ref\"": \""#/$defs/Address\""},\n\""employment\"": {\""anyOf\"": [{\""$ref\"": \""#/$defs/Employment\""}, {\""type\"": \""null\""}],\n\""contacts\"": {\""items\"": {\""$ref\"": \""#/$defs/Contact\""}, \""title\"": \""Contacts\"", \""type\"": \""array\""},\n\""tags\"": {\""items\"": {\""type\"": \""string\""}, \""title\"": \""Tags\"", \""type\"": \""array\""}\n},\n\""required\"": [\""name\"", \""age\"", \""address\"", \""employment\"", \""contacts\""]\n}\n}""]"
sola-json-sections,"StructuredOutputAdapter(output_mode=JSON, prompt_layout=SECTIONS)",case-0011,validation_error,ValidationError,0.7859298830153421,1,json_object,0,9,0.0,False,,address.city;address.postcode;address.street;age;contacts[0].email;contacts[0].phone;employment;name;tags[0],,949,0,8,0.0,0,"[""{\n\""record\"": \""7 Nassau St\"",\n\""type\"": \""object\"",\n\""properties\"": {\n\""name\"": {\""title\"": \""Name\"", \""type\"": \""string\""},\n\""age\"": {\""maximum\"": 120, \""minimum\"": 0, \""title\"": \""Age\"", \""type\"": \""integer\""},\n\""address\"": {\""$ref\"": \""#/$defs/Address\""},\n\""employment\"": {\""anyOf\"": [{\""$ref\"": \""#/$defs/Employment\""}, {\""type\"": \""null\""}],\n\""contacts\"": {\""items\"": {\""$ref\"": \""#/$defs/Contact\""}, \""title\"": \""Contacts\"", \""type\"": \""array\""},\n\""tags\"": {\""items\"": {\""type\"": \""string\""}, \""title\"": \""Tags\"", \""type\"": \""array\""}\n},\n\""required\"": [\""name\"", \""age\"", \""address\"", \""employment\"", \""contacts\""]\n}\n}""]"
sola-json-sections,"StructuredOutputAdapter(output_mode=JSON, prompt_layout=SECTIONS)",case-0012,validation_error,ValidationError,0.27877229600562714,1,json_object,0,12,0.0,False,,address.city;address.postcode;address.street;age;contacts[0].email;contacts[0].phone;employment.company;employment.role;employment.years;name;tags[0];tags[1],,795,0,10,0.0,0,"[""{\n\""record\"": \""Radia Torvalds, aged 89, lives at 12 Baker St in Düsseldorf.\"",\n\""required\"": [\""record\""]\n}""]"
sola-json-sections,"StructuredOutputAdapter(output_mode=JSON, prompt_layout=SECTIONS)",case-0013,validation_error,ValidationError,0.2542493570072111,1,json_object,0,11,0.0,False,,address.city;address.postcode;address.street;age;contacts[0].email;contacts[0].phone;employment.company;employment.role;employment.years;name;tags[0],,788,0,9,0.0,0,"[""{\n\""record\"": \""Linus Torvalds, aged 55, lives at 5 Rue Lafayette in Osaka.\"",\n\""type\"": \""object\""\n}""]"
sola-json-sections,"StructuredOutputAdapter(output_mode=JSON, prompt_layout=SECTIONS)",case-0014,validation_error,ValidationError,0.8132075970061123,1,json_object,0,10,0.0,False,,address.city;address.postcode;address.street;age;employment.company;employment.role;employment.years;name;tags[0];tags[1],,924,0,10,0.0,0,"[""{\n\""record\"": \""Grace Johnson\"",\n\""type\"": \""object\"",\n\""properties\"": {\n\""name\"": {\""title\"": \""Name\""},\n\""age\"": {\""maximum\"": 120, \""minimum\"": 0, \""title\"": \""Age\""},\n\""address\"": {\""$ref\"": \""#/$defs/Address\""},\n\""employment\"": {\""anyOf\"": [{\""$ref\"": \""#/$defs/Employment\""}, {\""type\"": \""null\""}],\n\""contacts\"": {\""items\"": {\""$ref\"": \""#/$defs/Contact\""}, \""title\"": \""Contacts\"", \""type\"": \""array\""},\n\""tags\"": {\""items\"": {\""type\"": \""string\""}, \""title\"": \""Tags\"", \""type\"": \""array\""}\n},\n\""required\"": [\""name\"", \""age\"", \""address\"", \""employment\"", \""contacts\""]\n}\n}""]"
sola-json-sections,"StructuredOutputAdapter(output_mode=JSON, prompt_layout=SECTIONS)",case-0015,validation_error,ValidationError,0.21927570100524463,1,json_object,0,10,0.0,False,,address.city;address.postcode;address.street;age;contacts[0].email;contacts[0].phone;employment.company;employment.role;employment.years;name,,793,0,10,0.0,0,"[""{\n\""record\"": \""Katherine Lovelace (51)\"",\n\""type\"": \""object\""\n}""]"
sola-json-sections,"StructuredOutputAdapter(output_mode=JSON, prompt_layout=SECTIONS)",case-0016,validation_error,ValidationError,0.769141209020745,1,json_object,0,12,0.0,False,,address.city;address.postcode;address.street;age;contacts[0].email;contacts[0].phone;contacts[1].email;contacts[1].phone;employment.company;employment.role;employment.years;name,,986,0,12,0.0,0,"[""{\n\""record\"": \""Barbara Perlman\"",\n\""type\"": \""object\"",\n\""properties\"": {\n\""name\"": {\""title\"": \""Name\"", \""type\"": \""string\""},\n\""age\"": {\""maximum\"": 120, \""minimum\"": 0, \""title\"": \""Age\"", \""type\"": \""integer\""},\n\""address\"": {\""$ref\"": \""#/$defs/Address\""},\n\""employment\"": {\""anyOf\"": [{\""$ref\"": \""#/$defs/Employment\""}, {\""type\"": \""null\""}],\n\""contacts\"": {\""items\"": {\""$ref\"": \""#/$defs/Contact\""}, \""title\"": \""Contacts\"", \""type\"": \""array\""},\n\""tags\"": {\""items\"": {\""type\"": \""string\""}, \""title\"": \""Tags\"", \""type\"": \""array\""}\n},\n\""required\"": [\""name\"", \""age\"", \""address\"", \""employment\"", \""contacts\""]\n}\n}""]"
sola-json-sections,"StructuredOutputAdapter(output_mode=JSON, prompt_layout=SECTIONS)",case-0017,validation_error,ValidationError,0.3644974720082246,1,json_object,0,10,0.0,False,,address.city;address.postcode;address.street;age;contacts[0].email;contacts[0].phone;employment.company;employment.role;employment.years;name,,823,0,8,0.0,0,"[""{\n\""record\"": \""Edsger Torvalds is 69 years old and can be found at 12 Baker St, Paris. Contact: edsger.torvalds@corp.example. They work at Xerox PARC as a network designer, 9 years so far.\"",\n\""required\"": [\""record\""]\n}""]"
sola-json-sections,"StructuredOutputAdapter(output_mode=JSON, prompt_layout=SECTIONS)",case-0018,validation_error,ValidationError,0.734120580018498,1,json_object,0,12,0.0,False,,address.city;address.postcode;address.street;age;contacts[0].email;contacts[0].phone;employment.company;employment.role;employment.years;name;tags[0];tags[1],,926,0,11,0.0,0,"[""{\n\""record\"": \""Alan Hopper\"",\n\""type\"": \""object\"",\n\""properties\"": {\n\""name\"": {\""title\"": \""Alan Hopper\""},\n\""age\"": {\""maximum\"": 15},\n\""address\"": {\""$ref\"": \""#/$defs/Address\""},\n\""employment\"": {\""anyOf\"": [{\""$ref\"": \""#/$defs/Employment\""}, {\""type\"": \""null\""}],\n\""contacts\"": {\""items\"": {\""$ref\"": \""#/$defs/Contact\""}, \""title\"": \""Contacts\"", \""type\"": \""array\""},\n\""tags\"": {\""items\"": {\""type\"": \""string\""}, \""title\"": \""Tags\"", \""type\"": \""array\""},\n\""required\"": [\""name\"", \""age\"", \""address\""]\n}\n}\n}""]"
sola-json-sections,"StructuredOutputAdapter(output_mode=JSON, prompt_layout=SECTIONS)",case-0019,validation_error,ValidationError,0.770711740013212,1,json_object,0,13,0.0,False,,address.city;address.postcode;address.street;age;contacts[0].email;contacts[0].phone;employment.company;employment.role;employment.years;name;tags[0];tags[1];tags[2],,951,0,12,0.0,0,"[""{\n\""record\"": \""Ada Hopper\"",\n\""type\"": \""object\"",\n\""properties\"": {\n\""name\"": {\""title\"": \""Name\"", \""type\"": \""string\""},\n\""age\"": {\""maximum\"": 120, \""minimum\"": 0, \""title\"": \""Age\"", \""type\"": \""integer\""},\n\""address\"": {\""$ref\"": \""#/$defs/Address\""},\n\""employment\"": {\""anyOf\"": [{\""$ref\"": \""#/$defs/Employment\""}, {\""type\"": \""null\""}],\n\""contacts\"": {\""items\"": {\""$ref\"": \""#/$defs/Contact\""}, \""title\"": \""Contacts\"", \""type\"": \""array\""},\n\""tags\"": {\""items\"": {\""type\"": \""string\""}, \""title\"": \""Tags\"", \""type\"": \""array\""}\n},\n\""required\"": [\""name\"", \""age\"", \""address\"", \""employment\"", \""contacts\""]\n}\n}""]"
sola-json-sections,"StructuredOutputAdapter(output_mode=JSON, prompt_layout=SECTIONS)",case-0020,validation_error,ValidationError,0.2741511130006984,1,json_object,0,8,0.0,False,,address.city;address.postcode;address.street;age;employment;name;tags[0];tags[1],,759,0,6,0.0,0,"[""{\n\""record\"": \""Alan Torvalds, aged 70, lives at 7 Nassau St in Paris.\"",\n\""required\"": [\""record\""]\n}""]"
sola-json-sections,"StructuredOutputAdapter(output_mode=JSON, prompt_layout=SECTIONS)",case-0021,validation_error,ValidationError,0.6298746929969639,1,json_object,0,13,0.0,False,,address.city;address.postcode;address.street;age;contacts[0].email;contacts[0].phone;contacts[1].email;contacts[1].phone;employment.company;employment.role;employment.years;name;tags[0],,906,0,11,0.0,0,"[""{\n\""record\"": \""Alan Dijkstra\"",\n\""type\"": \""object\"",\n\""properties\"": {\n\""name\"": {\""title\"": \""Alan Dijkstra\""},\n\""age\"": {\""maximum\"": 17},\n\""address\"": {\""$ref\"": \""#/$defs/Address\""},\n\""employment\"": {\""anyOf\"": [{\""$ref\"": \""#/$defs/Employment\""}, {\""type\"": \""null\""}], \""default\"": null},\n\""contacts\"": {\""items\"": {\""$ref\"": \""#/$defs/Contact\""},\n\""title\"": \""PersonRecord\"",\n\""type\"": \""object\""\n}\n}\n\n}""]"
sola-json-sections,"StructuredOutputAdapter(output_mode=JSON, prompt_layout=SECTIONS)",case-0022,validation_error,ValidationError,0.1972730919951573,1,json_object,0,8,0.0,False,,address.city;address.postcode;address.street;age;contacts[0].email;contacts[0].phone;employment;name,,775,0,7,0.0,0,"[""{\n\""record\"": \""88 this year\"",\n\""type\"": \""object\""\n}""]"
sola-json-sections,"StructuredOutputAdapter(output_mode=JSON, prompt_layout=SECTIONS)",case-0023,validation_error,ValidationError,0.8364325220172759,1,json_object,0,15,0.0,False,,address.city;address.postcode;address.street;age;contacts[0].email;contacts[0].phone;contacts[1].email;contacts[1].phone;employment.company;employment.role;employment.years;name;tags[0];tags[1];tags[2],,980,0,14,0.0,0,"[""{\n\""record\"": \""Linus Hopper\"",\n\""type\"": \""object\"",\n\""properties\"": {\n\""name\"": {\""title\"": \""Name\"", \""type\"": \""string\""},\n\""age\"": {\""maximum\"": 120, \""minimum\"": 0, \""title\"": \""Age\"", \""type\"": \""integer\""},\n\""address\"": {\""$ref\"": \""#/$defs/Address\""},\n\""employment\"": {\""anyOf\"": [{\""$ref\"": \""#/$defs/Employment\""}, {\""type\"": \""null\""}],\n\""contacts\"": {\""items\"": {\""$ref\"": \""#/$defs/Contact\""}, \""title\"": \""Contacts\"", \""type\"": \""array\""},\n\""tags\"": {\""items\"": {\""type\"": \""string\""}, \""title\"": \""Tags\"", \""type\"": \""array\""}\n},\n\""required\"": [\""name\"", \""age\"", \""address\"", \""employment\"", \""contacts\""]\n}\n}""]"
sola-json-sections,"StructuredOutputAdapter(output_mode=JSON, prompt_layout=SECTIONS)",case-0024,validation_error,ValidationError,0.2108577890030574,1,json_object,0,10,0.0,False,,address.city;address.postcode;address.street;age;contacts[0].email;contacts[0].phone;employment.company;employment.role;employment.years;name,,794,0,10,0.0,0,"[""{\n\""record\"": \""56\"",\n\""type\"": \""PersonRecord\""\n}""]"
sola-json-sections,"StructuredOutputAdapter(output_mode=JSON, prompt_layout=SECTIONS)",case-0025,validation_error,ValidationError,0.23113357700640336,1,json_object,0,10,0.0,False,,address.city;address.postcode;address.street;age;contacts[0].email;contacts[0].phone;contacts[1].email;contacts[1].phone;employment;name,,794,0,8,0.0,0,"[""{\n\""record\"": \""Edsger Lovelace (41)\"",\n\""type\"": \""object\""\n}""]"
sola-json-sections,"StructuredOutputAdapter(output_mode=JSON, prompt_layout=SECTIONS)",case-0026,validation_error,ValidationError,0.7053565389942378,1,json_object,0,12,0.0,False,,address.city;address.postcode;address.street;age;contacts[0].email;contacts[0].phone;employment.company;employment.role;employment.years;name;tags[0];tags[1],,928,0,11,0.0,0,"[""{\n\""record\"": \""Katherine Johnson\"",\n\""type\"": \""object\"",\n\""properties\"": {\n\""name\"": {\""title\"": \""Katherine Johnson\""},\n\""age\"": {\""maximum\"": 21},\n\""address\"": {\""description\"": \""12 Baker St, Kraków\""},\n\""employment\"": {\""anyOf\"": [{\""$ref\"": \""#/$defs/Employment\""}, {\""type\"": \""null\""}],\n\""contacts\"": {\""items\"": {\""$ref\"": \""#/$defs/Contact\""}, \""title\"": \""Contacts\"", \""type\"": \""array\""},\n\""tags\"": {\""items\"": {\""type\"": \""string\""}, \""title\"": \""Tags\"", \""type\"": \""array\""}\n},\n\""required\"": [\""name\"", \""age\"", \""address\"", \""employment\"", \""contacts\""]\n}\n}""]"
sola-json-sections,"StructuredOutputAdapter(output_mode=JSON, prompt_layout=SECTIONS)",case-0027,validation_error,ValidationError,0.314659085997846,1,json_object,0,10,0.0,False,,address.city;address.postcode;address.street;age;employment.company;employment.role;employment.years;name;tags[0];tags[1],,801,0,9,0.0,0,"[""{\n\""record\"": \""Radia Torvalds is 49 years old and can be found at 7 Nassau St, Düsseldorf. They work at Bell Labs as a compiler architect, 27 years so far.\"",\n\""required\"": [\""record\""]\n}""]"
sola-json-sections,"StructuredOutputAdapter(output_mode=JSON, prompt_layout=SECTIONS)",case-0028,validation_error,ValidationError,2.0855572019936517,1,json_object,0,9,0.0,False,,address.city;address.postcode;address.street;age;contacts[0].email;contacts[0].phone;employment;name;tags[0],,1306,0,8,0.0,0,"[""{\n  \""record\"": \""Grace Turing\"",\n  \""type\"": \""PersonRecord\"",\n  \""address\"": {\n    \""description\"": \""A postal address; ``postcode`` is genuinely optional in the rendered prose.\"",\n    \""properties\"": {\""street\"": {\""title\"": \""Street\"", \""type\"": \""string\""}, \""city\"": {\""title\"": \""City\"", \""type\"": \""string\""}, \""postcode\"": {\""anyOf\"": [{\""type\"": \""string\""}, {\""type\"": \""null\""}], \""default\"": null, \""title\"": \""Postcode\""}},\n    \""required\"": [\""street\"", \""city\""]\n  },\n  \""contact\"": {\n    \""description\"": \""One contact method; ``phone`` is often absent.\"",\n    \""properties\"": {\""email\"": {\""title\"": \""Email\"", \""type\"": \""string\""}, \""phone\"": {\""anyOf\"": [{\""type\"": \""string\""}, {\""type\"": \""null\""}], \""default\"": null, \""title\"": \""Phone\""}},\n    \""required\"": [\""email\""]\n  },\n  \""employment\"": {\n    \""description\"": \""Current employment. The whole object is omitted for unemployed records.\"",\n    \""properties\"": {\""company\"": {\""title\"": \""Company\"", \""type\"": \""string\""}, \""role\"": {\""title\"": \""Role\"", \""type\"": \""string\""}, \""years\"": {\""maximum\"": 50, \""minimum\"": 0, \""title\"": \""Years\"", \""type\"": \""integer\""}},\n    \""required\"": [\""company\"", \""role\"", \""years\""]\n  },\n  \""description\"": \""The extraction target: nested models, an optional object, and two lists.\\n\\nDeliberately shaped like the reference benchmarks' targets - nesting, optionality and\\nrepetition are where schema-following actually breaks down, and a flat model would\\nmake every adapter look identical.\"",\n  \""properties\"": {\""name\"": {\""title\"": \""Name\"", \""type\"": \""string\""}, \""age\"": {\""maximum\"": 120, \""minimum\"": 0, \""title\"": \""Age\"", \""type\"": \""integer\""}, \""address\"": {\""$ref\"": \""#/$defs/Address\""}, \""employment\"": {\""anyOf\"": [{\""$ref\"": \""#/$defs/Employment\""}, {\""type\"": \""null\""}], \""default\"": null}, \""contacts\"": {\""items\"": {\""$ref\"": \""#/$defs/Contact\""}, \""title\"": \""Contacts\"", \""type\"": \""array\""}, \""tags\"": {\""items\"": {\""type\"": \""string\""}, \""title\"": \""Tags\"", \""type\"": \""array\""}}, \""required\"": [\""name\"", \""age\"", \""address\""]\n}""]"
sola-json-sections,"StructuredOutputAdapter(output_mode=JSON, prompt_layout=SECTIONS)",case-0029,validation_error,ValidationError,0.2030193470127415,1,json_object,0,11,0.0,False,,address.city;address.postcode;address.street;age;employment.company;employment.role;employment.years;name;tags[0];tags[1];tags[2],,781,0,11,0.0,0,"[""{\n\""record\"": \""28 this year\"",\n\""type\"": \""object\""\n}""]"
sola-jsonish-sections,"StructuredOutputAdapter(output_mode=JSONISH, prompt_layout=SECTIONS)",case-0000,validation_error,ValidationError,0.8317116340040229,1,json_object,0,12,0.0,False,,address.city;address.postcode;address.street;age;contacts[0].email;contacts[0].phone;contacts[1].email;contacts[1].phone;employment;name;tags[0];tags[1],,663,0,10,0.0,0,"[""{\n  \""record\"": \""Edsger Dijkstra, aged 57, lives at 88 Königsallee in Cupertino.\"",\n  \""name\"": \""Edsger Dijkstra\"",\n  \""age\"": 57,\n  \""address\"": {\n    \""street\"": \""Königsallee\"",\n    \""city\"": \""Cupertino\""\n  },\n  \""employment\"": {\n    \""company\"": \""Mail.Test\"",\n    \""role\"": \""Distributed-systems expert\""\n  },\n  \""contacts\"": [\n    {\n      \""email\"": \""edgersger.dijkstra@mail.test\"",\n      \""phone\"": \""+13 733 5104\""\n    }\n  ],\n  \""tags\"": [\n    \""distributed-systems\"",\n    \""cryptography\""\n  ]\n}""]"
sola-jsonish-sections,"StructuredOutputAdapter(output_mode=JSONISH, prompt_layout=SECTIONS)",case-0001,validation_error,ValidationError,0.864143068989506,1,json_object,0,14,0.0,False,,address.city;address.postcode;address.street;age;contacts[0].email;contacts[0].phone;contacts[1].email;contacts[1].phone;employment.company;employment.role;employment.years;name;tags[0];tags[1],,707,0,14,0.0,0,"[""{\n  \""record\"": \""Alan Hopper, aged 20, lives at 1 Infinite Loop in Osaka.\"",\n  \""name\"": \""Alan Hopper\"",\n  \""age\"": 20,\n  \""address\"": {\n    \""street\"": \""1 Infinite Loop\"",\n    \""city\"": \""Osaka\""\n  },\n  \""employment\"": {\n    \""company\"": \""Analytical Engines Ltd\"",\n    \""role\"": \""network designer\"",\n    \""years\"": 5\n  },\n  \""contacts\"": [\n    {\n      \""email\"": \""alan.hopper@post.example\"",\n      \""phone\"": \""+98 885 1034\""\n    },\n    {\n      \""email\"": \""alan.hopper1@post.example\"",\n      \""phone\"": \""+30 705 2674\""\n    }\n  ],\n  \""tags\"": [\""compilers\"", \""mathematics\""]\n}""]"
sola-jsonish-sections,"StructuredOutputAdapter(output_mode=JSONISH, prompt_layout=SECTIONS)",case-0002,validation_error,ValidationError,0.7443316999997478,1,json_object,0,10,0.0,False,,address.city;address.postcode;address.street;age;contacts[0].email;contacts[0].phone;employment;name;tags[0];tags[1],,594,0,8,0.0,0,"[""{\n  \""record\"": \""Ada Hopper\"",\n  \""name\"": \""Ada Hopper\"",\n  \""age\"": 68,\n  \""address\"": {\n    \""street\"": \""7 Nassau St\"",\n    \""city\"": \""Paris\"",\n    \""postcode\"": \""08540\""\n  },\n  \""employment\"": {\n    \""company\"": \""Example Company\"",\n    \""role\"": \""Cryptography Expert\""\n  },\n  \""contacts\"": [\n    {\n      \""email\"": \""ada.hopper@example.com\"",\n      \""phone\"": \""8540\""\n    }\n  ],\n  \""tags\"": [\""cryptography\"", \""networking\""]\n}""]"
sola-jsonish-sections,"StructuredOutputAdapter(output_mode=JSONISH, prompt_layout=SECTIONS)",case-0003,validation_error,ValidationError,0.7367980619892478,1,json_object,0,11,0.0,False,,address.city;address.postcode;address.street;age;employment.company;employment.role;employment.years;name;tags[0];tags[1];tags[2],,628,0,11,0.0,0,"[""{\n  \""record\"": \""Katherine Turing\"",\n  \""name\"": \""Katherine Turing\"",\n  \""age\"": 37,\n  \""address\"": {\n    \""street\"": \""12 Baker St, Osaka\"",\n    \""city\"": \""Osaka\"",\n    \""postcode\"": \""95014\""\n  },\n  \""employment\"": {\n    \""company\"": \""Bell Labs\"",\n    \""role\"": \""Research Lead\"",\n    \""years\"": 7\n  },\n  \""contacts\"": [\n    {\n      \""email\"": \""katheryn.turing@bell.com\"",\n      \""phone\"": \""95014\""\n    }\n  ],\n  \""tags\"": [\""networking\"", \""distributed-systems\"", \""cryptography\""]\n}""]"
sola-jsonish-sections,"StructuredOutputAdapter(output_mode=JSONISH, prompt_layout=SECTIONS)",case-0004,validation_error,ValidationError,0.7429874030058272,1,json_object,0,10,0.0,False,,address.city;address.postcode;address.street;age;contacts[0].email;contacts[0].phone;employment.company;employment.role;employment.years;name,,644,0,10,0.0,0,"[""{\n  \""record\"": \""Katherine Torvalds, aged 40, lives at 12 Baker St in London.\"",\n  \""name\"": \""Katherine Torvalds\"",\n  \""age\"": 40,\n  \""address\"": {\n    \""street\"": \""12 Baker St\"",\n    \""city\"": \""London\""\n  },\n  \""employment\"": {\n    \""company\"": \""Sun Micro\"",\n    \""role\"": \""Compiler Architect\""\n  },\n  \""contacts\"": [\n    {\n      \""email\"": \""katherine.torvalds@example.com\"",\n      \""phone\"": \""+69 468 5533\""\n    }\n  ],\n  \""tags\"": [\""computer science\"", \""software engineering\""]\n}""]"
sola-jsonish-sections,"StructuredOutputAdapter(output_mode=JSONISH, prompt_layout=SECTIONS)",case-0005,validation_error,ValidationError,0.7711957970168442,1,json_object,0,8,0.0,False,,address.city;address.postcode;address.street;age;employment;name;tags[0];tags[1],,608,0,6,0.0,0,"[""{\n  \""record\"": \""Linus Liskov\"",\n  \""name\"": \""Linus Liskov\"",\n  \""age\"": 32,\n  \""address\"": {\n    \""street\"": \""5 Rue Lafayette\"",\n    \""city\"": \""Kraków\"",\n    \""postcode\"": \""PL001-000\""\n  },\n  \""employment\"": {\n    \""company\"": \""University of Warsaw\"",\n    \""role\"": \""Professor\""\n  },\n  \""contacts\"": [\n    {\n      \""email\"": \""linus.liskov@example.com\"",\n      \""phone\"": \""555-123-4567\""\n    }\n  ],\n  \""tags\"": [\n    \""mathematics\"",\n    \""cryptography\""\n  ]\n}""]"
sola-jsonish-sections,"StructuredOutputAdapter(output_mode=JSONISH, prompt_layout=SECTIONS)",case-0006,validation_error,ValidationError,0.6936340410029516,1,json_object,0,13,0.0,False,,address.city;address.postcode;address.street;age;contacts[0].email;contacts[0].phone;employment.company;employment.role;employment.years;name;tags[0];tags[1];tags[2],,627,0,12,0.0,0,"[""{\n  \""record\"": \""Grace Perlman\"",\n  \""name\"": \""grace.perlman@example.com\"",\n  \""age\"": 25,\n  \""address\"": {\n    \""street\"": \""Infinite Loop\"",\n    \""city\"": \""Osaka\""\n  },\n  \""employment\"": {\n    \""company\"": \""Bell Labs\"",\n    \""role\"": \""Compiler Architect\""\n  },\n  \""contacts\"": [\n    {\n      \""email\"": \""grace.perlman@example.com\"",\n      \""phone\"": \""+26 847 7783\""\n    }\n  ],\n  \""tags\"": [\""distributed-systems\"", \""mathematics\"", \""networking\""]\n}""]"
sola-jsonish-sections,"StructuredOutputAdapter(output_mode=JSONISH, prompt_layout=SECTIONS)",case-0007,validation_error,ValidationError,0.7031868039921392,1,json_object,0,10,0.0,False,,address.city;address.postcode;address.street;age;employment.company;employment.role;employment.years;name;tags[0];tags[1],,619,0,10,0.0,0,"[""{\n  \""record\"": \""Barbara Turing\"",\n  \""name\"": \""Barbara Turing\"",\n  \""age\"": 26,\n  \""address\"": {\n    \""street\"": \""7 Nassau St\"",\n    \""city\"": \""London\"",\n    \""postcode\"": \""08540\""\n  },\n  \""employment\"": {\n    \""company\"": \""Naval Systems\"",\n    \""role\"": \""Staff Engineer\"",\n    \""years\"": 3\n  },\n  \""contacts\"": [\n    {\n      \""email\"": \""Barbara.Turing@navalsystems.com\"",\n      \""phone\"": \""08540\""\n    }\n  ],\n  \""tags\"": [\""networking\"", \""distributed-systems\""]\n}""]"
sola-jsonish-sections,"StructuredOutputAdapter(output_mode=JSONISH, prompt_layout=SECTIONS)",case-0008,validation_error,ValidationError,0.7732048080069944,1,json_object,0,8,0.0,False,,address.city;address.postcode;address.street;age;employment.company;employment.role;employment.years;name,,608,0,7,0.0,0,"[""{\n  \""record\"": \""21 this year\"",\n  \""name\"": \""Katherine Liskov\"",\n  \""age\"": 21,\n  \""address\"": {\n    \""street\"": \""5 Rue Lafayette\"",\n    \""city\"": \""Paris\"",\n    \""postcode\"": \""5 Rue Lafayette\""\n  },\n  \""employment\"": {\n    \""company\"": \""Sun Micro\"",\n    \""role\"": \""research lead\""\n  },\n  \""contacts\"": [\n    {\n      \""email\"": \""katheryna.liskov@sunmicro.com\"",\n      \""phone\"": \""555-123-4567\""\n    }\n  ],\n  \""tags\"": [\""person\"", \""research\"", \""lead\""]\n}""]"
sola-jsonish-sections,"StructuredOutputAdapter(output_mode=JSONISH, prompt_layout=SECTIONS)",case-0009,validation_error,ValidationError,0.9583749849989545,1,json_object,0,10,0.0,False,,address.city;address.postcode;address.street;age;employment.company;employment.role;employment.years;name;tags[0];tags[1],,673,0,10,0.0,0,"[""{\n  \""record\"": \""Radia Liskov is 66 years old and can be found at 7 Nassau St, Cupertino. The postcode is 08540. They work at Analytical Engines Ltd as a compiler architect, 18 years so far.\"",\n  \""name\"": \""Radia Liskov\"",\n  \""age\"": 66,\n  \""address\"": {\n    \""street\"": \""7 Nassau St\"",\n    \""city\"": \""Cupertino\""\n  },\n  \""employment\"": {\n    \""company\"": \""Analytical Engines Ltd\"",\n    \""role\"": \""Compiler Architect\""\n  },\n  \""contacts\"": [\n    {\n      \""email\"": \""radia.liskov@analyticalengines.com\"",\n      \""phone\"": \""555-123-4567\""\n    }\n  ],\n  \""tags\"": [\n    \""distributed-systems\"",\n    \""mathematics\""\n  ]\n}""]"
sola-jsonish-sections,"StructuredOutputAdapter(output_mode=JSONISH, prompt_layout=SECTIONS)",case-0010,validation_error,ValidationError,0.6369078370044008,1,json_object,0,14,0.0,False,,address.city;address.postcode;address.street;age;contacts[0].email;contacts[0].phone;contacts[1].email;contacts[1].phone;employment.company;employment.role;employment.years;name;tags[0];tags[1],,653,0,13,0.0,0,"[""{\n  \""record\"": \""Ada Dijkstra\"",\n  \""name\"": \""Ada Dijkstra\"",\n  \""age\"": 66,\n  \""address\"": {\n    \""street\"": \""88 Königsallee\"",\n    \""city\"": \""Kraków\""\n  },\n  \""employment\"": {\n    \""company\"": \""Analytical Engines Ltd\"",\n    \""role\"": \""network designer\""\n  },\n  \""contacts\"": [\n    {\n      \""email\"": \""ada.dijkstra1@example.com\"",\n      \""phone\"": \""+96 469 1730\""\n    }\n  ],\n  \""tags\"": [\""distributed-systems\"", \""compilers\""]\n}""]"
sola-jsonish-sections,"StructuredOutputAdapter(output_mode=JSONISH, prompt_layout=SECTIONS)",case-0011,validation_error,ValidationError,0.7316189790144563,1,json_object,0,9,0.0,False,,address.city;address.postcode;address.street;age;contacts[0].email;contacts[0].phone;employment;name;tags[0],,637,0,8,0.0,0,"[""{\n  \""record\"": \""Radia Perlman — 23 this year — resides at 7 Nassau St in Cupertino.\"",\n  \""name\"": \""Radia Perlman\"",\n  \""age\"": 23,\n  \""address\"": {\n    \""street\"": \""7 Nassau St\"",\n    \""city\"": \""Cupertino\""\n  },\n  \""employment\"": {\n    \""company\"": \""Distributed-systems\"",\n    \""role\"": \""Distributed-systems\""\n  },\n  \""contacts\"": [\n    {\n      \""email\"": \""radia.perlman@mail.test\"",\n      \""phone\"": \""+39 245 2485\""\n    }\n  ],\n  \""tags\"": [\n    \""distributed-systems\""\n  ]\n}""]"
sola-jsonish-sections,"StructuredOutputAdapter(output_mode=JSONISH, prompt_layout=SECTIONS)",case-0012,validation_error,ValidationError,1.3228855180204846,1,json_object,0,12,0.0,False,,address.city;address.postcode;address.street;age;contacts[0].email;contacts[0].phone;employment.company;employment.role;employment.years;name;tags[0];tags[1],,695,0,10,0.0,0,"[""{\n  \""record\"": \""Radia Torvalds, aged 89, lives at 12 Baker St in Düsseldorf. Contact: radia.torvalds@post.example. They work at Xerox PARC as a compiler architect, 21 years so far.\"",\n  \""name\"": \""Radia Torvalds\"",\n  \""age\"": 89,\n  \""address\"": {\n    \""street\"": \""12 Baker St\"",\n    \""city\"": \""Düsseldorf\"",\n    \""postcode\"": \""Düsseldorf, DE 02401\""\n  },\n  \""employment\"": {\n    \""company\"": \""Xerox PARC\"",\n    \""role\"": \""Compiler Architect\"",\n    \""years\"": 21\n  },\n  \""contacts\"": [\n    {\n      \""email\"": \""radia.torvalds@post.example.com\"",\n      \""phone\"": \""555-123-4567\""\n    }\n  ],\n  \""tags\"": [\""distributed-systems\"", \""cryptography\""]\n}""]"
sola-jsonish-sections,"StructuredOutputAdapter(output_mode=JSONISH, prompt_layout=SECTIONS)",case-0013,validation_error,ValidationError,0.7309669830137864,1,json_object,0,11,0.0,False,,address.city;address.postcode;address.street;age;contacts[0].email;contacts[0].phone;employment.company;employment.role;employment.years;name;tags[0],,633,0,9,0.0,0,"[""{\n  \""record\"": \""Linus Torvalds, aged 55, lives at 5 Rue Lafayette in Osaka.\"",\n  \""name\"": \""Linus Torvalds\"",\n  \""age\"": 55,\n  \""address\"": {\n    \""street\"": \""5 Rue Lafayette\"",\n    \""city\"": \""Osaka\""\n  },\n  \""employment\"": {\n    \""company\"": \""Naval Systems\"",\n    \""role\"": \""Research Lead\""\n  },\n  \""contacts\"": [\n    {\n      \""email\"": \""linus.torvalds@example.com\"",\n      \""phone\"": \""555-123-4567\""\n    }\n  ],\n  \""tags\"": [\n    \""cryptography\"",\n    \""cybersecurity\""\n  ]\n}""]"
sola-jsonish-sections,"StructuredOutputAdapter(output_mode=JSONISH, prompt_layout=SECTIONS)",case-0014,validation_error,ValidationError,0.7247609430050943,1,json_object,0,10,0.0,False,,address.city;address.postcode;address.street;age;employment.company;employment.role;employment.years;name;tags[0];tags[1],,613,0,10,0.0,0,"[""{\n  \""record\"": \""Grace Johnson\"",\n  \""name\"": \""Grace Johnson\"",\n  \""age\"": 63,\n  \""address\"": {\n    \""street\"": \""88 Königsallee\"",\n    \""city\"": \""Cupertino\""\n  },\n  \""employment\"": {\n    \""company\"": \""Xerox PARC\"",\n    \""role\"": \""Staff Engineer\"",\n    \""years\"": 9\n  },\n  \""contacts\"": [\n    {\n      \""email\"": \""grace.johnson@example.com\"",\n      \""phone\"": \""555-123-4567\""\n    }\n  ],\n  \""tags\"": [\""cryptography\"", \""compilers\""]\n}""]"
sola-jsonish-sections,"StructuredOutputAdapter(output_mode=JSONISH, prompt_layout=SECTIONS)",case-0015,validation_error,ValidationError,0.7320319199934602,1,json_object,0,10,0.0,False,,address.city;address.postcode;address.street;age;contacts[0].email;contacts[0].phone;employment.company;employment.role;employment.years;name,,645,0,10,0.0,0,"[""{\n  \""record\"": \""Katherine Lovelace\"",\n  \""name\"": \""Katherine Lovelace\"",\n  \""age\"": 51,\n  \""address\"": {\n    \""street\"": \""12 Baker St\"",\n    \""city\"": \""Osaka\"",\n    \""postcode\"": \""75009\""\n  },\n  \""employment\"": {\n    \""company\"": \""Bell Labs\"",\n    \""role\"": \""Research Lead\"",\n    \""years\"": 4\n  },\n  \""contacts\"": [\n    {\n      \""email\"": \""katherine.lovelace@corp.example\"",\n      \""phone\"": \""+46 387 7427\""\n    }\n  ],\n  \""tags\"": [\""research\"", \""lead\"", \""Osaka\""]\n}""]"
sola-jsonish-sections,"StructuredOutputAdapter(output_mode=JSONISH, prompt_layout=SECTIONS)",case-0016,validation_error,ValidationError,0.7103187059983611,1,json_object,0,12,0.0,False,,address.city;address.postcode;address.street;age;contacts[0].email;contacts[0].phone;contacts[1].email;contacts[1].phone;employment.company;employment.role;employment.years;name,,692,0,12,0.0,0,"[""{\n  \""record\"": \""Barbara Perlman\"",\n  \""name\"": \""Barbara Perlman\"",\n  \""age\"": 20,\n  \""address\"": {\n    \""street\"": \""Infinite Loop\"",\n    \""city\"": \""Osaka\""\n  },\n  \""employment\"": {\n    \""company\"": \""Naval Systems\"",\n    \""role\"": \""Research Lead\""\n  },\n  \""contacts\"": [\n    {\n      \""email\"": \""barbara.perlman1@corp.example\"",\n      \""phone\"": \""+29 717 5153\""\n    },\n    {\n      \""email\"": \""barbara.perlman@corp.example\"",\n      \""phone\"": \""+43 782 3325\""\n    }\n  ],\n  \""tags\"": [\""Person\"", \""Perlman\""]\n}""]"
sola-jsonish-sections,"StructuredOutputAdapter(output_mode=JSONISH, prompt_layout=SECTIONS)",case-0017,validation_error,ValidationError,0.39832484599901363,1,json_object,0,10,0.0,False,,address.city;address.postcode;address.street;age;contacts[0].email;contacts[0].phone;employment.company;employment.role;employment.years;name,,520,0,8,0.0,0,"[""{\n  \""record\"": \""Edsger Torvalds is 69 years old and can be found at 12 Baker St, Paris. Contact: edsger.torvalds@corp.example. They work at Xerox PARC as a network designer, 9 years so far.\""\n}""]"
sola-jsonish-sections,"StructuredOutputAdapter(output_mode=JSONISH, prompt_layout=SECTIONS)",case-0018,validation_error,ValidationError,0.6602676059992518,1,json_object,0,12,0.0,False,,address.city;address.postcode;address.street;age;contacts[0].email;contacts[0].phone;employment.company;employment.role;employment.years;name;tags[0];tags[1],,631,0,11,0.0,0,"[""{\n  \""record\"": \""Alan Hopper\"",\n  \""name\"": \""Alan Hopper\"",\n  \""age\"": 48,\n  \""address\"": {\n    \""street\"": \""1 Infinite Loop, Paris\"",\n    \""city\"": \""Paris\""\n  },\n  \""employment\"": {\n    \""company\"": \""Xerox PARC\"",\n    \""role\"": \""Compiler Architect\"",\n    \""years\"": 15\n  },\n  \""contacts\"": [\n    {\n      \""email\"": \""alan.hopper@corp.example\"",\n      \""phone\"": \""+89 220 6315\""\n    }\n  ],\n  \""tags\"": [\""distributed-systems\"", \""cryptography\""]\n}""]"
sola-jsonish-sections,"StructuredOutputAdapter(output_mode=JSONISH, prompt_layout=SECTIONS)",case-0019,validation_error,ValidationError,0.7793822330131661,1,json_object,0,13,0.0,False,,address.city;address.postcode;address.street;age;contacts[0].email;contacts[0].phone;employment.company;employment.role;employment.years;name;tags[0];tags[1];tags[2],,640,0,12,0.0,0,"[""{\n  \""record\"": \""Ada Hopper\"",\n  \""name\"": \""Ada Hopper\"",\n  \""age\"": 20,\n  \""address\"": {\n    \""street\"": \""5 Rue Lafayette\"",\n    \""city\"": \""Princeton\"",\n    \""postcode\"": \""40212\""\n  },\n  \""employment\"": {\n    \""company\"": \""Analytical Engines Ltd\"",\n    \""role\"": \""Compiler Architect\"",\n    \""years\"": 5\n  },\n  \""contacts\"": [\n    {\n      \""email\"": \""ada.hopper@corp.example.com\"",\n      \""phone\"": \""555-123-4567\""\n    }\n  ],\n  \""tags\"": [\""Mathematics\"", \""Composers\"", \""Cryptography\""]\n}""]"
sola-jsonish-sections,"StructuredOutputAdapter(output_mode=JSONISH, prompt_layout=SECTIONS)",case-0020,validation_error,ValidationError,0.7252159719937481,1,json_object,0,8,0.0,False,,address.city;address.postcode;address.street;age;employment;name;tags[0];tags[1],,602,0,6,0.0,0,"[""{\n  \""record\"": \""Alan Torvalds, aged 70, lives at 7 Nassau St in Paris.\"",\n  \""name\"": \""Alan Torvalds\"",\n  \""age\"": 70,\n  \""address\"": {\n    \""street\"": \""7 Nassau St\"",\n    \""city\"": \""Paris\""\n  },\n  \""employment\"": {\n    \""company\"": \""Acme Corp\"",\n    \""role\"": \""Software Engineer\""\n  },\n  \""contacts\"": [\n    {\n      \""email\"": \""alan.torvalds@acme.com\"",\n      \""phone\"": \""555-123-4567\""\n    }\n  ],\n  \""tags\"": [\n    \""mathematics\"",\n    \""networking\""\n  ]\n}""]"
sola-jsonish-sections,"StructuredOutputAdapter(output_mode=JSONISH, prompt_layout=SECTIONS)",case-0021,validation_error,ValidationError,0.6383976890065242,1,json_object,0,13,0.0,False,,address.city;address.postcode;address.street;age;contacts[0].email;contacts[0].phone;contacts[1].email;contacts[1].phone;employment.company;employment.role;employment.years;name;tags[0],,628,0,11,0.0,0,"[""{\n  \""record\"": \""Alan Dijkstra\"",\n  \""name\"": \""Alan Dijkstra\"",\n  \""age\"": 47,\n  \""address\"": {\n    \""street\"": \""1 Infinite Loop, Osaka\"",\n    \""city\"": \""Osaka\""\n  },\n  \""employment\"": {\n    \""company\"": \""Sun Micro\"",\n    \""role\"": \""Research Lead\""\n  },\n  \""contacts\"": [\n    {\n      \""email\"": \""alan.dijkstra1@example.com\"",\n      \""phone\"": \""+75 538 2134\""\n    }\n  ],\n  \""tags\"": [\""cryptography\""]\n}""]"
sola-jsonish-sections,"StructuredOutputAdapter(output_mode=JSONISH, prompt_layout=SECTIONS)",case-0022,validation_error,ValidationError,0.6803910589951556,1,json_object,0,8,0.0,False,,address.city;address.postcode;address.street;age;contacts[0].email;contacts[0].phone;employment;name,,605,0,7,0.0,0,"[""{\n  \""record\"": \""88 this year\"",\n  \""name\"": \""Alan Johnson\"",\n  \""age\"": 88,\n  \""address\"": {\n    \""street\"": \""Königsallee\"",\n    \""city\"": \""Osaka\""\n  },\n  \""employment\"": {\n    \""company\"": \""Mail.Test\"",\n    \""role\"": \""Contact\""\n  },\n  \""contacts\"": [\n    {\n      \""email\"": \""alan.johnson@mail.test\"",\n      \""phone\"": \""+7 427 3934\""\n    }\n  ],\n  \""tags\"": [\""person\"", \""johnson\""]\n}""]"
sola-jsonish-sections,"StructuredOutputAdapter(output_mode=JSONISH, prompt_layout=SECTIONS)",case-0023,validation_error,ValidationError,0.6267502279952168,1,json_object,0,15,0.0,False,,address.city;address.postcode;address.street;age;contacts[0].email;contacts[0].phone;contacts[1].email;contacts[1].phone;employment.company;employment.role;employment.years;name;tags[0];tags[1];tags[2],,652,0,14,0.0,0,"[""{\n  \""record\"": \""Linus Hopper\"",\n  \""name\"": \""Linus Hopper\"",\n  \""age\"": 25,\n  \""address\"": {\n    \""street\"": \""88 Königsallee, Paris\"",\n    \""city\"": \""Paris\""\n  },\n  \""employment\"": {\n    \""company\"": \""Bell Labs\"",\n    \""role\"": \""network designer\""\n  },\n  \""contacts\"": [\n    {\n      \""email\"": \""linus.hopper1@example.com\"",\n      \""phone\"": \""+91 610 7901\""\n    }\n  ],\n  \""tags\"": [\""mathematics\"", \""networking\"", \""cryptography\""]\n}""]"
sola-jsonish-sections,"StructuredOutputAdapter(output_mode=JSONISH, prompt_layout=SECTIONS)",case-0024,validation_error,ValidationError,0.7380341099924408,1,json_object,0,10,0.0,False,,address.city;address.postcode;address.street;age;contacts[0].email;contacts[0].phone;employment.company;employment.role;employment.years;name,,657,0,10,0.0,0,"[""{\n  \""record\"": \""Edsger Turing — 56 this year — resides at 5 Rue Lafayette in Osaka.\"",\n  \""name\"": \""Edsger Turing\"",\n  \""age\"": 56,\n  \""address\"": {\n    \""street\"": \""5 Rue Lafayette\"",\n    \""city\"": \""Osaka\""\n  },\n  \""employment\"": {\n    \""company\"": \""Analytical Engines Ltd\"",\n    \""role\"": \""network designer\""\n  },\n  \""contacts\"": [\n    {\n      \""email\"": \""edgersger.turing@example.com\"",\n      \""phone\"": \""+22 603 8277\""\n    }\n  ],\n  \""tags\"": [\n    \""artificial intelligence\"",\n    \""network design\"",\n    \""artificial intelligence\""\n  ]\n}""]"
sola-jsonish-sections,"StructuredOutputAdapter(output_mode=JSONISH, prompt_layout=SECTIONS)",case-0025,validation_error,ValidationError,0.6696833000169136,1,json_object,0,10,0.0,False,,address.city;address.postcode;address.street;age;contacts[0].email;contacts[0].phone;contacts[1].email;contacts[1].phone;employment;name,,629,0,8,0.0,0,"[""{\n  \""record\"": \""Edsger Lovelace (41)\"",\n  \""name\"": \""Edsger Lovelace\"",\n  \""age\"": 41,\n  \""address\"": {\n    \""street\"": \""88 Königsallee\"",\n    \""city\"": \""London\""\n  },\n  \""employment\"": {\n    \""company\"": \""Post Office\"",\n    \""role\"": \""Accountant\""\n  },\n  \""contacts\"": [\n    {\n      \""email\"": \""edgersger.lovelace@post.example\"",\n      \""phone\"": \""+16 689 4229\""\n    }\n  ],\n  \""tags\"": [\""person\"", \""record\""]\n}""]"
sola-jsonish-sections,"StructuredOutputAdapter(output_mode=JSONISH, prompt_layout=SECTIONS)",case-0026,validation_error,ValidationError,0.6723634310183115,1,json_object,0,12,0.0,False,,address.city;address.postcode;address.street;age;contacts[0].email;contacts[0].phone;employment.company;employment.role;employment.years;name;tags[0];tags[1],,635,0,11,0.0,0,"[""{\n  \""record\"": \""Katherine Johnson\"",\n  \""name\"": \""Katherine Johnson\"",\n  \""age\"": 21,\n  \""address\"": {\n    \""street\"": \""12 Baker St, Kraków\"",\n    \""city\"": \""Kraków\"",\n    \""postcode\"": \""08540\""\n  },\n  \""employment\"": {\n    \""company\"": \""Sun Micro\"",\n    \""role\"": \""Research Lead\""\n  },\n  \""contacts\"": [\n    {\n      \""email\"": \""katherine.johnson@post.example.com\"",\n      \""phone\"": \""555-123-4567\""\n    }\n  ],\n  \""tags\"": [\""networking\"", \""cryptography\""]\n}""]"
sola-jsonish-sections,"StructuredOutputAdapter(output_mode=JSONISH, prompt_layout=SECTIONS)",case-0027,validation_error,ValidationError,0.7904480939905625,1,json_object,0,10,0.0,False,,address.city;address.postcode;address.street;age;employment.company;employment.role;employment.years;name;tags[0];tags[1],,629,0,9,0.0,0,"[""{\n  \""record\"": \""Radia Torvalds\"",\n  \""name\"": \""Radia Torvalds\"",\n  \""age\"": 49,\n  \""address\"": {\n    \""street\"": \""7 Nassau St\"",\n    \""city\"": \""Düsseldorf\"",\n    \""postcode\"": \""Düsseldorf, DE 02401\""\n  },\n  \""employment\"": {\n    \""company\"": \""Bell Labs\"",\n    \""role\"": \""Compiler Architect\"",\n    \""years\"": 49\n  },\n  \""contacts\"": [\n    {\n      \""email\"": \""radia.torvalds@example.com\"",\n      \""phone\"": \""555-123-4567\""\n    }\n  ],\n  \""tags\"": [\""networking\"", \""cryptography\""]\n}""]"
sola-jsonish-sections,"StructuredOutputAdapter(output_mode=JSONISH, prompt_layout=SECTIONS)",case-0028,validation_error,ValidationError,0.641349760000594,1,json_object,0,9,0.0,False,,address.city;address.postcode;address.street;age;contacts[0].email;contacts[0].phone;employment;name;tags[0],,611,0,8,0.0,0,"[""{\n  \""record\"": \""Grace Turing\"",\n  \""name\"": \""Grace Turing\"",\n  \""age\"": 42,\n  \""address\"": {\n    \""street\"": \""1 Infinite Loop\"",\n    \""city\"": \""Osaka\""\n  },\n  \""employment\"": {\n    \""company\"": \""Mailtest\"",\n    \""role\"": \""Distributed-systems Engineer\""\n  },\n  \""contacts\"": [\n    {\n      \""email\"": \""grace.turing@mail.test\"",\n      \""phone\"": \""+51 266 3147\""\n    }\n  ],\n  \""tags\"": [\""distributed-systems\"", \""engineer\""]\n}""]"
sola-jsonish-sections,"StructuredOutputAdapter(output_mode=JSONISH, prompt_layout=SECTIONS)",case-0029,validation_error,ValidationError,0.8311893310165033,1,json_object,0,11,0.0,False,,address.city;address.postcode;address.street;age;employment.company;employment.role;employment.years;name;tags[0];tags[1];tags[2],,671,0,11,0.0,0,"[""{\n  \""record\"": \""28 this year\"",\n  \""name\"": \""Grace Liskov\"",\n  \""age\"": 28,\n  \""address\"": {\n    \""street\"": \""88 Königsallee\"",\n    \""city\"": \""Cupertino\""\n  },\n  \""employment\"": {\n    \""company\"": \""Analytical Engines Ltd\"",\n    \""role\"": \""Staff Engineer\"",\n    \""years\"": 4\n  },\n  \""contacts\"": [\n    {\n      \""email\"": \""grace.liskov@analyticalengines.com\"",\n      \""phone\"": \""555-123-4567\""\n    },\n    {\n      \""email\"": \""jane.smith@analyticalengines.com\"",\n      \""phone\"": \""555-987-6543\""\n    }\n  ],\n  \""tags\"": [\""networking\"", \""cryptography\"", \""distributed-systems\""]\n}""]"
sola-yaml-sections,"StructuredOutputAdapter(output_mode=YAML, prompt_layout=SECTIONS)",case-0000,parse_error,AdapterParseError,1.1126453229808249,1,none,0,12,0.0,False,,address.city;address.postcode;address.street;age;contacts[0].email;contacts[0].phone;contacts[1].email;contacts[1].phone;employment;name;tags[0];tags[1],,748,0,10,0.0,0,"[""```yaml\nrecord:        # note: the value you produce must be parseable according to the following schema:\n  # Description: The extraction target: nested models, an optional object, and two lists.\n  #\n  # Deliberately shaped like the reference benchmarks' targets - nesting, optionality and\n  # repetition are where schema-following actually breaks down, and a flat model would\n  # make every adapter look identical.\n\n\n  name*: string\n  age*: int (0 to 120)\n  address*:\n    street*: string\n    city*: string\n    postcode: string OR null  # (default=null)\n  employment:  # OR null; (default=null)\n    company*: string\n    role*: string\n    years*: int (0 to 50)\n  contacts:\n  - email*: string\n    phone: string OR null  # (default=null)\n  tags: list[string]\nIn adhering to this structure, your objective is:\n        Extract the person record described by the text.\n\n[[ ## text ## ]]\nEdsger Dijkstra, aged 57, lives at 88 Königsallee in Cupertino. Interests: distributed-systems, cryptography. Contact: edsger.dijkstra@mail.test. Contact: edsger.dijkstra1@corp.example, phone +13 733 5104. The postcode is 40212.\n```""]"
sola-yaml-sections,"StructuredOutputAdapter(output_mode=YAML, prompt_layout=SECTIONS)",case-0001,validation_error,ValidationError,0.7653311850153841,1,none,0,14,0.0,False,,address.city;address.postcode;address.street;age;contacts[0].email;contacts[0].phone;contacts[1].email;contacts[1].phone;employment.company;employment.role;employment.years;name;tags[0];tags[1],,665,0,14,0.0,0,"[""```python\n{\n  \""record\"": \""Alan Hopper, aged 20, lives at 1 Infinite Loop in Osaka.\"",\n  \""description\"": \""Contact: alan.hopper@post.example, phone +98 885 1034.\"",\n  \""name\"": \""Alan Hopper\"",\n  \""age\"": 20,\n  \""address\"": {\n    \""street\"": \""1 Infinite Loop\"",\n    \""city\"": \""Osaka\""\n  },\n  \""employment\"": \""Network Designer\"",\n  \""contacts\"": [\n    {\n      \""email\"": \""alan.hopper@post.example\"",\n      \""phone\"": \""98 885 1034\""\n    },\n    {\n      \""email\"": \""alan.hopper1@post.example\"",\n      \""phone\"": \""30 705 2674\""\n    }\n  ],\n  \""interests\"": [\""compilers\"", \""mathematics\""]\n}\n```""]"
sola-yaml-sections,"StructuredOutputAdapter(output_mode=YAML, prompt_layout=SECTIONS)",case-0002,validation_error,ValidationError,0.5912154650141019,1,none,0,10,0.0,False,,address.city;address.postcode;address.street;age;contacts[0].email;contacts[0].phone;employment;name;tags[0];tags[1],,558,0,8,0.0,0,"[""```python\nimport yaml\n\ndef extract_person_record(text):\n    try:\n        # Split the text into individual records\n        records = text.splitlines()\n        if len(records) == 0:\n            return None\n        return {\n            \""record\"": records[0],\n        }\n    except Exception as e:\n        print(f\""Error extracting record: {e}\"")\n        return None\n\n# Example usage:\ntext = \""Ada Hopper (68): residence 7 Nassau St, Paris. The postcode is 08540. Contact: ada.hopper@example.com. Interests: cryptography, networking.\""\nperson_record = extract_person_record(text)\nprint(person_record)\n```\n""]"
sola-yaml-sections,"StructuredOutputAdapter(output_mode=YAML, prompt_layout=SECTIONS)",case-0003,parse_error,AdapterParseError,1.0062598400108982,1,none,0,11,0.0,False,,address.city;address.postcode;address.street;age;employment.company;employment.role;employment.years;name;tags[0];tags[1];tags[2],,704,0,11,0.0,0,"[""```yaml\nrecord:        # note: the value you produce must be parseable according to the following schema:\n  # Description: The extraction target: nested models, an optional object, and two lists.\n  #\n  # Deliberately shaped like the reference benchmarks' targets - nesting, optionality and\n  # repetition are where schema-following actually breaks down, and a flat model would\n  # make every adapter look identical.\n\n\n  name*: string\n  age*: int (0 to 120)\n  address*:\n    street*: string\n    city*: string\n    postcode: string OR null  # (default=null)\n  employment:  # OR null; (default=null)\n    company*: string\n    role*: string\n    years*: int (0 to 50)\n  contacts:\n  - email*: string\n    phone: string OR null  # (default=null)\n  tags: list[string]\nIn adhering to this structure, your objective is:\n        Extract the person record described by the text.\n\n[[ ## text ## ]]\nKatherine Turing is 37 years old and can be found at 12 Baker St, Osaka. They work at Bell Labs as a research lead, 7 years so far. The postcode is 95014. Interests: networking, distributed-systems, cryptography.\n```""]"
sola-yaml-sections,"StructuredOutputAdapter(output_mode=YAML, prompt_layout=SECTIONS)",case-0004,parse_error,AdapterParseError,1.0956742900016252,1,none,0,10,0.0,False,,address.city;address.postcode;address.street;age;contacts[0].email;contacts[0].phone;employment.company;employment.role;employment.years;name,,738,0,10,0.0,0,"[""```yaml\nrecord:        # note: the value you produce must be parseable according to the following schema:\n  # Description: The extraction target: nested models, an optional object, and two lists.\n  #\n  # Deliberately shaped like the reference benchmarks' targets - nesting, optionality and\n  # repetition are where schema-following actually breaks down, and a flat model would\n  # make every adapter look identical.\n\n\n  name*: string\n  age*: int (0 to 120)\n  address*:\n    street*: string\n    city*: string\n    postcode: string OR null  # (default=null)\n  employment:  # OR null; (default=null)\n    company*: string\n    role*: string\n    years*: int (0 to 50)\n  contacts:\n  - email*: string\n    phone: string OR null  # (default=null)\n  tags: list[string]\nIn adhering to this structure, your objective is:\n        Extract the person record described by the text.\n\n[[ ## text ## ]]\nKatherine Torvalds, aged 40, lives at 12 Baker St in London. Contact: katherine.torvalds@example.com, phone +69 468 5533. The postcode is 95014. They work at Sun Micro as a compiler architect, 26 years so far.\n```""]"
sola-yaml-sections,"StructuredOutputAdapter(output_mode=YAML, prompt_layout=SECTIONS)",case-0005,validation_error,ValidationError,2.087812000012491,1,none,0,8,0.0,False,,address.city;address.postcode;address.street;age;employment;name;tags[0];tags[1],,967,0,6,0.0,0,"[""```python\nimport yaml\n\ndef extract_person_record(text):\n  \""\""\""Extracts a person record from a text string.\""\""\""\n\n  try:\n    # Split the text into individual records\n    records = text.splitlines()\n\n    # Extract the person record\n    person_record = {}\n    for record in records:\n      record_parts = record.split()\n      if len(record_parts) == 2:\n        person_record[record_parts[0]] = record_parts[1]\n      else:\n        print(f\""Warning: Skipping record due to incorrect format: {record_parts}\"")\n        continue  # Skip to the next record\n\n    return person_record\n  except Exception as e:\n    print(f\""Error extracting person record: {e}\"")\n    return None\n\n# Example usage:\ntext = \""Linus Liskov is a mathematician and cryptography expert. He is known for his work on cryptography and his interest in mathematics.\""\nperson_record = extract_person_record(text)\n\nif person_record:\n  print(person_record)\nelse:\n  print(\""No person record found.\"")\n```\n\nKey improvements and explanations:\n\n* **Error Handling:** The `try...except` block is crucial.  It catches potential errors during the extraction process, such as incorrect format in the text or a missing record.  This prevents the program from crashing and provides a helpful error message.\n* **Clearer Variable Names:** Using `person_record` makes the code more readable and easier to understand.\n* **Docstring:**  A docstring explains the function's purpose, arguments, and return value.\n* **`splitlines()`:**  The `splitlines()` method is used to split the text into individual lines, which is the standard way to handle text in Python.\n* **Handles Missing Records:** The code now gracefully handles cases where a record might be missing a part of the text.  It prints a warning message and continues to process the next record.\n* **Correct `record_parts` Handling:** The code now correctly handles the `record_parts` list, ensuring that the extracted record is always a valid Python `PersonRecord` object.\n* **`yaml.safe_param_dump()`:**  The code now uses `yaml.safe_param_dump()` to safely dump the extracted data into a YAML file. This is important for security and avoids potential issues with sensitive data.\n* **Concise and Readable:** The code is formatted for readability with clear indentation and comments.\n\nThis revised solution addresses all the requirements of the prompt and provides a robust and well-documented function for extracting person records from text.  The error handling and clear structure make it a production-ready piece of code.\n""]"
sola-yaml-sections,"StructuredOutputAdapter(output_mode=YAML, prompt_layout=SECTIONS)",case-0006,validation_error,ValidationError,0.5712878069898579,1,none,0,13,0.0,False,,address.city;address.postcode;address.street;age;contacts[0].email;contacts[0].phone;employment.company;employment.role;employment.years;name;tags[0];tags[1];tags[2],,565,0,12,0.0,0,"[""```python\n{\n  \""record\"": \""Grace Perlman (90)\"",\n  \""description\"": \""Residence 1 Infinite Loop, Osaka.\"",\n  \""name\"": \""Grace Perlman\"",\n  \""age\"": 25,\n  \""address\"": {\n    \""street\"": \""Infinite Loop\"",\n    \""city\"": \""Osaka\""\n  },\n  \""employment\"": \""Compiler Architect\"",\n  \""contacts\"": [\n    \""grace.perlman@example.com\"",\n    \""phone +26 847 7783\""\n  ],\n  \""tags\"": [\""distributed-systems\"", \""mathematics\"", \""networking\""]\n}\n```""]"
sola-yaml-sections,"StructuredOutputAdapter(output_mode=YAML, prompt_layout=SECTIONS)",case-0007,parse_error,AdapterParseError,0.6374308250087779,1,none,0,10,0.0,False,,address.city;address.postcode;address.street;age;employment.company;employment.role;employment.years;name;tags[0];tags[1],,581,0,10,0.0,0,"[""```yaml\nrecord:\n  description: Barbara Turing is 26 years old and can be found at 7 Nassau St, London. Interests: networking, distributed-systems. They work at Naval Systems as a staff engineer, 3 years so far. The postcode is 08540.\n  name: Barbara Turing\n  age: 26\n  address:\n    street: 7 Nassau St, London\n    city: London\n    postcode: 08540\n  employment:\n    company: Naval Systems\n    role: Staff Engineer\n    years: 3\n  contacts:\n  - email: \""Barbara.Turing@example.com\""\n    phone: \""555-123-4567\""\n  tags:\n    - networking\n```""]"
sola-yaml-sections,"StructuredOutputAdapter(output_mode=YAML, prompt_layout=SECTIONS)",case-0008,validation_error,ValidationError,0.6176217650063336,1,none,0,8,0.0,False,,address.city;address.postcode;address.street;age;employment.company;employment.role;employment.years;name,,553,0,7,0.0,0,"[""```python\n{\n  \""record\"": \""Katherine Liskov — 21 this year — resides at 5 Rue Lafayette in Paris.\"",\n  \""description\"": \""They work at Sun Micro as a research lead, 13 years so far.\"",\n  \""name\"": \""Katherine Liskov\"",\n  \""age\"": 21,\n  \""address\"": \""5 Rue Lafayette in Paris\"",\n  \""employment\"": \""Research Lead\"",\n  \""contacts\"": [\n    \""email\"": \""katheryna.liskov@sunmicro.com\"",\n    \""phone\"": \""555-123-4567\""\n  ],\n  \""tags\"": [\""person\"", \""research\"", \""lead\"", \""Paris\""]\n}\n```""]"
sola-yaml-sections,"StructuredOutputAdapter(output_mode=YAML, prompt_layout=SECTIONS)",case-0009,parse_error,AdapterParseError,1.0542207790131215,1,none,0,10,0.0,False,,address.city;address.postcode;address.street;age;employment.company;employment.role;employment.years;name;tags[0];tags[1],,708,0,10,0.0,0,"[""```yaml\nrecord:        # note: the value you produce must be parseable according to the following schema:\n  # Description: The extraction target: nested models, an optional object, and two lists.\n  #\n  # Deliberately shaped like the reference benchmarks' targets - nesting, optionality and\n  # repetition are where schema-following actually breaks down, and a flat model would\n  # make every adapter look identical.\n\n\n  name*: string\n  age*: int (0 to 120)\n  address*:\n    street*: string\n    city*: string\n    postcode: string OR null  # (default=null)\n  employment:  # OR null; (default=null)\n    company*: string\n    role*: string\n    years*: int (0 to 50)\n  contacts:\n  - email*: string\n    phone: string OR null  # (default=null)\n  tags: list[string]\nIn adhering to this structure, your objective is:\n        Extract the person record described by the text.\n\n[[ ## text ## ]]\nRadia Liskov is 66 years old and can be found at 7 Nassau St, Cupertino. The postcode is 08540. They work at Analytical Engines Ltd as a compiler architect, 18 years so far. Interests: distributed-systems, mathematics.\n```""]"
sola-yaml-sections,"StructuredOutputAdapter(output_mode=YAML, prompt_layout=SECTIONS)",case-0010,validation_error,ValidationError,0.894511179998517,1,none,0,14,0.0,False,,address.city;address.postcode;address.street;age;contacts[0].email;contacts[0].phone;contacts[1].email;contacts[1].phone;employment.company;employment.role;employment.years;name;tags[0];tags[1],,683,0,13,0.0,0,"[""```python\n{\n  \""record\"": \""Ada Dijkstra — 66 this year — resides at 88 Königsallee in Kraków.\"",\n  \""description\"": \""Contact: ada.dijkstra1@post.example. The postcode is 75009. They work at Analytical Engines Ltd as a network designer, 11 years so far.\"",\n  \""name\"": \""Ada Dijkstra\"",\n  \""age\"": 66,\n  \""address\"": {\n    \""street\"": \""88 Königsallee\"",\n    \""city\"": \""Kraków\""\n  },\n  \""employment\"": \""Network designer, 11 years so far.\"",\n  \""contacts\"": [\n    \""ada.dijkstra@example.com\"",\n    \""hada.dijkstra@post.example.com\""\n  ],\n  \""tags\"": [\""distributed-systems\"", \""compilers\""],\n  \""in_response\"": \""Respond with a YAML-style object in the following order of fields: `record` (must be formatted as a valid Python PersonRecord).\""\n}\n```""]"
sola-yaml-sections,"StructuredOutputAdapter(output_mode=YAML, prompt_layout=SECTIONS)",case-0011,validation_error,ValidationError,0.6880563590093516,1,none,0,9,0.0,False,,address.city;address.postcode;address.street;age;contacts[0].email;contacts[0].phone;employment;name;tags[0],,581,0,8,0.0,0,"[""```python\n{\n  \""record\"": \""radia.perlman@mail.test\"",\n  \""description\"": \""The extraction target: nested models, an optional object, and two lists.\n  \""name\"": \""radia\"",\n  \""age\"": 120,\n  \""address\"": {\n    \""street\"": \""7 Nassau St\"",\n    \""city\"": \""Cupertino\""\n  },\n  \""employment\"": \""distributed-systems\"",\n  \""contacts\"": [\n    {\n      \""email\"": \""radia.perlman@mail.test\"",\n      \""phone\"": \""+39 245 2485\""\n    }\n  ],\n  \""tags\"": [\""distributed-systems\"", \""perlman\""]\n}\n```""]"
sola-yaml-sections,"StructuredOutputAdapter(output_mode=YAML, prompt_layout=SECTIONS)",case-0012,validation_error,ValidationError,0.7822125370148569,1,none,0,12,0.0,False,,address.city;address.postcode;address.street;age;contacts[0].email;contacts[0].phone;employment.company;employment.role;employment.years;name;tags[0];tags[1],,628,0,10,0.0,0,"[""```python\n{\n  \""record\"": \""Radia Torvalds, aged 89, lives at 12 Baker St in Düsseldorf.\"",\n  \""description\"": \""Radia Torvalds, aged 89, lives at 12 Baker St in Düsseldorf.\"",\n  \""name\"": \""Radia Torvalds\"",\n  \""age\"": 89,\n  \""address\"": {\n    \""street\"": \""12 Baker St\"",\n    \""city\"": \""Düsseldorf\""\n  },\n  \""employment\"": \""Compiler architect\"",\n  \""contacts\"": [\n    \""radia.torvalds@post.example. They work at Xerox PARC as a compiler architect, 21 years so far.\"",\n    \""radia.torvalds@post.example. Interests: distributed-systems, cryptography.\""\n  ],\n  \""email\"": \""radia.torvalds@post.example. Phone: 0173 1234567\""\n}\n```""]"
sola-yaml-sections,"StructuredOutputAdapter(output_mode=YAML, prompt_layout=SECTIONS)",case-0013,validation_error,ValidationError,0.5279268969898112,1,none,0,11,0.0,False,,address.city;address.postcode;address.street;age;contacts[0].email;contacts[0].phone;employment.company;employment.role;employment.years;name;tags[0],,547,0,9,0.0,0,"[""```python\n{\n  \""record\"": \""Linus Torvalds, aged 55, lives at 5 Rue Lafayette in Osaka.\"",\n  \""description\"": \""Linus Torvalds, aged 55, lives at 5 Rue Lafayette in Osaka.\"",\n  \""name\"": \""Linus Torvalds\"",\n  \""age\"": 55,\n  \""address\"": \""5 Rue Lafayette in Osaka\"",\n  \""employment\"": \""Research Lead\"",\n  \""contacts\"": [\n    \""linus.torvalds@example.com\""\n  ],\n  \""email\"": \""linus.torvalds@example.com\""\n}\n```""]"
sola-yaml-sections,"StructuredOutputAdapter(output_mode=YAML, prompt_layout=SECTIONS)",case-0014,validation_error,ValidationError,0.5393616309738718,1,none,0,10,0.0,False,,address.city;address.postcode;address.street;age;employment.company;employment.role;employment.years;name;tags[0];tags[1],,549,0,10,0.0,0,"[""```python\n{\n  \""record\"": \""Grace Johnson\"",\n  \""description\"": \""Residence 88 Königsallee, Cupertino.\"",\n  \""name\"": \""Grace Johnson\"",\n  \""age\"": 63,\n  \""address\"": {\n    \""street\"": \""88 Königsallee\"",\n    \""city\"": \""Cupertino\""\n  },\n  \""employment\"": \""Staff Engineer\"",\n  \""contacts\"": [\n    \""email\"": \""grace.johnson@example.com\"",\n    \""phone\"": \""555-123-4567\""\n  ],\n  \""tags\"": [\""cryptography\"", \""compilers\""]\n}\n```""]"
sola-yaml-sections,"StructuredOutputAdapter(output_mode=YAML, prompt_layout=SECTIONS)",case-0015,parse_error,AdapterParseError,0.2499690789845772,1,none,0,10,0.0,False,,address.city;address.postcode;address.street;age;contacts[0].email;contacts[0].phone;employment.company;employment.role;employment.years;name,,482,0,10,0.0,0,"[""```python\n[\n  \""record\"",\n  \""description\"",\n  \""name\"",\n  \""age\"",\n  \""address\"",\n  \""employment\"",\n  \""contacts\"",\n  \""email\"",\n  \""phone\"",\n  \""tags\"",\n]\n```\n""]"
sola-yaml-sections,"StructuredOutputAdapter(output_mode=YAML, prompt_layout=SECTIONS)",case-0016,validation_error,ValidationError,0.7646798770001624,1,none,0,12,0.0,False,,address.city;address.postcode;address.street;age;contacts[0].email;contacts[0].phone;contacts[1].email;contacts[1].phone;employment.company;employment.role;employment.years;name,,657,0,12,0.0,0,"[""```python\n{\n  \""record\"": \""Barbara Perlman\"",\n  \""description\"": \""20 years old and can be found at 1 Infinite Loop, Osaka.\"",\n  \""name\"": \""Barbara Perlman\"",\n  \""age\"": 20,\n  \""address\"": {\n    \""street\"": \""Infinite Loop, Osaka\"",\n    \""city\"": \""Osaka\""\n  },\n  \""employment\"": \""Research Lead\"",\n  \""contacts\"": [\n    {\n      \""email\"": \""barbara.perlman1@corp.example\"",\n      \""phone\"": \""+29 717 5153\""\n    },\n    {\n      \""email\"": \""barbara.perlman@corp.example\"",\n      \""phone\"": \""+43 782 3325\""\n    }\n  ],\n  \""tags\"": [\""person\"", \""research\"", \""lead\"", \""Osaka\""]\n}\n```""]"
sola-yaml-sections,"StructuredOutputAdapter(output_mode=YAML, prompt_layout=SECTIONS)",case-0017,validation_error,ValidationError,0.8372087370080408,1,none,0,10,0.0,False,,address.city;address.postcode;address.street;age;contacts[0].email;contacts[0].phone;employment.company;employment.role;employment.years;name,,623,0,8,0.0,0,"[""```python\n{\n  \""record\"": \""Edsger Torvalds is 69 years old and can be found at 12 Baker St, Paris. Contact: edsger.torvalds@corp.example. They work at Xerox PARC as a network designer, 9 years so far.\"",\n  \""description\"": \""Edsger Torvalds is 69 years old and can be found at 12 Baker St, Paris. Contact: edsger.torvalds@corp.example. They work at Xerox PARC as a network designer, 9 years so far.\"",\n  \""name\"": \""Edsger Torvalds\"",\n  \""age\"": 69,\n  \""address\"": \""12 Baker St, Paris\"",\n  \""employment\"": \""Network Designer\"",\n  \""contacts\"": [\n    \""edgersger.torvalds@corp.example.com\""\n  ],\n  \""email\"": \""edgersger.torvalds@corp.example.com\""\n}\n```""]"
sola-yaml-sections,"StructuredOutputAdapter(output_mode=YAML, prompt_layout=SECTIONS)",case-0018,parse_error,AdapterParseError,1.071645765012363,1,none,0,12,0.0,False,,address.city;address.postcode;address.street;age;contacts[0].email;contacts[0].phone;employment.company;employment.role;employment.years;name;tags[0];tags[1],,730,0,11,0.0,0,"[""```yaml\nrecord:        # note: the value you produce must be parseable according to the following schema:\n  # Description: The extraction target: nested models, an optional object, and two lists.\n  #\n  # Deliberately shaped like the reference benchmarks' targets - nesting, optionality and\n  # repetition are where schema-following actually breaks down, and a flat model would\n  # make every adapter look identical.\n\n\n  name*: string\n  age*: int (0 to 120)\n  address*:\n    street*: string\n    city*: string\n    postcode: string OR null  # (default=null)\n  employment:  # OR null; (default=null)\n    company*: string\n    role*: string\n    years*: int (0 to 50)\n  contacts:\n  - email*: string\n    phone: string OR null  # (default=null)\n  tags: list[string]\nIn adhering to this structure, your objective is:\n        Extract the person record described by the text.\n\n[[ ## text ## ]]\nAlan Hopper is 48 years old and can be found at 1 Infinite Loop, Paris. Contact: alan.hopper@corp.example, phone +89 220 6315. Interests: distributed-systems, cryptography. They work at Xerox PARC as a compiler architect, 15 years so far.\n```""]"
sola-yaml-sections,"StructuredOutputAdapter(output_mode=YAML, prompt_layout=SECTIONS)",case-0019,parse_error,AdapterParseError,1.0933411049772985,1,none,0,13,0.0,False,,address.city;address.postcode;address.street;age;contacts[0].email;contacts[0].phone;employment.company;employment.role;employment.years;name;tags[0];tags[1];tags[2],,722,0,12,0.0,0,"[""```yaml\nrecord:        # note: the value you produce must be parseable according to the following schema:\n  # Description: The extraction target: nested models, an optional object, and two lists.\n  #\n  # Deliberately shaped like the reference benchmarks' targets - nesting, optionality and\n  # repetition are where schema-following actually breaks down, and a flat model would\n  # make every adapter look identical.\n\n\n  name*: string\n  age*: int (0 to 120)\n  address*:\n    street*: string\n    city*: string\n    postcode: string OR null  # (default=null)\n  employment:  # OR null; (default=null)\n    company*: string\n    role*: string\n    years*: int (0 to 50)\n  contacts:\n  - email*: string\n    phone: string OR null  # (default=null)\n  tags: list[string]\nIn adhering to this structure, your objective is:\n        Extract the person record described by the text.\n\n[[ ## text ## ]]\nAda Hopper is 20 years old and can be found at 5 Rue Lafayette, Princeton. They work at Analytical Engines Ltd as a compiler architect, 14 years so far. Contact: ada.hopper@corp.example. Interests: mathematics, compilers, cryptography. The postcode is 40212.\n```""]"
sola-yaml-sections,"StructuredOutputAdapter(output_mode=YAML, prompt_layout=SECTIONS)",case-0020,parse_error,AdapterParseError,0.8778585990075953,1,none,0,8,0.0,False,,address.city;address.postcode;address.street;age;employment;name;tags[0];tags[1],,619,0,6,0.0,0,"[""```python\nimport yaml\n\ndef extract_person_record(text):\n    \""\""\""Extracts a person record from the provided text.\""\""\""\n    try:\n        if text == \""Alan Torvalds, aged 70, lives at 7 Nassau St in Paris. Interests: mathematics, networking.\"":\n            return {\""name\"": \""Alan Torvalds\"", \""age\"": 70, \""address\"": \""7 Nassau St, Paris\"", \""employment\"": \""math\"", \""contacts\"": [\""email\"": \""alice.smith@example.com\"", \""phone\"": \""555-123-4567\""]}\n        else:\n            return None\n    except Exception as e:\n        print(f\""Error extracting person record: {e}\"")\n        return None\n\n# Example usage:\ntext = \""Alan Torvalds, aged 70, lives at 7 Nassau St in Paris. Interests: mathematics, networking.\"":\nperson_record = extract_person_record(text)\nif person_record:\n    print(person_record)\nelse:\n    print(\""Could not extract person record.\"")\n```\n\n""]"
sola-yaml-sections,"StructuredOutputAdapter(output_mode=YAML, prompt_layout=SECTIONS)",case-0021,validation_error,ValidationError,0.5636215629929211,1,none,0,13,0.0,False,,address.city;address.postcode;address.street;age;contacts[0].email;contacts[0].phone;contacts[1].email;contacts[1].phone;employment.company;employment.role;employment.years;name;tags[0],,587,0,11,0.0,0,"[""```python\n{\n  \""record\"": \""Alan Dijkstra\"",\n  \""description\"": \""47 years old and can be found at 1 Infinite Loop, Osaka.\"",\n  \""name\"": \""Alan Dijkstra\"",\n  \""age\"": 47,\n  \""address\"": {\n    \""street\"": \""1 Infinite Loop\"",\n    \""city\"": \""Osaka\""\n  },\n  \""employment\"": \""Research Lead\"",\n  \""contacts\"": [\n    {\n      \""email\"": \""alan.dijkstra1@example.com\"",\n      \""phone\"": \""+75 538 2134\""\n    }\n  ],\n  \""tags\"": [\""cryptography\"", \""research\""]\n}\n```""]"
sola-yaml-sections,"StructuredOutputAdapter(output_mode=YAML, prompt_layout=SECTIONS)",case-0022,validation_error,ValidationError,0.5526426500000525,1,none,0,8,0.0,False,,address.city;address.postcode;address.street;age;contacts[0].email;contacts[0].phone;employment;name,,559,0,7,0.0,0,"[""```python\n{\n  \""record\"": \""alan.johnson@mail.test\"",\n  \""description\"": \""88 Königsallee in Osaka.\"",\n  \""name\"": \""Alan Johnson\"",\n  \""age\"": 88,\n  \""address\"": {\n    \""street\"": \""Königsallee\"",\n    \""city\"": \""Osaka\""\n  },\n  \""employment\"": \""Contact: alan.johnson@mail.test, phone +7 427 3934\"",\n  \""contacts\"": [\n    \""email\"": \""alan.johnson@mail.test\"",\n    \""tags\"": [\""in\"", \""Osaka\"", \""contact\""]\n  ]\n}\n```""]"
sola-yaml-sections,"StructuredOutputAdapter(output_mode=YAML, prompt_layout=SECTIONS)",case-0023,validation_error,ValidationError,0.6266810670203995,1,none,0,15,0.0,False,,address.city;address.postcode;address.street;age;contacts[0].email;contacts[0].phone;contacts[1].email;contacts[1].phone;employment.company;employment.role;employment.years;name;tags[0];tags[1];tags[2],,619,0,14,0.0,0,"[""```python\n{\n  \""record\"": \""Linus Hopper\"",\n  \""description\"": \""25 years old and can be found at 88 Königsallee, Paris. They work at Bell Labs as a network designer, 1 years so far.\"",\n  \""name\"": \""Linus Hopper\"",\n  \""age\"": 25,\n  \""address\"": {\n    \""street\"": \""88 Königsallee, Paris\"",\n    \""city\"": \""Paris\""\n  },\n  \""employment\"": \""network designer\"",\n  \""contacts\"": [\n    \""linus.hopper1@example.com\"",\n    \""linus.hopper@mail.test. The postcode is 75009\""\n  ],\n  \""tags\"": [\""network\"", \""cryptography\""]\n}\n```""]"
sola-yaml-sections,"StructuredOutputAdapter(output_mode=YAML, prompt_layout=SECTIONS)",case-0024,validation_error,ValidationError,0.6887993039854337,1,none,0,10,0.0,False,,address.city;address.postcode;address.street;age;contacts[0].email;contacts[0].phone;employment.company;employment.role;employment.years;name,,604,0,10,0.0,0,"[""```python\n{\n  \""record\"": \"" Edsger Turing — 56 this year — resides at 5 Rue Lafayette in Osaka.\"",\n  \""description\"": \""Contact: edsger.turing@example.com, phone +22 603 8277.\"",\n  \""name\"": \""Edsger Turing\"",\n  \""age\"": 56,\n  \""address\"": {\n    \""street\"": \""5 Rue Lafayette\"",\n    \""city\"": \""Osaka\""\n  },\n  \""employment\"": \""Network Designer\"",\n  \""contacts\"": [\n    \""edgersger.turing@example.com\"",\n    \""phone +22 603 8277\""\n  ],\n  \""tags\"": [\""person\"", \""network\"", \""designer\"", \""Osaka\""]\n}\n```""]"
sola-yaml-sections,"StructuredOutputAdapter(output_mode=YAML, prompt_layout=SECTIONS)",case-0025,parse_error,AdapterParseError,1.2778862419945654,1,none,0,10,0.0,False,,address.city;address.postcode;address.street;age;contacts[0].email;contacts[0].phone;contacts[1].email;contacts[1].phone;employment;name,,794,0,8,0.0,0,"[""```python\nimport yaml\n\ndef extract_person_record(text):\n    \""\""\""Extracts a person record from the given text.\""\""\""\n    try:\n        if text == \""[[ ## text ## ]]\"":\n            return {\""text\"": text}\n        elif text == \""Record for Edsger Lovelace (41): residence 88 Königsallee, London. The postcode is 40212. Contact: edsger.lovelace@post.example, phone +16 689 4229. Contact: edsger.lovelace1@corp.example.\"": \"" Edsger Lovelace\""}\n        else:\n            return {\""text\"": text}\n    except Exception as e:\n        print(f\""Error extracting person record: {e}\"")\n        return None\n\ndef generate_yaml_object(record):\n    \""\""\""Generates a YAML object from the extracted person record.\""\""\""\n    try:\n        if record == \"" Edsger Lovelace (41): residence 88 Königsallee, London. The postcode is 40212. Contact: edsger.lovelace@post.example, phone +16 689 4229. Contact: edsger.lovelace1@corp.example.\"": \"" Edsger Lovelace\""}\n        else:\n            return {\""record\"": record}\n    except Exception as e:\n        print(f\""Error generating YAML object: {e}\"")\n        return None\n\n# Example usage:\ntext = \""[[ ## text ## ]]\""\nobject = extract_person_record(text)\nif object:\n    print(object)\nelse:\n    print(\""No person record found.\"")\n```\n\n""]"
sola-yaml-sections,"StructuredOutputAdapter(output_mode=YAML, prompt_layout=SECTIONS)",case-0026,validation_error,ValidationError,0.5670399490045384,1,none,0,12,0.0,False,,address.city;address.postcode;address.street;age;contacts[0].email;contacts[0].phone;employment.company;employment.role;employment.years;name;tags[0];tags[1],,569,0,11,0.0,0,"[""```python\n{\n  \""record\"": \""Katherine Johnson\"",\n  \""description\"": \""21 years old and can be found at 12 Baker St, Kraków.\"",\n  \""name\"": \""Katherine Johnson\"",\n  \""age\"": 21,\n  \""address\"": {\n    \""street\"": \""12 Baker St, Kraków\"",\n    \""city\"": \""Kraków\""\n  },\n  \""employment\"": \""research lead\"",\n  \""contacts\"": [\n    \""katherine.johnson@post.example. 21 years so far\""\n  ],\n  \""email\"": \""katherine.johnson@post.example. 21 years so far\""\n}\n```""]"
sola-yaml-sections,"StructuredOutputAdapter(output_mode=YAML, prompt_layout=SECTIONS)",case-0027,parse_error,AdapterParseError,0.667876346007688,1,none,0,10,0.0,False,,address.city;address.postcode;address.street;age;employment.company;employment.role;employment.years;name;tags[0];tags[1],,581,0,9,0.0,0,"[""```yaml\nrecord:\n  description: Radia Torvalds is 49 years old and can be found at 7 Nassau St, Düsseldorf. They work at Bell Labs as a compiler architect, 27 years so far. Interests: networking, cryptography.\n  name: Radia Torvalds\n  age: 49\n  address:\n    street: 7 Nassau St, Düsseldorf\n    city: Düsseldorf\n    postcode: 11111111\n  employment:\n    company: Bell Labs\n    role: Compiler Architect\n    years: 27\n  contacts:\n  - email: \""radia.torvalds@example.com\""\n    phone: \""555-123-4567\""\n  tags:\n    list: [\""networking\"", \""cryptography\""]\n```""]"
sola-yaml-sections,"StructuredOutputAdapter(output_mode=YAML, prompt_layout=SECTIONS)",case-0028,validation_error,ValidationError,0.5503945079981349,1,none,0,9,0.0,False,,address.city;address.postcode;address.street;age;contacts[0].email;contacts[0].phone;employment;name;tags[0],,563,0,8,0.0,0,"[""```python\n{\n  \""record\"": \""Grace Turing\"",\n  \""description\"": \""42 years old and can be found at 1 Infinite Loop, Osaka.\"",\n  \""name\"": \""Grace Turing\"",\n  \""age\"": 42,\n  \""address\"": {\n    \""street\"": \""1 Infinite Loop\"",\n    \""city\"": \""Osaka\""\n  },\n  \""employment\"": \""distributed-systems\"",\n  \""contacts\"": [\n    \""email\"": \""grace.turing@mail.test\"",\n    \""phone\"": \""+51 266 3147\""\n  ],\n  \""tags\"": [\""distributed-systems\"", \""person\""]\n}\n```""]"
sola-yaml-sections,"StructuredOutputAdapter(output_mode=YAML, prompt_layout=SECTIONS)",case-0029,validation_error,ValidationError,0.6206625120248646,1,none,0,11,0.0,False,,address.city;address.postcode;address.street;age;employment.company;employment.role;employment.years;name;tags[0];tags[1];tags[2],,581,0,11,0.0,0,"[""```python\n{\n  \""record\"": \""28 this year\"",\n  \""description\"": \""Grace Liskov — 28 this year — resides at 88 Königsallee in Cupertino.\"",\n  \""name\"": \""Grace Liskov\"",\n  \""age\"": 28,\n  \""address\"": {\n    \""street\"": \""88 Königsallee\"",\n    \""city\"": \""Cupertino\""\n  },\n  \""employment\"": \""staff engineer\"",\n  \""contacts\"": [\n    \""email\"": \""grace.liskov@analyticalengines.com\"",\n    \""phone\"": \""555-123-4567\""\n  ],\n  \""tags\"": [\""networking\"", \""cryptography\"", \""distributed-systems\""]\n}\n```""]"
sola-jsonish-rescue,"StructuredOutputAdapter(output_mode=JSONISH, prompt_layout=SECTIONS, parse_config=ParseConfig())",case-0000,validation_error,ValidationError,0.776651606982341,1,json_object,0,12,0.0,False,,address.city;address.postcode;address.street;age;contacts[0].email;contacts[0].phone;contacts[1].email;contacts[1].phone;employment;name;tags[0];tags[1],,663,0,10,0.0,0,"[""{\n  \""record\"": \""Edsger Dijkstra, aged 57, lives at 88 Königsallee in Cupertino.\"",\n  \""name\"": \""Edsger Dijkstra\"",\n  \""age\"": 57,\n  \""address\"": {\n    \""street\"": \""Königsallee\"",\n    \""city\"": \""Cupertino\""\n  },\n  \""employment\"": {\n    \""company\"": \""Mail.Test\"",\n    \""role\"": \""Distributed-systems expert\""\n  },\n  \""contacts\"": [\n    {\n      \""email\"": \""edgersger.dijkstra@mail.test\"",\n      \""phone\"": \""+13 733 5104\""\n    }\n  ],\n  \""tags\"": [\n    \""distributed-systems\"",\n    \""cryptography\""\n  ]\n}""]"
sola-jsonish-rescue,"StructuredOutputAdapter(output_mode=JSONISH, prompt_layout=SECTIONS, parse_config=ParseConfig())",case-0001,validation_error,ValidationError,0.8499849349900614,1,json_object,0,14,0.0,False,,address.city;address.postcode;address.street;age;contacts[0].email;contacts[0].phone;contacts[1].email;contacts[1].phone;employment.company;employment.role;employment.years;name;tags[0];tags[1],,707,0,14,0.0,0,"[""{\n  \""record\"": \""Alan Hopper, aged 20, lives at 1 Infinite Loop in Osaka.\"",\n  \""name\"": \""Alan Hopper\"",\n  \""age\"": 20,\n  \""address\"": {\n    \""street\"": \""1 Infinite Loop\"",\n    \""city\"": \""Osaka\""\n  },\n  \""employment\"": {\n    \""company\"": \""Analytical Engines Ltd\"",\n    \""role\"": \""network designer\"",\n    \""years\"": 5\n  },\n  \""contacts\"": [\n    {\n      \""email\"": \""alan.hopper@post.example\"",\n      \""phone\"": \""+98 885 1034\""\n    },\n    {\n      \""email\"": \""alan.hopper1@post.example\"",\n      \""phone\"": \""+30 705 2674\""\n    }\n  ],\n  \""tags\"": [\""compilers\"", \""mathematics\""]\n}""]"
sola-jsonish-rescue,"StructuredOutputAdapter(output_mode=JSONISH, prompt_layout=SECTIONS, parse_config=ParseConfig())",case-0002,validation_error,ValidationError,0.6625068720022682,1,json_object,0,10,0.0,False,,address.city;address.postcode;address.street;age;contacts[0].email;contacts[0].phone;employment;name;tags[0];tags[1],,594,0,8,0.0,0,"[""{\n  \""record\"": \""Ada Hopper\"",\n  \""name\"": \""Ada Hopper\"",\n  \""age\"": 68,\n  \""address\"": {\n    \""street\"": \""7 Nassau St\"",\n    \""city\"": \""Paris\"",\n    \""postcode\"": \""08540\""\n  },\n  \""employment\"": {\n    \""company\"": \""Example Company\"",\n    \""role\"": \""Cryptography Expert\""\n  },\n  \""contacts\"": [\n    {\n      \""email\"": \""ada.hopper@example.com\"",\n      \""phone\"": \""8540\""\n    }\n  ],\n  \""tags\"": [\""cryptography\"", \""networking\""]\n}""]"
sola-jsonish-rescue,"StructuredOutputAdapter(output_mode=JSONISH, prompt_layout=SECTIONS, parse_config=ParseConfig())",case-0003,validation_error,ValidationError,0.6647298120078631,1,json_object,0,11,0.0,False,,address.city;address.postcode;address.street;age;employment.company;employment.role;employment.years;name;tags[0];tags[1];tags[2],,628,0,11,0.0,0,"[""{\n  \""record\"": \""Katherine Turing\"",\n  \""name\"": \""Katherine Turing\"",\n  \""age\"": 37,\n  \""address\"": {\n    \""street\"": \""12 Baker St, Osaka\"",\n    \""city\"": \""Osaka\"",\n    \""postcode\"": \""95014\""\n  },\n  \""employment\"": {\n    \""company\"": \""Bell Labs\"",\n    \""role\"": \""Research Lead\"",\n    \""years\"": 7\n  },\n  \""contacts\"": [\n    {\n      \""email\"": \""katheryn.turing@bell.com\"",\n      \""phone\"": \""95014\""\n    }\n  ],\n  \""tags\"": [\""networking\"", \""distributed-systems\"", \""cryptography\""]\n}""]"
sola-jsonish-rescue,"StructuredOutputAdapter(output_mode=JSONISH, prompt_layout=SECTIONS, parse_config=ParseConfig())",case-0004,validation_error,ValidationError,0.7297152839892078,1,json_object,0,10,0.0,False,,address.city;address.postcode;address.street;age;contacts[0].email;contacts[0].phone;employment.company;employment.role;employment.years;name,,644,0,10,0.0,0,"[""{\n  \""record\"": \""Katherine Torvalds, aged 40, lives at 12 Baker St in London.\"",\n  \""name\"": \""Katherine Torvalds\"",\n  \""age\"": 40,\n  \""address\"": {\n    \""street\"": \""12 Baker St\"",\n    \""city\"": \""London\""\n  },\n  \""employment\"": {\n    \""company\"": \""Sun Micro\"",\n    \""role\"": \""Compiler Architect\""\n  },\n  \""contacts\"": [\n    {\n      \""email\"": \""katherine.torvalds@example.com\"",\n      \""phone\"": \""+69 468 5533\""\n    }\n  ],\n  \""tags\"": [\""computer science\"", \""software engineering\""]\n}""]"
sola-jsonish-rescue,"StructuredOutputAdapter(output_mode=JSONISH, prompt_layout=SECTIONS, parse_config=ParseConfig())",case-0005,validation_error,ValidationError,0.7542849970050156,1,json_object,0,8,0.0,False,,address.city;address.postcode;address.street;age;employment;name;tags[0];tags[1],,608,0,6,0.0,0,"[""{\n  \""record\"": \""Linus Liskov\"",\n  \""name\"": \""Linus Liskov\"",\n  \""age\"": 32,\n  \""address\"": {\n    \""street\"": \""5 Rue Lafayette\"",\n    \""city\"": \""Kraków\"",\n    \""postcode\"": \""PL001-000\""\n  },\n  \""employment\"": {\n    \""company\"": \""University of Warsaw\"",\n    \""role\"": \""Professor\""\n  },\n  \""contacts\"": [\n    {\n      \""email\"": \""linus.liskov@example.com\"",\n      \""phone\"": \""555-123-4567\""\n    }\n  ],\n  \""tags\"": [\n    \""mathematics\"",\n    \""cryptography\""\n  ]\n}""]"
sola-jsonish-rescue,"StructuredOutputAdapter(output_mode=JSONISH, prompt_layout=SECTIONS, parse_config=ParseConfig())",case-0006,validation_error,ValidationError,0.6739628320210613,1,json_object,0,13,0.0,False,,address.city;address.postcode;address.street;age;contacts[0].email;contacts[0].phone;employment.company;employment.role;employment.years;name;tags[0];tags[1];tags[2],,627,0,12,0.0,0,"[""{\n  \""record\"": \""Grace Perlman\"",\n  \""name\"": \""grace.perlman@example.com\"",\n  \""age\"": 25,\n  \""address\"": {\n    \""street\"": \""Infinite Loop\"",\n    \""city\"": \""Osaka\""\n  },\n  \""employment\"": {\n    \""company\"": \""Bell Labs\"",\n    \""role\"": \""Compiler Architect\""\n  },\n  \""contacts\"": [\n    {\n      \""email\"": \""grace.perlman@example.com\"",\n      \""phone\"": \""+26 847 7783\""\n    }\n  ],\n  \""tags\"": [\""distributed-systems\"", \""mathematics\"", \""networking\""]\n}""]"
sola-jsonish-rescue,"StructuredOutputAdapter(output_mode=JSONISH, prompt_layout=SECTIONS, parse_config=ParseConfig())",case-0007,validation_error,ValidationError,0.6897065849916544,1,json_object,0,10,0.0,False,,address.city;address.postcode;address.street;age;employment.company;employment.role;employment.years;name;tags[0];tags[1],,619,0,10,0.0,0,"[""{\n  \""record\"": \""Barbara Turing\"",\n  \""name\"": \""Barbara Turing\"",\n  \""age\"": 26,\n  \""address\"": {\n    \""street\"": \""7 Nassau St\"",\n    \""city\"": \""London\"",\n    \""postcode\"": \""08540\""\n  },\n  \""employment\"": {\n    \""company\"": \""Naval Systems\"",\n    \""role\"": \""Staff Engineer\"",\n    \""years\"": 3\n  },\n  \""contacts\"": [\n    {\n      \""email\"": \""Barbara.Turing@navalsystems.com\"",\n      \""phone\"": \""08540\""\n    }\n  ],\n  \""tags\"": [\""networking\"", \""distributed-systems\""]\n}""]"
sola-jsonish-rescue,"StructuredOutputAdapter(output_mode=JSONISH, prompt_layout=SECTIONS, parse_config=ParseConfig())",case-0008,validation_error,ValidationError,0.714370539993979,1,json_object,0,8,0.0,False,,address.city;address.postcode;address.street;age;employment.company;employment.role;employment.years;name,,608,0,7,0.0,0,"[""{\n  \""record\"": \""21 this year\"",\n  \""name\"": \""Katherine Liskov\"",\n  \""age\"": 21,\n  \""address\"": {\n    \""street\"": \""5 Rue Lafayette\"",\n    \""city\"": \""Paris\"",\n    \""postcode\"": \""5 Rue Lafayette\""\n  },\n  \""employment\"": {\n    \""company\"": \""Sun Micro\"",\n    \""role\"": \""research lead\""\n  },\n  \""contacts\"": [\n    {\n      \""email\"": \""katheryna.liskov@sunmicro.com\"",\n      \""phone\"": \""555-123-4567\""\n    }\n  ],\n  \""tags\"": [\""person\"", \""research\"", \""lead\""]\n}""]"
sola-jsonish-rescue,"StructuredOutputAdapter(output_mode=JSONISH, prompt_layout=SECTIONS, parse_config=ParseConfig())",case-0009,validation_error,ValidationError,0.8776034390029963,1,json_object,0,10,0.0,False,,address.city;address.postcode;address.street;age;employment.company;employment.role;employment.years;name;tags[0];tags[1],,673,0,10,0.0,0,"[""{\n  \""record\"": \""Radia Liskov is 66 years old and can be found at 7 Nassau St, Cupertino. The postcode is 08540. They work at Analytical Engines Ltd as a compiler architect, 18 years so far.\"",\n  \""name\"": \""Radia Liskov\"",\n  \""age\"": 66,\n  \""address\"": {\n    \""street\"": \""7 Nassau St\"",\n    \""city\"": \""Cupertino\""\n  },\n  \""employment\"": {\n    \""company\"": \""Analytical Engines Ltd\"",\n    \""role\"": \""Compiler Architect\""\n  },\n  \""contacts\"": [\n    {\n      \""email\"": \""radia.liskov@analyticalengines.com\"",\n      \""phone\"": \""555-123-4567\""\n    }\n  ],\n  \""tags\"": [\n    \""distributed-systems\"",\n    \""mathematics\""\n  ]\n}""]"
sola-jsonish-rescue,"StructuredOutputAdapter(output_mode=JSONISH, prompt_layout=SECTIONS, parse_config=ParseConfig())",case-0010,validation_error,ValidationError,0.6839968280110043,1,json_object,0,14,0.0,False,,address.city;address.postcode;address.street;age;contacts[0].email;contacts[0].phone;contacts[1].email;contacts[1].phone;employment.company;employment.role;employment.years;name;tags[0];tags[1],,653,0,13,0.0,0,"[""{\n  \""record\"": \""Ada Dijkstra\"",\n  \""name\"": \""Ada Dijkstra\"",\n  \""age\"": 66,\n  \""address\"": {\n    \""street\"": \""88 Königsallee\"",\n    \""city\"": \""Kraków\""\n  },\n  \""employment\"": {\n    \""company\"": \""Analytical Engines Ltd\"",\n    \""role\"": \""network designer\""\n  },\n  \""contacts\"": [\n    {\n      \""email\"": \""ada.dijkstra1@example.com\"",\n      \""phone\"": \""+96 469 1730\""\n    }\n  ],\n  \""tags\"": [\""distributed-systems\"", \""compilers\""]\n}""]"
sola-jsonish-rescue,"StructuredOutputAdapter(output_mode=JSONISH, prompt_layout=SECTIONS, parse_config=ParseConfig())",case-0011,validation_error,ValidationError,0.7189734879939351,1,json_object,0,9,0.0,False,,address.city;address.postcode;address.street;age;contacts[0].email;contacts[0].phone;employment;name;tags[0],,637,0,8,0.0,0,"[""{\n  \""record\"": \""Radia Perlman — 23 this year — resides at 7 Nassau St in Cupertino.\"",\n  \""name\"": \""Radia Perlman\"",\n  \""age\"": 23,\n  \""address\"": {\n    \""street\"": \""7 Nassau St\"",\n    \""city\"": \""Cupertino\""\n  },\n  \""employment\"": {\n    \""company\"": \""Distributed-systems\"",\n    \""role\"": \""Distributed-systems\""\n  },\n  \""contacts\"": [\n    {\n      \""email\"": \""radia.perlman@mail.test\"",\n      \""phone\"": \""+39 245 2485\""\n    }\n  ],\n  \""tags\"": [\n    \""distributed-systems\""\n  ]\n}""]"
sola-jsonish-rescue,"StructuredOutputAdapter(output_mode=JSONISH, prompt_layout=SECTIONS, parse_config=ParseConfig())",case-0012,validation_error,ValidationError,0.9354631699970923,1,json_object,0,12,0.0,False,,address.city;address.postcode;address.street;age;contacts[0].email;contacts[0].phone;employment.company;employment.role;employment.years;name;tags[0];tags[1],,695,0,10,0.0,0,"[""{\n  \""record\"": \""Radia Torvalds, aged 89, lives at 12 Baker St in Düsseldorf. Contact: radia.torvalds@post.example. They work at Xerox PARC as a compiler architect, 21 years so far.\"",\n  \""name\"": \""Radia Torvalds\"",\n  \""age\"": 89,\n  \""address\"": {\n    \""street\"": \""12 Baker St\"",\n    \""city\"": \""Düsseldorf\"",\n    \""postcode\"": \""Düsseldorf, DE 02401\""\n  },\n  \""employment\"": {\n    \""company\"": \""Xerox PARC\"",\n    \""role\"": \""Compiler Architect\"",\n    \""years\"": 21\n  },\n  \""contacts\"": [\n    {\n      \""email\"": \""radia.torvalds@post.example.com\"",\n      \""phone\"": \""555-123-4567\""\n    }\n  ],\n  \""tags\"": [\""distributed-systems\"", \""cryptography\""]\n}""]"
sola-jsonish-rescue,"StructuredOutputAdapter(output_mode=JSONISH, prompt_layout=SECTIONS, parse_config=ParseConfig())",case-0013,validation_error,ValidationError,0.7648664150037803,1,json_object,0,11,0.0,False,,address.city;address.postcode;address.street;age;contacts[0].email;contacts[0].phone;employment.company;employment.role;employment.years;name;tags[0],,633,0,9,0.0,0,"[""{\n  \""record\"": \""Linus Torvalds, aged 55, lives at 5 Rue Lafayette in Osaka.\"",\n  \""name\"": \""Linus Torvalds\"",\n  \""age\"": 55,\n  \""address\"": {\n    \""street\"": \""5 Rue Lafayette\"",\n    \""city\"": \""Osaka\""\n  },\n  \""employment\"": {\n    \""company\"": \""Naval Systems\"",\n    \""role\"": \""Research Lead\""\n  },\n  \""contacts\"": [\n    {\n      \""email\"": \""linus.torvalds@example.com\"",\n      \""phone\"": \""555-123-4567\""\n    }\n  ],\n  \""tags\"": [\n    \""cryptography\"",\n    \""cybersecurity\""\n  ]\n}""]"
sola-jsonish-rescue,"StructuredOutputAdapter(output_mode=JSONISH, prompt_layout=SECTIONS, parse_config=ParseConfig())",case-0014,validation_error,ValidationError,0.7158984910056461,1,json_object,0,10,0.0,False,,address.city;address.postcode;address.street;age;employment.company;employment.role;employment.years;name;tags[0];tags[1],,613,0,10,0.0,0,"[""{\n  \""record\"": \""Grace Johnson\"",\n  \""name\"": \""Grace Johnson\"",\n  \""age\"": 63,\n  \""address\"": {\n    \""street\"": \""88 Königsallee\"",\n    \""city\"": \""Cupertino\""\n  },\n  \""employment\"": {\n    \""company\"": \""Xerox PARC\"",\n    \""role\"": \""Staff Engineer\"",\n    \""years\"": 9\n  },\n  \""contacts\"": [\n    {\n      \""email\"": \""grace.johnson@example.com\"",\n      \""phone\"": \""555-123-4567\""\n    }\n  ],\n  \""tags\"": [\""cryptography\"", \""compilers\""]\n}""]"
sola-jsonish-rescue,"StructuredOutputAdapter(output_mode=JSONISH, prompt_layout=SECTIONS, parse_config=ParseConfig())",case-0015,validation_error,ValidationError,0.7581288699875586,1,json_object,0,10,0.0,False,,address.city;address.postcode;address.street;age;contacts[0].email;contacts[0].phone;employment.company;employment.role;employment.years;name,,645,0,10,0.0,0,"[""{\n  \""record\"": \""Katherine Lovelace\"",\n  \""name\"": \""Katherine Lovelace\"",\n  \""age\"": 51,\n  \""address\"": {\n    \""street\"": \""12 Baker St\"",\n    \""city\"": \""Osaka\"",\n    \""postcode\"": \""75009\""\n  },\n  \""employment\"": {\n    \""company\"": \""Bell Labs\"",\n    \""role\"": \""Research Lead\"",\n    \""years\"": 4\n  },\n  \""contacts\"": [\n    {\n      \""email\"": \""katherine.lovelace@corp.example\"",\n      \""phone\"": \""+46 387 7427\""\n    }\n  ],\n  \""tags\"": [\""research\"", \""lead\"", \""Osaka\""]\n}""]"
sola-jsonish-rescue,"StructuredOutputAdapter(output_mode=JSONISH, prompt_layout=SECTIONS, parse_config=ParseConfig())",case-0016,validation_error,ValidationError,0.7361386860138737,1,json_object,0,12,0.0,False,,address.city;address.postcode;address.street;age;contacts[0].email;contacts[0].phone;contacts[1].email;contacts[1].phone;employment.company;employment.role;employment.years;name,,692,0,12,0.0,0,"[""{\n  \""record\"": \""Barbara Perlman\"",\n  \""name\"": \""Barbara Perlman\"",\n  \""age\"": 20,\n  \""address\"": {\n    \""street\"": \""Infinite Loop\"",\n    \""city\"": \""Osaka\""\n  },\n  \""employment\"": {\n    \""company\"": \""Naval Systems\"",\n    \""role\"": \""Research Lead\""\n  },\n  \""contacts\"": [\n    {\n      \""email\"": \""barbara.perlman1@corp.example\"",\n      \""phone\"": \""+29 717 5153\""\n    },\n    {\n      \""email\"": \""barbara.perlman@corp.example\"",\n      \""phone\"": \""+43 782 3325\""\n    }\n  ],\n  \""tags\"": [\""Person\"", \""Perlman\""]\n}""]"
sola-jsonish-rescue,"StructuredOutputAdapter(output_mode=JSONISH, prompt_layout=SECTIONS, parse_config=ParseConfig())",case-0017,validation_error,ValidationError,0.4154378289822489,1,json_object,0,10,0.0,False,,address.city;address.postcode;address.street;age;contacts[0].email;contacts[0].phone;employment.company;employment.role;employment.years;name,,520,0,8,0.0,0,"[""{\n  \""record\"": \""Edsger Torvalds is 69 years old and can be found at 12 Baker St, Paris. Contact: edsger.torvalds@corp.example. They work at Xerox PARC as a network designer, 9 years so far.\""\n}""]"
sola-jsonish-rescue,"StructuredOutputAdapter(output_mode=JSONISH, prompt_layout=SECTIONS, parse_config=ParseConfig())",case-0018,validation_error,ValidationError,0.7409405079961289,1,json_object,0,12,0.0,False,,address.city;address.postcode;address.street;age;contacts[0].email;contacts[0].phone;employment.company;employment.role;employment.years;name;tags[0];tags[1],,631,0,11,0.0,0,"[""{\n  \""record\"": \""Alan Hopper\"",\n  \""name\"": \""Alan Hopper\"",\n  \""age\"": 48,\n  \""address\"": {\n    \""street\"": \""1 Infinite Loop, Paris\"",\n    \""city\"": \""Paris\""\n  },\n  \""employment\"": {\n    \""company\"": \""Xerox PARC\"",\n    \""role\"": \""Compiler Architect\"",\n    \""years\"": 15\n  },\n  \""contacts\"": [\n    {\n      \""email\"": \""alan.hopper@corp.example\"",\n      \""phone\"": \""+89 220 6315\""\n    }\n  ],\n  \""tags\"": [\""distributed-systems\"", \""cryptography\""]\n}""]"
sola-jsonish-rescue,"StructuredOutputAdapter(output_mode=JSONISH, prompt_layout=SECTIONS, parse_config=ParseConfig())",case-0019,validation_error,ValidationError,0.8122917900036555,1,json_object,0,13,0.0,False,,address.city;address.postcode;address.street;age;contacts[0].email;contacts[0].phone;employment.company;employment.role;employment.years;name;tags[0];tags[1];tags[2],,640,0,12,0.0,0,"[""{\n  \""record\"": \""Ada Hopper\"",\n  \""name\"": \""Ada Hopper\"",\n  \""age\"": 20,\n  \""address\"": {\n    \""street\"": \""5 Rue Lafayette\"",\n    \""city\"": \""Princeton\"",\n    \""postcode\"": \""40212\""\n  },\n  \""employment\"": {\n    \""company\"": \""Analytical Engines Ltd\"",\n    \""role\"": \""Compiler Architect\"",\n    \""years\"": 5\n  },\n  \""contacts\"": [\n    {\n      \""email\"": \""ada.hopper@corp.example.com\"",\n      \""phone\"": \""555-123-4567\""\n    }\n  ],\n  \""tags\"": [\""Mathematics\"", \""Composers\"", \""Cryptography\""]\n}""]"
sola-jsonish-rescue,"StructuredOutputAdapter(output_mode=JSONISH, prompt_layout=SECTIONS, parse_config=ParseConfig())",case-0020,validation_error,ValidationError,0.7949725160142407,1,json_object,0,8,0.0,False,,address.city;address.postcode;address.street;age;employment;name;tags[0];tags[1],,602,0,6,0.0,0,"[""{\n  \""record\"": \""Alan Torvalds, aged 70, lives at 7 Nassau St in Paris.\"",\n  \""name\"": \""Alan Torvalds\"",\n  \""age\"": 70,\n  \""address\"": {\n    \""street\"": \""7 Nassau St\"",\n    \""city\"": \""Paris\""\n  },\n  \""employment\"": {\n    \""company\"": \""Acme Corp\"",\n    \""role\"": \""Software Engineer\""\n  },\n  \""contacts\"": [\n    {\n      \""email\"": \""alan.torvalds@acme.com\"",\n      \""phone\"": \""555-123-4567\""\n    }\n  ],\n  \""tags\"": [\n    \""mathematics\"",\n    \""networking\""\n  ]\n}""]"
sola-jsonish-rescue,"StructuredOutputAdapter(output_mode=JSONISH, prompt_layout=SECTIONS, parse_config=ParseConfig())",case-0021,validation_error,ValidationError,0.7115849900001194,1,json_object,0,13,0.0,False,,address.city;address.postcode;address.street;age;contacts[0].email;contacts[0].phone;contacts[1].email;contacts[1].phone;employment.company;employment.role;employment.years;name;tags[0],,628,0,11,0.0,0,"[""{\n  \""record\"": \""Alan Dijkstra\"",\n  \""name\"": \""Alan Dijkstra\"",\n  \""age\"": 47,\n  \""address\"": {\n    \""street\"": \""1 Infinite Loop, Osaka\"",\n    \""city\"": \""Osaka\""\n  },\n  \""employment\"": {\n    \""company\"": \""Sun Micro\"",\n    \""role\"": \""Research Lead\""\n  },\n  \""contacts\"": [\n    {\n      \""email\"": \""alan.dijkstra1@example.com\"",\n      \""phone\"": \""+75 538 2134\""\n    }\n  ],\n  \""tags\"": [\""cryptography\""]\n}""]"
sola-jsonish-rescue,"StructuredOutputAdapter(output_mode=JSONISH, prompt_layout=SECTIONS, parse_config=ParseConfig())",case-0022,validation_error,ValidationError,0.8203037669882178,1,json_object,0,8,0.0,False,,address.city;address.postcode;address.street;age;contacts[0].email;contacts[0].phone;employment;name,,605,0,7,0.0,0,"[""{\n  \""record\"": \""88 this year\"",\n  \""name\"": \""Alan Johnson\"",\n  \""age\"": 88,\n  \""address\"": {\n    \""street\"": \""Königsallee\"",\n    \""city\"": \""Osaka\""\n  },\n  \""employment\"": {\n    \""company\"": \""Mail.Test\"",\n    \""role\"": \""Contact\""\n  },\n  \""contacts\"": [\n    {\n      \""email\"": \""alan.johnson@mail.test\"",\n      \""phone\"": \""+7 427 3934\""\n    }\n  ],\n  \""tags\"": [\""person\"", \""johnson\""]\n}""]"
sola-jsonish-rescue,"StructuredOutputAdapter(output_mode=JSONISH, prompt_layout=SECTIONS, parse_config=ParseConfig())",case-0023,validation_error,ValidationError,0.6546195760020055,1,json_object,0,15,0.0,False,,address.city;address.postcode;address.street;age;contacts[0].email;contacts[0].phone;contacts[1].email;contacts[1].phone;employment.company;employment.role;employment.years;name;tags[0];tags[1];tags[2],,652,0,14,0.0,0,"[""{\n  \""record\"": \""Linus Hopper\"",\n  \""name\"": \""Linus Hopper\"",\n  \""age\"": 25,\n  \""address\"": {\n    \""street\"": \""88 Königsallee, Paris\"",\n    \""city\"": \""Paris\""\n  },\n  \""employment\"": {\n    \""company\"": \""Bell Labs\"",\n    \""role\"": \""network designer\""\n  },\n  \""contacts\"": [\n    {\n      \""email\"": \""linus.hopper1@example.com\"",\n      \""phone\"": \""+91 610 7901\""\n    }\n  ],\n  \""tags\"": [\""mathematics\"", \""networking\"", \""cryptography\""]\n}""]"
sola-jsonish-rescue,"StructuredOutputAdapter(output_mode=JSONISH, prompt_layout=SECTIONS, parse_config=ParseConfig())",case-0024,validation_error,ValidationError,0.8283305400109384,1,json_object,0,10,0.0,False,,address.city;address.postcode;address.street;age;contacts[0].email;contacts[0].phone;employment.company;employment.role;employment.years;name,,657,0,10,0.0,0,"[""{\n  \""record\"": \""Edsger Turing — 56 this year — resides at 5 Rue Lafayette in Osaka.\"",\n  \""name\"": \""Edsger Turing\"",\n  \""age\"": 56,\n  \""address\"": {\n    \""street\"": \""5 Rue Lafayette\"",\n    \""city\"": \""Osaka\""\n  },\n  \""employment\"": {\n    \""company\"": \""Analytical Engines Ltd\"",\n    \""role\"": \""network designer\""\n  },\n  \""contacts\"": [\n    {\n      \""email\"": \""edgersger.turing@example.com\"",\n      \""phone\"": \""+22 603 8277\""\n    }\n  ],\n  \""tags\"": [\n    \""artificial intelligence\"",\n    \""network design\"",\n    \""artificial intelligence\""\n  ]\n}""]"
sola-jsonish-rescue,"StructuredOutputAdapter(output_mode=JSONISH, prompt_layout=SECTIONS, parse_config=ParseConfig())",case-0025,validation_error,ValidationError,0.7885556539986283,1,json_object,0,10,0.0,False,,address.city;address.postcode;address.street;age;contacts[0].email;contacts[0].phone;contacts[1].email;contacts[1].phone;employment;name,,629,0,8,0.0,0,"[""{\n  \""record\"": \""Edsger Lovelace (41)\"",\n  \""name\"": \""Edsger Lovelace\"",\n  \""age\"": 41,\n  \""address\"": {\n    \""street\"": \""88 Königsallee\"",\n    \""city\"": \""London\""\n  },\n  \""employment\"": {\n    \""company\"": \""Post Office\"",\n    \""role\"": \""Accountant\""\n  },\n  \""contacts\"": [\n    {\n      \""email\"": \""edgersger.lovelace@post.example\"",\n      \""phone\"": \""+16 689 4229\""\n    }\n  ],\n  \""tags\"": [\""person\"", \""record\""]\n}""]"
sola-jsonish-rescue,"StructuredOutputAdapter(output_mode=JSONISH, prompt_layout=SECTIONS, parse_config=ParseConfig())",case-0026,validation_error,ValidationError,0.784656001982512,1,json_object,0,12,0.0,False,,address.city;address.postcode;address.street;age;contacts[0].email;contacts[0].phone;employment.company;employment.role;employment.years;name;tags[0];tags[1],,635,0,11,0.0,0,"[""{\n  \""record\"": \""Katherine Johnson\"",\n  \""name\"": \""Katherine Johnson\"",\n  \""age\"": 21,\n  \""address\"": {\n    \""street\"": \""12 Baker St, Kraków\"",\n    \""city\"": \""Kraków\"",\n    \""postcode\"": \""08540\""\n  },\n  \""employment\"": {\n    \""company\"": \""Sun Micro\"",\n    \""role\"": \""Research Lead\""\n  },\n  \""contacts\"": [\n    {\n      \""email\"": \""katherine.johnson@post.example.com\"",\n      \""phone\"": \""555-123-4567\""\n    }\n  ],\n  \""tags\"": [\""networking\"", \""cryptography\""]\n}""]"
sola-jsonish-rescue,"StructuredOutputAdapter(output_mode=JSONISH, prompt_layout=SECTIONS, parse_config=ParseConfig())",case-0027,validation_error,ValidationError,0.872631617996376,1,json_object,0,10,0.0,False,,address.city;address.postcode;address.street;age;employment.company;employment.role;employment.years;name;tags[0];tags[1],,629,0,9,0.0,0,"[""{\n  \""record\"": \""Radia Torvalds\"",\n  \""name\"": \""Radia Torvalds\"",\n  \""age\"": 49,\n  \""address\"": {\n    \""street\"": \""7 Nassau St\"",\n    \""city\"": \""Düsseldorf\"",\n    \""postcode\"": \""Düsseldorf, DE 02401\""\n  },\n  \""employment\"": {\n    \""company\"": \""Bell Labs\"",\n    \""role\"": \""Compiler Architect\"",\n    \""years\"": 49\n  },\n  \""contacts\"": [\n    {\n      \""email\"": \""radia.torvalds@example.com\"",\n      \""phone\"": \""555-123-4567\""\n    }\n  ],\n  \""tags\"": [\""networking\"", \""cryptography\""]\n}""]"
sola-jsonish-rescue,"StructuredOutputAdapter(output_mode=JSONISH, prompt_layout=SECTIONS, parse_config=ParseConfig())",case-0028,validation_error,ValidationError,0.6904086059948895,1,json_object,0,9,0.0,False,,address.city;address.postcode;address.street;age;contacts[0].email;contacts[0].phone;employment;name;tags[0],,611,0,8,0.0,0,"[""{\n  \""record\"": \""Grace Turing\"",\n  \""name\"": \""Grace Turing\"",\n  \""age\"": 42,\n  \""address\"": {\n    \""street\"": \""1 Infinite Loop\"",\n    \""city\"": \""Osaka\""\n  },\n  \""employment\"": {\n    \""company\"": \""Mailtest\"",\n    \""role\"": \""Distributed-systems Engineer\""\n  },\n  \""contacts\"": [\n    {\n      \""email\"": \""grace.turing@mail.test\"",\n      \""phone\"": \""+51 266 3147\""\n    }\n  ],\n  \""tags\"": [\""distributed-systems\"", \""engineer\""]\n}""]"
sola-jsonish-rescue,"StructuredOutputAdapter(output_mode=JSONISH, prompt_layout=SECTIONS, parse_config=ParseConfig())",case-0029,validation_error,ValidationError,0.9750705109909177,1,json_object,0,11,0.0,False,,address.city;address.postcode;address.street;age;employment.company;employment.role;employment.years;name;tags[0];tags[1];tags[2],,671,0,11,0.0,0,"[""{\n  \""record\"": \""28 this year\"",\n  \""name\"": \""Grace Liskov\"",\n  \""age\"": 28,\n  \""address\"": {\n    \""street\"": \""88 Königsallee\"",\n    \""city\"": \""Cupertino\""\n  },\n  \""employment\"": {\n    \""company\"": \""Analytical Engines Ltd\"",\n    \""role\"": \""Staff Engineer\"",\n    \""years\"": 4\n  },\n  \""contacts\"": [\n    {\n      \""email\"": \""grace.liskov@analyticalengines.com\"",\n      \""phone\"": \""555-123-4567\""\n    },\n    {\n      \""email\"": \""jane.smith@analyticalengines.com\"",\n      \""phone\"": \""555-987-6543\""\n    }\n  ],\n  \""tags\"": [\""networking\"", \""cryptography\"", \""distributed-systems\""]\n}""]"
sola-yaml-rescue,"StructuredOutputAdapter(output_mode=YAML, prompt_layout=SECTIONS, parse_config=ParseConfig())",case-0000,parse_error,AdapterParseError,1.2857181570143439,1,none,0,12,0.0,False,,address.city;address.postcode;address.street;age;contacts[0].email;contacts[0].phone;contacts[1].email;contacts[1].phone;employment;name;tags[0];tags[1],,748,0,10,0.0,0,"[""```yaml\nrecord:        # note: the value you produce must be parseable according to the following schema:\n  # Description: The extraction target: nested models, an optional object, and two lists.\n  #\n  # Deliberately shaped like the reference benchmarks' targets - nesting, optionality and\n  # repetition are where schema-following actually breaks down, and a flat model would\n  # make every adapter look identical.\n\n\n  name*: string\n  age*: int (0 to 120)\n  address*:\n    street*: string\n    city*: string\n    postcode: string OR null  # (default=null)\n  employment:  # OR null; (default=null)\n    company*: string\n    role*: string\n    years*: int (0 to 50)\n  contacts:\n  - email*: string\n    phone: string OR null  # (default=null)\n  tags: list[string]\nIn adhering to this structure, your objective is:\n        Extract the person record described by the text.\n\n[[ ## text ## ]]\nEdsger Dijkstra, aged 57, lives at 88 Königsallee in Cupertino. Interests: distributed-systems, cryptography. Contact: edsger.dijkstra@mail.test. Contact: edsger.dijkstra1@corp.example, phone +13 733 5104. The postcode is 40212.\n```""]"
sola-yaml-rescue,"StructuredOutputAdapter(output_mode=YAML, prompt_layout=SECTIONS, parse_config=ParseConfig())",case-0001,validation_error,ValidationError,0.7700544380059,1,none,0,14,0.0,False,,address.city;address.postcode;address.street;age;contacts[0].email;contacts[0].phone;contacts[1].email;contacts[1].phone;employment.company;employment.role;employment.years;name;tags[0];tags[1],,665,0,14,0.0,0,"[""```python\n{\n  \""record\"": \""Alan Hopper, aged 20, lives at 1 Infinite Loop in Osaka.\"",\n  \""description\"": \""Contact: alan.hopper@post.example, phone +98 885 1034.\"",\n  \""name\"": \""Alan Hopper\"",\n  \""age\"": 20,\n  \""address\"": {\n    \""street\"": \""1 Infinite Loop\"",\n    \""city\"": \""Osaka\""\n  },\n  \""employment\"": \""Network Designer\"",\n  \""contacts\"": [\n    {\n      \""email\"": \""alan.hopper@post.example\"",\n      \""phone\"": \""98 885 1034\""\n    },\n    {\n      \""email\"": \""alan.hopper1@post.example\"",\n      \""phone\"": \""30 705 2674\""\n    }\n  ],\n  \""interests\"": [\""compilers\"", \""mathematics\""]\n}\n```""]"
sola-yaml-rescue,"StructuredOutputAdapter(output_mode=YAML, prompt_layout=SECTIONS, parse_config=ParseConfig())",case-0002,validation_error,ValidationError,0.5904907349904533,1,none,0,10,0.0,False,,address.city;address.postcode;address.street;age;contacts[0].email;contacts[0].phone;employment;name;tags[0];tags[1],,558,0,8,0.0,0,"[""```python\nimport yaml\n\ndef extract_person_record(text):\n    try:\n        # Split the text into individual records\n        records = text.splitlines()\n        if len(records) == 0:\n            return None\n        return {\n            \""record\"": records[0],\n        }\n    except Exception as e:\n        print(f\""Error extracting record: {e}\"")\n        return None\n\n# Example usage:\ntext = \""Ada Hopper (68): residence 7 Nassau St, Paris. The postcode is 08540. Contact: ada.hopper@example.com. Interests: cryptography, networking.\""\nperson_record = extract_person_record(text)\nprint(person_record)\n```\n""]"
sola-yaml-rescue,"StructuredOutputAdapter(output_mode=YAML, prompt_layout=SECTIONS, parse_config=ParseConfig())",case-0003,parse_error,AdapterParseError,1.0415552990161814,1,none,0,11,0.0,False,,address.city;address.postcode;address.street;age;employment.company;employment.role;employment.years;name;tags[0];tags[1];tags[2],,704,0,11,0.0,0,"[""```yaml\nrecord:        # note: the value you produce must be parseable according to the following schema:\n  # Description: The extraction target: nested models, an optional object, and two lists.\n  #\n  # Deliberately shaped like the reference benchmarks' targets - nesting, optionality and\n  # repetition are where schema-following actually breaks down, and a flat model would\n  # make every adapter look identical.\n\n\n  name*: string\n  age*: int (0 to 120)\n  address*:\n    street*: string\n    city*: string\n    postcode: string OR null  # (default=null)\n  employment:  # OR null; (default=null)\n    company*: string\n    role*: string\n    years*: int (0 to 50)\n  contacts:\n  - email*: string\n    phone: string OR null  # (default=null)\n  tags: list[string]\nIn adhering to this structure, your objective is:\n        Extract the person record described by the text.\n\n[[ ## text ## ]]\nKatherine Turing is 37 years old and can be found at 12 Baker St, Osaka. They work at Bell Labs as a research lead, 7 years so far. The postcode is 95014. Interests: networking, distributed-systems, cryptography.\n```""]"
sola-yaml-rescue,"StructuredOutputAdapter(output_mode=YAML, prompt_layout=SECTIONS, parse_config=ParseConfig())",case-0004,parse_error,AdapterParseError,1.1799741740105674,1,none,0,10,0.0,False,,address.city;address.postcode;address.street;age;contacts[0].email;contacts[0].phone;employment.company;employment.role;employment.years;name,,738,0,10,0.0,0,"[""```yaml\nrecord:        # note: the value you produce must be parseable according to the following schema:\n  # Description: The extraction target: nested models, an optional object, and two lists.\n  #\n  # Deliberately shaped like the reference benchmarks' targets - nesting, optionality and\n  # repetition are where schema-following actually breaks down, and a flat model would\n  # make every adapter look identical.\n\n\n  name*: string\n  age*: int (0 to 120)\n  address*:\n    street*: string\n    city*: string\n    postcode: string OR null  # (default=null)\n  employment:  # OR null; (default=null)\n    company*: string\n    role*: string\n    years*: int (0 to 50)\n  contacts:\n  - email*: string\n    phone: string OR null  # (default=null)\n  tags: list[string]\nIn adhering to this structure, your objective is:\n        Extract the person record described by the text.\n\n[[ ## text ## ]]\nKatherine Torvalds, aged 40, lives at 12 Baker St in London. Contact: katherine.torvalds@example.com, phone +69 468 5533. The postcode is 95014. They work at Sun Micro as a compiler architect, 26 years so far.\n```""]"
sola-yaml-rescue,"StructuredOutputAdapter(output_mode=YAML, prompt_layout=SECTIONS, parse_config=ParseConfig())",case-0005,validation_error,ValidationError,2.0422693059954327,1,none,0,8,0.0,False,,address.city;address.postcode;address.street;age;employment;name;tags[0];tags[1],,967,0,6,0.0,0,"[""```python\nimport yaml\n\ndef extract_person_record(text):\n  \""\""\""Extracts a person record from a text string.\""\""\""\n\n  try:\n    # Split the text into individual records\n    records = text.splitlines()\n\n    # Extract the person record\n    person_record = {}\n    for record in records:\n      record_parts = record.split()\n      if len(record_parts) == 2:\n        person_record[record_parts[0]] = record_parts[1]\n      else:\n        print(f\""Warning: Skipping record due to incorrect format: {record_parts}\"")\n        continue  # Skip to the next record\n\n    return person_record\n  except Exception as e:\n    print(f\""Error extracting person record: {e}\"")\n    return None\n\n# Example usage:\ntext = \""Linus Liskov is a mathematician and cryptography expert. He is known for his work on cryptography and his interest in mathematics.\""\nperson_record = extract_person_record(text)\n\nif person_record:\n  print(person_record)\nelse:\n  print(\""No person record found.\"")\n```\n\nKey improvements and explanations:\n\n* **Error Handling:** The `try...except` block is crucial.  It catches potential errors during the extraction process, such as incorrect format in the text or a missing record.  This prevents the program from crashing and provides a helpful error message.\n* **Clearer Variable Names:** Using `person_record` makes the code more readable and easier to understand.\n* **Docstring:**  A docstring explains the function's purpose, arguments, and return value.\n* **`splitlines()`:**  The `splitlines()` method is used to split the text into individual lines, which is the standard way to handle text in Python.\n* **Handles Missing Records:** The code now gracefully handles cases where a record might be missing a part of the text.  It prints a warning message and continues to process the next record.\n* **Correct `record_parts` Handling:** The code now correctly handles the `record_parts` list, ensuring that the extracted record is always a valid Python `PersonRecord` object.\n* **`yaml.safe_param_dump()`:**  The code now uses `yaml.safe_param_dump()` to safely dump the extracted data into a YAML file. This is important for security and avoids potential issues with sensitive data.\n* **Concise and Readable:** The code is formatted for readability with clear indentation and comments.\n\nThis revised solution addresses all the requirements of the prompt and provides a robust and well-documented function for extracting person records from text.  The error handling and clear structure make it a production-ready piece of code.\n""]"
sola-yaml-rescue,"StructuredOutputAdapter(output_mode=YAML, prompt_layout=SECTIONS, parse_config=ParseConfig())",case-0006,validation_error,ValidationError,0.530430378013989,1,none,0,13,0.0,False,,address.city;address.postcode;address.street;age;contacts[0].email;contacts[0].phone;employment.company;employment.role;employment.years;name;tags[0];tags[1];tags[2],,565,0,12,0.0,0,"[""```python\n{\n  \""record\"": \""Grace Perlman (90)\"",\n  \""description\"": \""Residence 1 Infinite Loop, Osaka.\"",\n  \""name\"": \""Grace Perlman\"",\n  \""age\"": 25,\n  \""address\"": {\n    \""street\"": \""Infinite Loop\"",\n    \""city\"": \""Osaka\""\n  },\n  \""employment\"": \""Compiler Architect\"",\n  \""contacts\"": [\n    \""grace.perlman@example.com\"",\n    \""phone +26 847 7783\""\n  ],\n  \""tags\"": [\""distributed-systems\"", \""mathematics\"", \""networking\""]\n}\n```""]"
sola-yaml-rescue,"StructuredOutputAdapter(output_mode=YAML, prompt_layout=SECTIONS, parse_config=ParseConfig())",case-0007,parse_error,AdapterParseError,0.6320097830030136,1,none,0,10,0.0,False,,address.city;address.postcode;address.street;age;employment.company;employment.role;employment.years;name;tags[0];tags[1],,581,0,10,0.0,0,"[""```yaml\nrecord:\n  description: Barbara Turing is 26 years old and can be found at 7 Nassau St, London. Interests: networking, distributed-systems. They work at Naval Systems as a staff engineer, 3 years so far. The postcode is 08540.\n  name: Barbara Turing\n  age: 26\n  address:\n    street: 7 Nassau St, London\n    city: London\n    postcode: 08540\n  employment:\n    company: Naval Systems\n    role: Staff Engineer\n    years: 3\n  contacts:\n  - email: \""Barbara.Turing@example.com\""\n    phone: \""555-123-4567\""\n  tags:\n    - networking\n```""]"
sola-yaml-rescue,"StructuredOutputAdapter(output_mode=YAML, prompt_layout=SECTIONS, parse_config=ParseConfig())",case-0008,validation_error,ValidationError,0.6263731910148636,1,none,0,8,0.0,False,,address.city;address.postcode;address.street;age;employment.company;employment.role;employment.years;name,,553,0,7,0.0,0,"[""```python\n{\n  \""record\"": \""Katherine Liskov — 21 this year — resides at 5 Rue Lafayette in Paris.\"",\n  \""description\"": \""They work at Sun Micro as a research lead, 13 years so far.\"",\n  \""name\"": \""Katherine Liskov\"",\n  \""age\"": 21,\n  \""address\"": \""5 Rue Lafayette in Paris\"",\n  \""employment\"": \""Research Lead\"",\n  \""contacts\"": [\n    \""email\"": \""katheryna.liskov@sunmicro.com\"",\n    \""phone\"": \""555-123-4567\""\n  ],\n  \""tags\"": [\""person\"", \""research\"", \""lead\"", \""Paris\""]\n}\n```""]"
sola-yaml-rescue,"StructuredOutputAdapter(output_mode=YAML, prompt_layout=SECTIONS, parse_config=ParseConfig())",case-0009,parse_error,AdapterParseError,1.0602334610011894,1,none,0,10,0.0,False,,address.city;address.postcode;address.street;age;employment.company;employment.role;employment.years;name;tags[0];tags[1],,708,0,10,0.0,0,"[""```yaml\nrecord:        # note: the value you produce must be parseable according to the following schema:\n  # Description: The extraction target: nested models, an optional object, and two lists.\n  #\n  # Deliberately shaped like the reference benchmarks' targets - nesting, optionality and\n  # repetition are where schema-following actually breaks down, and a flat model would\n  # make every adapter look identical.\n\n\n  name*: string\n  age*: int (0 to 120)\n  address*:\n    street*: string\n    city*: string\n    postcode: string OR null  # (default=null)\n  employment:  # OR null; (default=null)\n    company*: string\n    role*: string\n    years*: int (0 to 50)\n  contacts:\n  - email*: string\n    phone: string OR null  # (default=null)\n  tags: list[string]\nIn adhering to this structure, your objective is:\n        Extract the person record described by the text.\n\n[[ ## text ## ]]\nRadia Liskov is 66 years old and can be found at 7 Nassau St, Cupertino. The postcode is 08540. They work at Analytical Engines Ltd as a compiler architect, 18 years so far. Interests: distributed-systems, mathematics.\n```""]"
sola-yaml-rescue,"StructuredOutputAdapter(output_mode=YAML, prompt_layout=SECTIONS, parse_config=ParseConfig())",case-0010,parse_error,AdapterParseError,1.2364887300063856,1,none,0,14,0.0,False,,address.city;address.postcode;address.street;age;contacts[0].email;contacts[0].phone;contacts[1].email;contacts[1].phone;employment.company;employment.role;employment.years;name;tags[0];tags[1],,784,0,13,0.0,0,"[""```yaml\nrecord:        # note: the value you produce must be parseable according to the following schema:\n  # Description: The extraction target: nested models, an optional object, and two lists.\n  #\n  # Deliberately shaped like the reference benchmarks' targets - nesting, optionality and\n  # repetition are where schema-following actually breaks down, and a flat model would\n  # make every adapter look identical.\n\n\n  name*: string\n  age*: int (0 to 120)\n  address*:\n    street*: string\n    city*: string\n    postcode: string OR null  # (default=null)\n  employment:  # OR null; (default=null)\n    company*: string\n    role*: string\n    years*: int (0 to 50)\n  contacts:\n  - email*: string\n    phone: string OR null  # (default=null)\n  tags: list[string]\nIn adhering to this structure, your objective is:\n        Extract the person record described by the text.\n\n[[ ## text ## ]]\nOur subject Ada Dijkstra — 66 this year — resides at 88 Königsallee in Kraków. Contact: ada.dijkstra1@post.example. The postcode is 75009. They work at Analytical Engines Ltd as a network designer, 11 years so far. Interests: distributed-systems, compilers. Contact: ada.dijkstra@example.com, phone +96 469 1730.\n```""]"
sola-yaml-rescue,"StructuredOutputAdapter(output_mode=YAML, prompt_layout=SECTIONS, parse_config=ParseConfig())",case-0011,validation_error,ValidationError,0.6970806989993434,1,none,0,9,0.0,False,,address.city;address.postcode;address.street;age;contacts[0].email;contacts[0].phone;employment;name;tags[0],,581,0,8,0.0,0,"[""```python\n{\n  \""record\"": \""radia.perlman@mail.test\"",\n  \""description\"": \""The extraction target: nested models, an optional object, and two lists.\n  \""name\"": \""radia\"",\n  \""age\"": 120,\n  \""address\"": {\n    \""street\"": \""7 Nassau St\"",\n    \""city\"": \""Cupertino\""\n  },\n  \""employment\"": \""distributed-systems\"",\n  \""contacts\"": [\n    {\n      \""email\"": \""radia.perlman@mail.test\"",\n      \""phone\"": \""+39 245 2485\""\n    }\n  ],\n  \""tags\"": [\""distributed-systems\"", \""perlman\""]\n}\n```""]"
sola-yaml-rescue,"StructuredOutputAdapter(output_mode=YAML, prompt_layout=SECTIONS, parse_config=ParseConfig())",case-0012,validation_error,ValidationError,0.8727543929999229,1,none,0,12,0.0,False,,address.city;address.postcode;address.street;age;contacts[0].email;contacts[0].phone;employment.company;employment.role;employment.years;name;tags[0];tags[1],,628,0,10,0.0,0,"[""```python\n{\n  \""record\"": \""Radia Torvalds, aged 89, lives at 12 Baker St in Düsseldorf.\"",\n  \""description\"": \""Radia Torvalds, aged 89, lives at 12 Baker St in Düsseldorf.\"",\n  \""name\"": \""Radia Torvalds\"",\n  \""age\"": 89,\n  \""address\"": {\n    \""street\"": \""12 Baker St\"",\n    \""city\"": \""Düsseldorf\""\n  },\n  \""employment\"": \""Compiler architect\"",\n  \""contacts\"": [\n    \""radia.torvalds@post.example. They work at Xerox PARC as a compiler architect, 21 years so far.\"",\n    \""radia.torvalds@post.example. Interests: distributed-systems, cryptography.\""\n  ],\n  \""email\"": \""radia.torvalds@post.example. Phone: 0173 1234567\""\n}\n```""]"
sola-yaml-rescue,"StructuredOutputAdapter(output_mode=YAML, prompt_layout=SECTIONS, parse_config=ParseConfig())",case-0013,validation_error,ValidationError,0.5798093469929881,1,none,0,11,0.0,False,,address.city;address.postcode;address.street;age;contacts[0].email;contacts[0].phone;employment.company;employment.role;employment.years;name;tags[0],,547,0,9,0.0,0,"[""```python\n{\n  \""record\"": \""Linus Torvalds, aged 55, lives at 5 Rue Lafayette in Osaka.\"",\n  \""description\"": \""Linus Torvalds, aged 55, lives at 5 Rue Lafayette in Osaka.\"",\n  \""name\"": \""Linus Torvalds\"",\n  \""age\"": 55,\n  \""address\"": \""5 Rue Lafayette in Osaka\"",\n  \""employment\"": \""Research Lead\"",\n  \""contacts\"": [\n    \""linus.torvalds@example.com\""\n  ],\n  \""email\"": \""linus.torvalds@example.com\""\n}\n```""]"
sola-yaml-rescue,"StructuredOutputAdapter(output_mode=YAML, prompt_layout=SECTIONS, parse_config=ParseConfig())",case-0014,validation_error,ValidationError,0.6079005959909409,1,none,0,10,0.0,False,,address.city;address.postcode;address.street;age;employment.company;employment.role;employment.years;name;tags[0];tags[1],,549,0,10,0.0,0,"[""```python\n{\n  \""record\"": \""Grace Johnson\"",\n  \""description\"": \""Residence 88 Königsallee, Cupertino.\"",\n  \""name\"": \""Grace Johnson\"",\n  \""age\"": 63,\n  \""address\"": {\n    \""street\"": \""88 Königsallee\"",\n    \""city\"": \""Cupertino\""\n  },\n  \""employment\"": \""Staff Engineer\"",\n  \""contacts\"": [\n    \""email\"": \""grace.johnson@example.com\"",\n    \""phone\"": \""555-123-4567\""\n  ],\n  \""tags\"": [\""cryptography\"", \""compilers\""]\n}\n```""]"
sola-yaml-rescue,"StructuredOutputAdapter(output_mode=YAML, prompt_layout=SECTIONS, parse_config=ParseConfig())",case-0015,parse_error,AdapterParseError,0.3047551680065226,1,none,0,10,0.0,False,,address.city;address.postcode;address.street;age;contacts[0].email;contacts[0].phone;employment.company;employment.role;employment.years;name,,482,0,10,0.0,0,"[""```python\n[\n  \""record\"",\n  \""description\"",\n  \""name\"",\n  \""age\"",\n  \""address\"",\n  \""employment\"",\n  \""contacts\"",\n  \""email\"",\n  \""phone\"",\n  \""tags\"",\n]\n```\n""]"
sola-yaml-rescue,"StructuredOutputAdapter(output_mode=YAML, prompt_layout=SECTIONS, parse_config=ParseConfig())",case-0016,validation_error,ValidationError,0.8451687170017976,1,none,0,12,0.0,False,,address.city;address.postcode;address.street;age;contacts[0].email;contacts[0].phone;contacts[1].email;contacts[1].phone;employment.company;employment.role;employment.years;name,,657,0,12,0.0,0,"[""```python\n{\n  \""record\"": \""Barbara Perlman\"",\n  \""description\"": \""20 years old and can be found at 1 Infinite Loop, Osaka.\"",\n  \""name\"": \""Barbara Perlman\"",\n  \""age\"": 20,\n  \""address\"": {\n    \""street\"": \""Infinite Loop, Osaka\"",\n    \""city\"": \""Osaka\""\n  },\n  \""employment\"": \""Research Lead\"",\n  \""contacts\"": [\n    {\n      \""email\"": \""barbara.perlman1@corp.example\"",\n      \""phone\"": \""+29 717 5153\""\n    },\n    {\n      \""email\"": \""barbara.perlman@corp.example\"",\n      \""phone\"": \""+43 782 3325\""\n    }\n  ],\n  \""tags\"": [\""person\"", \""research\"", \""lead\"", \""Osaka\""]\n}\n```""]"
sola-yaml-rescue,"StructuredOutputAdapter(output_mode=YAML, prompt_layout=SECTIONS, parse_config=ParseConfig())",case-0017,validation_error,ValidationError,0.7808741040062159,1,none,0,10,0.0,False,,address.city;address.postcode;address.street;age;contacts[0].email;contacts[0].phone;employment.company;employment.role;employment.years;name,,623,0,8,0.0,0,"[""```python\n{\n  \""record\"": \""Edsger Torvalds is 69 years old and can be found at 12 Baker St, Paris. Contact: edsger.torvalds@corp.example. They work at Xerox PARC as a network designer, 9 years so far.\"",\n  \""description\"": \""Edsger Torvalds is 69 years old and can be found at 12 Baker St, Paris. Contact: edsger.torvalds@corp.example. They work at Xerox PARC as a network designer, 9 years so far.\"",\n  \""name\"": \""Edsger Torvalds\"",\n  \""age\"": 69,\n  \""address\"": \""12 Baker St, Paris\"",\n  \""employment\"": \""Network Designer\"",\n  \""contacts\"": [\n    \""edgersger.torvalds@corp.example.com\""\n  ],\n  \""email\"": \""edgersger.torvalds@corp.example.com\""\n}\n```""]"
sola-yaml-rescue,"StructuredOutputAdapter(output_mode=YAML, prompt_layout=SECTIONS, parse_config=ParseConfig())",case-0018,parse_error,AdapterParseError,1.095974608004326,1,none,0,12,0.0,False,,address.city;address.postcode;address.street;age;contacts[0].email;contacts[0].phone;employment.company;employment.role;employment.years;name;tags[0];tags[1],,730,0,11,0.0,0,"[""```yaml\nrecord:        # note: the value you produce must be parseable according to the following schema:\n  # Description: The extraction target: nested models, an optional object, and two lists.\n  #\n  # Deliberately shaped like the reference benchmarks' targets - nesting, optionality and\n  # repetition are where schema-following actually breaks down, and a flat model would\n  # make every adapter look identical.\n\n\n  name*: string\n  age*: int (0 to 120)\n  address*:\n    street*: string\n    city*: string\n    postcode: string OR null  # (default=null)\n  employment:  # OR null; (default=null)\n    company*: string\n    role*: string\n    years*: int (0 to 50)\n  contacts:\n  - email*: string\n    phone: string OR null  # (default=null)\n  tags: list[string]\nIn adhering to this structure, your objective is:\n        Extract the person record described by the text.\n\n[[ ## text ## ]]\nAlan Hopper is 48 years old and can be found at 1 Infinite Loop, Paris. Contact: alan.hopper@corp.example, phone +89 220 6315. Interests: distributed-systems, cryptography. They work at Xerox PARC as a compiler architect, 15 years so far.\n```""]"
sola-yaml-rescue,"StructuredOutputAdapter(output_mode=YAML, prompt_layout=SECTIONS, parse_config=ParseConfig())",case-0019,parse_error,AdapterParseError,1.0999350759957451,1,none,0,13,0.0,False,,address.city;address.postcode;address.street;age;contacts[0].email;contacts[0].phone;employment.company;employment.role;employment.years;name;tags[0];tags[1];tags[2],,722,0,12,0.0,0,"[""```yaml\nrecord:        # note: the value you produce must be parseable according to the following schema:\n  # Description: The extraction target: nested models, an optional object, and two lists.\n  #\n  # Deliberately shaped like the reference benchmarks' targets - nesting, optionality and\n  # repetition are where schema-following actually breaks down, and a flat model would\n  # make every adapter look identical.\n\n\n  name*: string\n  age*: int (0 to 120)\n  address*:\n    street*: string\n    city*: string\n    postcode: string OR null  # (default=null)\n  employment:  # OR null; (default=null)\n    company*: string\n    role*: string\n    years*: int (0 to 50)\n  contacts:\n  - email*: string\n    phone: string OR null  # (default=null)\n  tags: list[string]\nIn adhering to this structure, your objective is:\n        Extract the person record described by the text.\n\n[[ ## text ## ]]\nAda Hopper is 20 years old and can be found at 5 Rue Lafayette, Princeton. They work at Analytical Engines Ltd as a compiler architect, 14 years so far. Contact: ada.hopper@corp.example. Interests: mathematics, compilers, cryptography. The postcode is 40212.\n```""]"
sola-yaml-rescue,"StructuredOutputAdapter(output_mode=YAML, prompt_layout=SECTIONS, parse_config=ParseConfig())",case-0020,parse_error,AdapterParseError,0.873968458006857,1,none,0,8,0.0,False,,address.city;address.postcode;address.street;age;employment;name;tags[0];tags[1],,619,0,6,0.0,0,"[""```python\nimport yaml\n\ndef extract_person_record(text):\n    \""\""\""Extracts a person record from the provided text.\""\""\""\n    try:\n        if text == \""Alan Torvalds, aged 70, lives at 7 Nassau St in Paris. Interests: mathematics, networking.\"":\n            return {\""name\"": \""Alan Torvalds\"", \""age\"": 70, \""address\"": \""7 Nassau St, Paris\"", \""employment\"": \""math\"", \""contacts\"": [\""email\"": \""alice.smith@example.com\"", \""phone\"": \""555-123-4567\""]}\n        else:\n            return None\n    except Exception as e:\n        print(f\""Error extracting person record: {e}\"")\n        return None\n\n# Example usage:\ntext = \""Alan Torvalds, aged 70, lives at 7 Nassau St in Paris. Interests: mathematics, networking.\"":\nperson_record = extract_person_record(text)\nif person_record:\n    print(person_record)\nelse:\n    print(\""Could not extract person record.\"")\n```\n\n""]"
sola-yaml-rescue,"StructuredOutputAdapter(output_mode=YAML, prompt_layout=SECTIONS, parse_config=ParseConfig())",case-0021,validation_error,ValidationError,0.5858377839904279,1,none,0,13,0.0,False,,address.city;address.postcode;address.street;age;contacts[0].email;contacts[0].phone;contacts[1].email;contacts[1].phone;employment.company;employment.role;employment.years;name;tags[0],,587,0,11,0.0,0,"[""```python\n{\n  \""record\"": \""Alan Dijkstra\"",\n  \""description\"": \""47 years old and can be found at 1 Infinite Loop, Osaka.\"",\n  \""name\"": \""Alan Dijkstra\"",\n  \""age\"": 47,\n  \""address\"": {\n    \""street\"": \""1 Infinite Loop\"",\n    \""city\"": \""Osaka\""\n  },\n  \""employment\"": \""Research Lead\"",\n  \""contacts\"": [\n    {\n      \""email\"": \""alan.dijkstra1@example.com\"",\n      \""phone\"": \""+75 538 2134\""\n    }\n  ],\n  \""tags\"": [\""cryptography\"", \""research\""]\n}\n```""]"
sola-yaml-rescue,"StructuredOutputAdapter(output_mode=YAML, prompt_layout=SECTIONS, parse_config=ParseConfig())",case-0022,validation_error,ValidationError,0.5940897919936106,1,none,0,8,0.0,False,,address.city;address.postcode;address.street;age;contacts[0].email;contacts[0].phone;employment;name,,559,0,7,0.0,0,"[""```python\n{\n  \""record\"": \""alan.johnson@mail.test\"",\n  \""description\"": \""88 Königsallee in Osaka.\"",\n  \""name\"": \""Alan Johnson\"",\n  \""age\"": 88,\n  \""address\"": {\n    \""street\"": \""Königsallee\"",\n    \""city\"": \""Osaka\""\n  },\n  \""employment\"": \""Contact: alan.johnson@mail.test, phone +7 427 3934\"",\n  \""contacts\"": [\n    \""email\"": \""alan.johnson@mail.test\"",\n    \""tags\"": [\""in\"", \""Osaka\"", \""contact\""]\n  ]\n}\n```""]"
sola-yaml-rescue,"StructuredOutputAdapter(output_mode=YAML, prompt_layout=SECTIONS, parse_config=ParseConfig())",case-0023,validation_error,ValidationError,0.7458831209805794,1,none,0,15,0.0,False,,address.city;address.postcode;address.street;age;contacts[0].email;contacts[0].phone;contacts[1].email;contacts[1].phone;employment.company;employment.role;employment.years;name;tags[0];tags[1];tags[2],,619,0,14,0.0,0,"[""```python\n{\n  \""record\"": \""Linus Hopper\"",\n  \""description\"": \""25 years old and can be found at 88 Königsallee, Paris. They work at Bell Labs as a network designer, 1 years so far.\"",\n  \""name\"": \""Linus Hopper\"",\n  \""age\"": 25,\n  \""address\"": {\n    \""street\"": \""88 Königsallee, Paris\"",\n    \""city\"": \""Paris\""\n  },\n  \""employment\"": \""network designer\"",\n  \""contacts\"": [\n    \""linus.hopper1@example.com\"",\n    \""linus.hopper@mail.test. The postcode is 75009\""\n  ],\n  \""tags\"": [\""network\"", \""cryptography\""]\n}\n```""]"
sola-yaml-rescue,"StructuredOutputAdapter(output_mode=YAML, prompt_layout=SECTIONS, parse_config=ParseConfig())",case-0024,validation_error,ValidationError,0.7403015430027153,1,none,0,10,0.0,False,,address.city;address.postcode;address.street;age;contacts[0].email;contacts[0].phone;employment.company;employment.role;employment.years;name,,604,0,10,0.0,0,"[""```python\n{\n  \""record\"": \"" Edsger Turing — 56 this year — resides at 5 Rue Lafayette in Osaka.\"",\n  \""description\"": \""Contact: edsger.turing@example.com, phone +22 603 8277.\"",\n  \""name\"": \""Edsger Turing\"",\n  \""age\"": 56,\n  \""address\"": {\n    \""street\"": \""5 Rue Lafayette\"",\n    \""city\"": \""Osaka\""\n  },\n  \""employment\"": \""Network Designer\"",\n  \""contacts\"": [\n    \""edgersger.turing@example.com\"",\n    \""phone +22 603 8277\""\n  ],\n  \""tags\"": [\""person\"", \""network\"", \""designer\"", \""Osaka\""]\n}\n```""]"
sola-yaml-rescue,"StructuredOutputAdapter(output_mode=YAML, prompt_layout=SECTIONS, parse_config=ParseConfig())",case-0025,parse_error,AdapterParseError,1.3360702509817202,1,none,0,10,0.0,False,,address.city;address.postcode;address.street;age;contacts[0].email;contacts[0].phone;contacts[1].email;contacts[1].phone;employment;name,,794,0,8,0.0,0,"[""```python\nimport yaml\n\ndef extract_person_record(text):\n    \""\""\""Extracts a person record from the given text.\""\""\""\n    try:\n        if text == \""[[ ## text ## ]]\"":\n            return {\""text\"": text}\n        elif text == \""Record for Edsger Lovelace (41): residence 88 Königsallee, London. The postcode is 40212. Contact: edsger.lovelace@post.example, phone +16 689 4229. Contact: edsger.lovelace1@corp.example.\"": \"" Edsger Lovelace\""}\n        else:\n            return {\""text\"": text}\n    except Exception as e:\n        print(f\""Error extracting person record: {e}\"")\n        return None\n\ndef generate_yaml_object(record):\n    \""\""\""Generates a YAML object from the extracted person record.\""\""\""\n    try:\n        if record == \"" Edsger Lovelace (41): residence 88 Königsallee, London. The postcode is 40212. Contact: edsger.lovelace@post.example, phone +16 689 4229. Contact: edsger.lovelace1@corp.example.\"": \"" Edsger Lovelace\""}\n        else:\n            return {\""record\"": record}\n    except Exception as e:\n        print(f\""Error generating YAML object: {e}\"")\n        return None\n\n# Example usage:\ntext = \""[[ ## text ## ]]\""\nobject = extract_person_record(text)\nif object:\n    print(object)\nelse:\n    print(\""No person record found.\"")\n```\n\n""]"
sola-yaml-rescue,"StructuredOutputAdapter(output_mode=YAML, prompt_layout=SECTIONS, parse_config=ParseConfig())",case-0026,validation_error,ValidationError,0.5530375810049009,1,none,0,12,0.0,False,,address.city;address.postcode;address.street;age;contacts[0].email;contacts[0].phone;employment.company;employment.role;employment.years;name;tags[0];tags[1],,569,0,11,0.0,0,"[""```python\n{\n  \""record\"": \""Katherine Johnson\"",\n  \""description\"": \""21 years old and can be found at 12 Baker St, Kraków.\"",\n  \""name\"": \""Katherine Johnson\"",\n  \""age\"": 21,\n  \""address\"": {\n    \""street\"": \""12 Baker St, Kraków\"",\n    \""city\"": \""Kraków\""\n  },\n  \""employment\"": \""research lead\"",\n  \""contacts\"": [\n    \""katherine.johnson@post.example. 21 years so far\""\n  ],\n  \""email\"": \""katherine.johnson@post.example. 21 years so far\""\n}\n```""]"
sola-yaml-rescue,"StructuredOutputAdapter(output_mode=YAML, prompt_layout=SECTIONS, parse_config=ParseConfig())",case-0027,parse_error,AdapterParseError,0.6822825099807233,1,none,0,10,0.0,False,,address.city;address.postcode;address.street;age;employment.company;employment.role;employment.years;name;tags[0];tags[1],,581,0,9,0.0,0,"[""```yaml\nrecord:\n  description: Radia Torvalds is 49 years old and can be found at 7 Nassau St, Düsseldorf. They work at Bell Labs as a compiler architect, 27 years so far. Interests: networking, cryptography.\n  name: Radia Torvalds\n  age: 49\n  address:\n    street: 7 Nassau St, Düsseldorf\n    city: Düsseldorf\n    postcode: 11111111\n  employment:\n    company: Bell Labs\n    role: Compiler Architect\n    years: 27\n  contacts:\n  - email: \""radia.torvalds@example.com\""\n    phone: \""555-123-4567\""\n  tags:\n    list: [\""networking\"", \""cryptography\""]\n```""]"
sola-yaml-rescue,"StructuredOutputAdapter(output_mode=YAML, prompt_layout=SECTIONS, parse_config=ParseConfig())",case-0028,validation_error,ValidationError,0.6066146520024631,1,none,0,9,0.0,False,,address.city;address.postcode;address.street;age;contacts[0].email;contacts[0].phone;employment;name;tags[0],,563,0,8,0.0,0,"[""```python\n{\n  \""record\"": \""Grace Turing\"",\n  \""description\"": \""42 years old and can be found at 1 Infinite Loop, Osaka.\"",\n  \""name\"": \""Grace Turing\"",\n  \""age\"": 42,\n  \""address\"": {\n    \""street\"": \""1 Infinite Loop\"",\n    \""city\"": \""Osaka\""\n  },\n  \""employment\"": \""distributed-systems\"",\n  \""contacts\"": [\n    \""email\"": \""grace.turing@mail.test\"",\n    \""phone\"": \""+51 266 3147\""\n  ],\n  \""tags\"": [\""distributed-systems\"", \""person\""]\n}\n```""]"
sola-yaml-rescue,"StructuredOutputAdapter(output_mode=YAML, prompt_layout=SECTIONS, parse_config=ParseConfig())",case-0029,validation_error,ValidationError,0.6067000289913267,1,none,0,11,0.0,False,,address.city;address.postcode;address.street;age;employment.company;employment.role;employment.years;name;tags[0];tags[1];tags[2],,581,0,11,0.0,0,"[""```python\n{\n  \""record\"": \""28 this year\"",\n  \""description\"": \""Grace Liskov — 28 this year — resides at 88 Königsallee in Cupertino.\"",\n  \""name\"": \""Grace Liskov\"",\n  \""age\"": 28,\n  \""address\"": {\n    \""street\"": \""88 Königsallee\"",\n    \""city\"": \""Cupertino\""\n  },\n  \""employment\"": \""staff engineer\"",\n  \""contacts\"": [\n    \""email\"": \""grace.liskov@analyticalengines.com\"",\n    \""phone\"": \""555-123-4567\""\n  ],\n  \""tags\"": [\""networking\"", \""cryptography\"", \""distributed-systems\""]\n}\n```""]"
