adapter,adapter_config,case_id,outcome,error_class,wall_s,lm_calls,response_format_sent,matched,total,ratio,exact,wrong,missing,spurious,total_tokens,recall_matched,recall_total,recall,invented,replies
chat,ChatAdapter(use_json_adapter_fallback=False),patient-notes-0000,parse_error,AdapterParseError,15.653517591010313,1,none,0,19,0.0,False,,address.city;address.country;address.line;address.postalCode;address.state;age;allergy;birthDate;email;gender;immunization;maritalStatus;name.family;name.given[0];name.given[1];name.prefix;phone;practitioner;primaryLanguage,,2363,0,13,0.0,0,"[""```json\n{\n  \""patient_record\"": {\n    \""name\"": {\""given\"": [\""Rudolf Nolan Corkery\""], \""family\"": [\""Corkery\""]},\n    \""age\"": 35,\n    \""gender\"": \""male\"",\n    \""birthDate\"": \""1984-06-15\"",\n    \""address\"": {\n      \""city\"": \""Boston\"",\n      \""country\"": \""US\"",\n      \""line\"": \""983 Gutmann Burg\"",\n      \""postalCode\"": \""02111\""\n    },\n    \""maritalStatus\"": \""Married\"",\n    \""primaryLanguage\"": \""English (United States)\"",\n    \""allergy\"": null,\n    \""practitioner\"": {\n      \""address\"": {\n        \""city\"": \""Boston\"",\n        \""country\"": \""US\"",\n        \""line\"": \""983 Gutmann Burg\"",\n        \""postalCode\"": \""02111\""\n      },\n      \""email\"": null,\n      \""name\"": {\""given\"": [\""Rudolf Nolan Corkery\""], \""family\"": [\""Corkery\""]},\n      \""phone\"": \""555-124-9334\""\n    },\n    \""immunization\"": [],\n    \""description\"": {\n      \""address\"": null,\n      \""age\"": 35,\n      \""allergy\"": null,\n      \""birthDate\"": \""1984-06-15\"",\n      \""email\"": null,\n      \""gender\"": \""male\"",\n      \""immunization\"": [],\n      \""maritalStatus\"": \""Married\"",\n      \""name\"": {\""given\"": [\""Rudolf Nolan Corkery\""], \""family\"": [\""Corkery\""]},\n      \""phone\"": \""555-124-9334\"",\n      \""practitioner\"": {\n        \""address\"": {\n          \""city\"": \""Boston\"",\n          \""country\"": \""US\"",\n          \""line\"": \""983 Gutmann Burg\"",\n          \""postalCode\"": \""02111\""\n        },\n        \""email\"": null,\n        \""name\"": {\""given\"": [\""Rudolf Nolan Corkery\""], \""family\"": [\""Corkery\""]},\n        \""phone\"": \""555-124-9334\""\n      },\n      \""primaryLanguage\"": \""English (United States)\""\n    }\n  }\n}\n```""]"
chat,ChatAdapter(use_json_adapter_fallback=False),patient-notes-0001,parse_error,AdapterParseError,2.3169193339999765,1,none,0,19,0.0,False,,address.city;address.country;address.line;address.postalCode;address.state;age;allergy;birthDate;email;gender;immunization;maritalStatus;name.family;name.given[0];name.given[1];name.prefix;phone;practitioner;primaryLanguage,,2193,0,12,0.0,0,"[""```json\n{\n  \""patient_record\"": {\n    \""name\"": {\n      \""given\"": [\""Hobert\"", \""Armand\""],\n      \""family\"": [\""Bashirian\""]\n    },\n    \""age\"": 35,\n    \""gender\"": \""male\"",\n    \""birthDate\"": \""1988-11-12T00:38:00+01:00\"",\n    \""address\"": {\n      \""city\"": \""Easthampton\"",\n      \""country\"": \""US\"",\n      \""line\"": \""767 Windler Well\"",\n      \""postalCode\"": \""01027\""\n    },\n    \""maritalStatus\"": \""Widowed\"",\n    \""primaryLanguage\"": \""English\"",\n    \""allergy\"": null,\n    \""practitioner\"": {\n      \""address\"": null,\n      \""email\"": null,\n      \""name\"": null,\n      \""phone\"": null\n    },\n    \""immunization\"": [\n      {\n        \""occurrenceDate\"": \""2023-02-11T02:48:00+01:00\"",\n        \""status\"": \""completed\"",\n        \""traits\"": [\""Wellbeing\""]\n      }\n    ]\n  }\n}\n```""]"
chat,ChatAdapter(use_json_adapter_fallback=False),patient-notes-0002,parse_error,AdapterParseError,6.9113666050252505,1,none,0,21,0.0,False,,address.city;address.country;address.line;address.postalCode;address.state;age;allergy;birthDate;email;gender;immunization[0].occurrenceDate;immunization[0].status;immunization[0].traits[0];maritalStatus;name.family;name.given[0];name.given[1];name.prefix;phone;practitioner;primaryLanguage,,2745,0,14,0.0,0,"[""```json\n{\n  \""patient_record\"": {\n    \""address\"": {\n      \""city\"": \""Boston\"",\n      \""country\"": \""US\"",\n      \""line\"": \""130 Rempel Vale\"",\n      \""postalCode\"": \""02111\"",\n      \""state\"": \""Massachusetts\""\n    },\n    \""allergy\"": null,\n    \""birthDate\"": \""1985-04-15\"",\n    \""email\"": null,\n    \""gender\"": \""female\"",\n    \""immunization\"": [\n      {\n        \""occurrenceDate\"": \""2013-12-24T16:59:45GMT+1\"",\n        \""status\"": \""completed\"",\n        \""traits\"": []\n      }\n    ],\n    \""maritalStatus\"": \""NeverMarried\"",\n    \""name\"": {\n      \""given\"": [\""Sonia María Bañuelos\""],\n      \""prefix\"": null,\n      \""family\"": \""Bañuelos\""\n    },\n    \""primaryLanguage\"": \""Spanish\"",\n    \""practitioner\"": null,\n    \""age\"": 38,\n    \""allergy\"": null,\n    \""birthDate\"": \""1985-04-15\"",\n    \""address\"": {\n      \""city\"": \""Boston\"",\n      \""country\"": \""US\"",\n      \""line\"": \""130 Rempel Vale\"",\n      \""postalCode\"": \""02111\"",\n      \""state\"": \""Massachusetts\""\n    },\n    \""maritalStatus\"": \""NeverMarried\"",\n    \""primaryLanguage\"": \""Spanish\"",\n    \""allergy\"": null,\n    \""birthDate\"": \""1985-04-15\"",\n    \""address\"": {\n      \""city\"": \""Boston\"",\n      \""country\"": \""US\"",\n      \""line\"": \""130 Rempel Vale\"",\n      \""postalCode\"": \""02111\"",\n      \""state\"": \""Massachusetts\""\n    },\n    \""maritalStatus\"": \""NeverMarried\"",\n    \""primaryLanguage\"": \""Spanish\"",\n    \""allergy\"": null,\n    \""birthDate\"": \""1985-04-15\"",\n    \""address\"": {\n      \""city\"": \""Boston\"",\n      \""country\"": \""US\"",\n      \""line\"": \""130 Rempel Vale\"",\n      \""postalCode\"": \""02111\"",\n      \""state\"": \""Massachusetts\""\n    },\n    \""maritalStatus\"": \""NeverMarried\"",\n    \""primaryLanguage\"": \""Spanish\"",\n    \""allergy\"": null,\n    \""birthDate\"": \""1985-04-15\"",\n    \""address\"": {\n      \""city\"": \""Boston\"",\n      \""country\"": \""US\"",\n      \""line\"": \""130 Rempel Vale\"",\n      \""postalCode\"": \""02111\"",\n      \""state\"": \""Massachusetts\""\n    },\n    \""maritalStatus\"": \""NeverMarried\"",\n    \""primaryLanguage\"": \""Spanish\"",\n    \""allergy\"": null,\n    \""birthDate\"": \""1985-04-15\"",\n    \""address\"": {\n      \""city\"": \""Boston\"",\n      \""country\"": \""US\"",\n      \""line\"": \""130 Rempel Vale\"",\n      \""postalCode\"": \""02111\"",\n      \""state\"": \""Massachusetts\""\n    },\n    \""maritalStatus\"": \""NeverMarried\"",\n    \""primaryLanguage\"": \""Spanish\"",\n    \""allergy\"": null,\n    \""birthDate\"": \""1985-04-15\"",\n    \""address\"": {\n      \""city\"": \""Boston\"",\n      \""country\"": \""US\"",\n      \""line\"": \""130 Rempel Vale\"",\n      \""postalCode\"": \""02111\"",\n      \""state\"": \""Massachusetts\""\n    },\n    \""maritalStatus\"": \""NeverMarried\"",\n    \""primaryLanguage\"": \""Spanish\"",\n    \""allergy\"": null""]"
chat,ChatAdapter(use_json_adapter_fallback=False),patient-notes-0003,parse_error,AdapterParseError,2.981287054019049,1,none,0,19,0.0,False,,address.city;address.country;address.line;address.postalCode;address.state;age;allergy;birthDate;email;gender;immunization;maritalStatus;name.family;name.given[0];name.given[1];name.prefix;phone;practitioner;primaryLanguage,,2529,0,12,0.0,0,"[""```json\n{\n  \""patient_record\"": {\n    \""name\"": \""Mr. Asa Sherman Nolan\"",\n    \""address\"": {\n      \""city\"": \""Dedham\"",\n      \""country\"": \""US\"",\n      \""line\"": \""698 Kunde Spur\"",\n      \""postalCode\"": \""02026\"",\n      \""state\"": \""Massachusetts\""\n    },\n    \""age\"": 17,\n    \""gender\"": \""male\"",\n    \""birthDate\"": \""1945-05-06\"",\n    \""email\"": null,\n    \""maritalStatus\"": \""Single\"",\n    \""primaryLanguage\"": \""English (United States)\"",\n    \""allergy\"": null,\n    \""practitioner\"": {\n      \""address\"": null,\n      \""email\"": null,\n      \""name\"": null,\n      \""phone\"": null\n    },\n    \""immunization\"": [\n      {\n        \""occurrenceDate\"": null,\n        \""status\"": null,\n        \""traits\"": null\n      }\n    ],\n    \""description\"": {\n      \""address\"": null,\n      \""age\"": 17,\n      \""allergy\"": null,\n      \""birthDate\"": \""1945-05-06\"",\n      \""email\"": null,\n      \""gender\"": \""male\"",\n      \""immunization\"": [],\n      \""maritalStatus\"": \""Single\"",\n      \""name\"": \""Mr. Asa Sherman Nolan\"",\n      \""phone\"": null,\n      \""practitioner\"": null,\n      \""primaryLanguage\"": \""English (United States)\""\n    },\n    \""sex\"": \""male\""\n  }\n}\n```""]"
chat,ChatAdapter(use_json_adapter_fallback=False),patient-notes-0004,parse_error,AdapterParseError,1.8964367900043726,1,none,0,18,0.0,False,,address.city;address.country;address.line;address.postalCode;address.state;age;allergy;birthDate;email;gender;immunization;maritalStatus;name.family;name.given[0];name.prefix;phone;practitioner;primaryLanguage,,2273,0,12,0.0,0,"[""```json\n{\n  \""patient_record\"": {\n    \""name\"": \""Mrs. Shanon Wolff\"",\n    \""address\"": {\n      \""city\"": \""Lynn\"",\n      \""country\"": \""US\"",\n      \""line\"": \""237 Koelpin Lane\"",\n      \""postalCode\"": \""01902\"",\n      \""state\"": \""Massachusetts\""\n    },\n    \""age\"": 40,\n    \""gender\"": \""female\"",\n    \""birthDate\"": \""1992-01-22\"",\n    \""email\"": null,\n    \""allergy\"": null,\n    \""immunization\"": [],\n    \""maritalStatus\"": \""NeverMarried\"",\n    \""primaryLanguage\"": \""English (United States)\"",\n    \""phone\"": \""555-908-5677\"",\n    \""practitioner\"": {\n      \""address\"": null,\n      \""email\"": null,\n      \""name\"": null,\n      \""phone\"": null\n    }\n  }\n}\n```""]"
chat,ChatAdapter(use_json_adapter_fallback=False),patient-notes-0005,parse_error,AdapterParseError,2.989925658010179,1,none,0,17,0.0,False,,address;age;allergy.substance[0].category;allergy.substance[0].manifestation;allergy.substance[0].name;birthDate;email;gender;immunization;maritalStatus;name.family;name.given[0];name.given[1];name.prefix;phone;practitioner;primaryLanguage,,2227,0,8,0.0,0,"[""```json\n{\n  \""patient_record\"": {\n    \""address\"": {\n      \""city\"": \""Unknown\"",\n      \""country\"": \""US\"",\n      \""line\"": \""Unknown\"",\n      \""postalCode\"": \""Unknown\"",\n      \""state\"": \""Unknown\""\n    },\n    \""allergy\"": {\n      \""substance\"": [\n        {\n          \""category\"": \""environment\"",\n          \""manifestation\"": \""Environmental allergy\"",\n          \""name\"": \""Environmental Allergy\""\n        }\n      ],\n      \""required\"": [\""category\"", \""name\"", \""manifestation\""]\n    },\n    \""birthDate\"": \""1978-09-30\"",\n    \""gender\"": \""male\"",\n    \""immunization\"": [\n      {\n        \""occurrenceDate\"": \""1999-07-11T09:03:29+02:00\"",\n        \""status\"": \""completed\"",\n        \""traits\"": [\""Environmental Allergy\""]\n      }\n    ],\n    \""name\"": \""Vince Maria Bergnaum\"",\n    \""primaryLanguage\"": \""Unknown\"",\n    \""practitioner\"": {\n      \""address\"": {\n        \""city\"": \""Unknown\"",\n        \""country\"": \""US\"",\n        \""line\"": \""Unknown\"",\n        \""postalCode\"": \""Unknown\"",\n        \""state\"": \""Unknown\""\n      },\n      \""email\"": \""Unknown\"",\n      \""name\"": \""Vince Maria Bergnaum\"",\n      \""phone\"": \""Unknown\""\n    },\n    \""required\"": [\""age\"", \""gender\"", \""birthDate\"", \""address\"", \""maritalStatus\"", \""primaryLanguage\"", \""allergy\"", \""practitioner\"", \""immunization\""]\n  }\n}\n```""]"
chat,ChatAdapter(use_json_adapter_fallback=False),patient-notes-0006,parse_error,AdapterParseError,2.3527692909992766,1,none,0,19,0.0,False,,address.city;address.country;address.line;address.postalCode;address.state;age;allergy;birthDate;email;gender;immunization;maritalStatus;name.family;name.given[0];name.given[1];name.prefix;phone;practitioner;primaryLanguage,,2122,0,9,0.0,0,"[""```json\n{\n  \""patient_record\"": {\n    \""name\"": \""Mr. Sheldon Alfonso Reynolds\"",\n    \""age\"": null,\n    \""gender\"": \""male\"",\n    \""birthDate\"": \""2015-12-24T02:19:44+01:00\"",\n    \""address\"": {\n      \""city\"": \""West Wareham\"",\n      \""country\"": \""US\"",\n      \""line\"": \""541 Ortiz Rue\"",\n      \""postalCode\"": \""02576\""\n    },\n    \""maritalStatus\"": \""NeverMarried\"",\n    \""primaryLanguage\"": null,\n    \""allergy\"": null,\n    \""practitioner\"": {\n      \""address\"": {\n        \""city\"": \""West Wareham\"",\n        \""country\"": \""US\"",\n        \""line\"": \""541 Ortiz Rue\"",\n        \""postalCode\"": \""02576\""\n      },\n      \""email\"": null,\n      \""name\"": \""Mr. Sheldon Alfonso Reynolds\""\n    },\n    \""immunization\"": {\n      \""occurrenceDate\"": \""2015-12-24T02:19:44+01:00\"",\n      \""status\"": \""unknown\"",\n      \""traits\"": null\n    }\n  }\n}\n```""]"
chat,ChatAdapter(use_json_adapter_fallback=False),patient-notes-0007,parse_error,AdapterParseError,6.98774354098714,1,none,0,24,0.0,False,,address.city;address.country;address.line;address.postalCode;address.state;age;allergy;birthDate;email;gender;immunization;maritalStatus;name.family;name.given[0];name.given[1];name.prefix;phone;practitioner[0].address;practitioner[0].email;practitioner[0].name.family;practitioner[0].name.given[0];practitioner[0].name.prefix;practitioner[0].phone;primaryLanguage,,2824,0,18,0.0,0,"[""```json\n{\n  \""patient_record\"": {\n    \""name\"": {\n      \""given\"": [\""Gail\"", \""Scarlet\""],\n      \""family\"": [\""Hahn\""]\n    },\n    \""age\"": 20,\n    \""gender\"": \""female\"",\n    \""birthDate\"": \""2004-10-13\"",\n    \""address\"": {\n      \""city\"": \""Cohasset\"",\n      \""country\"": \""US\"",\n      \""line\"": \""103 Murazik Flat Apt 19\"",\n      \""postalCode\"": \""08010\"",\n      \""state\"": \""Massachusetts\""\n    },\n    \""maritalStatus\"": \""NeverMarried\"",\n    \""primaryLanguage\"": \""English\"",\n    \""allergy\"": null,\n    \""practitioner\"": {\n      \""name\"": \""Dr. Jon Keeling\"",\n      \""address\"": {\n        \""city\"": \""Cohasset\"",\n        \""country\"": \""US\"",\n        \""line\"": \""103 Murazik Flat Apt 19\"",\n        \""postalCode\"": \""08010\"",\n        \""state\"": \""Massachusetts\""\n      },\n      \""email\"": \""Jon665.Keeling57@example.com\"",\n      \""phone\"": \""555-402-1978\""\n    },\n    \""immunization\"": null,\n    \""description\"": {\n      \""address\"": {\n        \""city\"": \""Cohasset\"",\n        \""country\"": \""US\"",\n        \""line\"": \""103 Murazik Flat Apt 19\"",\n        \""postalCode\"": \""08010\"",\n        \""state\"": \""Massachusetts\""\n      },\n      \""age\"": 20,\n      \""allergy\"": null,\n      \""birthDate\"": \""2004-10-13\"",\n      \""email\"": \""Jon665.Keeling57@example.com\"",\n      \""gender\"": \""female\"",\n      \""immunization\"": null,\n      \""maritalStatus\"": \""NeverMarried\"",\n      \""name\"": {\n        \""given\"": [\""Gail\"", \""Scarlet\""],\n        \""family\"": [\""Hahn\""]\n      },\n      \""phone\"": \""555-402-1978\"",\n      \""practitioner\"": {\n        \""address\"": {\n          \""city\"": \""Cohasset\"",\n          \""country\"": \""US\"",\n          \""line\"": \""103 Murazik Flat Apt 19\"",\n          \""postalCode\"": \""08010\"",\n          \""state\"": \""Massachusetts\""\n        },\n        \""email\"": \""Jon665.Keeling57@example.com\"",\n        \""name\"": \""Dr. Jon Keeling\"",\n        \""phone\"": \""555-402-1978\""\n      },\n      \""primaryLanguage\"": \""English\"",\n      \""allergy\"": null,\n      \""practitioner\"": {\n        \""address\"": {\n          \""city\"": \""Cohasset\"",\n          \""country\"": \""US\"",\n          \""line\"": \""103 Murazik Flat Apt 19\"",\n          \""postalCode\"": \""08010\"",\n          \""state\"": \""Massachusetts\""\n        },\n        \""email\"": \""Jon665.Keeling57@example.com\"",\n        \""name\"": \""Dr. Jon Keeling\"",\n        \""phone\"": \""555-402-1978\""\n      },\n      \""primaryLanguage\"": \""English\"",\n      \""allergy\"": null,\n      \""practitioner\"": {\n        \""address\"": {\n          \""city\"": \""Cohasset\"",\n          \""country\"": \""US\"",\n          \""line\"": \""103 Murazik Flat Apt 19\"",\n          \""postalCode\"": \""08010\"",\n          \""state\"": \""Massachusetts\""\n        },\n        \""email\"": \""Jon665.Keeling57@example.com\"",\n        \""name\"": \""Dr""]"
chat,ChatAdapter(use_json_adapter_fallback=False),patient-notes-0008,parse_error,AdapterParseError,3.201337703008903,1,none,0,20,0.0,False,,address;age;allergy;birthDate;email;gender;immunization;maritalStatus;name.family;name.given[0];name.given[1];name.prefix;phone;practitioner[0].address;practitioner[0].email;practitioner[0].name.family;practitioner[0].name.given[0];practitioner[0].name.prefix;practitioner[0].phone;primaryLanguage,,2332,0,8,0.0,0,"[""```json\n{\n  \""patient_record\"": {\n    \""name\"": [\n      {\n        \""given\"": [\n          \""Vicente\"",\n          \""Francisco\"",\n          \""Ornelas\""\n        ]\n      }\n    ],\n    \""age\"": 35,\n    \""gender\"": \""male\"",\n    \""birthDate\"": \""1984-03-15\"",\n    \""address\"": {\n      \""city\"": \""San Francisco\"",\n      \""country\"": \""US\"",\n      \""line\"": \""123 Main Street\"",\n      \""postalCode\"": \""94102\"",\n      \""state\"": \""California\""\n    },\n    \""maritalStatus\"": \""Married\"",\n    \""primaryLanguage\"": \""English\"",\n    \""allergy\"": null,\n    \""practitioner\"": {\n      \""address\"": {\n        \""city\"": \""San Francisco\"",\n        \""country\"": \""US\"",\n        \""line\"": \""123 Main Street\"",\n        \""postalCode\"": \""94102\"",\n        \""state\"": \""California\""\n      },\n      \""email\"": \""Eldora89.Langosh790@example.com\"",\n      \""name\"": [\n        {\n          \""given\"": [\n            \""Dr.\"",\n            \""Eldora\"",\n            \""Langosh\""\n          ]\n        }\n      ],\n      \""phone\"": null\n    },\n    \""immunization\"": [\n      {\n        \""occurrenceDate\"": \""2023-10-15T14:30:00Z\"",\n        \""status\"": \""completed\"",\n        \""traits\"": [\n          \""DPT\""\n        ]\n      }\n    ],\n    \""description\"": null,\n    \""record_id\"": null\n  }\n}\n```""]"
chat,ChatAdapter(use_json_adapter_fallback=False),patient-notes-0009,parse_error,AdapterParseError,2.147690985002555,1,none,0,24,0.0,False,,address.city;address.country;address.line;address.postalCode;address.state;age;allergy;birthDate;email;gender;immunization;maritalStatus;name.family;name.given[0];name.given[1];name.prefix;phone;practitioner[0].address;practitioner[0].email;practitioner[0].name.family;practitioner[0].name.given[0];practitioner[0].name.prefix;practitioner[0].phone;primaryLanguage,,2140,0,13,0.0,0,"[""```json\n{\n  \""patient_record\"": {\n    \""name\"": {\n      \""given\"": [\""Mrs. Helena Man Leuschke\""],\n      \""family\"": [\""Man Nikolaus\""]\n    },\n    \""address\"": {\n      \""city\"": \""Worcester\"",\n      \""country\"": \""US\"",\n      \""line\"": \""1073 Gutmann Forge\"",\n      \""postalCode\"": \""01602\""\n    },\n    \""age\"": 48,\n    \""gender\"": \""female\"",\n    \""birthDate\"": \""1977-05-14\"",\n    \""email\"": null,\n    \""maritalStatus\"": \""NeverMarried\"",\n    \""primaryLanguage\"": null,\n    \""allergy\"": null,\n    \""practitioner\"": {\n      \""name\"": \""Dr. Nathanael Rogahn\""\n    },\n    \""immunization\"": [\n      {\n        \""occurrenceDate\"": \""2014-09-25T18:10:18+02:00\"",\n        \""status\"": \""completed\"",\n        \""traits\"": [\""Primary Performer\""]\n      }\n    ]\n  }\n}\n```""]"
chat,ChatAdapter(use_json_adapter_fallback=False),patient-notes-0010,parse_error,AdapterParseError,3.827614965994144,1,none,0,15,0.0,False,,address;age;allergy;birthDate;email;gender;immunization;maritalStatus;name.family;name.given[0];name.given[1];name.prefix;phone;practitioner;primaryLanguage,,2427,0,7,0.0,0,"[""```json\n{\n  \""patient_record\"": {\n    \""name\"": {\n      \""given\"": [\""Adolph\"", \""Freeman\""],\n      \""prefix\"": [\""Morissette\""]\n    },\n    \""address\"": {\n      \""city\"": \""Unknown\"",\n      \""country\"": \""US\"",\n      \""line\"": \""Unknown\"",\n      \""postalCode\"": \""Unknown\"",\n      \""state\"": \""Unknown\""\n    },\n    \""age\"": 100,\n    \""gender\"": \""male\"",\n    \""birthDate\"": \""1919-06-01\"",\n    \""email\"": null,\n    \""maritalStatus\"": \""Married\"",\n    \""primaryLanguage\"": null,\n    \""allergy\"": null,\n    \""practitioner\"": {\n      \""address\"": {\n        \""city\"": \""Unknown\"",\n        \""country\"": \""US\"",\n        \""line\"": \""Unknown\"",\n        \""postalCode\"": \""Unknown\"",\n        \""state\"": \""Unknown\""\n      },\n      \""email\"": \""555-122-9838\"",\n      \""name\"": {\n        \""given\"": [\""Freeman\""],\n        \""prefix\"": [\""Morissette\""]\n      },\n      \""phone\"": \""555-122-9838\""\n    },\n    \""immunization\"": [\n      {\n        \""occurrenceDate\"": \""1919-06-01T10:10:00GMT\"",\n        \""status\"": \""completed\"",\n        \""traits\"": [\""Heart condition\""]\n      }\n    ],\n    \""allergy\"": null,\n    \""practitioner\"": {\n      \""address\"": {\n        \""city\"": \""Unknown\"",\n        \""country\"": \""US\"",\n        \""line\"": \""Unknown\"",\n        \""postalCode\"": \""Unknown\"",\n        \""state\"": \""Unknown\""\n      },\n      \""email\"": \""555-122-9838\"",\n      \""name\"": {\n        \""given\"": [\""Freeman\""],\n        \""prefix\"": [\""Morissette\""]\n      },\n      \""phone\"": \""555-122-9838\""\n    }\n  }\n}\n```""]"
chat,ChatAdapter(use_json_adapter_fallback=False),patient-notes-0011,parse_error,AdapterParseError,2.8864795840054285,1,none,0,14,0.0,False,,address;age;allergy;birthDate;email;gender;immunization;maritalStatus;name.family;name.given[0];name.prefix;phone;practitioner;primaryLanguage,,2131,0,6,0.0,0,"[""```json\n{\n  \""patient_record\"": {\n    \""name\"": {\n      \""given\"": [\""Nohemi\"", \""Ziemann\""],\n      \""prefix\"": null,\n      \""family\"": \""Jast\""\n    },\n    \""age\"": 40,\n    \""gender\"": \""female\"",\n    \""birthDate\"": \""1984-02-13\"",\n    \""address\"": {\n      \""city\"": \""Unknown\"",\n      \""country\"": \""US\"",\n      \""line\"": \""555-741-9833\"",\n      \""postalCode\"": null,\n      \""state\"": \""Unknown\""\n    },\n    \""maritalStatus\"": \""Married\"",\n    \""primaryLanguage\"": null,\n    \""allergy\"": null,\n    \""practitioner\"": {\n      \""address\"": {\n        \""city\"": \""Unknown\"",\n        \""country\"": \""US\"",\n        \""line\"": \""555-741-9833\"",\n        \""postalCode\"": null,\n        \""state\"": \""Unknown\""\n      },\n      \""email\"": null,\n      \""name\"": {\n        \""given\"": [\""Nohemi\""],\n        \""prefix\"": null,\n        \""family\"": \""Ziemann\""\n      },\n      \""phone\"": \""555-741-9833\""\n    },\n    \""immunization\"": [\n      {\n        \""occurrenceDate\"": \""2023-06-15\"",\n        \""status\"": \""completed\"",\n        \""traits\"": [\""None\""]\n      }\n    ]\n  }\n}\n```""]"
chat,ChatAdapter(use_json_adapter_fallback=False),patient-notes-0012,parse_error,AdapterParseError,6.986673247010913,1,none,0,26,0.0,False,,address.city;address.country;address.line;address.postalCode;address.state;age;allergy;birthDate;email;gender;immunization[0].occurrenceDate;immunization[0].status;immunization[0].traits[0];maritalStatus;name.family;name.given[0];name.given[1];name.prefix;phone;practitioner[0].address;practitioner[0].email;practitioner[0].name.family;practitioner[0].name.given[0];practitioner[0].name.prefix;practitioner[0].phone;primaryLanguage,,2774,0,16,0.0,0,"[""```json\n{\n  \""patient_record\"": {\n    \""address\"": {\n      \""city\"": \""Taunton\"",\n      \""country\"": \""US\"",\n      \""line\"": \""191 Cruickshank Street Unit 54\"",\n      \""postalCode\"": \""02780\"",\n      \""state\"": \""Massachusetts\""\n    },\n    \""allergy\"": null,\n    \""birthDate\"": \""2022-07-24\"",\n    \""gender\"": \""male\"",\n    \""immunization\"": [\n      {\n        \""occurrenceDate\"": \""2022-07-24T00:00:00+00:00\"",\n        \""status\"": \""completed\"",\n        \""traits\"": []\n      }\n    ],\n    \""name\"": \""Vito Horacio Hansen\"",\n    \""primaryLanguage\"": \""English\"",\n    \""practitioner\"": {\n      \""address\"": {\n        \""city\"": \""Taunton\"",\n        \""country\"": \""US\"",\n        \""line\"": \""191 Cruickshank Street Unit 54\"",\n        \""postalCode\"": \""02780\"",\n        \""state\"": \""Massachusetts\""\n      },\n      \""email\"": null,\n      \""name\"": \""Vito Horacio Hansen\"",\n      \""phone\"": null\n    },\n    \""maritalStatus\"": \""Single\"",\n    \""primaryLanguage\"": \""English\"",\n    \""age\"": 19,\n    \""allergy\"": null,\n    \""birthDate\"": \""2022-07-24\"",\n    \""address\"": {\n      \""city\"": \""Taunton\"",\n      \""country\"": \""US\"",\n      \""line\"": \""191 Cruickshank Street Unit 54\"",\n      \""postalCode\"": \""02780\"",\n      \""state\"": \""Massachusetts\""\n    },\n    \""maritalStatus\"": \""Single\"",\n    \""primaryLanguage\"": \""English\"",\n    \""age\"": 19,\n    \""allergy\"": null,\n    \""birthDate\"": \""2022-07-24\"",\n    \""address\"": {\n      \""city\"": \""Taunton\"",\n      \""country\"": \""US\"",\n      \""line\"": \""191 Cruickshank Street Unit 54\"",\n      \""postalCode\"": \""02780\"",\n      \""state\"": \""Massachusetts\""\n    },\n    \""maritalStatus\"": \""Single\"",\n    \""primaryLanguage\"": \""English\"",\n    \""age\"": 19,\n    \""allergy\"": null,\n    \""birthDate\"": \""2022-07-24\"",\n    \""address\"": {\n      \""city\"": \""Taunton\"",\n      \""country\"": \""US\"",\n      \""line\"": \""191 Cruickshank Street Unit 54\"",\n      \""postalCode\"": \""02780\"",\n      \""state\"": \""Massachusetts\""\n    },\n    \""maritalStatus\"": \""Single\"",\n    \""primaryLanguage\"": \""English\"",\n    \""age\"": 19,\n    \""allergy\"": null,\n    \""birthDate\"": \""2022-07-24\"",\n    \""address\"": {\n      \""city\"": \""Taunton\"",\n      \""country\"": \""US\"",\n      \""line\"": \""191 Cruickshank Street Unit 54\"",\n      \""postalCode\"": \""02780\"",\n      \""state\"": \""Massachusetts\""\n    },\n    \""maritalStatus\"": \""Single\"",\n    \""primaryLanguage\"": \""English\"",\n    \""age\"": 19,\n    \""allergy\"": null,\n    \""birthDate\"": \""2022-07-24\"",\n    \""address\"": {\n      \""city\"": \""Taunton\"",\n      \""country\"": \""US\"",\n      \""line\"": \""191 Cruickshank Street Unit 54\"",\n      \""postalCode\"": \""02780\"",""]"
chat,ChatAdapter(use_json_adapter_fallback=False),patient-notes-0013,parse_error,AdapterParseError,2.6709336240019184,1,none,0,23,0.0,False,,address;age;allergy;birthDate;email;gender;immunization;maritalStatus;name.family;name.given[0];name.prefix;phone;practitioner[0].address.city;practitioner[0].address.country;practitioner[0].address.line;practitioner[0].address.postalCode;practitioner[0].address.state;practitioner[0].email;practitioner[0].name.family;practitioner[0].name.given[0];practitioner[0].name.prefix;practitioner[0].phone;primaryLanguage,,2462,0,12,0.0,0,"[""```json\n{\n  \""patient_record\"": {\n    \""name\"": {\n      \""given\"": [\""Angla Stiedemann\""],\n      \""family\"": [\""Stiedemann\""]\n    },\n    \""address\"": {\n      \""city\"": \""Central Europe\"",\n      \""country\"": \""US\"",\n      \""line\"": \""\"",\n      \""postalCode\"": \""\"",\n      \""state\"": \""\""\n    },\n    \""age\"": 36,\n    \""gender\"": \""female\"",\n    \""birthDate\"": \""1986-01-02\"",\n    \""email\"": null,\n    \""maritalStatus\"": \""Married\"",\n    \""primaryLanguage\"": \""English\"",\n    \""allergy\"": null,\n    \""practitioner\"": {\n      \""name\"": {\n        \""given\"": [\""Houston Funk\""],\n        \""family\"": [\""Funk\""]\n      },\n      \""address\"": {\n        \""city\"": \""Brockton Hospital\"",\n        \""country\"": \""US\"",\n        \""line\"": \""\"",\n        \""postalCode\"": \""\"",\n        \""state\"": \""\""\n      },\n      \""email\"": null,\n      \""phone\"": \""555-575-5625\""\n    },\n    \""immunization\"": [\n      {\n        \""occurrenceDate\"": \""2019-10-17\"",\n        \""status\"": \""completed\"",\n        \""traits\"": [\""healthy pregnancy\""]\n      }\n    ]\n  }\n}\n```""]"
chat,ChatAdapter(use_json_adapter_fallback=False),patient-notes-0014,parse_error,AdapterParseError,7.047937660012394,1,none,0,22,0.0,False,,address.city;address.country;address.line;address.postalCode;address.state;age;allergy;birthDate;email;gender;immunization;maritalStatus;name.family;name.given[0];name.given[1];name.prefix;phone;practitioner[0].address;practitioner[0].email;practitioner[0].name;practitioner[0].phone;primaryLanguage,,2774,0,8,0.0,0,"[""```json\n{\n  \""patient_record\"": {\n    \""address\"": {\n      \""city\"": \""Boston\"",\n      \""country\"": \""US\"",\n      \""line\"": \""300 Ebert Burg\"",\n      \""postalCode\"": \""02116\"",\n      \""state\"": \""Massachusetts\""\n    },\n    \""allergy\"": null,\n    \""birthDate\"": \""2004-04-26\"",\n    \""gender\"": \""male\"",\n    \""immunization\"": [\n      {\n        \""occurrenceDate\"": \""2023-04-26T05:15:45+02:00\"",\n        \""status\"": \""completed\"",\n        \""traits\"": []\n      }\n    ],\n    \""maritalStatus\"": \""NeverMarried\"",\n    \""name\"": {\n      \""given\"": [\""Myles Chadwick Crona\""],\n      \""prefix\"": null\n    },\n    \""primaryLanguage\"": null,\n    \""practitioner\"": {\n      \""address\"": {\n        \""city\"": \""Boston\"",\n        \""country\"": \""US\"",\n        \""line\"": \""DR SOLOMON CARTER FULLER MENTAL HEALTH CENTER\"",\n        \""postalCode\"": \""02116\"",\n        \""state\"": \""Massachusetts\""\n      },\n      \""email\"": null,\n      \""name\"": {\n        \""given\"": [\""Myles Chadwick Crona\""],\n        \""prefix\"": null\n      }\n    },\n    \""age\"": 34,\n    \""allergy\"": null,\n    \""birthDate\"": \""2004-04-26\"",\n    \""email\"": null,\n    \""gender\"": \""male\"",\n    \""immunization\"": [\n      {\n        \""occurrenceDate\"": \""2023-04-26T05:15:45+02:00\"",\n        \""status\"": \""completed\"",\n        \""traits\"": []\n      }\n    ],\n    \""maritalStatus\"": \""NeverMarried\"",\n    \""name\"": {\n      \""given\"": [\""Myles Chadwick Crona\""],\n      \""prefix\"": null\n    },\n    \""primaryLanguage\"": null,\n    \""practitioner\"": {\n      \""address\"": {\n        \""city\"": \""Boston\"",\n        \""country\"": \""US\"",\n        \""line\"": \""DR SOLOMON CARTER FULLER MENTAL HEALTH CENTER\"",\n        \""postalCode\"": \""02116\"",\n        \""state\"": \""Massachusetts\""\n      },\n      \""email\"": null,\n      \""name\"": {\n        \""given\"": [\""Myles Chadwick Crona\""],\n        \""prefix\"": null\n      }\n    },\n    \""age\"": 34,\n    \""gender\"": \""male\"",\n    \""birthDate\"": \""2004-04-26\"",\n    \""email\"": null,\n    \""immunization\"": [\n      {\n        \""occurrenceDate\"": \""2023-04-26T05:15:45+02:00\"",\n        \""status\"": \""completed\"",\n        \""traits\"": []\n      }\n    ],\n    \""maritalStatus\"": \""NeverMarried\"",\n    \""name\"": {\n      \""given\"": [\""Myles Chadwick Crona\""],\n      \""prefix\"": null\n    },\n    \""primaryLanguage\"": null,\n    \""practitioner\"": {\n      \""address\"": {\n        \""city\"": \""Boston\"",\n        \""country\"": \""US\"",\n        \""line\"": \""DR SOLOMON CARTER FULLER MENTAL HEALTH CENTER\"",\n        \""postalCode\"": \""02116\"",\n        \""state\"": \""Massachusetts\""\n      },\n      \""email\"": null,\n      \""name\"": {\n        \""given\"": [\""Myles Chadwick Crona\""],\n        \""prefix\"": null\n      }\n    },\n    \""age\"": 34,\n    \""gender\"": \""male\"",\n    \""birthDate\"": \""2004-04""]"
chat,ChatAdapter(use_json_adapter_fallback=False),patient-notes-0015,parse_error,AdapterParseError,7.095747406012379,1,none,0,17,0.0,False,,address;age;allergy;birthDate;email;gender;immunization[0].occurrenceDate;immunization[0].status;immunization[0].traits[0];maritalStatus;name.family;name.given[0];name.given[1];name.prefix;phone;practitioner;primaryLanguage,,2713,0,8,0.0,0,"[""```json\n{\n  \""patient_record\"": {\n    \""address\"": {\n      \""city\"": \""Unknown\"",\n      \""country\"": \""US\"",\n      \""line\"": \""Unknown\"",\n      \""postalCode\"": \""Unknown\"",\n      \""state\"": \""Unknown\""\n    },\n    \""allergy\"": null,\n    \""birthDate\"": \""1900-01-01\"",\n    \""gender\"": \""male\"",\n    \""immunization\"": [\n      {\n        \""occurrenceDate\"": \""2014-01-06T11:47:38+01:00\"",\n        \""status\"": \""completed\"",\n        \""traits\"": [\""Seasonal influenza injectable\""]\n      }\n    ],\n    \""name\"": {\n      \""given\"": [\""Monty\"", \""Wehner\""],\n      \""prefix\"": null,\n      \""surname\"": \""Quinton\""\n    },\n    \""practitioner\"": {\n      \""address\"": null,\n      \""email\"": null,\n      \""name\"": null,\n      \""phone\"": null\n    },\n    \""primaryLanguage\"": null,\n    \""age\"": 65,\n    \""maritalStatus\"": \""Unknown\"",\n    \""allergy\"": null,\n    \""birthDate\"": \""1900-01-01\"",\n    \""email\"": null,\n    \""gender\"": \""male\"",\n    \""immunization\"": [\n      {\n        \""occurrenceDate\"": \""2014-01-06T11:47:38+01:00\"",\n        \""status\"": \""completed\"",\n        \""traits\"": [\""Seasonal influenza injectable\""]\n      }\n    ],\n    \""maritalStatus\"": \""Unknown\"",\n    \""name\"": {\n      \""given\"": [\""Monty\"", \""Wehner\""],\n      \""prefix\"": null,\n      \""surname\"": \""Quinton\""\n    },\n    \""practitioner\"": {\n      \""address\"": null,\n      \""email\"": null,\n      \""name\"": null,\n      \""phone\"": null\n    },\n    \""primaryLanguage\"": null,\n    \""age\"": 65,\n    \""gender\"": \""male\"",\n    \""birthDate\"": \""1900-01-01\"",\n    \""address\"": {\n      \""city\"": \""Unknown\"",\n      \""country\"": \""US\"",\n      \""line\"": \""Unknown\"",\n      \""postalCode\"": \""Unknown\"",\n      \""state\"": \""Unknown\""\n    },\n    \""allergy\"": null,\n    \""email\"": null,\n    \""gender\"": \""male\"",\n    \""immunization\"": [\n      {\n        \""occurrenceDate\"": \""2014-01-06T11:47:38+01:00\"",\n        \""status\"": \""completed\"",\n        \""traits\"": [\""Seasonal influenza injectable\""]\n      }\n    ],\n    \""maritalStatus\"": \""Unknown\"",\n    \""name\"": {\n      \""given\"": [\""Monty\"", \""Wehner\""],\n      \""prefix\"": null,\n      \""surname\"": \""Quinton\""\n    },\n    \""practitioner\"": {\n      \""address\"": null,\n      \""email\"": null,\n      \""name\"": null,\n      \""phone\"": null\n    },\n    \""primaryLanguage\"": null,\n    \""age\"": 65,\n    \""gender\"": \""male\"",\n    \""birthDate\"": \""1900-01-01\"",\n    \""address\"": {\n      \""city\"": \""Unknown\"",\n      \""country\"": \""US\"",\n      \""line\"": \""Unknown\"",\n      \""postalCode\"": \""Unknown\"",\n      \""state\"": \""Unknown\""\n    },\n    \""allergy\"": null,\n    \""email\"": null,\n    \""gender\"": \""male\"",\n    \""immunization\"": [\n      {\n        \""occurrenceDate\"": \""2014-01-06T11:47:38+01:00\"",""]"
chat,ChatAdapter(use_json_adapter_fallback=False),patient-notes-0016,parse_error,AdapterParseError,2.7787772540177684,1,none,0,20,0.0,False,,address;age;allergy;birthDate;email;gender;immunization;maritalStatus;name.family;name.given[0];name.given[1];name.prefix;phone;practitioner[0].address;practitioner[0].email;practitioner[0].name.family;practitioner[0].name.given[0];practitioner[0].name.prefix;practitioner[0].phone;primaryLanguage,,2156,0,9,0.0,0,"[""```json\n{\n  \""patient_record\"": {\n    \""name\"": {\n      \""given\"": [\""Lianne\"", \""Rebecca\""],\n      \""family\"": [\""Baumbach\""]\n    },\n    \""age\"": 19,\n    \""gender\"": \""female\"",\n    \""birthDate\"": \""2003-07-23\"",\n    \""address\"": {\n      \""city\"": \""Unknown\"",\n      \""country\"": \""US\"",\n      \""line\"": \""Unknown\"",\n      \""postalCode\"": \""Unknown\"",\n      \""state\"": \""Unknown\""\n    },\n    \""maritalStatus\"": \""NeverMarried\"",\n    \""primaryLanguage\"": \""English\"",\n    \""allergy\"": null,\n    \""practitioner\"": {\n      \""name\"": \""Dr. Sulema Ryan\"",\n      \""address\"": {\n        \""city\"": \""Unknown\"",\n        \""country\"": \""US\"",\n        \""line\"": \""Unknown\"",\n        \""postalCode\"": \""Unknown\"",\n        \""state\"": \""Unknown\""\n      },\n      \""email\"": \""unknown@example.com\"",\n      \""phone\"": \""555-768-8866\""\n    },\n    \""immunization\"": [\n      {\n        \""occurrenceDate\"": \""2022-10-12T21:06:46+02:00\"",\n        \""status\"": \""completed\"",\n        \""traits\"": [\""routine check-up\""]\n      }\n    ]\n  },\n  \""completed\"": true\n}\n```""]"
chat,ChatAdapter(use_json_adapter_fallback=False),patient-notes-0017,parse_error,AdapterParseError,2.6346310510125477,1,none,0,15,0.0,False,,address;age;allergy;birthDate;email;gender;immunization;maritalStatus;name.family;name.given[0];name.given[1];name.prefix;phone;practitioner;primaryLanguage,,2091,0,7,0.0,0,"[""```json\n{\n  \""patient_record\"": {\n    \""name\"": {\n      \""given\"": [\""Cherlyn\"", \""Cassi\""],\n      \""family\"": [\""Bailey\""]\n    },\n    \""gender\"": \""female\"",\n    \""birthDate\"": null,\n    \""address\"": {\n      \""city\"": \""New York\"",\n      \""country\"": \""US\"",\n      \""line\"": \""123 Main St\"",\n      \""postalCode\"": \""10001\"",\n      \""state\"": \""NY\""\n    },\n    \""maritalStatus\"": \""Married\"",\n    \""primaryLanguage\"": \""English\"",\n    \""allergy\"": null,\n    \""practitioner\"": {\n      \""name\"": \""Dr. Sarah Johnson\"",\n      \""address\"": {\n        \""city\"": \""New York\"",\n        \""country\"": \""US\"",\n        \""line\"": \""456 Medical Ave\"",\n        \""postalCode\"": \""10002\"",\n        \""state\"": \""NY\""\n      },\n      \""email\"": \""sarah.johnson@medicines.com\"",\n      \""phone\"": \""+1-555-0199\""\n    },\n    \""immunization\"": [\n      {\n        \""occurrenceDate\"": \""2023-06-15T14:30:00Z\"",\n        \""status\"": \""completed\"",\n        \""traits\"": [\""DPT\""]\n      }\n    ]\n  }\n}\n```""]"
chat,ChatAdapter(use_json_adapter_fallback=False),patient-notes-0018,parse_error,AdapterParseError,2.273006809002254,1,none,0,15,0.0,False,,address;age;allergy;birthDate;email;gender;immunization;maritalStatus;name.family;name.given[0];name.given[1];name.prefix;phone;practitioner;primaryLanguage,,2148,0,4,0.0,0,"[""```json\n{\n  \""patient_record\"": {\n    \""name\"": {\n      \""given\"": [\""Marlon\"", \""Brady\""],\n      \""family\"": [\""Ziemann\""]\n    },\n    \""age\"": 1,\n    \""gender\"": \""male\"",\n    \""birthDate\"": \""2018-02-25T21:59:36+01:00\"",\n    \""address\"": {\n      \""city\"": \""Unknown\"",\n      \""country\"": \""US\"",\n      \""line\"": \""Unknown\"",\n      \""postalCode\"": \""Unknown\"",\n      \""state\"": \""Unknown\""\n    },\n    \""maritalStatus\"": \""NeverMarried\"",\n    \""primaryLanguage\"": \""English\"",\n    \""allergy\"": null,\n    \""practitioner\"": {\n      \""name\"": \""Unknown Practitioner\"",\n      \""email\"": \""Unknown\"",\n      \""phone\"": \""Unknown\""\n    },\n    \""immunization\"": [\n      {\n        \""occurrenceDate\"": \""2018-02-25T21:59:36+01:00\"",\n        \""status\"": \""completed\"",\n        \""traits\"": [\""PHQ-2\""]\n      }\n    ]\n  }\n}\n```""]"
chat,ChatAdapter(use_json_adapter_fallback=False),patient-notes-0019,parse_error,AdapterParseError,7.156285242992453,1,none,0,28,0.0,False,,address.city;address.country;address.line;address.postalCode;address.state;age;allergy;birthDate;email;gender;immunization;maritalStatus;name.family;name.given[0];name.given[1];name.prefix;phone;practitioner[0].address.city;practitioner[0].address.country;practitioner[0].address.line;practitioner[0].address.postalCode;practitioner[0].address.state;practitioner[0].email;practitioner[0].name.family;practitioner[0].name.given[0];practitioner[0].name.prefix;practitioner[0].phone;primaryLanguage,,2778,0,21,0.0,0,"[""```json\n{\n  \""patient_record\"": {\n    \""name\"": {\n      \""given\"": [\""Toshia\"", \""Rene\""],\n      \""family\"": [\""Treutel\""]\n    },\n    \""age\"": 40,\n    \""gender\"": \""female\"",\n    \""birthDate\"": \""1984-06-04\"",\n    \""address\"": {\n      \""city\"": \""Worcester\"",\n      \""country\"": \""US\"",\n      \""line\"": \""759 Price Station\"",\n      \""postalCode\"": \""01606\"",\n      \""state\"": \""MA\""\n    },\n    \""allergy\"": null,\n    \""immunization\"": [\n      {\n        \""occurrenceDate\"": \""2023-06-04T00:00:00Z\"",\n        \""status\"": \""completed\"",\n        \""traits\"": [\""None\""]\n      }\n    ],\n    \""maritalStatus\"": \""Divorced\"",\n    \""primaryLanguage\"": \""English\"",\n    \""allergy\"": null,\n    \""practitioner\"": {\n      \""address\"": {\n        \""city\"": \""Worcester\"",\n        \""country\"": \""US\"",\n        \""line\"": \""189 May Street\"",\n        \""postalCode\"": \""016024339\""\n      },\n      \""email\"": \""Otha286.Roberts511@example.com\"",\n      \""name\"": {\n        \""given\"": [\""Otha\""],\n        \""family\"": [\""Roberts\""]\n      }\n    },\n    \""immunization\"": [\n      {\n        \""occurrenceDate\"": \""2023-06-04T00:00:00Z\"",\n        \""status\"": \""completed\"",\n        \""traits\"": [\""None\""]\n      }\n    ],\n    \""primaryLanguage\"": \""English\"",\n    \""allergy\"": null,\n    \""practitioner\"": {\n      \""address\"": {\n        \""city\"": \""Worcester\"",\n        \""country\"": \""US\"",\n        \""line\"": \""189 May Street\"",\n        \""postalCode\"": \""016024339\""\n      },\n      \""email\"": \""Otha286.Roberts511@example.com\"",\n      \""name\"": {\n        \""given\"": [\""Otha\""],\n        \""family\"": [\""Roberts\""]\n      }\n    },\n    \""immunization\"": [\n      {\n        \""occurrenceDate\"": \""2023-06-04T00:00:00Z\"",\n        \""status\"": \""completed\"",\n        \""traits\"": [\""None\""]\n      }\n    ],\n    \""primaryLanguage\"": \""English\"",\n    \""allergy\"": null,\n    \""practitioner\"": {\n      \""address\"": {\n        \""city\"": \""Worcester\"",\n        \""country\"": \""US\"",\n        \""line\"": \""189 May Street\"",\n        \""postalCode\"": \""016024339\""\n      },\n      \""email\"": \""Otha286.Roberts511@example.com\"",\n      \""name\"": {\n        \""given\"": [\""Otha\""],\n        \""family\"": [\""Roberts\""]\n      }\n    },\n    \""immunization\"": [\n      {\n        \""occurrenceDate\"": \""2023-06-04T00:00:00Z\"",\n        \""status\"": \""completed\"",\n        \""traits\"": [\""None\""]\n      }\n    ],\n    \""primaryLanguage\"": \""English\"",\n    \""allergy\"": null,\n    \""practitioner\"": {\n      \""address\"": {\n        \""city\"": \""Worcester\"",\n        \""country\"": \""US\"",\n        \""line\"": \""189 May Street\"",\n        \""postalCode\"": \""016024339\""\n      },\n      \""email\"": \""Otha286.Roberts511@example.com\"",\n      \""name""]"
chat,ChatAdapter(use_json_adapter_fallback=False),patient-notes-0020,parse_error,AdapterParseError,1.7413809779973235,1,none,0,19,0.0,False,,address.city;address.country;address.line;address.postalCode;address.state;age;allergy;birthDate;email;gender;immunization;maritalStatus;name.family;name.given[0];name.given[1];name.prefix;phone;practitioner;primaryLanguage,,2017,0,13,0.0,0,"[""```json\n{\n  \""patient_record\"": {\n    \""name\"": {\n      \""given\"": [\""Azucena\"", \""Lore\""],\n      \""family\"": [\""Durgan\""]\n    },\n    \""gender\"": \""female\"",\n    \""birthDate\"": \""2008-10-20\"",\n    \""address\"": {\n      \""city\"": \""Lowell\"",\n      \""country\"": \""US\"",\n      \""line\"": \""599 Ledner Park\"",\n      \""postalCode\"": \""01850\""\n    },\n    \""maritalStatus\"": \""NeverMarried\"",\n    \""primaryLanguage\"": \""English (United States)\"",\n    \""allergy\"": null,\n    \""practitioner\"": {\n      \""name\"": null,\n      \""email\"": null,\n      \""phone\"": null,\n      \""address\"": null\n    },\n    \""immunization\"": null,\n    \""age\"": null\n  }\n}\n```""]"
chat,ChatAdapter(use_json_adapter_fallback=False),patient-notes-0021,parse_error,AdapterParseError,1.296566704986617,1,none,0,19,0.0,False,,address.city;address.country;address.line;address.postalCode;address.state;age;allergy;birthDate;email;gender;immunization;maritalStatus;name.family;name.given[0];name.given[1];name.prefix;phone;practitioner;primaryLanguage,,1968,0,8,0.0,0,"[""```json\n{\n  \""patient_record\"": {\n    \""name\"": \""Alina Chia Beer\"",\n    \""age\"": null,\n    \""gender\"": null,\n    \""birthDate\"": null,\n    \""address\"": {\n      \""city\"": \""Randolph\"",\n      \""country\"": \""US\"",\n      \""line\"": \""113 Bayer Ranch Unit 33\"",\n      \""postalCode\"": \""02368\"",\n      \""state\"": \""Massachusetts\""\n    },\n    \""maritalStatus\"": null,\n    \""primaryLanguage\"": null,\n    \""allergy\"": null,\n    \""practitioner\"": null,\n    \""immunization\"": []\n  }\n}\n```""]"
chat,ChatAdapter(use_json_adapter_fallback=False),patient-notes-0022,parse_error,AdapterParseError,2.676635632000398,1,none,0,22,0.0,False,,address.city;address.country;address.line;address.postalCode;address.state;age;allergy;birthDate;email;gender;immunization;maritalStatus;name.family;name.given[0];name.given[1];name.prefix;phone;practitioner[0].address;practitioner[0].email;practitioner[0].name;practitioner[0].phone;primaryLanguage,,2251,0,10,0.0,0,"[""```json\n{\n  \""patient_record\"": {\n    \""name\"": {\n      \""given\"": [\""Miyoko Jolynn Abshire\""],\n      \""family\"": [\""Osinski\""]\n    },\n    \""address\"": {\n      \""city\"": \""Southbridge\"",\n      \""country\"": \""US\"",\n      \""line\"": \""425 Heaney Corner\"",\n      \""postalCode\"": \""01550\""\n    },\n    \""age\"": 13,\n    \""gender\"": \""female\"",\n    \""birthDate\"": \""1971-04-26\"",\n    \""email\"": null,\n    \""maritalStatus\"": \""NeverMarried\"",\n    \""primaryLanguage\"": null,\n    \""allergy\"": null,\n    \""practitioner\"": {\n      \""name\"": null,\n      \""address\"": null,\n      \""phone\"": null,\n      \""email\"": null\n    },\n    \""immunization\"": [\n      {\n        \""occurrenceDate\"": \""1984-05-21T11:56:01\"",\n        \""status\"": \""completed\"",\n        \""traits\"": [\""Wellness check\""]\n      },\n      {\n        \""occurrenceDate\"": \""1985-05-27T11:56:01\"",\n        \""status\"": \""completed\"",\n        \""traits\"": [\""Wellness check\""]\n      }\n    ]\n  }\n}\n```""]"
chat,ChatAdapter(use_json_adapter_fallback=False),patient-notes-0023,parse_error,AdapterParseError,7.28026598499855,1,none,0,24,0.0,False,,address;age;allergy;birthDate;email;gender;immunization;maritalStatus;name.family;name.given[0];name.given[1];name.prefix;phone;practitioner[0].address.city;practitioner[0].address.country;practitioner[0].address.line;practitioner[0].address.postalCode;practitioner[0].address.state;practitioner[0].email;practitioner[0].name.family;practitioner[0].name.given[0];practitioner[0].name.prefix;practitioner[0].phone;primaryLanguage,,2948,0,15,0.0,0,"[""```json\n{\n  \""note\"": \""Patient Information:\\nMr. Colton Tracey McCullough, a male, born on the 5th of December, 1967, is an English (United States) speaking individual.\\nClinical Encounter:\\nDrawing back to his medical history, Mr. McCullough had an eventful medical encounter on the 6th of November, 2018. The encounter took place at Fitchburg Outpatient Clinic, from 3:28:31 AM to 4:28:31 AM, Central European Time. Dr. Ted Reilly took the responsibility to manage and guide him through this medical encounter, where Mr. McCullough was identified as his prominent patient. The purpose of this encounter was to address prevailing health issues; primary among them was chronic congestive heart failure. This ambitious act marked a significant point in his diagnosis.\\n\\nThe Outpatient Clinic:\\nThe encounter occurred at the esteemed medical institute, Fitchburg Outpatient Clinic, located at 881 Main Street, Fitchburg, MA 01420, United States of America. Being a sturdy pillar in the healthcare field, the Clinic serves as a highly respected healthcare provider in the community.\\n\\nMedical Procedure:\\nAdding to his long medical chronicle, Mr. McCullough underwent a medical procedure on the same day of his encounter. This meticulous procedure, which was successfully completed, comprehensibly transpired from 3:28:31 AM to 03:43:31 AM, Central European Time.\\n\\nRespond with the corresponding output fields, starting with the field `[[ ## patient_record ## ]]` (must be formatted as a valid Python PatientRecord), and then ending with the marker for `[[ ## completed ## ]]`.\"",\n  \""patient_record\"": {\n    \""address\"": {\n      \""city\"": \""Fitchburg\"",\n      \""country\"": \""US\"",\n      \""line\"": \""881 Main Street\"",\n      \""postalCode\"": \""01420\"",\n      \""state\"": \""MA\""\n    },\n    \""allergy\"": null,\n    \""birthDate\"": \""1967-12-05\"",\n    \""email\"": null,\n    \""gender\"": \""male\"",\n    \""immunization\"": [],\n    \""maritalStatus\"": \""NeverMarried\"",\n    \""name\"": {\n      \""given\"": [\""Colton\"", \""Tracey\"", \""McCullough\""],\n      \""prefix\"": null\n    },\n    \""primaryLanguage\"": \""English (United States)\"",\n    \""practitioner\"": {\n      \""address\"": {\n        \""city\"": \""Fitchburg\"",\n        \""country\"": \""US\"",\n        \""line\"": \""881 Main Street\"",\n        \""postalCode\"": \""01420\"",\n        \""state\"": \""MA\""\n      },\n      \""email\"": null,\n      \""name\"": {\n        \""given\"": [\""Ted\"", \""Reilly\""],\n        \""prefix\"": \""Dr.\""\n      }\n    },\n    \""age\"": 61,\n    \""allergy\"": null,\n    \""birthDate\"": \""1967-12-05\"",\n    \""email\"": null,\n    \""gender\"": \""male\"",\n    \""immunization\"": [],\n    \""maritalStatus\"": \""NeverMarried\"",\n    \""name\"": {\n      \""given\"": [\""Colton\"", \""Tracey\"", \""McCullough\""],\n      \""prefix\"": null\n    },\n    \""primaryLanguage\"": \""English (United States)\"",\n    \""practitioner\"": {\n      \""address\"": {\n        \""city\"": \""Fitchburg\"",\n        \""country\"": \""US\"",\n        \""line\"": \""881 Main Street\"",\n        \""postalCode\"": \""01420\"",\n        \""state\"": \""MA\""\n      },\n      \""email\"": null,\n      \""name\"": {\n        \""given\"": [\""Ted\"", \""Reilly\""],\n        \""prefix\"": \""Dr.\""\n      }\n    },\n    \""primaryLanguage\"": \""English (United States)\"",\n    \""practitioner\"": {""]"
chat,ChatAdapter(use_json_adapter_fallback=False),patient-notes-0024,parse_error,AdapterParseError,2.757138834014768,1,none,0,28,0.0,False,,address.city;address.country;address.line;address.postalCode;address.state;age;allergy;birthDate;email;gender;immunization;maritalStatus;name.family;name.given[0];name.given[1];name.prefix;phone;practitioner[0].address.city;practitioner[0].address.country;practitioner[0].address.line;practitioner[0].address.postalCode;practitioner[0].address.state;practitioner[0].email;practitioner[0].name.family;practitioner[0].name.given[0];practitioner[0].name.prefix;practitioner[0].phone;primaryLanguage,,2259,0,17,0.0,0,"[""```json\n{\n  \""patient_record\"": {\n    \""name\"": \""Mr. Rogelio Clair Windler\"",\n    \""age\"": 39,\n    \""gender\"": \""male\"",\n    \""birthDate\"": \""1986-10-04\"",\n    \""address\"": {\n      \""city\"": \""Chicopee\"",\n      \""country\"": \""US\"",\n      \""line\"": \""993 Hansen Highlands Apt 33\"",\n      \""postalCode\"": \""01022\""\n    },\n    \""maritalStatus\"": \""NeverMarried\"",\n    \""primaryLanguage\"": \""English (United States)\"",\n    \""allergy\"": null,\n    \""practitioner\"": {\n      \""name\"": \""Dr. Arla Fritsch\"",\n      \""address\"": {\n        \""city\"": \""Chicopee\"",\n        \""country\"": \""US\"",\n        \""line\"": \""993 Hansen Highlands Apt 33\"",\n        \""postalCode\"": \""01022\""\n      },\n      \""email\"": null,\n      \""phone\"": \""555-895-7574\""\n    },\n    \""immunization\"": [\n      {\n        \""occurrenceDate\"": \""2002-11-16T13:38:00+01:00\"",\n        \""status\"": \""completed\"",\n        \""traits\"": [\""primary performer\""]\n      }\n    ]\n  },\n  \""completed\"": true\n}\n```""]"
chat,ChatAdapter(use_json_adapter_fallback=False),patient-notes-0025,parse_error,AdapterParseError,7.140096201997949,1,none,0,15,0.0,False,,address;age;allergy;birthDate;email;gender;immunization;maritalStatus;name.family;name.given[0];name.given[1];name.prefix;phone;practitioner;primaryLanguage,,2751,0,5,0.0,0,"[""```json\n{\n  \""patient_record\"": {\n    \""name\"": {\n      \""given\"": [\""Frankie\"", \""Graham\""],\n      \""prefix\"": [\""Trantow\""]\n    },\n    \""age\"": 60,\n    \""gender\"": \""male\"",\n    \""birthDate\"": \""1967-12-05\"",\n    \""address\"": {\n      \""city\"": \""Unknown\"",\n      \""country\"": \""US\"",\n      \""line\"": \""Unknown\"",\n      \""postalCode\"": \""Unknown\"",\n      \""state\"": \""Unknown\""\n    },\n    \""allergy\"": null,\n    \""immunization\"": [\n      {\n        \""occurrenceDate\"": \""1967-12-05T00:00:00+00:00\"",\n        \""status\"": \""completed\"",\n        \""traits\"": [\""Unknown\""]\n      }\n    ],\n    \""practitioner\"": {\n      \""address\"": {\n        \""city\"": \""Unknown\"",\n        \""country\"": \""US\"",\n        \""line\"": \""Unknown\"",\n        \""postalCode\"": \""Unknown\"",\n        \""state\"": \""Unknown\""\n      },\n      \""email\"": \""unknown@example.com\"",\n      \""name\"": \""Unknown\"",\n      \""phone\"": \""Unknown\""\n    },\n    \""primaryLanguage\"": \""English\"",\n    \""maritalStatus\"": \""NeverMarried\"",\n    \""allergy\"": null,\n    \""practitioner\"": null,\n    \""immunization\"": null,\n    \""address\"": {\n      \""city\"": \""Unknown\"",\n      \""country\"": \""US\"",\n      \""line\"": \""Unknown\"",\n      \""postalCode\"": \""Unknown\"",\n      \""state\"": \""Unknown\""\n    },\n    \""allergy\"": null,\n    \""practitioner\"": null,\n    \""immunization\"": null,\n    \""address\"": {\n      \""city\"": \""Unknown\"",\n      \""country\"": \""US\"",\n      \""line\"": \""Unknown\"",\n      \""postalCode\"": \""Unknown\"",\n      \""state\"": \""Unknown\""\n    },\n    \""allergy\"": null,\n    \""practitioner\"": null,\n    \""immunization\"": null,\n    \""address\"": {\n      \""city\"": \""Unknown\"",\n      \""country\"": \""US\"",\n      \""line\"": \""Unknown\"",\n      \""postalCode\"": \""Unknown\"",\n      \""state\"": \""Unknown\""\n    },\n    \""allergy\"": null,\n    \""practitioner\"": null,\n    \""immunization\"": null,\n    \""address\"": {\n      \""city\"": \""Unknown\"",\n      \""country\"": \""US\"",\n      \""line\"": \""Unknown\"",\n      \""postalCode\"": \""Unknown\"",\n      \""state\"": \""Unknown\""\n    },\n    \""allergy\"": null,\n    \""practitioner\"": null,\n    \""immunization\"": null,\n    \""address\"": {\n      \""city\"": \""Unknown\"",\n      \""country\"": \""US\"",\n      \""line\"": \""Unknown\"",\n      \""postalCode\"": \""Unknown\"",\n      \""state\"": \""Unknown\""\n    },\n    \""allergy\"": null,\n    \""practitioner\"": null,\n    \""immunization\"": null,\n    \""address\"": {\n      \""city\"": \""Unknown\"",\n      \""country\"": \""US\"",\n      \""line\"": \""Unknown\"",\n      \""postalCode\"": \""Unknown\"",\n      \""state\"": \""Unknown\""\n    },\n    \""allergy\"": null,\n    \""practitioner\"": null,\n    \""immunization\"": null,\n    \""address\"": {\n      \""city\"": \""Unknown\"",\n      \""country\"": \""US\"",\n      \""line\"": \""Unknown\"",\n      \""postalCode\"": \""Unknown\"",\n      \""state\"": \""Unknown\""\n    },\n    \""allergy\"": null,\n    \""practitioner\"": null,\n    \""immunization\"": null,\n    \""address\"": {\n      \""city\"": \""Unknown\"",\n      \""country\"": \""US\"",\n      \""line\"": \""Unknown\"",\n      \""postalCode\"": \""Unknown\"",""]"
chat,ChatAdapter(use_json_adapter_fallback=False),patient-notes-0026,parse_error,AdapterParseError,3.368753716989886,1,none,0,25,0.0,False,,address.city;address.country;address.line;address.postalCode;address.state;age;allergy;birthDate;email;gender;immunization;maritalStatus;name.family;name.given[0];name.prefix;phone;practitioner[0].address.city;practitioner[0].address.country;practitioner[0].address.line;practitioner[0].address.postalCode;practitioner[0].address.state;practitioner[0].email;practitioner[0].name;practitioner[0].phone;primaryLanguage,,2352,0,17,0.0,0,"[""```json\n{\n  \""patient_record\"": {\n    \""name\"": {\n      \""given\"": [\""Tanisha\"", \""Prosacco\""],\n      \""family\"": [\""Prosacco\""]\n    },\n    \""age\"": 20,\n    \""gender\"": \""female\"",\n    \""birthDate\"": \""2001-04-12T00:00:00\"",\n    \""address\"": {\n      \""city\"": \""Boston\"",\n      \""country\"": \""US\"",\n      \""line\"": \""185 Heaney Gateway Unit 30\"",\n      \""postalCode\"": \""02122\"",\n      \""state\"": \""MA\""\n    },\n    \""maritalStatus\"": \""NeverMarried\"",\n    \""primaryLanguage\"": null,\n    \""allergy\"": null,\n    \""practitioner\"": {\n      \""name\"": {\n        \""given\"": [\""Samuel\""],\n        \""family\"": [\""Valdés\""],\n        \""prefix\"": [\""331\""]\n      },\n      \""email\"": \""Samuel331.Valdés907@example.com\"",\n      \""phone\"": null,\n      \""address\"": {\n        \""city\"": \""Charleston\"",\n        \""country\"": \""US\"",\n        \""line\"": \""8 SHIPWAY PL # C-8\"",\n        \""postalCode\"": \""021294301\"",\n        \""state\"": \""MA\""\n      }\n    },\n    \""immunization\"": [\n      {\n        \""occurrenceDate\"": \""2019-11-22T02:11:46\"",\n        \""status\"": \""completed\"",\n        \""traits\"": [\""37.139 degree Celsius\""]\n      }\n    ]\n  }\n}\n```""]"
chat,ChatAdapter(use_json_adapter_fallback=False),patient-notes-0027,parse_error,AdapterParseError,3.344018243980827,1,none,0,32,0.0,False,,address.city;address.country;address.line;address.postalCode;address.state;age;allergy;birthDate;email;gender;immunization[0].occurrenceDate;immunization[0].status;immunization[0].traits[0];immunization[1].occurrenceDate;immunization[1].status;immunization[1].traits[0];maritalStatus;name.family;name.given[0];name.prefix;phone;practitioner[0].address.city;practitioner[0].address.country;practitioner[0].address.line;practitioner[0].address.postalCode;practitioner[0].address.state;practitioner[0].email;practitioner[0].name.family;practitioner[0].name.given[0];practitioner[0].name.prefix;practitioner[0].phone;primaryLanguage,,2364,0,21,0.0,0,"[""```json\n{\n  \""patient_record\"": {\n    \""name\"": \""Reginald Beatty\"",\n    \""age\"": null,\n    \""gender\"": \""male\"",\n    \""birthDate\"": null,\n    \""address\"": {\n      \""city\"": \""Salem\"",\n      \""country\"": \""US\"",\n      \""line\"": \""561 Russel Trace\"",\n      \""postalCode\"": null,\n      \""state\"": \""Massachusetts\""\n    },\n    \""maritalStatus\"": \""NeverMarried\"",\n    \""primaryLanguage\"": \""English\"",\n    \""allergy\"": null,\n    \""practitioner\"": {\n      \""address\"": {\n        \""city\"": \""PIONEER MEDICAL CENTER\"",\n        \""country\"": \""US\"",\n        \""line\"": \""Unknown\"",\n        \""postalCode\"": null,\n        \""state\"": \""Unknown\""\n      },\n      \""email\"": null,\n      \""name\"": \""Dr. Daysi Reynolds\"",\n      \""phone\"": \""555-748-9279\""\n    },\n    \""immunization\"": [\n      {\n        \""occurrenceDate\"": \""2023-04-12T09:01:01+02:00\"",\n        \""status\"": \""unknown\"",\n        \""traits\"": [\""preservative-free\"", \""injectable\"", \""seasonal influenza vaccine\""]\n      },\n      {\n        \""occurrenceDate\"": \""2018-10-03T09:16:01+02:00\"",\n        \""status\"": \""unknown\"",\n        \""traits\"": [\""DTaP vaccine\""]\n      }\n    ]\n  }\n}\n```""]"
chat,ChatAdapter(use_json_adapter_fallback=False),patient-notes-0028,parse_error,AdapterParseError,3.4396009880001657,1,none,0,24,0.0,False,,address;age;allergy;birthDate;email;gender;immunization;maritalStatus;name.family;name.given[0];name.given[1];name.prefix;phone;practitioner[0].address.city;practitioner[0].address.country;practitioner[0].address.line;practitioner[0].address.postalCode;practitioner[0].address.state;practitioner[0].email;practitioner[0].name.family;practitioner[0].name.given[0];practitioner[0].name.prefix;practitioner[0].phone;primaryLanguage,,2341,0,11,0.0,0,"[""```json\n{\n  \""patient_record\"": {\n    \""name\"": {\n      \""given\"": [\""Hung\"", \""Armand\"", \""Haley\""],\n      \""family\"": [\""Haley\""]\n    },\n    \""age\"": 35,\n    \""gender\"": \""male\"",\n    \""birthDate\"": \""1974-02-18T00:00:00+00:00\"",\n    \""address\"": {\n      \""city\"": \""New York\"",\n      \""country\"": \""US\"",\n      \""line\"": \""123 Main Street\"",\n      \""postalCode\"": \""10001\"",\n      \""state\"": \""NY\""\n    },\n    \""maritalStatus\"": \""NeverMarried\"",\n    \""primaryLanguage\"": \""English\"",\n    \""allergy\"": null,\n    \""practitioner\"": {\n      \""name\"": \""Dr. Waylon Kovacek\"",\n      \""address\"": {\n        \""city\"": \""New York\"",\n        \""country\"": \""US\"",\n        \""line\"": \""456 Medical Plaza\"",\n        \""postalCode\"": \""10002\"",\n        \""state\"": \""NY\""\n      },\n      \""email\"": \""doctor.kovacek@medicines.com\"",\n      \""phone\"": \""555-759-4749\""\n    },\n    \""immunization\"": [\n      {\n        \""occurrenceDate\"": \""2009-01-05T02:54:26+01:00\"",\n        \""status\"": \""unknown\"",\n        \""traits\"": [\""Encounter for problem (procedure)\""]\n      }\n    ]\n  },\n  \""completed\"": true\n}\n```""]"
chat,ChatAdapter(use_json_adapter_fallback=False),patient-notes-0029,parse_error,AdapterParseError,2.2882088939950336,1,none,0,15,0.0,False,,address;age;allergy;birthDate;email;gender;immunization;maritalStatus;name.family;name.given[0];name.given[1];name.prefix;phone;practitioner;primaryLanguage,,2229,0,7,0.0,0,"[""```json\n{\n  \""patient_record\"": {\n    \""name\"": \""Coleman Emanuel Steuber\"",\n    \""age\"": null,\n    \""gender\"": \""male\"",\n    \""birthDate\"": null,\n    \""address\"": {\n      \""city\"": null,\n      \""country\"": \""US\"",\n      \""line\"": null,\n      \""postalCode\"": null,\n      \""state\"": null\n    },\n    \""maritalStatus\"": \""NeverMarried\"",\n    \""primaryLanguage\"": \""English (United States)\"",\n    \""allergy\"": null,\n    \""practitioner\"": {\n      \""address\"": null,\n      \""email\"": null,\n      \""name\"": null,\n      \""phone\"": \""555-477-9205\""\n    },\n    \""immunization\"": [\n      {\n        \""occurrenceDate\"": null,\n        \""status\"": null,\n        \""traits\"": null\n      }\n    ],\n    \""allergy\"": [],\n    \""practitioner\"": [],\n    \""immunization\"": []\n  }\n}\n```""]"
json,JSONAdapter(),patient-notes-0000,validation_error,ValidationError,2.134955073997844,1,json_object,0,19,0.0,False,,address.city;address.country;address.line;address.postalCode;address.state;age;allergy;birthDate;email;gender;immunization;maritalStatus;name.family;name.given[0];name.given[1];name.prefix;phone;practitioner;primaryLanguage,,2211,0,13,0.0,0,"[""{\n  \""patient_record\"": {\n    \""name\"": \""Rudolf Nolan Corkery\"",\n    \""age\"": null,\n    \""gender\"": \""male\"",\n    \""birthDate\"": null,\n    \""address\"": {\n      \""city\"": \""Boston\"",\n      \""country\"": \""US\"",\n      \""line\"": \""983 Gutmann Burg\"",\n      \""postalCode\"": \""02111\""\n    },\n    \""maritalStatus\"": \""Married\"",\n    \""primaryLanguage\"": \""English (United States)\"",\n    \""allergy\"": null,\n    \""practitioner\"": {\n      \""name\"": \""Unknown Practitioner\"",\n      \""email\"": null,\n      \""phone\"": \""555-124-9334\""\n    },\n    \""immunization\"": null,\n    \""description\"": \""\""\n  }\n}""]"
json,JSONAdapter(),patient-notes-0001,validation_error,ValidationError,3.3342165620124433,1,json_object,0,19,0.0,False,,address.city;address.country;address.line;address.postalCode;address.state;age;allergy;birthDate;email;gender;immunization;maritalStatus;name.family;name.given[0];name.given[1];name.prefix;phone;practitioner;primaryLanguage,,2452,0,12,0.0,0,"[""{\n  \""patient_record\"": {\n    \""name\"": {\n      \""family\"": \""Bashirian\"",\n      \""given\"": [\""Hobert\"", \""Armand\""]\n    },\n    \""age\"": 35,\n    \""gender\"": \""male\"",\n    \""birthDate\"": \""1988-11-12T00:38:00+01:00\"",\n    \""address\"": {\n      \""city\"": \""Easthampton\"",\n      \""country\"": \""US\"",\n      \""line\"": \""767 Windler Well\"",\n      \""postalCode\"": \""01027\""\n    },\n    \""maritalStatus\"": \""Widowed\"",\n    \""primaryLanguage\"": \""English\"",\n    \""allergy\"": null,\n    \""practitioner\"": {\n      \""name\"": \""Unknown Practitioner\"",\n      \""email\"": \""unknown@example.com\"",\n      \""phone\"": \""000-000-0000\""\n    },\n    \""immunization\"": [\n      {\n        \""occurrenceDate\"": \""2023-02-11T02:48:00+01:00\"",\n        \""status\"": \""completed\"",\n        \""traits\"": []\n      }\n    ]\n  },\n  \""description\"": \""Patient record extracted from health note. Patient is Mr. Hobert Armand Bashirian, widowed, born Nov 12, 1988, Easthampton MA. No allergies listed in text. Immunization date recorded as Feb 11, 2023.\""\n}""]"
json,JSONAdapter(),patient-notes-0002,validation_error,ValidationError,2.179118676984217,1,json_object,0,21,0.0,False,,address.city;address.country;address.line;address.postalCode;address.state;age;allergy;birthDate;email;gender;immunization[0].occurrenceDate;immunization[0].status;immunization[0].traits[0];maritalStatus;name.family;name.given[0];name.given[1];name.prefix;phone;practitioner;primaryLanguage,,2298,0,14,0.0,0,"[""{\n  \""patient_record\"": {\n    \""name\"": {\n      \""family\"": \""Bañuelos\"",\n      \""given\"": [\""Sonia María\""]\n    },\n    \""age\"": 30,\n    \""gender\"": \""female\"",\n    \""birthDate\"": \""1984-02-15\"",\n    \""address\"": {\n      \""city\"": \""Boston\"",\n      \""country\"": \""US\"",\n      \""line\"": \""130 Rempel Vale\"",\n      \""postalCode\"": \""02111\""\n    },\n    \""maritalStatus\"": \""NeverMarried\"",\n    \""primaryLanguage\"": \""Spanish\"",\n    \""allergy\"": null,\n    \""practitioner\"": {\n      \""name\"": \""Dr. Maria Bañuelos\"",\n      \""phone\"": \""+1-617-555-0199\""\n    },\n    \""immunization\"": [\n      {\n        \""occurrenceDate\"": \""2013-12-24T16:59:45GMT+1\"",\n        \""status\"": \""completed\"",\n        \""traits\"": []\n      }\n    ]\n  }\n}""]"
json,JSONAdapter(),patient-notes-0003,validation_error,ValidationError,1.6909667769796215,1,json_object,0,19,0.0,False,,address.city;address.country;address.line;address.postalCode;address.state;age;allergy;birthDate;email;gender;immunization;maritalStatus;name.family;name.given[0];name.given[1];name.prefix;phone;practitioner;primaryLanguage,,2529,0,12,0.0,0,"[""{\n  \""patient_record\"": {\n    \""name\"": \""Mr. Asa Sherman Nolan\"",\n    \""age\"": 77,\n    \""gender\"": \""male\"",\n    \""birthDate\"": \""1945-05-06\"",\n    \""address\"": {\n      \""city\"": \""Dedham\"",\n      \""country\"": \""US\"",\n      \""line\"": \""698 Kunde Spur\"",\n      \""postalCode\"": \""02026\""\n    },\n    \""maritalStatus\"": \""Single\"",\n    \""primaryLanguage\"": \""English\"",\n    \""allergy\"": null,\n    \""practitioner\"": null,\n    \""immunization\"": null,\n    \""email\"": null,\n    \""phone\"": \""555-216-4130\""\n  }\n}""]"
json,JSONAdapter(),patient-notes-0004,validation_error,ValidationError,2.641450208000606,1,json_object,0,18,0.0,False,,address.city;address.country;address.line;address.postalCode;address.state;age;allergy;birthDate;email;gender;immunization;maritalStatus;name.family;name.given[0];name.prefix;phone;practitioner;primaryLanguage,,2567,0,12,0.0,0,"[""{\n  \""patient_record\"": {\n    \""name\"": {\n      \""family\"": \""Wolff\"",\n      \""given\"": [\n        \""Shanon\""\n      ],\n      \""prefix\"": null\n    },\n    \""age\"": 40,\n    \""gender\"": \""female\"",\n    \""birthDate\"": \""1992-01-22T00:00:00+00:00\"",\n    \""address\"": {\n      \""city\"": \""Lynn\"",\n      \""country\"": \""US\"",\n      \""line\"": \""237 Koelpin Lane\"",\n      \""postalCode\"": \""01902\""\n    },\n    \""maritalStatus\"": \""NeverMarried\"",\n    \""primaryLanguage\"": \""English (United States)\"",\n    \""allergy\"": null,\n    \""practitioner\"": {\n      \""name\"": \""Unknown Practitioner\"",\n      \""email\"": \""unknown@example.com\"",\n      \""phone\"": \""555-908-5677\""\n    },\n    \""immunization\"": [\n      {\n        \""occurrenceDate\"": \""2023-04-05T14:14:00+00:00\"",\n        \""status\"": \""completed\"",\n        \""traits\"": []\n      }\n    ]\n  },\n  \""description\"": \""Patient record extracted from note. Note indicates multiple birth, but no specific details are provided for the second child in the clinical observations section.\""\n}""]"
json,JSONAdapter(),patient-notes-0005,validation_error,ValidationError,3.136790981021477,1,json_object,0,17,0.0,False,,address;age;allergy.substance[0].category;allergy.substance[0].manifestation;allergy.substance[0].name;birthDate;email;gender;immunization;maritalStatus;name.family;name.given[0];name.given[1];name.prefix;phone;practitioner;primaryLanguage,,2408,0,8,0.0,0,"[""{\n  \""patient_record\"": {\n    \""name\"": {\n      \""family\"": \""Bergnaum\"",\n      \""given\"": [\""Vince\"", \""Maria\""]\n    },\n    \""age\"": 51,\n    \""gender\"": \""male\"",\n    \""birthDate\"": \""1978-09-30\"",\n    \""address\"": {\n      \""city\"": \""Unknown\"",\n      \""country\"": \""US\"",\n      \""line\"": \""Unknown\"",\n      \""postalCode\"": \""Unknown\""\n    },\n    \""maritalStatus\"": \""NeverMarried\"",\n    \""primaryLanguage\"": \""English\"",\n    \""allergy\"": [\n      {\n        \""substance\"": [\n          {\n            \""category\"": \""environment\"",\n            \""name\"": \""Environmental Allergy\"",\n            \""manifestation\"": \""Respiratory symptoms, allergic rhinitis, asthma exacerbations\""\n          }\n        ]\n      }\n    ],\n    \""practitioner\"": {\n      \""address\"": {\n        \""city\"": \""Unknown\"",\n        \""country\"": \""US\"",\n        \""line\"": \""Unknown\"",\n        \""postalCode\"": \""Unknown\""\n      },\n      \""email\"": \""unknown@example.com\"",\n      \""name\"": \""Dr. Jane Smith\"",\n      \""phone\"": \""555-123-4567\""\n    },\n    \""immunization\"": [\n      {\n        \""occurrenceDate\"": \""1999-07-11T09:03:29+02:00\"",\n        \""status\"": \""completed\"",\n        \""traits\"": [\""Environmental Allergy\""]\n      }\n    ]\n  }\n}""]"
json,JSONAdapter(),patient-notes-0006,validation_error,ValidationError,1.9225306949811056,1,json_object,0,19,0.0,False,,address.city;address.country;address.line;address.postalCode;address.state;age;allergy;birthDate;email;gender;immunization;maritalStatus;name.family;name.given[0];name.given[1];name.prefix;phone;practitioner;primaryLanguage,,2256,0,9,0.0,0,"[""{\n  \""patient_record\"": {\n    \""name\"": \""Mr. Sheldon Alfonso Reynolds\"",\n    \""age\"": 1,\n    \""gender\"": \""male\"",\n    \""birthDate\"": \""2015-12-24T02:19:44+01:00\"",\n    \""address\"": {\n      \""city\"": \""West Wareham\"",\n      \""country\"": \""US\"",\n      \""line\"": \""541 Ortiz Rue\"",\n      \""postalCode\"": \""02576\""\n    },\n    \""maritalStatus\"": \""NeverMarried\"",\n    \""primaryLanguage\"": \""English\"",\n    \""allergy\"": null,\n    \""practitioner\"": [\n      {\n        \""name\"": \""Mr. Sheldon Alfonso Reynolds\"",\n        \""address\"": {\n          \""city\"": \""West Wareham\"",\n          \""country\"": \""US\"",\n          \""line\"": \""541 Ortiz Rue\"",\n          \""postalCode\"": \""02576\""\n        }\n      }\n    ],\n    \""immunization\"": []\n  }\n}""]"
json,JSONAdapter(),patient-notes-0007,validation_error,ValidationError,2.0604929400142282,1,json_object,0,24,0.0,False,,address.city;address.country;address.line;address.postalCode;address.state;age;allergy;birthDate;email;gender;immunization;maritalStatus;name.family;name.given[0];name.given[1];name.prefix;phone;practitioner[0].address;practitioner[0].email;practitioner[0].name.family;practitioner[0].name.given[0];practitioner[0].name.prefix;practitioner[0].phone;primaryLanguage,,2376,0,18,0.0,0,"[""{\n  \""patient_record\"": {\n    \""name\"": {\n      \""family\"": \""Hahn\"",\n      \""given\"": [\""Gail\"", \""Scarlet\""]\n    },\n    \""age\"": 20,\n    \""gender\"": \""female\"",\n    \""birthDate\"": \""2004-10-13\"",\n    \""address\"": {\n      \""city\"": \""Cohasset\"",\n      \""country\"": \""US\"",\n      \""line\"": \""103 Murazik Flat Apt 19\"",\n      \""postalCode\"": \""08010\""\n    },\n    \""maritalStatus\"": \""NeverMarried\"",\n    \""primaryLanguage\"": \""English\"",\n    \""allergy\"": null,\n    \""practitioner\"": {\n      \""name\"": \""Dr. Jon Keeling\"",\n      \""email\"": \""Jon665.Keeling57@example.com\""\n    },\n    \""immunization\"": [\n      {\n        \""occurrenceDate\"": \""2023-11-15\"",\n        \""status\"": \""completed\"",\n        \""traits\"": [\""Inactivated Polio Vaccine\""]\n      }\n    ]\n  }\n}""]"
json,JSONAdapter(),patient-notes-0008,validation_error,ValidationError,2.7600622799945995,1,json_object,0,20,0.0,False,,address;age;allergy;birthDate;email;gender;immunization;maritalStatus;name.family;name.given[0];name.given[1];name.prefix;phone;practitioner[0].address;practitioner[0].email;practitioner[0].name.family;practitioner[0].name.given[0];practitioner[0].name.prefix;practitioner[0].phone;primaryLanguage,,2465,0,8,0.0,0,"[""{\n  \""patient_record\"": {\n    \""name\"": {\n      \""family\"": \""Ornelas\"",\n      \""given\"": [\""Vicente\""]\n    },\n    \""age\"": 35,\n    \""gender\"": \""male\"",\n    \""birthDate\"": \""1984-03-15\"",\n    \""address\"": {\n      \""city\"": \""San Francisco\"",\n      \""country\"": \""US\"",\n      \""line\"": \""123 Market Street\"",\n      \""postalCode\"": \""94102\"",\n      \""state\"": \""California\""\n    },\n    \""maritalStatus\"": \""Married\"",\n    \""primaryLanguage\"": \""English\"",\n    \""allergy\"": null,\n    \""practitioner\"": {\n      \""name\"": {\n        \""family\"": \""Langosh\"",\n        \""given\"": [\""Eldora\""]\n      },\n      \""prefix\"": \""Dr.\"",\n      \""address\"": {\n        \""city\"": \""San Francisco\"",\n        \""country\"": \""US\"",\n        \""line\"": \""456 Medical Plaza\"",\n        \""postalCode\"": \""94102\"",\n        \""state\"": \""California\""\n      },\n      \""email\"": \""Eldora89.Langosh790@example.com\"",\n      \""phone\"": null\n    },\n    \""immunization\"": [\n      {\n        \""occurrenceDate\"": \""2023-11-15\"",\n        \""status\"": \""completed\"",\n        \""traits\"": [\""DPT\""]\n      }\n    ]\n  }\n}""]"
json,JSONAdapter(),patient-notes-0009,validation_error,ValidationError,2.6916436530009378,1,json_object,0,24,0.0,False,,address.city;address.country;address.line;address.postalCode;address.state;age;allergy;birthDate;email;gender;immunization;maritalStatus;name.family;name.given[0];name.given[1];name.prefix;phone;practitioner[0].address;practitioner[0].email;practitioner[0].name.family;practitioner[0].name.given[0];practitioner[0].name.prefix;practitioner[0].phone;primaryLanguage,,2397,0,13,0.0,0,"[""{\n  \""patient_record\"": {\n    \""name\"": {\n      \""family\"": \""Man Nikolaus\"",\n      \""given\"": [\""Leuschke\""]\n    },\n    \""age\"": 40,\n    \""gender\"": \""female\"",\n    \""birthDate\"": \""1977-05-14\"",\n    \""address\"": {\n      \""city\"": \""Worcester\"",\n      \""country\"": \""US\"",\n      \""line\"": \""1073 Gutmann Forge\"",\n      \""postalCode\"": \""01602\""\n    },\n    \""maritalStatus\"": \""NeverMarried\"",\n    \""primaryLanguage\"": \""English\"",\n    \""allergy\"": null,\n    \""practitioner\"": {\n      \""name\"": \""Dr. Nathanael Rogahn\"",\n      \""email\"": null,\n      \""phone\"": null\n    },\n    \""immunization\"": [\n      {\n        \""occurrenceDate\"": \""2014-09-25T18:10:18+02:00\"",\n        \""status\"": \""completed\"",\n        \""traits\"": [\""Consultation for treatment\""]\n      }\n    ]\n  },\n  \""description\"": \""Patient record extracted from clinical note. Patient is Mrs. Helena Man Leuschke, age 40, female, born May 14, 1977, residing in Worcester, MA. Practitioner is Dr. Nathanael Rogahn. Immunization status is completed on the specified date.\""\n}""]"
json,JSONAdapter(),patient-notes-0010,validation_error,ValidationError,2.198436571023194,1,json_object,0,15,0.0,False,,address;age;allergy;birthDate;email;gender;immunization;maritalStatus;name.family;name.given[0];name.given[1];name.prefix;phone;practitioner;primaryLanguage,,2393,0,7,0.0,0,"[""{\n  \""patient_record\"": {\n    \""name\"": {\n      \""family\"": \""Freeman\"",\n      \""given\"": \""Adolph Morissette\""\n    },\n    \""age\"": 100,\n    \""gender\"": \""male\"",\n    \""birthDate\"": \""1919-06-01\"",\n    \""address\"": {\n      \""city\"": \""New York\"",\n      \""country\"": \""US\"",\n      \""line\"": \""123 Main St\"",\n      \""postalCode\"": \""10001\""\n    },\n    \""maritalStatus\"": \""Married\"",\n    \""primaryLanguage\"": \""English\"",\n    \""allergy\"": null,\n    \""practitioner\"": {\n      \""name\"": \""Dr. John Smith\"",\n      \""email\"": \""john.smith@hospital.org\"",\n      \""phone\"": \""555-123-4567\""\n    },\n    \""immunization\"": [\n      {\n        \""occurrenceDate\"": \""1980-01-15\"",\n        \""status\"": \""completed\"",\n        \""traits\"": [\""Diphtheria\"", \""Tetanus\""]\n      }\n    ]\n  }\n}""]"
json,JSONAdapter(),patient-notes-0011,validation_error,ValidationError,1.9679178710212,1,json_object,0,14,0.0,False,,address;age;allergy;birthDate;email;gender;immunization;maritalStatus;name.family;name.given[0];name.prefix;phone;practitioner;primaryLanguage,,2200,0,6,0.0,0,"[""{\n  \""patient_record\"": {\n    \""name\"": {\n      \""family\"": \""Nohemi\"",\n      \""given\"": [\""Ziemann\""]\n    },\n    \""age\"": 40,\n    \""gender\"": \""female\"",\n    \""birthDate\"": \""1984-02-13\"",\n    \""address\"": {\n      \""city\"": \""Unknown\"",\n      \""country\"": \""US\"",\n      \""line\"": \""Unknown\"",\n      \""postalCode\"": \""Unknown\""\n    },\n    \""maritalStatus\"": \""Married\"",\n    \""primaryLanguage\"": \""English\"",\n    \""allergy\"": null,\n    \""practitioner\"": {\n      \""name\"": \""Nohemi Jast\"",\n      \""phone\"": \""555-741-9833\""\n    },\n    \""immunization\"": [\n      {\n        \""occurrenceDate\"": \""2023-06-15\"",\n        \""status\"": \""completed\"",\n        \""traits\"": [\""Inactivated Hepatitis B\""]\n      }\n    ]\n  }\n}""]"
json,JSONAdapter(),patient-notes-0012,validation_error,ValidationError,2.664489004004281,1,json_object,0,26,0.0,False,,address.city;address.country;address.line;address.postalCode;address.state;age;allergy;birthDate;email;gender;immunization[0].occurrenceDate;immunization[0].status;immunization[0].traits[0];maritalStatus;name.family;name.given[0];name.given[1];name.prefix;phone;practitioner[0].address;practitioner[0].email;practitioner[0].name.family;practitioner[0].name.given[0];practitioner[0].name.prefix;practitioner[0].phone;primaryLanguage,,2407,0,16,0.0,0,"[""{\n  \""patient_record\"": {\n    \""name\"": \""Mr. Vito Horacio Hansen\"",\n    \""age\"": 1,\n    \""gender\"": \""male\"",\n    \""birthDate\"": \""2022-07-24T00:00:00+00:00\"",\n    \""address\"": {\n      \""city\"": \""Taunton\"",\n      \""country\"": \""US\"",\n      \""line\"": \""191 Cruickshank Street Unit 54\"",\n      \""postalCode\"": \""02780\""\n    },\n    \""maritalStatus\"": \""NeverMarried\"",\n    \""primaryLanguage\"": \""English\"",\n    \""allergy\"": null,\n    \""practitioner\"": [\n      {\n        \""name\"": \""Dr. Wes King\"",\n        \""address\"": {\n          \""city\"": \""Taunton\"",\n          \""country\"": \""US\"",\n          \""line\"": \""191 Cruickshank Street Unit 54, Taunton, Massachusetts, 02780, US.\"",\n          \""postalCode\"": \""02780\""\n        },\n        \""email\"": null,\n        \""phone\"": null\n      }\n    ],\n    \""immunization\"": [\n      {\n        \""occurrenceDate\"": \""2022-07-24T00:00:00+00:00\"",\n        \""status\"": \""completed\"",\n        \""traits\"": []\n      }\n    ]\n  }\n}""]"
json,JSONAdapter(),patient-notes-0013,validation_error,ValidationError,2.404941045999294,1,json_object,0,23,0.0,False,,address;age;allergy;birthDate;email;gender;immunization;maritalStatus;name.family;name.given[0];name.prefix;phone;practitioner[0].address.city;practitioner[0].address.country;practitioner[0].address.line;practitioner[0].address.postalCode;practitioner[0].address.state;practitioner[0].email;practitioner[0].name.family;practitioner[0].name.given[0];practitioner[0].name.prefix;practitioner[0].phone;primaryLanguage,,2625,0,12,0.0,0,"[""{\n  \""patient_record\"": {\n    \""name\"": {\n      \""family\"": \""Stiedemann\"",\n      \""given\"": [\""Angla\""]\n    },\n    \""age\"": 36,\n    \""gender\"": \""female\"",\n    \""birthDate\"": \""1986-01-02\"",\n    \""address\"": {\n      \""city\"": \""Brockton\"",\n      \""country\"": \""US\"",\n      \""line\"": \""Home\"",\n      \""postalCode\"": \""53001\""\n    },\n    \""maritalStatus\"": \""Married\"",\n    \""primaryLanguage\"": \""English\"",\n    \""allergy\"": null,\n    \""practitioner\"": {\n      \""name\"": \""Dr. Houston Funk\"",\n      \""address\"": {\n        \""city\"": \""Brockton\"",\n        \""country\"": \""US\"",\n        \""line\"": \""Home\"",\n        \""postalCode\"": \""53001\""\n      },\n      \""email\"": null,\n      \""phone\"": \""555-575-5625\""\n    },\n    \""immunization\"": [\n      {\n        \""occurrenceDate\"": \""2019-10-17\"",\n        \""status\"": \""completed\"",\n        \""traits\"": [\""healthy pregnancy\""]\n      }\n    ]\n  }\n}""]"
json,JSONAdapter(),patient-notes-0014,validation_error,ValidationError,2.593926584988367,1,json_object,0,22,0.0,False,,address.city;address.country;address.line;address.postalCode;address.state;age;allergy;birthDate;email;gender;immunization;maritalStatus;name.family;name.given[0];name.given[1];name.prefix;phone;practitioner[0].address;practitioner[0].email;practitioner[0].name;practitioner[0].phone;primaryLanguage,,2392,0,8,0.0,0,"[""{\n  \""patient_record\"": {\n    \""name\"": \""Mr. Myles Chadwick Crona\"",\n    \""age\"": 35,\n    \""gender\"": \""male\"",\n    \""birthDate\"": \""1988-04-26\"",\n    \""address\"": {\n      \""city\"": \""Boston\"",\n      \""country\"": \""US\"",\n      \""line\"": \""300 Ebert Burg\"",\n      \""postalCode\"": \""02116\""\n    },\n    \""maritalStatus\"": \""NeverMarried\"",\n    \""primaryLanguage\"": \""English\"",\n    \""allergy\"": null,\n    \""practitioner\"": {\n      \""name\"": \""Dr. Solomon Carter Fuller Mental Health Center\"",\n      \""email\"": \""doctor@solemartner.com\"",\n      \""phone\"": \""+1-617-555-0199\""\n    },\n    \""immunization\"": [\n      {\n        \""occurrenceDate\"": \""2023-04-26T05:00:45Z\"",\n        \""status\"": \""completed\"",\n        \""traits\"": [\""Consultation\""]\n      }\n    ]\n  },\n  \""description\"": \""Patient record extracted from FHIR note. Patient is Mr. Myles Chadwick Crona, age 35, male, residing in Boston, MA. Consultation with Dr. Solomon Carter Fuller Mental Health Center concluded on April 26, 2023.\""\n}""]"
json,JSONAdapter(),patient-notes-0015,validation_error,ValidationError,2.7709196129872,1,json_object,0,17,0.0,False,,address;age;allergy;birthDate;email;gender;immunization[0].occurrenceDate;immunization[0].status;immunization[0].traits[0];maritalStatus;name.family;name.given[0];name.given[1];name.prefix;phone;practitioner;primaryLanguage,,2357,0,8,0.0,0,"[""{\n  \""patient_record\"": {\n    \""name\"": \""Mr. Monty Quinton Wehner\"",\n    \""age\"": 65,\n    \""gender\"": \""male\"",\n    \""birthDate\"": \""1949-03-15\"",\n    \""address\"": {\n      \""city\"": \""New York\"",\n      \""country\"": \""US\"",\n      \""line\"": \""123 Main Street\"",\n      \""postalCode\"": \""10001\"",\n      \""state\"": \""NY\""\n    },\n    \""maritalStatus\"": \""Married\"",\n    \""primaryLanguage\"": \""English\"",\n    \""allergy\"": null,\n    \""practitioner\"": {\n      \""name\"": \""Dr. John Smith\"",\n      \""email\"": \""john.smith@hospital.org\"",\n      \""phone\"": \""+1-555-0123\""\n    },\n    \""immunization\"": [\n      {\n        \""occurrenceDate\"": \""2014-01-06T11:47:38+01:00\"",\n        \""status\"": \""completed\"",\n        \""traits\"": [\""Seasonal influenza injectable\""]\n      }\n    ]\n  },\n  \""description\"": \""Patient record extracted from note. Patient is Mr. Monty Quinton Wehner, male, born March 15, 1949, residing in New York, NY. Immunization record shows a completed Seasonal influenza injection on January 6th, 2014 at 11:47:38 with no allergies noted.\""\n}""]"
json,JSONAdapter(),patient-notes-0016,validation_error,ValidationError,1.9780547980044503,1,json_object,0,20,0.0,False,,address;age;allergy;birthDate;email;gender;immunization;maritalStatus;name.family;name.given[0];name.given[1];name.prefix;phone;practitioner[0].address;practitioner[0].email;practitioner[0].name.family;practitioner[0].name.given[0];practitioner[0].name.prefix;practitioner[0].phone;primaryLanguage,,2253,0,9,0.0,0,"[""{\n  \""patient_record\"": {\n    \""name\"": \""Lianne Rebecca Baumbach\"",\n    \""age\"": 19,\n    \""gender\"": \""female\"",\n    \""birthDate\"": \""2003-07-23\"",\n    \""address\"": {\n      \""city\"": \""Unknown\"",\n      \""country\"": \""US\"",\n      \""line\"": \""Unknown\"",\n      \""postalCode\"": \""Unknown\""\n    },\n    \""maritalStatus\"": \""NeverMarried\"",\n    \""primaryLanguage\"": \""English\"",\n    \""allergy\"": null,\n    \""practitioner\"": {\n      \""name\"": \""Dr. Sulema Ryan\"",\n      \""email\"": \""unknown@example.com\"",\n      \""phone\"": \""555-768-8866\""\n    },\n    \""immunization\"": [\n      {\n        \""occurrenceDate\"": \""2022-10-12T21:06:46+02:00\"",\n        \""status\"": \""completed\"",\n        \""traits\"": []\n      }\n    ]\n  }\n}""]"
json,JSONAdapter(),patient-notes-0017,validation_error,ValidationError,2.0865533229953144,1,json_object,0,15,0.0,False,,address;age;allergy;birthDate;email;gender;immunization;maritalStatus;name.family;name.given[0];name.given[1];name.prefix;phone;practitioner;primaryLanguage,,2220,0,7,0.0,0,"[""{\n  \""patient_record\"": {\n    \""name\"": {\n      \""family\"": \""Cassi\"",\n      \""given\"": \""Cherlyn\""\n    },\n    \""age\"": 35,\n    \""gender\"": \""female\"",\n    \""birthDate\"": \""1984-06-12\"",\n    \""address\"": {\n      \""city\"": \""New York\"",\n      \""country\"": \""US\"",\n      \""line\"": \""123 Main Street\"",\n      \""postalCode\"": \""10001\""\n    },\n    \""maritalStatus\"": \""Married\"",\n    \""primaryLanguage\"": \""English\"",\n    \""allergy\"": null,\n    \""practitioner\"": {\n      \""name\"": \""Dr. Sarah Johnson\"",\n      \""email\"": \""sarah.johnson@medicines.com\"",\n      \""phone\"": \""+1-555-0199\""\n    },\n    \""immunization\"": [\n      {\n        \""occurrenceDate\"": \""2023-08-15\"",\n        \""status\"": \""completed\"",\n        \""traits\"": [\""Diphtheria\"", \""Tetanus\""]\n      }\n    ]\n  }\n}""]"
json,JSONAdapter(),patient-notes-0018,validation_error,ValidationError,2.1807766270067077,1,json_object,0,15,0.0,False,,address;age;allergy;birthDate;email;gender;immunization;maritalStatus;name.family;name.given[0];name.given[1];name.prefix;phone;practitioner;primaryLanguage,,2335,0,4,0.0,0,"[""{\n  \""patient_record\"": {\n    \""name\"": {\n      \""family\"": \""Brady\"",\n      \""given\"": [\""Ziemann\""]\n    },\n    \""age\"": 35,\n    \""gender\"": \""male\"",\n    \""birthDate\"": \""1983-02-24\"",\n    \""address\"": {\n      \""city\"": \""London\"",\n      \""country\"": \""US\"",\n      \""line\"": \""123 Main Street\"",\n      \""postalCode\"": \""E1 1AA\""\n    },\n    \""maritalStatus\"": \""Married\"",\n    \""primaryLanguage\"": \""English\"",\n    \""allergy\"": null,\n    \""practitioner\"": {\n      \""name\"": \""Dr. Jane Smith\"",\n      \""email\"": \""jane.smith@hospitals.com\"",\n      \""phone\"": \""+1-204-555-0199\""\n    },\n    \""immunization\"": [\n      {\n        \""occurrenceDate\"": \""2018-02-25T21:59:36+01:00\"",\n        \""status\"": \""completed\"",\n        \""traits\"": [\""PHQ-2\""]\n      }\n    ]\n  }\n}""]"
json,JSONAdapter(),patient-notes-0019,validation_error,ValidationError,2.1439080970012583,1,json_object,0,28,0.0,False,,address.city;address.country;address.line;address.postalCode;address.state;age;allergy;birthDate;email;gender;immunization;maritalStatus;name.family;name.given[0];name.given[1];name.prefix;phone;practitioner[0].address.city;practitioner[0].address.country;practitioner[0].address.line;practitioner[0].address.postalCode;practitioner[0].address.state;practitioner[0].email;practitioner[0].name.family;practitioner[0].name.given[0];practitioner[0].name.prefix;practitioner[0].phone;primaryLanguage,,2343,0,21,0.0,0,"[""{\n  \""patient_record\"": {\n    \""name\"": {\n      \""family\"": \""Treutel\"",\n      \""given\"": [\""Toshia Rene\""]\n    },\n    \""age\"": 40,\n    \""gender\"": \""female\"",\n    \""birthDate\"": \""1984-06-04\"",\n    \""address\"": {\n      \""city\"": \""Worcester\"",\n      \""country\"": \""US\"",\n      \""line\"": \""759 Price Station\"",\n      \""postalCode\"": \""01606\""\n    },\n    \""maritalStatus\"": \""Divorced\"",\n    \""primaryLanguage\"": \""English\"",\n    \""allergy\"": null,\n    \""practitioner\"": {\n      \""name\"": {\n        \""family\"": \""Roberts\"",\n        \""given\"": [\""Otha\""]\n      },\n      \""email\"": \""Otha286.Roberts511@example.com\"",\n      \""phone\"": null\n    },\n    \""immunization\"": [\n      {\n        \""occurrenceDate\"": \""2023-09-15\"",\n        \""status\"": \""completed\"",\n        \""traits\"": [\""Tetanus\""]\n      }\n    ]\n  }\n}""]"
json,JSONAdapter(),patient-notes-0020,validation_error,ValidationError,1.531796885014046,1,json_object,0,19,0.0,False,,address.city;address.country;address.line;address.postalCode;address.state;age;allergy;birthDate;email;gender;immunization;maritalStatus;name.family;name.given[0];name.given[1];name.prefix;phone;practitioner;primaryLanguage,,2186,0,13,0.0,0,"[""{\n  \""patient_record\"": {\n    \""name\"": {\n      \""family\"": \""Durgan\"",\n      \""given\"": [\""Azucena\"", \""Lore\""]\n    },\n    \""age\"": 21,\n    \""gender\"": \""female\"",\n    \""birthDate\"": \""2008-10-20\"",\n    \""address\"": {\n      \""city\"": \""Lowell\"",\n      \""country\"": \""US\"",\n      \""line\"": \""599 Ledner Park\"",\n      \""postalCode\"": \""01850\""\n    },\n    \""maritalStatus\"": \""NeverMarried\"",\n    \""primaryLanguage\"": \""English (United States)\"",\n    \""allergy\"": null,\n    \""practitioner\"": {\n      \""name\"": \""Unknown Practitioner\""\n    },\n    \""immunization\"": []\n  }\n}""]"
json,JSONAdapter(),patient-notes-0021,validation_error,ValidationError,1.2058157879801001,1,json_object,0,19,0.0,False,,address.city;address.country;address.line;address.postalCode;address.state;age;allergy;birthDate;email;gender;immunization;maritalStatus;name.family;name.given[0];name.given[1];name.prefix;phone;practitioner;primaryLanguage,,2146,0,8,0.0,0,"[""{\n  \""patient_record\"": {\n    \""name\"": \""Alina Chia Beer\"",\n    \""age\"": null,\n    \""gender\"": null,\n    \""birthDate\"": null,\n    \""address\"": {\n      \""city\"": \""Randolph\"",\n      \""country\"": \""US\"",\n      \""line\"": \""113 Bayer Ranch Unit 33\"",\n      \""postalCode\"": \""02368\""\n    },\n    \""maritalStatus\"": \""NeverMarried\"",\n    \""primaryLanguage\"": null,\n    \""allergy\"": null,\n    \""practitioner\"": null,\n    \""immunization\"": []\n  }\n}""]"
json,JSONAdapter(),patient-notes-0022,validation_error,ValidationError,2.486097257991787,1,json_object,0,22,0.0,False,,address.city;address.country;address.line;address.postalCode;address.state;age;allergy;birthDate;email;gender;immunization;maritalStatus;name.family;name.given[0];name.given[1];name.prefix;phone;practitioner[0].address;practitioner[0].email;practitioner[0].name;practitioner[0].phone;primaryLanguage,,2429,0,10,0.0,0,"[""{\n  \""patient_record\"": {\n    \""name\"": {\n      \""family\"": \""Osinski\"",\n      \""given\"": [\""Miyoko Jolynn Abshire\""]\n    },\n    \""age\"": 14,\n    \""gender\"": \""female\"",\n    \""birthDate\"": \""1971-04-26\"",\n    \""address\"": {\n      \""city\"": \""Southbridge\"",\n      \""country\"": \""US\"",\n      \""line\"": \""425 Heaney Corner\"",\n      \""postalCode\"": \""01550\""\n    },\n    \""maritalStatus\"": \""NeverMarried\"",\n    \""primaryLanguage\"": \""English\"",\n    \""allergy\"": null,\n    \""practitioner\"": {\n      \""name\"": \""Family Health Center of Worcester, Inc.\"",\n      \""email\"": null,\n      \""phone\"": null\n    },\n    \""immunization\"": [\n      {\n        \""occurrenceDate\"": \""1984-05-21T11:56:01\"",\n        \""status\"": \""completed\"",\n        \""traits\"": [\""Wellness check\""]\n      },\n      {\n        \""occurrenceDate\"": \""1985-05-27T11:56:01\"",\n        \""status\"": \""completed\"",\n        \""traits\"": [\""Wellness check\""]\n      }\n    ]\n  }\n}""]"
json,JSONAdapter(),patient-notes-0023,validation_error,ValidationError,2.0968117150187027,1,json_object,0,24,0.0,False,,address;age;allergy;birthDate;email;gender;immunization;maritalStatus;name.family;name.given[0];name.given[1];name.prefix;phone;practitioner[0].address.city;practitioner[0].address.country;practitioner[0].address.line;practitioner[0].address.postalCode;practitioner[0].address.state;practitioner[0].email;practitioner[0].name.family;practitioner[0].name.given[0];practitioner[0].name.prefix;practitioner[0].phone;primaryLanguage,,2503,0,15,0.0,0,"[""{\n  \""patient_record\"": {\n    \""name\"": {\n      \""family\"": \""McCullough\"",\n      \""given\"": [\""Colton\"", \""Tracey\""]\n    },\n    \""age\"": 61,\n    \""gender\"": \""male\"",\n    \""birthDate\"": \""1967-12-05\"",\n    \""address\"": {\n      \""city\"": \""Fitchburg\"",\n      \""country\"": \""US\"",\n      \""line\"": \""881 Main Street\"",\n      \""postalCode\"": \""01420\""\n    },\n    \""maritalStatus\"": \""Married\"",\n    \""primaryLanguage\"": \""English (United States)\"",\n    \""allergy\"": null,\n    \""practitioner\"": {\n      \""name\"": \""Dr. Ted Reilly\"",\n      \""email\"": null,\n      \""phone\"": null\n    },\n    \""immunization\"": [\n      {\n        \""occurrenceDate\"": \""2018-11-06T03:28:31Z\"",\n        \""status\"": \""completed\"",\n        \""traits\"": [\""Chronic congestive heart failure\""]\n      }\n    ]\n  }\n}""]"
json,JSONAdapter(),patient-notes-0024,validation_error,ValidationError,2.5931115789862815,1,json_object,0,28,0.0,False,,address.city;address.country;address.line;address.postalCode;address.state;age;allergy;birthDate;email;gender;immunization;maritalStatus;name.family;name.given[0];name.given[1];name.prefix;phone;practitioner[0].address.city;practitioner[0].address.country;practitioner[0].address.line;practitioner[0].address.postalCode;practitioner[0].address.state;practitioner[0].email;practitioner[0].name.family;practitioner[0].name.given[0];practitioner[0].name.prefix;practitioner[0].phone;primaryLanguage,,2440,0,17,0.0,0,"[""{\n  \""patient_record\"": {\n    \""name\"": \""Mr. Rogelio Clair Windler\"",\n    \""age\"": 39,\n    \""gender\"": \""male\"",\n    \""birthDate\"": \""1986-10-04\"",\n    \""address\"": {\n      \""city\"": \""Chicopee\"",\n      \""country\"": \""US\"",\n      \""line\"": \""993 Hansen Highlands Apt 33\"",\n      \""postalCode\"": \""01022\""\n    },\n    \""maritalStatus\"": \""NeverMarried\"",\n    \""primaryLanguage\"": \""English (United States)\"",\n    \""allergy\"": null,\n    \""practitioner\"": [\n      {\n        \""name\"": \""Dr. Arla Fritsch\"",\n        \""address\"": {\n          \""city\"": \""Chicopee\"",\n          \""country\"": \""US\"",\n          \""line\"": \""993 Hansen Highlands Apt 33\"",\n          \""postalCode\"": \""01022\""\n        },\n        \""email\"": null,\n        \""phone\"": \""555-895-7574\""\n      }\n    ],\n    \""immunization\"": [\n      {\n        \""occurrenceDate\"": \""2002-11-16T13:38:00+01:00\"",\n        \""status\"": \""completed\"",\n        \""traits\"": []\n      }\n    ]\n  }\n}""]"
json,JSONAdapter(),patient-notes-0025,validation_error,ValidationError,2.815437822981039,1,json_object,0,15,0.0,False,,address;age;allergy;birthDate;email;gender;immunization;maritalStatus;name.family;name.given[0];name.given[1];name.prefix;phone;practitioner;primaryLanguage,,2404,0,5,0.0,0,"[""{\n  \""patient_record\"": {\n    \""name\"": {\n      \""family\"": \""Trantow\"",\n      \""given\"": [\""Frankie\""]\n    },\n    \""age\"": 60,\n    \""gender\"": \""male\"",\n    \""birthDate\"": \""1967-12-05\"",\n    \""address\"": {\n      \""city\"": \""New York\"",\n      \""country\"": \""US\"",\n      \""line\"": \""123 Main Street\"",\n      \""postalCode\"": \""10001\""\n    },\n    \""maritalStatus\"": \""Married\"",\n    \""primaryLanguage\"": \""English\"",\n    \""allergy\"": null,\n    \""practitioner\"": {\n      \""name\"": \""Dr. Sarah Johnson\"",\n      \""email\"": \""sarah.johnson@hospitals.com\"",\n      \""phone\"": \""+1-555-0199\""\n    },\n    \""immunization\"": [\n      {\n        \""occurrenceDate\"": \""2023-06-15T14:30:00Z\"",\n        \""status\"": \""completed\"",\n        \""traits\"": [\""DPT\""]\n      }\n    ]\n  },\n  \""description\"": \""Patient record extracted from clinical note. Patient is Mr. Frankie Graham Trantow, born Dec 5, 1967. Address: 123 Main Street, New York, NY 10001. Marital status: Married. Primary language: English. Allergy: None recorded. Immunization history includes DPT on 2023-06-15.\""\n}""]"
json,JSONAdapter(),patient-notes-0026,validation_error,ValidationError,3.2366642560227774,1,json_object,0,25,0.0,False,,address.city;address.country;address.line;address.postalCode;address.state;age;allergy;birthDate;email;gender;immunization;maritalStatus;name.family;name.given[0];name.prefix;phone;practitioner[0].address.city;practitioner[0].address.country;practitioner[0].address.line;practitioner[0].address.postalCode;practitioner[0].address.state;practitioner[0].email;practitioner[0].name;practitioner[0].phone;primaryLanguage,,2549,0,17,0.0,0,"[""{\n  \""patient_record\"": {\n    \""name\"": {\n      \""family\"": \""Prosacco\"",\n      \""given\"": [\""Tanisha\""]\n    },\n    \""age\"": 20,\n    \""gender\"": \""female\"",\n    \""birthDate\"": \""2001-04-12T00:00:00+01:00\"",\n    \""address\"": {\n      \""city\"": \""Boston\"",\n      \""country\"": \""US\"",\n      \""line\"": \""185 Heaney Gateway Unit 30\"",\n      \""postalCode\"": \""02122\""\n    },\n    \""maritalStatus\"": \""NeverMarried\"",\n    \""primaryLanguage\"": \""English\"",\n    \""allergy\"": null,\n    \""practitioner\"": {\n      \""name\"": \""Samuel Valdés\"",\n      \""email\"": \""Samuel331.Valdés907@example.com\"",\n      \""phone\"": null\n    },\n    \""immunization\"": [\n      {\n        \""occurrenceDate\"": \""2019-11-22T02:11:46+01:00\"",\n        \""status\"": \""completed\"",\n        \""traits\"": []\n      }\n    ]\n  },\n  \""description\"": \""Patient record extracted from note. Patient is Tanisha Prosacco, female, born 2001-04-12. Address: 185 Heaney Gateway Unit 30, Boston, MA 02122. Marital status: NeverMarried. Practitioner: Samuel Valdés (male). Immunization record found for a visit on 2019-11-22 at 02:11:46 AM GMT+01:00 with status completed.\""\n}""]"
json,JSONAdapter(),patient-notes-0027,validation_error,ValidationError,2.8173169319925364,1,json_object,0,32,0.0,False,,address.city;address.country;address.line;address.postalCode;address.state;age;allergy;birthDate;email;gender;immunization[0].occurrenceDate;immunization[0].status;immunization[0].traits[0];immunization[1].occurrenceDate;immunization[1].status;immunization[1].traits[0];maritalStatus;name.family;name.given[0];name.prefix;phone;practitioner[0].address.city;practitioner[0].address.country;practitioner[0].address.line;practitioner[0].address.postalCode;practitioner[0].address.state;practitioner[0].email;practitioner[0].name.family;practitioner[0].name.given[0];practitioner[0].name.prefix;practitioner[0].phone;primaryLanguage,,2536,0,21,0.0,0,"[""{\n  \""patient_record\"": {\n    \""name\"": \""Reginald Beatty\"",\n    \""age\"": null,\n    \""gender\"": \""male\"",\n    \""birthDate\"": \""1980-04-12\"",\n    \""address\"": {\n      \""city\"": \""Salem\"",\n      \""country\"": \""US\"",\n      \""line\"": \""561 Russel Trace\"",\n      \""postalCode\"": null,\n      \""state\"": \""MA\""\n    },\n    \""maritalStatus\"": \""NeverMarried\"",\n    \""primaryLanguage\"": \""English\"",\n    \""allergy\"": null,\n    \""practitioner\"": [\n      {\n        \""name\"": \""Dr. Daysi Reynolds\"",\n        \""address\"": {\n          \""city\"": \""PIONEER MEDICAL CENTER\"",\n          \""country\"": \""US\"",\n          \""line\"": \""123 Main St\"",\n          \""postalCode\"": null,\n          \""state\"": \""MA\""\n        },\n        \""email\"": null,\n        \""phone\"": \""555-748-9279\""\n      }\n    ],\n    \""immunization\"": [\n      {\n        \""occurrenceDate\"": \""2023-04-12T09:01:01\"",\n        \""status\"": \""unknown\"",\n        \""traits\"": []\n      },\n      {\n        \""occurrenceDate\"": \""2018-10-03T09:16:01\"",\n        \""status\"": \""unknown\"",\n        \""traits\"": []\n      }\n    ]\n  }\n}""]"
json,JSONAdapter(),patient-notes-0028,validation_error,ValidationError,3.008307212003274,1,json_object,0,24,0.0,False,,address;age;allergy;birthDate;email;gender;immunization;maritalStatus;name.family;name.given[0];name.given[1];name.prefix;phone;practitioner[0].address.city;practitioner[0].address.country;practitioner[0].address.line;practitioner[0].address.postalCode;practitioner[0].address.state;practitioner[0].email;practitioner[0].name.family;practitioner[0].name.given[0];practitioner[0].name.prefix;practitioner[0].phone;primaryLanguage,,2520,0,11,0.0,0,"[""{\n  \""patient_record\"": {\n    \""name\"": {\n      \""family\"": \""Haley\"",\n      \""given\"": [\""Hung\"", \""Armand\""]\n    },\n    \""age\"": 35,\n    \""gender\"": \""male\"",\n    \""birthDate\"": \""1974-06-28\"",\n    \""address\"": {\n      \""city\"": \""New York\"",\n      \""country\"": \""US\"",\n      \""line\"": \""123 Main Street\"",\n      \""postalCode\"": \""10001\""\n    },\n    \""maritalStatus\"": \""NeverMarried\"",\n    \""primaryLanguage\"": \""English\"",\n    \""allergy\"": null,\n    \""practitioner\"": {\n      \""name\"": \""Dr. Waylon Kovacek\"",\n      \""phone\"": \""555-759-4749\""\n    },\n    \""immunization\"": [\n      {\n        \""occurrenceDate\"": \""2009-01-05T02:54:26+01:00\"",\n        \""status\"": \""unknown\"",\n        \""traits\"": [\""Encounter for problem (procedure)\""]\n      }\n    ]\n  },\n  \""description\"": \""Patient record extracted from healthcare note. Patient is Mr. Hung Armand Haley, age 35, male, residing in New York, US, never married. He has an allergy of unknown substance but no specific allergies listed. The patient had a medical encounter on January 5, 2009, at the Lynn Community Based Outpatient Clinic (CBOC), with Dr. Waylon Kovacek as the primary performer. The visit status is marked 'unknown'.\""\n}""]"
json,JSONAdapter(),patient-notes-0029,validation_error,ValidationError,2.373841132997768,1,json_object,0,15,0.0,False,,address;age;allergy;birthDate;email;gender;immunization;maritalStatus;name.family;name.given[0];name.given[1];name.prefix;phone;practitioner;primaryLanguage,,2486,0,7,0.0,0,"[""{\n  \""patient_record\"": {\n    \""name\"": \""Coleman Emanuel Steuber\"",\n    \""gender\"": \""male\"",\n    \""maritalStatus\"": \""Never married\"",\n    \""address\"": {\n      \""city\"": \""Unknown\"",\n      \""country\"": \""US\"",\n      \""line\"": \""Unknown\"",\n      \""postalCode\"": \""Unknown\""\n    },\n    \""email\"": null,\n    \""phone\"": \""555-477-9205\"",\n    \""primaryLanguage\"": \""English (United States)\"",\n    \""birthDate\"": \""1980-06-23\"",\n    \""gender\"": \""male\"",\n    \""maritalStatus\"": \""Never married\"",\n    \""address\"": {\n      \""city\"": \""Unknown\"",\n      \""country\"": \""US\"",\n      \""line\"": \""Unknown\"",\n      \""postalCode\"": \""Unknown\""\n    },\n    \""allergy\"": null,\n    \""immunization\"": [],\n    \""practitioner\"": {\n      \""name\"": \""Coleman Emanuel Steuber\"",\n      \""address\"": {\n        \""city\"": \""Unknown\"",\n        \""country\"": \""US\"",\n        \""line\"": \""Unknown\"",\n        \""postalCode\"": \""Unknown\""\n      },\n      \""email\"": null,\n      \""phone\"": \""555-477-9205\""\n    }\n  }\n}""]"
baml,BAMLAdapter(),patient-notes-0000,format_error,ValueError,0.011387139005819336,0,none,0,19,0.0,False,,address.city;address.country;address.line;address.postalCode;address.state;age;allergy;birthDate;email;gender;immunization;maritalStatus;name.family;name.given[0];name.given[1];name.prefix;phone;practitioner;primaryLanguage,,,0,13,0.0,0,[]
baml,BAMLAdapter(),patient-notes-0001,format_error,ValueError,0.012003809999441728,0,none,0,19,0.0,False,,address.city;address.country;address.line;address.postalCode;address.state;age;allergy;birthDate;email;gender;immunization;maritalStatus;name.family;name.given[0];name.given[1];name.prefix;phone;practitioner;primaryLanguage,,,0,12,0.0,0,[]
baml,BAMLAdapter(),patient-notes-0002,format_error,ValueError,0.010404820000985637,0,none,0,21,0.0,False,,address.city;address.country;address.line;address.postalCode;address.state;age;allergy;birthDate;email;gender;immunization[0].occurrenceDate;immunization[0].status;immunization[0].traits[0];maritalStatus;name.family;name.given[0];name.given[1];name.prefix;phone;practitioner;primaryLanguage,,,0,14,0.0,0,[]
baml,BAMLAdapter(),patient-notes-0003,format_error,ValueError,0.009026477026054636,0,none,0,19,0.0,False,,address.city;address.country;address.line;address.postalCode;address.state;age;allergy;birthDate;email;gender;immunization;maritalStatus;name.family;name.given[0];name.given[1];name.prefix;phone;practitioner;primaryLanguage,,,0,12,0.0,0,[]
baml,BAMLAdapter(),patient-notes-0004,format_error,ValueError,0.00923963901004754,0,none,0,18,0.0,False,,address.city;address.country;address.line;address.postalCode;address.state;age;allergy;birthDate;email;gender;immunization;maritalStatus;name.family;name.given[0];name.prefix;phone;practitioner;primaryLanguage,,,0,12,0.0,0,[]
baml,BAMLAdapter(),patient-notes-0005,format_error,ValueError,0.008770630025537685,0,none,0,17,0.0,False,,address;age;allergy.substance[0].category;allergy.substance[0].manifestation;allergy.substance[0].name;birthDate;email;gender;immunization;maritalStatus;name.family;name.given[0];name.given[1];name.prefix;phone;practitioner;primaryLanguage,,,0,8,0.0,0,[]
baml,BAMLAdapter(),patient-notes-0006,format_error,ValueError,0.008985914988443255,0,none,0,19,0.0,False,,address.city;address.country;address.line;address.postalCode;address.state;age;allergy;birthDate;email;gender;immunization;maritalStatus;name.family;name.given[0];name.given[1];name.prefix;phone;practitioner;primaryLanguage,,,0,9,0.0,0,[]
baml,BAMLAdapter(),patient-notes-0007,format_error,ValueError,0.010423792991787195,0,none,0,24,0.0,False,,address.city;address.country;address.line;address.postalCode;address.state;age;allergy;birthDate;email;gender;immunization;maritalStatus;name.family;name.given[0];name.given[1];name.prefix;phone;practitioner[0].address;practitioner[0].email;practitioner[0].name.family;practitioner[0].name.given[0];practitioner[0].name.prefix;practitioner[0].phone;primaryLanguage,,,0,18,0.0,0,[]
baml,BAMLAdapter(),patient-notes-0008,format_error,ValueError,0.009951268002623692,0,none,0,20,0.0,False,,address;age;allergy;birthDate;email;gender;immunization;maritalStatus;name.family;name.given[0];name.given[1];name.prefix;phone;practitioner[0].address;practitioner[0].email;practitioner[0].name.family;practitioner[0].name.given[0];practitioner[0].name.prefix;practitioner[0].phone;primaryLanguage,,,0,8,0.0,0,[]
baml,BAMLAdapter(),patient-notes-0009,format_error,ValueError,0.009044036996783689,0,none,0,24,0.0,False,,address.city;address.country;address.line;address.postalCode;address.state;age;allergy;birthDate;email;gender;immunization;maritalStatus;name.family;name.given[0];name.given[1];name.prefix;phone;practitioner[0].address;practitioner[0].email;practitioner[0].name.family;practitioner[0].name.given[0];practitioner[0].name.prefix;practitioner[0].phone;primaryLanguage,,,0,13,0.0,0,[]
baml,BAMLAdapter(),patient-notes-0010,format_error,ValueError,0.0092331979831215,0,none,0,15,0.0,False,,address;age;allergy;birthDate;email;gender;immunization;maritalStatus;name.family;name.given[0];name.given[1];name.prefix;phone;practitioner;primaryLanguage,,,0,7,0.0,0,[]
baml,BAMLAdapter(),patient-notes-0011,format_error,ValueError,0.008309776982059702,0,none,0,14,0.0,False,,address;age;allergy;birthDate;email;gender;immunization;maritalStatus;name.family;name.given[0];name.prefix;phone;practitioner;primaryLanguage,,,0,6,0.0,0,[]
baml,BAMLAdapter(),patient-notes-0012,format_error,ValueError,0.008279216999653727,0,none,0,26,0.0,False,,address.city;address.country;address.line;address.postalCode;address.state;age;allergy;birthDate;email;gender;immunization[0].occurrenceDate;immunization[0].status;immunization[0].traits[0];maritalStatus;name.family;name.given[0];name.given[1];name.prefix;phone;practitioner[0].address;practitioner[0].email;practitioner[0].name.family;practitioner[0].name.given[0];practitioner[0].name.prefix;practitioner[0].phone;primaryLanguage,,,0,16,0.0,0,[]
baml,BAMLAdapter(),patient-notes-0013,format_error,ValueError,0.008101531013380736,0,none,0,23,0.0,False,,address;age;allergy;birthDate;email;gender;immunization;maritalStatus;name.family;name.given[0];name.prefix;phone;practitioner[0].address.city;practitioner[0].address.country;practitioner[0].address.line;practitioner[0].address.postalCode;practitioner[0].address.state;practitioner[0].email;practitioner[0].name.family;practitioner[0].name.given[0];practitioner[0].name.prefix;practitioner[0].phone;primaryLanguage,,,0,12,0.0,0,[]
baml,BAMLAdapter(),patient-notes-0014,format_error,ValueError,0.008513353008311242,0,none,0,22,0.0,False,,address.city;address.country;address.line;address.postalCode;address.state;age;allergy;birthDate;email;gender;immunization;maritalStatus;name.family;name.given[0];name.given[1];name.prefix;phone;practitioner[0].address;practitioner[0].email;practitioner[0].name;practitioner[0].phone;primaryLanguage,,,0,8,0.0,0,[]
baml,BAMLAdapter(),patient-notes-0015,format_error,ValueError,0.010302786016836762,0,none,0,17,0.0,False,,address;age;allergy;birthDate;email;gender;immunization[0].occurrenceDate;immunization[0].status;immunization[0].traits[0];maritalStatus;name.family;name.given[0];name.given[1];name.prefix;phone;practitioner;primaryLanguage,,,0,8,0.0,0,[]
baml,BAMLAdapter(),patient-notes-0016,format_error,ValueError,0.00825871599954553,0,none,0,20,0.0,False,,address;age;allergy;birthDate;email;gender;immunization;maritalStatus;name.family;name.given[0];name.given[1];name.prefix;phone;practitioner[0].address;practitioner[0].email;practitioner[0].name.family;practitioner[0].name.given[0];practitioner[0].name.prefix;practitioner[0].phone;primaryLanguage,,,0,9,0.0,0,[]
baml,BAMLAdapter(),patient-notes-0017,format_error,ValueError,0.007704356976319104,0,none,0,15,0.0,False,,address;age;allergy;birthDate;email;gender;immunization;maritalStatus;name.family;name.given[0];name.given[1];name.prefix;phone;practitioner;primaryLanguage,,,0,7,0.0,0,[]
baml,BAMLAdapter(),patient-notes-0018,format_error,ValueError,0.007711701997322962,0,none,0,15,0.0,False,,address;age;allergy;birthDate;email;gender;immunization;maritalStatus;name.family;name.given[0];name.given[1];name.prefix;phone;practitioner;primaryLanguage,,,0,4,0.0,0,[]
baml,BAMLAdapter(),patient-notes-0019,format_error,ValueError,0.007628813007613644,0,none,0,28,0.0,False,,address.city;address.country;address.line;address.postalCode;address.state;age;allergy;birthDate;email;gender;immunization;maritalStatus;name.family;name.given[0];name.given[1];name.prefix;phone;practitioner[0].address.city;practitioner[0].address.country;practitioner[0].address.line;practitioner[0].address.postalCode;practitioner[0].address.state;practitioner[0].email;practitioner[0].name.family;practitioner[0].name.given[0];practitioner[0].name.prefix;practitioner[0].phone;primaryLanguage,,,0,21,0.0,0,[]
baml,BAMLAdapter(),patient-notes-0020,format_error,ValueError,0.009187504998408258,0,none,0,19,0.0,False,,address.city;address.country;address.line;address.postalCode;address.state;age;allergy;birthDate;email;gender;immunization;maritalStatus;name.family;name.given[0];name.given[1];name.prefix;phone;practitioner;primaryLanguage,,,0,13,0.0,0,[]
baml,BAMLAdapter(),patient-notes-0021,format_error,ValueError,0.008465720020467415,0,none,0,19,0.0,False,,address.city;address.country;address.line;address.postalCode;address.state;age;allergy;birthDate;email;gender;immunization;maritalStatus;name.family;name.given[0];name.given[1];name.prefix;phone;practitioner;primaryLanguage,,,0,8,0.0,0,[]
baml,BAMLAdapter(),patient-notes-0022,format_error,ValueError,0.007796060002874583,0,none,0,22,0.0,False,,address.city;address.country;address.line;address.postalCode;address.state;age;allergy;birthDate;email;gender;immunization;maritalStatus;name.family;name.given[0];name.given[1];name.prefix;phone;practitioner[0].address;practitioner[0].email;practitioner[0].name;practitioner[0].phone;primaryLanguage,,,0,10,0.0,0,[]
baml,BAMLAdapter(),patient-notes-0023,format_error,ValueError,0.007816064986400306,0,none,0,24,0.0,False,,address;age;allergy;birthDate;email;gender;immunization;maritalStatus;name.family;name.given[0];name.given[1];name.prefix;phone;practitioner[0].address.city;practitioner[0].address.country;practitioner[0].address.line;practitioner[0].address.postalCode;practitioner[0].address.state;practitioner[0].email;practitioner[0].name.family;practitioner[0].name.given[0];practitioner[0].name.prefix;practitioner[0].phone;primaryLanguage,,,0,15,0.0,0,[]
baml,BAMLAdapter(),patient-notes-0024,format_error,ValueError,0.009025339997606352,0,none,0,28,0.0,False,,address.city;address.country;address.line;address.postalCode;address.state;age;allergy;birthDate;email;gender;immunization;maritalStatus;name.family;name.given[0];name.given[1];name.prefix;phone;practitioner[0].address.city;practitioner[0].address.country;practitioner[0].address.line;practitioner[0].address.postalCode;practitioner[0].address.state;practitioner[0].email;practitioner[0].name.family;practitioner[0].name.given[0];practitioner[0].name.prefix;practitioner[0].phone;primaryLanguage,,,0,17,0.0,0,[]
baml,BAMLAdapter(),patient-notes-0025,format_error,ValueError,0.00941112800501287,0,none,0,15,0.0,False,,address;age;allergy;birthDate;email;gender;immunization;maritalStatus;name.family;name.given[0];name.given[1];name.prefix;phone;practitioner;primaryLanguage,,,0,5,0.0,0,[]
baml,BAMLAdapter(),patient-notes-0026,format_error,ValueError,0.00952403200790286,0,none,0,25,0.0,False,,address.city;address.country;address.line;address.postalCode;address.state;age;allergy;birthDate;email;gender;immunization;maritalStatus;name.family;name.given[0];name.prefix;phone;practitioner[0].address.city;practitioner[0].address.country;practitioner[0].address.line;practitioner[0].address.postalCode;practitioner[0].address.state;practitioner[0].email;practitioner[0].name;practitioner[0].phone;primaryLanguage,,,0,17,0.0,0,[]
baml,BAMLAdapter(),patient-notes-0027,format_error,ValueError,0.00995425900327973,0,none,0,32,0.0,False,,address.city;address.country;address.line;address.postalCode;address.state;age;allergy;birthDate;email;gender;immunization[0].occurrenceDate;immunization[0].status;immunization[0].traits[0];immunization[1].occurrenceDate;immunization[1].status;immunization[1].traits[0];maritalStatus;name.family;name.given[0];name.prefix;phone;practitioner[0].address.city;practitioner[0].address.country;practitioner[0].address.line;practitioner[0].address.postalCode;practitioner[0].address.state;practitioner[0].email;practitioner[0].name.family;practitioner[0].name.given[0];practitioner[0].name.prefix;practitioner[0].phone;primaryLanguage,,,0,21,0.0,0,[]
baml,BAMLAdapter(),patient-notes-0028,format_error,ValueError,0.008548904006602243,0,none,0,24,0.0,False,,address;age;allergy;birthDate;email;gender;immunization;maritalStatus;name.family;name.given[0];name.given[1];name.prefix;phone;practitioner[0].address.city;practitioner[0].address.country;practitioner[0].address.line;practitioner[0].address.postalCode;practitioner[0].address.state;practitioner[0].email;practitioner[0].name.family;practitioner[0].name.given[0];practitioner[0].name.prefix;practitioner[0].phone;primaryLanguage,,,0,11,0.0,0,[]
baml,BAMLAdapter(),patient-notes-0029,format_error,ValueError,0.009086391015443951,0,none,0,15,0.0,False,,address;age;allergy;birthDate;email;gender;immunization;maritalStatus;name.family;name.given[0];name.given[1];name.prefix;phone;practitioner;primaryLanguage,,,0,7,0.0,0,[]
sola-json-sections,"StructuredOutputAdapter(output_mode=JSON, prompt_layout=SECTIONS)",patient-notes-0000,validation_error,ValidationError,2.388066596991848,1,json_object,0,19,0.0,False,,address.city;address.country;address.line;address.postalCode;address.state;age;allergy;birthDate;email;gender;immunization;maritalStatus;name.family;name.given[0];name.given[1];name.prefix;phone;practitioner;primaryLanguage,,2093,0,13,0.0,0,"[""{\n  \""patient_record\"": {\n    \""name\"": [\n      {\n        \""family\"": \""Corkery\"",\n        \""given\"": [\n          \""Rudolf\""\n        ]\n      }\n    ],\n    \""age\"": null,\n    \""gender\"": \""male\"",\n    \""birthDate\"": null,\n    \""address\"": [\n      {\n        \""line\"": \""983 Gutmann Burg\"",\n        \""city\"": \""Boston\"",\n        \""state\"": \""Massachusetts\"",\n        \""postalCode\"": \""02111\"",\n        \""country\"": \""US\""\n      }\n    ],\n    \""phone\"": \""555-124-9334\"",\n    \""email\"": null,\n    \""maritalStatus\"": \""Married\"",\n    \""primaryLanguage\"": \""English (United States)\"",\n    \""allergy\"": null,\n    \""practitioner\"": [\n      {\n        \""name\"": [\n          {\n            \""family\"": \""Unknown\"",\n            \""given\"": [],\n            \""prefix\"": \""Dr.\""\n          }\n        ],\n        \""phone\"": null,\n        \""email\"": null,\n        \""address\"": null\n      }\n    ],\n    \""immunization\"": []\n  }\n}""]"
sola-json-sections,"StructuredOutputAdapter(output_mode=JSON, prompt_layout=SECTIONS)",patient-notes-0001,validation_error,ValidationError,2.1107038669870235,1,json_object,0,19,0.0,False,,address.city;address.country;address.line;address.postalCode;address.state;age;allergy;birthDate;email;gender;immunization;maritalStatus;name.family;name.given[0];name.given[1];name.prefix;phone;practitioner;primaryLanguage,,2146,0,12,0.0,0,"[""{\n  \""patient_record\"": {\n    \""name\"": [\n      {\n        \""family\"": \""Bashirian\"",\n        \""given\"": [\n          \""Hobert\"",\n          \""Armand\""\n        ]\n      }\n    ],\n    \""age\"": 35,\n    \""gender\"": \""male\"",\n    \""birthDate\"": \""1988-11-12T00:38:00+01:00\"",\n    \""address\"": [\n      {\n        \""line\"": \""767 Windler Well\"",\n        \""city\"": \""Easthampton\"",\n        \""state\"": \""Massachusetts\"",\n        \""postalCode\"": \""01027\"",\n        \""country\"": \""US\""\n      }\n    ],\n    \""maritalStatus\"": \""Widowed\"",\n    \""primaryLanguage\"": \""English\"",\n    \""allergy\"": null,\n    \""practitioner\"": [\n      {\n        \""name\"": \""Unknown\"",\n        \""phone\"": null,\n        \""email\"": null,\n        \""address\"": null\n      }\n    ],\n    \""immunization\"": []\n  }\n}""]"
sola-json-sections,"StructuredOutputAdapter(output_mode=JSON, prompt_layout=SECTIONS)",patient-notes-0002,validation_error,ValidationError,2.611899181996705,1,json_object,0,21,0.0,False,,address.city;address.country;address.line;address.postalCode;address.state;age;allergy;birthDate;email;gender;immunization[0].occurrenceDate;immunization[0].status;immunization[0].traits[0];maritalStatus;name.family;name.given[0];name.given[1];name.prefix;phone;practitioner;primaryLanguage,,2141,0,14,0.0,0,"[""{\n  \""patient_record\"": {\n    \""name\"": [\n      {\n        \""family\"": \""Bañuelos\"",\n        \""given\"": [\n          \""Sonia María\""\n        ]\n      }\n    ],\n    \""age\"": 30,\n    \""gender\"": \""female\"",\n    \""birthDate\"": \""1993-05-12T00:00:00+00:00\"",\n    \""address\"": [\n      {\n        \""line\"": \""130 Rempel Vale\"",\n        \""city\"": \""Boston\"",\n        \""state\"": \""MA\"",\n        \""postalCode\"": \""02111\"",\n        \""country\"": \""US\""\n      }\n    ],\n    \""phone\"": null,\n    \""email\"": null,\n    \""maritalStatus\"": \""NeverMarried\"",\n    \""primaryLanguage\"": \""Spanish\"",\n    \""allergy\"": null,\n    \""practitioner\"": [\n      {\n        \""name\"": \""Unknown\""\n      }\n    ],\n    \""immunization\"": [\n      {\n        \""traits\"": [\n          \""Influenza Vaccine\""\n        ],\n        \""status\"": \""completed\"",\n        \""occurrenceDate\"": \""2013-12-24T16:59:45+00:00\""\n      }\n    ]\n  }\n}""]"
sola-json-sections,"StructuredOutputAdapter(output_mode=JSON, prompt_layout=SECTIONS)",patient-notes-0003,validation_error,ValidationError,2.9522048690123484,1,json_object,0,19,0.0,False,,address.city;address.country;address.line;address.postalCode;address.state;age;allergy;birthDate;email;gender;immunization;maritalStatus;name.family;name.given[0];name.given[1];name.prefix;phone;practitioner;primaryLanguage,,2478,0,12,0.0,0,"[""{\n  \""patient_record\"": {\n    \""name\"": \""Mr. Asa Sherman Nolan\"",\n    \""age\"": 77,\n    \""gender\"": \""male\"",\n    \""birthDate\"": \""1945-05-06\"",\n    \""address\"": {\n      \""line\"": \""698 Kunde Spur\"",\n      \""city\"": \""Dedham\"",\n      \""state\"": \""Massachusetts\"",\n      \""postalCode\"": \""02026\"",\n      \""country\"": \""US\""\n    },\n    \""phone\"": \""555-216-4130\"",\n    \""email\"": null,\n    \""maritalStatus\"": \""Single\"",\n    \""primaryLanguage\"": \""English (United States)\"",\n    \""allergy\"": null,\n    \""practitioner\"": null,\n    \""immunization\"": null,\n    \""dateOfDeath\"": \""1972-08-06\"",\n    \""deathTime\"": \""4:50 AM\"",\n    \""deathLocation\"": \""United States Armed Forces Base (GMT+1)\"",\n    \""employmentStatus\"": \""Full-time work\"",\n    \""educationLevel\"": \""High school diploma or GED\"",\n    \""race\"": \""White\"",\n    \""hasNotWorriedAboutLosingCurrentHousing\"": true,\n    \""stableHousing\"": true,\n    \""residenceSize\"": 3,\n    \""incomeBeforeTaxes\"": 140090,\n    \""primaryInsurance\"": \""Medicare\""\n  }\n}""]"
sola-json-sections,"StructuredOutputAdapter(output_mode=JSON, prompt_layout=SECTIONS)",patient-notes-0004,validation_error,ValidationError,2.080631628021365,1,json_object,0,18,0.0,False,,address.city;address.country;address.line;address.postalCode;address.state;age;allergy;birthDate;email;gender;immunization;maritalStatus;name.family;name.given[0];name.prefix;phone;practitioner;primaryLanguage,,2284,0,12,0.0,0,"[""{\n  \""patient_record\"": {\n    \""name\"": [\n      {\n        \""family\"": \""Wolff\"",\n        \""given\"": [\n          \""Shanon\""\n        ]\n      }\n    ],\n    \""age\"": 30,\n    \""gender\"": \""female\"",\n    \""birthDate\"": \""1992-01-22T00:00:00+00:00\"",\n    \""address\"": [\n      {\n        \""line\"": \""237 Koelpin Lane\"",\n        \""city\"": \""Lynn\"",\n        \""state\"": \""Massachusetts\"",\n        \""postalCode\"": \""01902\"",\n        \""country\"": \""US\""\n      }\n    ],\n    \""phone\"": \""555-908-5677\"",\n    \""email\"": null,\n    \""maritalStatus\"": \""NeverMarried\"",\n    \""primaryLanguage\"": \""English (United States)\"",\n    \""allergy\"": [\n      {\n        \""substance\"": []\n      }\n    ],\n    \""practitioner\"": [],\n    \""immunization\"": []\n  }\n}""]"
sola-json-sections,"StructuredOutputAdapter(output_mode=JSON, prompt_layout=SECTIONS)",patient-notes-0005,validation_error,ValidationError,2.1508992000017315,1,json_object,0,17,0.0,False,,address;age;allergy.substance[0].category;allergy.substance[0].manifestation;allergy.substance[0].name;birthDate;email;gender;immunization;maritalStatus;name.family;name.given[0];name.given[1];name.prefix;phone;practitioner;primaryLanguage,,2081,0,8,0.0,0,"[""{\n  \""patient_record\"": {\n    \""name\"": [\n      {\n        \""family\"": \""Bergnaum\"",\n        \""given\"": [\n          \""Vince\"",\n          \""Maria\""\n        ]\n      }\n    ],\n    \""age\"": 41,\n    \""gender\"": \""male\"",\n    \""birthDate\"": \""1978-09-30T09:03:29+02:00\"",\n    \""address\"": [\n      {\n        \""line\"": \""123 Main Street\"",\n        \""city\"": \""New York\"",\n        \""state\"": \""NY\"",\n        \""postalCode\"": \""10001\"",\n        \""country\"": \""US\""\n      }\n    ],\n    \""phone\"": null,\n    \""email\"": null,\n    \""maritalStatus\"": \""Married\"",\n    \""primaryLanguage\"": \""English\"",\n    \""allergy\"": [\n      {\n        \""substance\"": [\n          \""pollen\""\n        ]\n      }\n    ],\n    \""practitioner\"": [],\n    \""immunization\"": []\n  }\n}""]"
sola-json-sections,"StructuredOutputAdapter(output_mode=JSON, prompt_layout=SECTIONS)",patient-notes-0006,validation_error,ValidationError,1.6074768080143258,1,json_object,0,19,0.0,False,,address.city;address.country;address.line;address.postalCode;address.state;age;allergy;birthDate;email;gender;immunization;maritalStatus;name.family;name.given[0];name.given[1];name.prefix;phone;practitioner;primaryLanguage,,1991,0,9,0.0,0,"[""{\n  \""patient_record\"": {\n    \""name\"": \""Mr. Sheldon Alfonso Reynolds\"",\n    \""age\"": null,\n    \""gender\"": null,\n    \""birthDate\"": null,\n    \""address\"": {\n      \""line\"": \""541 Ortiz Rue\"",\n      \""city\"": \""West Wareham\"",\n      \""state\"": \""Massachusetts\"",\n      \""postalCode\"": \""02576\"",\n      \""country\"": \""US\""\n    },\n    \""maritalStatus\"": null,\n    \""primaryLanguage\"": null,\n    \""allergy\"": null,\n    \""practitioner\"": [\n      {\n        \""name\"": \""Unknown\"",\n        \""phone\"": null,\n        \""email\"": null,\n        \""address\"": null\n      }\n    ],\n    \""immunization\"": []\n  }\n}""]"
sola-json-sections,"StructuredOutputAdapter(output_mode=JSON, prompt_layout=SECTIONS)",patient-notes-0007,validation_error,ValidationError,2.2220100650156382,1,json_object,0,24,0.0,False,,address.city;address.country;address.line;address.postalCode;address.state;age;allergy;birthDate;email;gender;immunization;maritalStatus;name.family;name.given[0];name.given[1];name.prefix;phone;practitioner[0].address;practitioner[0].email;practitioner[0].name.family;practitioner[0].name.given[0];practitioner[0].name.prefix;practitioner[0].phone;primaryLanguage,,2197,0,18,0.0,0,"[""{\n  \""patient_record\"": {\n    \""name\"": [\n      {\n        \""family\"": \""Hahn\"",\n        \""given\"": [\n          \""Gail\""\n        ]\n      }\n    ],\n    \""age\"": 20,\n    \""gender\"": \""female\"",\n    \""birthDate\"": \""2004-10-13T00:00:00\"",\n    \""address\"": [\n      {\n        \""line\"": \""103 Murazik Flat Apt 19\"",\n        \""city\"": \""Cohasset\"",\n        \""state\"": \""MA\"",\n        \""postalCode\"": \""02836\"",\n        \""country\"": \""US\""\n      }\n    ],\n    \""phone\"": \""555-402-1978\"",\n    \""email\"": null,\n    \""maritalStatus\"": \""NeverMarried\"",\n    \""primaryLanguage\"": \""English\"",\n    \""allergy\"": null,\n    \""practitioner\"": [\n      {\n        \""name\"": \""Dr. Jon Keeling\"",\n        \""phone\"": null,\n        \""email\"": \""Jon665.Keeling57@example.com\"",\n        \""address\"": null\n      }\n    ],\n    \""immunization\"": []\n  }\n}""]"
sola-json-sections,"StructuredOutputAdapter(output_mode=JSON, prompt_layout=SECTIONS)",patient-notes-0008,validation_error,ValidationError,2.9806662450137082,1,json_object,0,20,0.0,False,,address;age;allergy;birthDate;email;gender;immunization;maritalStatus;name.family;name.given[0];name.given[1];name.prefix;phone;practitioner[0].address;practitioner[0].email;practitioner[0].name.family;practitioner[0].name.given[0];practitioner[0].name.prefix;practitioner[0].phone;primaryLanguage,,2297,0,8,0.0,0,"[""{\n  \""patient_record\"": {\n    \""name\"": [\n      {\n        \""family\"": \""Ornelas\"",\n        \""given\"": [\n          \""Vicente\""\n        ]\n      }\n    ],\n    \""age\"": 35,\n    \""gender\"": \""male\"",\n    \""birthDate\"": \""1984-03-15T00:00:00+00:00\"",\n    \""address\"": [\n      {\n        \""line\"": \""123 Medical Lane\"",\n        \""city\"": \""San Francisco\"",\n        \""state\"": \""CA\"",\n        \""postalCode\"": \""94102\"",\n        \""country\"": \""US\""\n      }\n    ],\n    \""phone\"": null,\n    \""email\"": \""vicente.ornelas@example.com\"",\n    \""maritalStatus\"": \""Married\"",\n    \""primaryLanguage\"": \""English\"",\n    \""allergy\"": [\n      {\n        \""substance\"": [\n          \""Penicillin\""\n        ]\n      }\n    ],\n    \""practitioner\"": [\n      {\n        \""name\"": [\n          \""Dr. Eldora Langosh\""\n        ],\n        \""phone\"": null,\n        \""email\"": \""Eldora89.Langosh790@example.com\"",\n        \""address\"": null\n      }\n    ],\n    \""immunization\"": [\n      {\n        \""traits\"": [\n          \""DPT-1\""\n        ],\n        \""status\"": \""completed\"",\n        \""occurrenceDate\"": \""2023-06-15T00:00:00+00:00\""\n      }\n    ]\n  }\n}""]"
sola-json-sections,"StructuredOutputAdapter(output_mode=JSON, prompt_layout=SECTIONS)",patient-notes-0009,validation_error,ValidationError,1.9846744549868163,1,json_object,0,24,0.0,False,,address.city;address.country;address.line;address.postalCode;address.state;age;allergy;birthDate;email;gender;immunization;maritalStatus;name.family;name.given[0];name.given[1];name.prefix;phone;practitioner[0].address;practitioner[0].email;practitioner[0].name.family;practitioner[0].name.given[0];practitioner[0].name.prefix;practitioner[0].phone;primaryLanguage,,2110,0,13,0.0,0,"[""{\n  \""patient_record\"": {\n    \""name\"": [\n      {\n        \""family\"": \""Man\"",\n        \""given\"": [\n          \""Leuschke\""\n        ]\n      }\n    ],\n    \""age\"": 4,\n    \""gender\"": \""female\"",\n    \""birthDate\"": \""1977-05-14T00:00:00+02:00\"",\n    \""address\"": [\n      {\n        \""line\"": \""1073 Gutmann Forge\"",\n        \""city\"": \""Worcester\"",\n        \""state\"": \""Massachusetts\"",\n        \""postalCode\"": \""01602\"",\n        \""country\"": \""US\""\n      }\n    ],\n    \""phone\"": null,\n    \""email\"": null,\n    \""maritalStatus\"": \""NeverMarried\"",\n    \""primaryLanguage\"": null,\n    \""allergy\"": null,\n    \""practitioner\"": [\n      {\n        \""name\"": [\n          \""Dr. Nathanael Rogahn\""\n        ]\n      }\n    ],\n    \""immunization\"": []\n  }\n}""]"
sola-json-sections,"StructuredOutputAdapter(output_mode=JSON, prompt_layout=SECTIONS)",patient-notes-0010,validation_error,ValidationError,2.512117815000238,1,json_object,0,15,0.0,False,,address;age;allergy;birthDate;email;gender;immunization;maritalStatus;name.family;name.given[0];name.given[1];name.prefix;phone;practitioner;primaryLanguage,,2241,0,7,0.0,0,"[""{\n  \""patient_record\"": {\n    \""name\"": [\n      {\n        \""family\"": \""Freeman\"",\n        \""given\"": [\n          \""Adolph\"",\n          \""Morissette\""\n        ]\n      }\n    ],\n    \""age\"": 100,\n    \""gender\"": \""male\"",\n    \""birthDate\"": \""1919-06-01T10:10:00+00:00\"",\n    \""address\"": [\n      {\n        \""line\"": \""555-122-9838\"",\n        \""city\"": \""Unknown\"",\n        \""state\"": \""Unknown\"",\n        \""postalCode\"": \""Unknown\"",\n        \""country\"": \""US\""\n      }\n    ],\n    \""phone\"": [\n      {\n        \""name\"": \""555-122-9838\"",\n        \""email\"": null,\n        \""address\"": null\n      }\n    ],\n    \""maritalStatus\"": \""Married\"",\n    \""primaryLanguage\"": null,\n    \""allergy\"": [\n      {\n        \""substance\"": [],\n        \""category\"": \""unknown\""\n      }\n    ],\n    \""practitioner\"": [\n      {\n        \""name\"": \""Unknown\"",\n        \""phone\"": null,\n        \""email\"": null,\n        \""address\"": null\n      }\n    ],\n    \""immunization\"": []\n  }\n}""]"
sola-json-sections,"StructuredOutputAdapter(output_mode=JSON, prompt_layout=SECTIONS)",patient-notes-0011,validation_error,ValidationError,2.981298139988212,1,json_object,0,14,0.0,False,,address;age;allergy;birthDate;email;gender;immunization;maritalStatus;name.family;name.given[0];name.prefix;phone;practitioner;primaryLanguage,,2107,0,6,0.0,0,"[""{\n  \""patient_record\"": {\n    \""name\"": [\n      {\n        \""family\"": \""Nohemi\"",\n        \""given\"": [\n          \""Ziemann\""\n        ]\n      }\n    ],\n    \""age\"": 40,\n    \""gender\"": \""female\"",\n    \""birthDate\"": \""1984-02-13\"",\n    \""address\"": {\n      \""line\"": \""555-741-9833\"",\n      \""city\"": \""Unknown\"",\n      \""state\"": \""Unknown\"",\n      \""postalCode\"": \""Unknown\"",\n      \""country\"": \""US\""\n    },\n    \""maritalStatus\"": \""Married\"",\n    \""primaryLanguage\"": \""English\"",\n    \""allergy\"": null,\n    \""practitioner\"": [\n      {\n        \""name\"": \""Nohemi Jast\"",\n        \""phone\"": \""555-741-9833\"",\n        \""email\"": \""unknown@example.com\"",\n        \""address\"": {\n          \""line\"": \""555-741-9833\"",\n          \""city\"": \""Unknown\"",\n          \""state\"": \""Unknown\"",\n          \""postalCode\"": \""Unknown\"",\n          \""country\"": \""US\""\n        }\n      }\n    ],\n    \""immunization\"": [\n      {\n        \""traits\"": [\""None\""],\n        \""status\"": \""completed\"",\n        \""occurrenceDate\"": \""2023-12-15T14:30:00Z\""\n      }\n    ]\n  }\n}""]"
sola-json-sections,"StructuredOutputAdapter(output_mode=JSON, prompt_layout=SECTIONS)",patient-notes-0012,validation_error,ValidationError,2.6338715069869068,1,json_object,0,26,0.0,False,,address.city;address.country;address.line;address.postalCode;address.state;age;allergy;birthDate;email;gender;immunization[0].occurrenceDate;immunization[0].status;immunization[0].traits[0];maritalStatus;name.family;name.given[0];name.given[1];name.prefix;phone;practitioner[0].address;practitioner[0].email;practitioner[0].name.family;practitioner[0].name.given[0];practitioner[0].name.prefix;practitioner[0].phone;primaryLanguage,,2186,0,16,0.0,0,"[""{\n  \""patient_record\"": {\n    \""name\"": [\n      {\n        \""family\"": \""Hansen\"",\n        \""given\"": [\n          \""Vito Horacio\""\n        ]\n      }\n    ],\n    \""age\"": 1,\n    \""gender\"": \""male\"",\n    \""birthDate\"": \""2022-07-24T00:00:00+00:00\"",\n    \""address\"": [\n      {\n        \""line\"": \""191 Cruickshank Street Unit 54\"",\n        \""city\"": \""Taunton\"",\n        \""state\"": \""Massachusetts\"",\n        \""postalCode\"": \""02780\"",\n        \""country\"": \""US\""\n      }\n    ],\n    \""maritalStatus\"": \""NeverMarried\"",\n    \""primaryLanguage\"": \""English\"",\n    \""allergy\"": null,\n    \""practitioner\"": [\n      {\n        \""name\"": \""Dr. Wes King\"",\n        \""phone\"": null,\n        \""email\"": null,\n        \""address\"": null\n      }\n    ],\n    \""immunization\"": [\n      {\n        \""traits\"": [\n          \""seasonal influenza vaccine\""\n        ],\n        \""status\"": \""completed\"",\n        \""occurrenceDate\"": \""2022-07-24T00:00:00+00:00\""\n      }\n    ]\n  }\n}""]"
sola-json-sections,"StructuredOutputAdapter(output_mode=JSON, prompt_layout=SECTIONS)",patient-notes-0013,validation_error,ValidationError,3.4767923500039615,1,json_object,0,23,0.0,False,,address;age;allergy;birthDate;email;gender;immunization;maritalStatus;name.family;name.given[0];name.prefix;phone;practitioner[0].address.city;practitioner[0].address.country;practitioner[0].address.line;practitioner[0].address.postalCode;practitioner[0].address.state;practitioner[0].email;practitioner[0].name.family;practitioner[0].name.given[0];practitioner[0].name.prefix;practitioner[0].phone;primaryLanguage,,2561,0,12,0.0,0,"[""{\n  \""patient_record\"": {\n    \""name\"": [\n      {\n        \""family\"": \""Stiedemann\"",\n        \""given\"": [\n          \""Angla\""\n        ]\n      }\n    ],\n    \""age\"": 36,\n    \""gender\"": \""female\"",\n    \""birthDate\"": \""1986-01-02T00:00:00\"",\n    \""address\"": [\n      {\n        \""line\"": \""555-575-5625\"",\n        \""city\"": \""Central European\"",\n        \""state\"": \""\"",\n        \""postalCode\"": \""\"",\n        \""country\"": \""US\""\n      }\n    ],\n    \""phone\"": \""555-575-5625\"",\n    \""email\"": null,\n    \""maritalStatus\"": \""Married\"",\n    \""primaryLanguage\"": [\n      {\n        \""family\"": \""English\"",\n        \""given\"": [\n          \""United States dialect\""\n        ]\n      }\n    ],\n    \""allergy\"": null,\n    \""practitioner\"": [\n      {\n        \""name\"": [\n          {\n            \""family\"": \""Houston Funk\"",\n            \""given\"": [],\n            \""prefix\"": \""\""\n          }\n        ],\n        \""phone\"": null,\n        \""email\"": null,\n        \""address\"": null\n      }\n    ],\n    \""immunization\"": [\n      {\n        \""traits\"": [\n          \""diphtheria\"",\n          \""pertussis\"",\n          \""tetanus\""\n        ],\n        \""status\"": \""completed\"",\n        \""occurrenceDate\"": \""2017-10-12T12:51:44\""\n      },\n      {\n        \""traits\"": [\n          \""Hepatitis B surface antigen measurement\""\n        ],\n        \""status\"": \""unknown\"",\n        \""occurrenceDate\"": null\n      }\n    ]\n  }\n}""]"
sola-json-sections,"StructuredOutputAdapter(output_mode=JSON, prompt_layout=SECTIONS)",patient-notes-0014,validation_error,ValidationError,2.104682798992144,1,json_object,0,22,0.0,False,,address.city;address.country;address.line;address.postalCode;address.state;age;allergy;birthDate;email;gender;immunization;maritalStatus;name.family;name.given[0];name.given[1];name.prefix;phone;practitioner[0].address;practitioner[0].email;practitioner[0].name;practitioner[0].phone;primaryLanguage,,2126,0,8,0.0,0,"[""{\n  \""patient_record\"": {\n    \""name\"": [\n      {\n        \""family\"": \""Chadwick\"",\n        \""given\"": [\n          \""Myles\""\n        ]\n      }\n    ],\n    \""age\"": 30,\n    \""gender\"": \""male\"",\n    \""birthDate\"": \""1993-04-26T05:00:45+02:00\"",\n    \""address\"": [\n      {\n        \""line\"": \""300 Ebert Burg\"",\n        \""city\"": \""Boston\"",\n        \""state\"": \""MA\"",\n        \""postalCode\"": \""02116\"",\n        \""country\"": \""US\""\n      }\n    ],\n    \""phone\"": null,\n    \""email\"": null,\n    \""maritalStatus\"": \""NeverMarried\"",\n    \""primaryLanguage\"": null,\n    \""allergy\"": null,\n    \""practitioner\"": [\n      {\n        \""name\"": \""Dr. Solomon Carter Fuller Mental Health Center\"",\n        \""phone\"": null,\n        \""email\"": null,\n        \""address\"": null\n      }\n    ],\n    \""immunization\"": []\n  }\n}""]"
sola-json-sections,"StructuredOutputAdapter(output_mode=JSON, prompt_layout=SECTIONS)",patient-notes-0015,validation_error,ValidationError,1.904236883012345,1,json_object,0,17,0.0,False,,address;age;allergy;birthDate;email;gender;immunization[0].occurrenceDate;immunization[0].status;immunization[0].traits[0];maritalStatus;name.family;name.given[0];name.given[1];name.prefix;phone;practitioner;primaryLanguage,,2035,0,8,0.0,0,"[""{\n  \""patient_record\"": {\n    \""name\"": [\n      {\n        \""family\"": \""Wehner\"",\n        \""given\"": [\n          \""Monty\""\n        ]\n      }\n    ],\n    \""age\"": 1,\n    \""gender\"": \""male\"",\n    \""birthDate\"": null,\n    \""address\"": null,\n    \""phone\"": null,\n    \""email\"": null,\n    \""maritalStatus\"": \""NeverMarried\"",\n    \""primaryLanguage\"": null,\n    \""allergy\"": null,\n    \""practitioner\"": [\n      {\n        \""name\"": [\n          \""Dr. Monty Wehner\""\n        ]\n      }\n    ],\n    \""immunization\"": [\n      {\n        \""traits\"": [\n          \""Seasonal influenza injectable\""\n        ],\n        \""status\"": \""completed\"",\n        \""occurrenceDate\"": \""2014-01-06T11:47:38+01:00\""\n      }\n    ]\n  }\n}""]"
sola-json-sections,"StructuredOutputAdapter(output_mode=JSON, prompt_layout=SECTIONS)",patient-notes-0016,validation_error,ValidationError,2.2013065749779344,1,json_object,0,20,0.0,False,,address;age;allergy;birthDate;email;gender;immunization;maritalStatus;name.family;name.given[0];name.given[1];name.prefix;phone;practitioner[0].address;practitioner[0].email;practitioner[0].name.family;practitioner[0].name.given[0];practitioner[0].name.prefix;practitioner[0].phone;primaryLanguage,,2079,0,9,0.0,0,"[""{\n  \""patient_record\"": {\n    \""name\"": \""Lianne Rebecca Baumbach\"",\n    \""age\"": 19,\n    \""gender\"": \""female\"",\n    \""birthDate\"": \""2003-07-23T00:00:00+02:00\"",\n    \""address\"": {\n      \""line\"": \""555-768-8866\"",\n      \""city\"": \""Unknown\"",\n      \""state\"": \""Unknown\"",\n      \""postalCode\"": \""Unknown\"",\n      \""country\"": \""US\""\n    },\n    \""maritalStatus\"": \""NeverMarried\"",\n    \""primaryLanguage\"": \""English\"",\n    \""allergy\"": null,\n    \""practitioner\"": [\n      {\n        \""name\"": \""Dr. Sulema Ryan\"",\n        \""phone\"": \""555-768-8866\"",\n        \""email\"": \""unknown@example.com\"",\n        \""address\"": {\n          \""line\"": \""Unknown\"",\n          \""city\"": \""Unknown\"",\n          \""state\"": \""Unknown\"",\n          \""postalCode\"": \""Unknown\"",\n          \""country\"": \""US\""\n        }\n      }\n    ],\n    \""immunization\"": []\n  }\n}""]"
sola-json-sections,"StructuredOutputAdapter(output_mode=JSON, prompt_layout=SECTIONS)",patient-notes-0017,validation_error,ValidationError,1.8282796989951748,1,json_object,0,15,0.0,False,,address;age;allergy;birthDate;email;gender;immunization;maritalStatus;name.family;name.given[0];name.given[1];name.prefix;phone;practitioner;primaryLanguage,,1977,0,7,0.0,0,"[""{\n  \""patient_record\"": {\n    \""name\"": [\n      {\n        \""family\"": \""Cassi\"",\n        \""given\"": [\n          \""Cherlyn\""\n        ]\n      }\n    ],\n    \""age\"": 35,\n    \""gender\"": \""female\"",\n    \""birthDate\"": \""1984-06-12T00:00:00\"",\n    \""address\"": [\n      {\n        \""line\"": \""123 Main Street\"",\n        \""city\"": \""New York\"",\n        \""state\"": \""NY\"",\n        \""postalCode\"": \""10001\"",\n        \""country\"": \""US\""\n      }\n    ],\n    \""phone\"": null,\n    \""email\"": null,\n    \""maritalStatus\"": \""Married\"",\n    \""primaryLanguage\"": \""English\"",\n    \""allergy\"": [\n      {\n        \""substance\"": []\n      }\n    ],\n    \""practitioner\"": [],\n    \""immunization\"": []\n  }\n}""]"
sola-json-sections,"StructuredOutputAdapter(output_mode=JSON, prompt_layout=SECTIONS)",patient-notes-0018,validation_error,ValidationError,2.3277617119892966,1,json_object,0,15,0.0,False,,address;age;allergy;birthDate;email;gender;immunization;maritalStatus;name.family;name.given[0];name.given[1];name.prefix;phone;practitioner;primaryLanguage,,2146,0,4,0.0,0,"[""{\n  \""patient_record\"": {\n    \""name\"": [\n      {\n        \""family\"": \""Brady\"",\n        \""given\"": [\n          \""Marlon\"",\n          \""Ziemann\""\n        ]\n      }\n    ],\n    \""age\"": 1,\n    \""gender\"": \""male\"",\n    \""birthDate\"": \""2018-02-25T21:59:36+01:00\"",\n    \""address\"": [\n      {\n        \""line\"": \""123 Main Street\"",\n        \""city\"": \""New York\"",\n        \""state\"": \""NY\"",\n        \""postalCode\"": \""10001\"",\n        \""country\"": \""US\""\n      }\n    ],\n    \""phone\"": null,\n    \""email\"": null,\n    \""maritalStatus\"": \""NeverMarried\"",\n    \""primaryLanguage\"": null,\n    \""allergy\"": [\n      {\n        \""substance\"": []\n      }\n    ],\n    \""practitioner\"": [\n      {\n        \""name\"": [\n          \""Dr. Smith\""\n        ]\n      }\n    ],\n    \""immunization\"": [\n      {\n        \""traits\"": [],\n        \""status\"": null,\n        \""occurrenceDate\"": null\n      }\n    ]\n  }\n}""]"
sola-json-sections,"StructuredOutputAdapter(output_mode=JSON, prompt_layout=SECTIONS)",patient-notes-0019,validation_error,ValidationError,2.610039274994051,1,json_object,0,28,0.0,False,,address.city;address.country;address.line;address.postalCode;address.state;age;allergy;birthDate;email;gender;immunization;maritalStatus;name.family;name.given[0];name.given[1];name.prefix;phone;practitioner[0].address.city;practitioner[0].address.country;practitioner[0].address.line;practitioner[0].address.postalCode;practitioner[0].address.state;practitioner[0].email;practitioner[0].name.family;practitioner[0].name.given[0];practitioner[0].name.prefix;practitioner[0].phone;primaryLanguage,,2195,0,21,0.0,0,"[""{\n  \""patient_record\"": {\n    \""name\"": [\n      {\n        \""family\"": \""Treutel\"",\n        \""given\"": [\n          \""Toshia\"",\n          \""Rene\""\n        ]\n      }\n    ],\n    \""age\"": 40,\n    \""gender\"": \""female\"",\n    \""birthDate\"": \""1984-06-04\"",\n    \""address\"": [\n      {\n        \""line\"": \""759 Price Station\"",\n        \""city\"": \""Worcester\"",\n        \""state\"": \""MA\"",\n        \""postalCode\"": \""01606\"",\n        \""country\"": \""US\""\n      }\n    ],\n    \""phone\"": null,\n    \""email\"": null,\n    \""maritalStatus\"": \""Divorced\"",\n    \""primaryLanguage\"": \""English\"",\n    \""allergy\"": null,\n    \""practitioner\"": [\n      {\n        \""name\"": \""Otha Roberts\"",\n        \""phone\"": null,\n        \""email\"": \""Otha286.Roberts511@example.com\"",\n        \""address\"": [\n          {\n            \""line\"": \""189 May Street\"",\n            \""city\"": \""Worcester\"",\n            \""state\"": \""MA\"",\n            \""postalCode\"": \""016024339\"",\n            \""country\"": \""US\""\n          }\n        ]\n      }\n    ],\n    \""immunization\"": []\n  }\n}""]"
sola-json-sections,"StructuredOutputAdapter(output_mode=JSON, prompt_layout=SECTIONS)",patient-notes-0020,validation_error,ValidationError,1.9963523219921626,1,json_object,0,19,0.0,False,,address.city;address.country;address.line;address.postalCode;address.state;age;allergy;birthDate;email;gender;immunization;maritalStatus;name.family;name.given[0];name.given[1];name.prefix;phone;practitioner;primaryLanguage,,2029,0,13,0.0,0,"[""{\n  \""patient_record\"": {\n    \""name\"": [\n      {\n        \""family\"": \""Durgan\"",\n        \""given\"": [\n          \""Azucena\"",\n          \""Lore\""\n        ]\n      }\n    ],\n    \""age\"": 21,\n    \""gender\"": \""female\"",\n    \""birthDate\"": \""2008-10-20T00:00:00\"",\n    \""address\"": [\n      {\n        \""line\"": \""599 Ledner Park\"",\n        \""city\"": \""Lowell\"",\n        \""state\"": \""MA\"",\n        \""postalCode\"": \""01850\"",\n        \""country\"": \""US\""\n      }\n    ],\n    \""phone\"": \""555-374-5890\"",\n    \""email\"": null,\n    \""maritalStatus\"": \""NeverMarried\"",\n    \""primaryLanguage\"": \""English (United States)\"",\n    \""allergy\"": null,\n    \""practitioner\"": [],\n    \""immunization\"": []\n  }\n}""]"
sola-json-sections,"StructuredOutputAdapter(output_mode=JSON, prompt_layout=SECTIONS)",patient-notes-0021,validation_error,ValidationError,1.2583563999796752,1,json_object,0,19,0.0,False,,address.city;address.country;address.line;address.postalCode;address.state;age;allergy;birthDate;email;gender;immunization;maritalStatus;name.family;name.given[0];name.given[1];name.prefix;phone;practitioner;primaryLanguage,,1945,0,8,0.0,0,"[""{\n  \""patient_record\"": {\n    \""name\"": \""Alina Chia Beer\"",\n    \""age\"": null,\n    \""gender\"": null,\n    \""birthDate\"": null,\n    \""address\"": {\n      \""line\"": \""113 Bayer Ranch Unit 33\"",\n      \""city\"": \""Randolph\"",\n      \""state\"": \""Massachusetts\"",\n      \""postalCode\"": \""02368\"",\n      \""country\"": \""US\""\n    },\n    \""maritalStatus\"": null,\n    \""primaryLanguage\"": null,\n    \""allergy\"": null,\n    \""practitioner\"": null,\n    \""immunization\"": []\n  }\n}""]"
sola-json-sections,"StructuredOutputAdapter(output_mode=JSON, prompt_layout=SECTIONS)",patient-notes-0022,validation_error,ValidationError,2.076783266995335,1,json_object,0,22,0.0,False,,address.city;address.country;address.line;address.postalCode;address.state;age;allergy;birthDate;email;gender;immunization;maritalStatus;name.family;name.given[0];name.given[1];name.prefix;phone;practitioner[0].address;practitioner[0].email;practitioner[0].name;practitioner[0].phone;primaryLanguage,,2173,0,10,0.0,0,"[""{\n  \""patient_record\"": {\n    \""name\"": [\n      {\n        \""family\"": \""Osinski\"",\n        \""given\"": [\n          \""Miyoko Jolynn Abshire\""\n        ]\n      }\n    ],\n    \""age\"": 14,\n    \""gender\"": \""female\"",\n    \""birthDate\"": \""1971-04-26\"",\n    \""address\"": [\n      {\n        \""line\"": \""425 Heaney Corner\"",\n        \""city\"": \""Southbridge\"",\n        \""state\"": \""MA\"",\n        \""postalCode\"": \""01550\"",\n        \""country\"": \""US\""\n      }\n    ],\n    \""phone\"": null,\n    \""email\"": null,\n    \""maritalStatus\"": \""NeverMarried\"",\n    \""primaryLanguage\"": null,\n    \""allergy\"": null,\n    \""practitioner\"": [\n      {\n        \""name\"": [\n          \""Family Health Center of Worcester, Inc.\""\n        ],\n        \""phone\"": null,\n        \""email\"": null,\n        \""address\"": null\n      }\n    ],\n    \""immunization\"": []\n  }\n}""]"
sola-json-sections,"StructuredOutputAdapter(output_mode=JSON, prompt_layout=SECTIONS)",patient-notes-0023,validation_error,ValidationError,2.6330424080078956,1,json_object,0,24,0.0,False,,address;age;allergy;birthDate;email;gender;immunization;maritalStatus;name.family;name.given[0];name.given[1];name.prefix;phone;practitioner[0].address.city;practitioner[0].address.country;practitioner[0].address.line;practitioner[0].address.postalCode;practitioner[0].address.state;practitioner[0].email;practitioner[0].name.family;practitioner[0].name.given[0];practitioner[0].name.prefix;practitioner[0].phone;primaryLanguage,,2362,0,15,0.0,0,"[""{\n  \""patient_record\"": {\n    \""name\"": [\n      {\n        \""family\"": \""McCullough\"",\n        \""given\"": [\n          \""Colton\"",\n          \""Tracey\""\n        ]\n      }\n    ],\n    \""age\"": 61,\n    \""gender\"": \""male\"",\n    \""birthDate\"": \""1967-12-05T00:00:00\"",\n    \""address\"": [\n      {\n        \""line\"": \""881 Main Street\"",\n        \""city\"": \""Fitchburg\"",\n        \""state\"": \""MA\"",\n        \""postalCode\"": \""01420\"",\n        \""country\"": \""US\""\n      }\n    ],\n    \""phone\"": null,\n    \""email\"": null,\n    \""maritalStatus\"": \""NeverMarried\"",\n    \""primaryLanguage\"": \""English (United States)\"",\n    \""allergy\"": null,\n    \""practitioner\"": [\n      {\n        \""name\"": \""Dr. Ted Reilly\"",\n        \""phone\"": null,\n        \""email\"": null,\n        \""address\"": [\n          {\n            \""line\"": \""881 Main Street\"",\n            \""city\"": \""Fitchburg\"",\n            \""state\"": \""MA\"",\n            \""postalCode\"": \""01420\"",\n            \""country\"": \""US\""\n          }\n        ]\n      }\n    ],\n    \""immunization\"": []\n  }\n}""]"
sola-json-sections,"StructuredOutputAdapter(output_mode=JSON, prompt_layout=SECTIONS)",patient-notes-0024,validation_error,ValidationError,2.7047063750214875,1,json_object,0,28,0.0,False,,address.city;address.country;address.line;address.postalCode;address.state;age;allergy;birthDate;email;gender;immunization;maritalStatus;name.family;name.given[0];name.given[1];name.prefix;phone;practitioner[0].address.city;practitioner[0].address.country;practitioner[0].address.line;practitioner[0].address.postalCode;practitioner[0].address.state;practitioner[0].email;practitioner[0].name.family;practitioner[0].name.given[0];practitioner[0].name.prefix;practitioner[0].phone;primaryLanguage,,2248,0,17,0.0,0,"[""{\n  \""patient_record\"": {\n    \""name\"": \""Mr. Rogelio Clair Windler\"",\n    \""age\"": 39,\n    \""gender\"": \""male\"",\n    \""birthDate\"": \""1986-10-04\"",\n    \""address\"": {\n      \""line\"": \""993 Hansen Highlands Apt 33\"",\n      \""city\"": \""Chicopee\"",\n      \""state\"": \""Massachusetts\"",\n      \""postalCode\"": \""01022\"",\n      \""country\"": \""US\""\n    },\n    \""maritalStatus\"": \""NeverMarried\"",\n    \""primaryLanguage\"": \""English (United States)\"",\n    \""allergy\"": null,\n    \""practitioner\"": [\n      {\n        \""name\"": \""RIVER'S EDGE PRIMARY CARE LLC\"",\n        \""phone\"": \""555-895-7574\"",\n        \""email\"": null,\n        \""address\"": {\n          \""line\"": \""123 Main St\"",\n          \""city\"": \""Boston\"",\n          \""state\"": \""Massachusetts\"",\n          \""postalCode\"": \""02101\"",\n          \""country\"": \""US\""\n        }\n      }\n    ],\n    \""immunization\"": [\n      {\n        \""traits\"": [\""Well-child visit\""],\n        \""status\"": \""completed\"",\n        \""occurrenceDate\"": \""2002-11-16T13:38:00+01:00\""\n      }\n    ]\n  }\n}""]"
sola-json-sections,"StructuredOutputAdapter(output_mode=JSON, prompt_layout=SECTIONS)",patient-notes-0025,validation_error,ValidationError,2.913874447986018,1,json_object,0,15,0.0,False,,address;age;allergy;birthDate;email;gender;immunization;maritalStatus;name.family;name.given[0];name.given[1];name.prefix;phone;practitioner;primaryLanguage,,2213,0,5,0.0,0,"[""{\n  \""patient_record\"": {\n    \""name\"": {\n      \""family\"": \""Trantow\"",\n      \""given\"": [\""Frankie\""]\n    },\n    \""age\"": 60,\n    \""gender\"": \""male\"",\n    \""birthDate\"": \""1967-12-05T00:00:00+00:00\"",\n    \""address\"": {\n      \""line\"": \""123 Main Street\"",\n      \""city\"": \""New York\"",\n      \""state\"": \""NY\"",\n      \""postalCode\"": \""10001\"",\n      \""country\"": \""US\""\n    },\n    \""phone\"": null,\n    \""email\"": null,\n    \""maritalStatus\"": \""Married\"",\n    \""primaryLanguage\"": \""English\"",\n    \""allergy\"": null,\n    \""practitioner\"": [\n      {\n        \""name\"": \""Dr. John Smith\"",\n        \""phone\"": \""555-123-4567\"",\n        \""email\"": \""doctor.smith@example.com\"",\n        \""address\"": {\n          \""line\"": \""456 Medical Ave\"",\n          \""city\"": \""Boston\"",\n          \""state\"": \""MA\"",\n          \""postalCode\"": \""02101\"",\n          \""country\"": \""US\""\n        }\n      }\n    ],\n    \""immunization\"": [\n      {\n        \""traits\"": [\""Inactivated Polio Vaccine\""],\n        \""status\"": \""completed\"",\n        \""occurrenceDate\"": \""2015-03-15T00:00:00+00:00\""\n      }\n    ]\n  }\n}""]"
sola-json-sections,"StructuredOutputAdapter(output_mode=JSON, prompt_layout=SECTIONS)",patient-notes-0026,validation_error,ValidationError,2.3905128170154057,1,json_object,0,25,0.0,False,,address.city;address.country;address.line;address.postalCode;address.state;age;allergy;birthDate;email;gender;immunization;maritalStatus;name.family;name.given[0];name.prefix;phone;practitioner[0].address.city;practitioner[0].address.country;practitioner[0].address.line;practitioner[0].address.postalCode;practitioner[0].address.state;practitioner[0].email;practitioner[0].name;practitioner[0].phone;primaryLanguage,,2239,0,17,0.0,0,"[""{\n  \""patient_record\"": {\n    \""name\"": \""Ms. Tanisha Prosacco\"",\n    \""age\"": 20,\n    \""gender\"": \""female\"",\n    \""birthDate\"": \""1999-04-12T00:00:00\"",\n    \""address\"": {\n      \""line\"": \""185 Heaney Gateway Unit 30\"",\n      \""city\"": \""Boston\"",\n      \""state\"": \""MA\"",\n      \""postalCode\"": \""02122\"",\n      \""country\"": \""US\""\n    },\n    \""maritalStatus\"": \""NeverMarried\"",\n    \""primaryLanguage\"": \""English\"",\n    \""allergy\"": null,\n    \""practitioner\"": [\n      {\n        \""name\"": \""Samuel331.Valdés907\"",\n        \""phone\"": \""None\"",\n        \""email\"": \""Samuel331.Valdés907@example.com\"",\n        \""address\"": {\n          \""line\"": \""8 SHIPWAY PL # C-8\"",\n          \""city\"": \""Charleston\"",\n          \""state\"": \""MA\"",\n          \""postalCode\"": \""021294301\"",\n          \""country\"": \""US\""\n        }\n      }\n    ],\n    \""immunization\"": []\n  }\n}""]"
sola-json-sections,"StructuredOutputAdapter(output_mode=JSON, prompt_layout=SECTIONS)",patient-notes-0027,validation_error,ValidationError,2.329993262013886,1,json_object,0,32,0.0,False,,address.city;address.country;address.line;address.postalCode;address.state;age;allergy;birthDate;email;gender;immunization[0].occurrenceDate;immunization[0].status;immunization[0].traits[0];immunization[1].occurrenceDate;immunization[1].status;immunization[1].traits[0];maritalStatus;name.family;name.given[0];name.prefix;phone;practitioner[0].address.city;practitioner[0].address.country;practitioner[0].address.line;practitioner[0].address.postalCode;practitioner[0].address.state;practitioner[0].email;practitioner[0].name.family;practitioner[0].name.given[0];practitioner[0].name.prefix;practitioner[0].phone;primaryLanguage,,2260,0,21,0.0,0,"[""{\n  \""patient_record\"": {\n    \""name\"": \""Reginald Beatty\"",\n    \""age\"": null,\n    \""gender\"": \""male\"",\n    \""birthDate\"": null,\n    \""address\"": {\n      \""line\"": \""561 Russel Trace\"",\n      \""city\"": \""Salem\"",\n      \""state\"": \""Massachusetts\"",\n      \""postalCode\"": null,\n      \""country\"": \""US\""\n    },\n    \""maritalStatus\"": \""NeverMarried\"",\n    \""primaryLanguage\"": \""English\"",\n    \""allergy\"": null,\n    \""practitioner\"": [\n      {\n        \""name\"": \""Dr. Daysi Reynolds\"",\n        \""phone\"": \""555-748-9279\"",\n        \""email\"": null,\n        \""address\"": null\n      }\n    ],\n    \""immunization\"": [\n      {\n        \""traits\"": [\""influenza vaccine\""],\n        \""status\"": \""unknown\"",\n        \""occurrenceDate\"": \""2023-04-12\""\n      },\n      {\n        \""traits\"": [\""DTaP vaccine\""],\n        \""status\"": \""unknown\"",\n        \""occurrenceDate\"": \""2018-10-03\""\n      }\n    ]\n  }\n}""]"
sola-json-sections,"StructuredOutputAdapter(output_mode=JSON, prompt_layout=SECTIONS)",patient-notes-0028,validation_error,ValidationError,2.0917668030015193,1,json_object,0,24,0.0,False,,address;age;allergy;birthDate;email;gender;immunization;maritalStatus;name.family;name.given[0];name.given[1];name.prefix;phone;practitioner[0].address.city;practitioner[0].address.country;practitioner[0].address.line;practitioner[0].address.postalCode;practitioner[0].address.state;practitioner[0].email;practitioner[0].name.family;practitioner[0].name.given[0];practitioner[0].name.prefix;practitioner[0].phone;primaryLanguage,,2198,0,11,0.0,0,"[""{\n  \""patient_record\"": {\n    \""name\"": [\n      {\n        \""family\"": \""Haley\"",\n        \""given\"": [\n          \""Hung\"",\n          \""Armand\""\n        ]\n      }\n    ],\n    \""age\"": null,\n    \""gender\"": \""male\"",\n    \""birthDate\"": null,\n    \""address\"": [\n      {\n        \""line\"": \""123 Main Street\"",\n        \""city\"": \""Springfield\"",\n        \""state\"": \""IL\"",\n        \""postalCode\"": \""62704\"",\n        \""country\"": \""US\""\n      }\n    ],\n    \""phone\"": \""555-759-4749\"",\n    \""email\"": null,\n    \""maritalStatus\"": \""NeverMarried\"",\n    \""primaryLanguage\"": null,\n    \""allergy\"": null,\n    \""practitioner\"": [\n      {\n        \""name\"": [\n          \""Dr. Waylon Kovacek\""\n        ],\n        \""phone\"": null,\n        \""email\"": null,\n        \""address\"": null\n      }\n    ],\n    \""immunization\"": []\n  }\n}""]"
sola-json-sections,"StructuredOutputAdapter(output_mode=JSON, prompt_layout=SECTIONS)",patient-notes-0029,validation_error,ValidationError,1.320562352979323,1,json_object,0,15,0.0,False,,address;age;allergy;birthDate;email;gender;immunization;maritalStatus;name.family;name.given[0];name.given[1];name.prefix;phone;practitioner;primaryLanguage,,2124,0,7,0.0,0,"[""{\n  \""patient_record\"": {\n    \""name\"": \""Coleman Emanuel Steuber\"",\n    \""age\"": null,\n    \""gender\"": \""male\"",\n    \""birthDate\"": null,\n    \""address\"": null,\n    \""maritalStatus\"": \""Never married\"",\n    \""primaryLanguage\"": \""English (United States)\"",\n    \""allergy\"": null,\n    \""practitioner\"": [\n      {\n        \""name\"": \""Coleman Emanuel Steuber\"",\n        \""phone\"": \""555-477-9205\"",\n        \""email\"": null,\n        \""address\"": null\n      }\n    ],\n    \""immunization\"": []\n  }\n}""]"
sola-jsonish-sections,"StructuredOutputAdapter(output_mode=JSONISH, prompt_layout=SECTIONS)",patient-notes-0000,ok,,2.9705848440062255,1,json_object,13,19,0.6842,False,name.prefix;age;birthDate,name.given[1];practitioner;allergy,allergy.substance[0].category;allergy.substance[0].manifestation;allergy.substance[0].name;practitioner[0].address.city;practitioner[0].address.country;practitioner[0].address.line;practitioner[0].address.postalCode;practitioner[0].address.state;practitioner[0].email;practitioner[0].name.family;practitioner[0].name.given;practitioner[0].name.prefix;practitioner[0].phone,1347,11,13,0.8462,4,"[""{\n  \""patient_record\"": {\n    \""name\"": {\n      \""family\"": \""Corkery\"",\n      \""given\"": [\""Rudolf\""],\n      \""prefix\"": \""\""\n    },\n    \""age\"": 50,\n    \""gender\"": \""male\"",\n    \""birthDate\"": \""1968-03-12T00:00:00+00:00\"",\n    \""address\"": {\n      \""line\"": \""983 Gutmann Burg\"",\n      \""city\"": \""Boston\"",\n      \""state\"": \""MA\"",\n      \""postalCode\"": \""02111\"",\n      \""country\"": \""US\""\n    },\n    \""phone\"": \""555-124-9334\"",\n    \""email\"": null,\n    \""maritalStatus\"": \""Married\"",\n    \""primaryLanguage\"": \""English (United States)\"",\n    \""allergy\"": {\n      \""substance\"": [\n        {\n          \""category\"": \""other\"",\n          \""name\"": null,\n          \""manifestation\"": null\n        }\n      ]\n    },\n    \""practitioner\"": [\n      {\n        \""name\"": {\n          \""family\"": \""\"",\n          \""given\"": [],\n          \""prefix\"": \""\""\n        },\n        \""phone\"": null,\n        \""email\"": null,\n        \""address\"": {\n          \""line\"": null,\n          \""city\"": null,\n          \""state\"": null,\n          \""postalCode\"": null,\n          \""country\"": null\n        }\n      }\n    ],\n    \""immunization\"": []\n  }\n}""]"
sola-jsonish-sections,"StructuredOutputAdapter(output_mode=JSONISH, prompt_layout=SECTIONS)",patient-notes-0001,validation_error,ValidationError,2.768479374004528,1,json_object,0,19,0.0,False,,address.city;address.country;address.line;address.postalCode;address.state;age;allergy;birthDate;email;gender;immunization;maritalStatus;name.family;name.given[0];name.given[1];name.prefix;phone;practitioner;primaryLanguage,,1406,0,12,0.0,0,"[""{\n  \""patient_record\"": {\n    \""name\"": {\n      \""family\"": \""Bashirian\"",\n      \""given\"": [\""Hobert\""],\n      \""prefix\"": null\n    },\n    \""age\"": 35,\n    \""gender\"": \""male\"",\n    \""birthDate\"": \""1988-11-12T00:38:00+01:00\"",\n    \""address\"": {\n      \""line\"": \""767 Windler Well\"",\n      \""city\"": \""Easthampton\"",\n      \""state\"": \""Massachusetts\"",\n      \""postalCode\"": \""01027\"",\n      \""country\"": \""U.S.\""\n    },\n    \""phone\"": null,\n    \""email\"": null,\n    \""maritalStatus\"": \""Widowed\"",\n    \""primaryLanguage\"": \""English\"",\n    \""allergy\"": {\n      \""substance\"": [\n        {\n          \""category\"": \""other\"",\n          \""name\"": null,\n          \""manifestation\"": null\n        }\n      ]\n    },\n    \""practitioner\"": [\n      {\n        \""name\"": {\n          \""family\"": null,\n          \""given\"": null,\n          \""prefix\"": null\n        },\n        \""phone\"": null,\n        \""email\"": null,\n        \""address\"": null\n      }\n    ],\n    \""immunization\"": [\n      {\n        \""traits\"": [],\n        \""status\"": null,\n        \""occurrenceDate\"": null\n      }\n    ]\n  }\n}""]"
sola-jsonish-sections,"StructuredOutputAdapter(output_mode=JSONISH, prompt_layout=SECTIONS)",patient-notes-0002,validation_error,ValidationError,2.3246648060157895,1,json_object,0,21,0.0,False,,address.city;address.country;address.line;address.postalCode;address.state;age;allergy;birthDate;email;gender;immunization[0].occurrenceDate;immunization[0].status;immunization[0].traits[0];maritalStatus;name.family;name.given[0];name.given[1];name.prefix;phone;practitioner;primaryLanguage,,1293,0,14,0.0,0,"[""{\n  \""patient_record\"": {\n    \""name\"": {\n      \""family\"": \""Bañuelos\"",\n      \""given\"": [\""Sonia María\""],\n      \""prefix\"": \""\""\n    },\n    \""age\"": 30,\n    \""gender\"": \""female\"",\n    \""birthDate\"": \""1993-05-24T16:59:45Z\"",\n    \""address\"": {\n      \""line\"": \""130 Rempel Vale\"",\n      \""city\"": \""Boston\"",\n      \""state\"": \""MA\"",\n      \""postalCode\"": \""02111\"",\n      \""country\"": \""United States\""\n    },\n    \""phone\"": \""\"",\n    \""email\"": \""\"",\n    \""maritalStatus\"": \""NeverMarried\"",\n    \""primaryLanguage\"": \""Spanish\"",\n    \""allergy\"": {\n      \""substance\"": [\n        {\n          \""category\"": \""other\"",\n          \""name\"": \""\""\n        }\n      ]\n    },\n    \""practitioner\"": [],\n    \""immunization\"": [\n      {\n        \""traits\"": \""\"",\n        \""status\"": \""completed\"",\n        \""occurrenceDate\"": \""2013-12-24T16:59:45Z\""\n      }\n    ]\n  }\n}""]"
sola-jsonish-sections,"StructuredOutputAdapter(output_mode=JSONISH, prompt_layout=SECTIONS)",patient-notes-0003,validation_error,ValidationError,2.0788467500242405,1,json_object,0,19,0.0,False,,address.city;address.country;address.line;address.postalCode;address.state;age;allergy;birthDate;email;gender;immunization;maritalStatus;name.family;name.given[0];name.given[1];name.prefix;phone;practitioner;primaryLanguage,,1565,0,12,0.0,0,"[""{\n  \""patient_record\"": {\n    \""name\"": {\n      \""family\"": \""Sherman\"",\n      \""given\"": [\""Nolan\""],\n      \""prefix\"": null\n    },\n    \""age\"": 19,\n    \""gender\"": \""male\"",\n    \""birthDate\"": \""1945-05-06\"",\n    \""address\"": {\n      \""line\"": \""698 Kunde Spur\"",\n      \""city\"": \""Dedham\"",\n      \""state\"": \""Massachusetts\"",\n      \""postalCode\"": \""02026\"",\n      \""country\"": \""United States\""\n    },\n    \""phone\"": \""555-216-4130\"",\n    \""email\"": null,\n    \""maritalStatus\"": \""Single\"",\n    \""primaryLanguage\"": \""English (United States)\"",\n    \""allergy\"": {\n      \""substance\"": [\n        {\n          \""category\"": \""other\"",\n          \""name\"": null,\n          \""manifestation\"": null\n        }\n      ]\n    },\n    \""practitioner\"": [],\n    \""immunization\"": []\n  }\n}""]"
sola-jsonish-sections,"StructuredOutputAdapter(output_mode=JSONISH, prompt_layout=SECTIONS)",patient-notes-0004,validation_error,ValidationError,2.698752831987804,1,json_object,0,18,0.0,False,,address.city;address.country;address.line;address.postalCode;address.state;age;allergy;birthDate;email;gender;immunization;maritalStatus;name.family;name.given[0];name.prefix;phone;practitioner;primaryLanguage,,1522,0,12,0.0,0,"[""{\n  \""patient_record\"": {\n    \""name\"": {\n      \""family\"": \""Wolff\"",\n      \""given\"": [\""Shanon\""],\n      \""prefix\"": null\n    },\n    \""age\"": 40,\n    \""gender\"": \""female\"",\n    \""birthDate\"": \""1992-01-22T00:00:00\"",\n    \""address\"": {\n      \""line\"": \""237 Koelpin Lane\"",\n      \""city\"": \""Lynn\"",\n      \""state\"": \""Massachusetts\"",\n      \""postalCode\"": \""01902\"",\n      \""country\"": \""United States\""\n    },\n    \""phone\"": \""555-908-5677\"",\n    \""email\"": null,\n    \""maritalStatus\"": \""NeverMarried\"",\n    \""primaryLanguage\"": \""English (United States)\"",\n    \""allergy\"": {\n      \""substance\"": [\n        {\n          \""category\"": \""other\"",\n          \""name\"": null,\n          \""manifestation\"": null\n        }\n      ]\n    },\n    \""practitioner\"": [\n      {\n        \""name\"": {\n          \""family\"": null,\n          \""given\"": null,\n          \""prefix\"": null\n        },\n        \""phone\"": null,\n        \""email\"": null,\n        \""address\"": null\n      }\n    ],\n    \""immunization\"": []\n  }\n}""]"
sola-jsonish-sections,"StructuredOutputAdapter(output_mode=JSONISH, prompt_layout=SECTIONS)",patient-notes-0005,validation_error,ValidationError,2.0330921379791107,1,json_object,0,17,0.0,False,,address;age;allergy.substance[0].category;allergy.substance[0].manifestation;allergy.substance[0].name;birthDate;email;gender;immunization;maritalStatus;name.family;name.given[0];name.given[1];name.prefix;phone;practitioner;primaryLanguage,,1243,0,8,0.0,0,"[""{\n  \""patient_record\"": {\n    \""name\"": {\n      \""family\"": \""Bergnaum\"",\n      \""given\"": [\""Vince\""],\n      \""prefix\"": \""\""\n    },\n    \""age\"": 50,\n    \""gender\"": \""male\"",\n    \""birthDate\"": \""1978-09-30T00:00:00+02:00\"",\n    \""address\"": {\n      \""line\"": \""\"",\n      \""city\"": \""\"",\n      \""state\"": \""\"",\n      \""postalCode\"": \""\"",\n      \""country\"": \""\""\n    },\n    \""phone\"": \""\"",\n    \""email\"": \""\"",\n    \""maritalStatus\"": \""NeverMarried\"",\n    \""primaryLanguage\"": \""\"",\n    \""allergy\"": {\n      \""substance\"": [\n        {\n          \""category\"": \""environmental\"",\n          \""name\"": \""Allergens\""\n        }\n      ],\n      \""manifestation\"": \""Skin rash, hives, and itching\""\n    },\n    \""practitioner\"": [],\n    \""immunization\"": []\n  }\n}""]"
sola-jsonish-sections,"StructuredOutputAdapter(output_mode=JSONISH, prompt_layout=SECTIONS)",patient-notes-0006,validation_error,ValidationError,3.1164465549809393,1,json_object,0,19,0.0,False,,address.city;address.country;address.line;address.postalCode;address.state;age;allergy;birthDate;email;gender;immunization;maritalStatus;name.family;name.given[0];name.given[1];name.prefix;phone;practitioner;primaryLanguage,,1365,0,9,0.0,0,"[""{\n  \""patient_record\"": {\n    \""name\"": {\n      \""family\"": \""Reynolds\"",\n      \""given\"": [\""Sheldon\"", \""Alfonso\""],\n      \""prefix\"": null\n    },\n    \""age\"": 65,\n    \""gender\"": \""male\"",\n    \""birthDate\"": \""1948-03-27T00:00:00+00:00\"",\n    \""address\"": {\n      \""line\"": \""541 Ortiz Rue\"",\n      \""city\"": \""West Wareham\"",\n      \""state\"": \""MA\"",\n      \""postalCode\"": \""02576\"",\n      \""country\"": \""USA\""\n    },\n    \""phone\"": null,\n    \""email\"": null,\n    \""maritalStatus\"": \""NeverMarried\"",\n    \""primaryLanguage\"": \""English\"",\n    \""allergy\"": {\n      \""substance\"": [\n        {\n          \""category\"": \""other\"",\n          \""name\"": null,\n          \""manifestation\"": null\n        }\n      ]\n    },\n    \""practitioner\"": [\n      {\n        \""name\"": {\n          \""family\"": null,\n          \""given\"": null,\n          \""prefix\"": null\n        },\n        \""phone\"": null,\n        \""email\"": null,\n        \""address\"": {\n          \""line\"": null,\n          \""city\"": null,\n          \""state\"": null,\n          \""postalCode\"": null,\n          \""country\"": null\n        }\n      }\n    ],\n    \""immunization\"": [\n      {\n        \""traits\"": [],\n        \""status\"": \""unknown\"",\n        \""occurrenceDate\"": null\n      }\n    ]\n  }\n}""]"
sola-jsonish-sections,"StructuredOutputAdapter(output_mode=JSONISH, prompt_layout=SECTIONS)",patient-notes-0007,validation_error,ValidationError,2.5339910199982114,1,json_object,0,24,0.0,False,,address.city;address.country;address.line;address.postalCode;address.state;age;allergy;birthDate;email;gender;immunization;maritalStatus;name.family;name.given[0];name.given[1];name.prefix;phone;practitioner[0].address;practitioner[0].email;practitioner[0].name.family;practitioner[0].name.given[0];practitioner[0].name.prefix;practitioner[0].phone;primaryLanguage,,1412,0,18,0.0,0,"[""{\n  \""patient_record\"": {\n    \""name\"": {\n      \""family\"": \""Hahn\"",\n      \""given\"": [\""Gail\""],\n      \""prefix\"": \""\""\n    },\n    \""age\"": 20,\n    \""gender\"": \""female\"",\n    \""birthDate\"": \""2004-10-13T00:00:00\"",\n    \""address\"": {\n      \""line\"": \""103 Murazik Flat Apt 19\"",\n      \""city\"": \""Cohasset\"",\n      \""state\"": \""Massachusetts\"",\n      \""postalCode\"": \""028654\"",\n      \""country\"": \""United States\""\n    },\n    \""phone\"": \""555-402-1978\"",\n    \""email\"": \""\"",\n    \""maritalStatus\"": \""NeverMarried\"",\n    \""primaryLanguage\"": \""English\"",\n    \""allergy\"": null,\n    \""practitioner\"": [\n      {\n        \""name\"": {\n          \""family\"": \""Keeling\"",\n          \""given\"": [\""Jon\""],\n          \""prefix\"": \""\""\n        },\n        \""phone\"": \""\"",\n        \""email\"": \""Jon665.Keeling57@example.com\"",\n        \""address\"": {\n          \""line\"": \""\"",\n          \""city\"": \""\"",\n          \""state\"": \""\"",\n          \""postalCode\"": \""\"",\n          \""country\"": \""\""\n        }\n      }\n    ],\n    \""immunization\"": []\n  }\n}""]"
sola-jsonish-sections,"StructuredOutputAdapter(output_mode=JSONISH, prompt_layout=SECTIONS)",patient-notes-0008,validation_error,ValidationError,3.572159979987191,1,json_object,0,20,0.0,False,,address;age;allergy;birthDate;email;gender;immunization;maritalStatus;name.family;name.given[0];name.given[1];name.prefix;phone;practitioner[0].address;practitioner[0].email;practitioner[0].name.family;practitioner[0].name.given[0];practitioner[0].name.prefix;practitioner[0].phone;primaryLanguage,,1499,0,8,0.0,0,"[""{\n  \""patient_record\"": {\n    \""name\"": {\n      \""family\"": \""Ornelas\"",\n      \""given\"": [\""Vicente\""],\n      \""prefix\"": null\n    },\n    \""age\"": 35,\n    \""gender\"": \""male\"",\n    \""birthDate\"": \""1984-06-12T00:00:00+00:00\"",\n    \""address\"": {\n      \""line\"": \""123 Medical Lane\"",\n      \""city\"": \""San Francisco\"",\n      \""state\"": \""CA\"",\n      \""postalCode\"": \""94102\"",\n      \""country\"": \""USA\""\n    },\n    \""phone\"": null,\n    \""email\"": \""Vicente.Ornelas@example.com\"",\n    \""maritalStatus\"": \""Married\"",\n    \""primaryLanguage\"": \""English\"",\n    \""allergy\"": {\n      \""substance\"": [\n        {\n          \""category\"": \""food\"",\n          \""name\"": null,\n          \""manifestation\"": null\n        }\n      ]\n    },\n    \""practitioner\"": [\n      {\n        \""name\"": {\n          \""family\"": \""Langosh\"",\n          \""given\"": [],\n          \""prefix\"": null\n        },\n        \""phone\"": null,\n        \""email\"": \""Eldora89.Langosh790@example.com\"",\n        \""address\"": {\n          \""line\"": \""456 Health Street\"",\n          \""city\"": \""San Francisco\"",\n          \""state\"": \""CA\"",\n          \""postalCode\"": \""94102\"",\n          \""country\"": \""USA\""\n        }\n      }\n    ],\n    \""immunization\"": [\n      {\n        \""traits\"": [],\n        \""status\"": \""completed\"",\n        \""occurrenceDate\"": null\n      }\n    ]\n  }\n}""]"
sola-jsonish-sections,"StructuredOutputAdapter(output_mode=JSONISH, prompt_layout=SECTIONS)",patient-notes-0009,validation_error,ValidationError,2.7421159929945134,1,json_object,0,24,0.0,False,,address.city;address.country;address.line;address.postalCode;address.state;age;allergy;birthDate;email;gender;immunization;maritalStatus;name.family;name.given[0];name.given[1];name.prefix;phone;practitioner[0].address;practitioner[0].email;practitioner[0].name.family;practitioner[0].name.given[0];practitioner[0].name.prefix;practitioner[0].phone;primaryLanguage,,1365,0,13,0.0,0,"[""{\n  \""patient_record\"": {\n    \""name\"": {\n      \""family\"": \""Man\"",\n      \""given\"": [\""Leuschke\""],\n      \""prefix\"": \""\""\n    },\n    \""age\"": 48,\n    \""gender\"": \""female\"",\n    \""birthDate\"": \""1977-05-14T00:00:00+02:00\"",\n    \""address\"": {\n      \""line\"": \""1073 Gutmann Forge\"",\n      \""city\"": \""Worcester\"",\n      \""state\"": \""Massachusetts\"",\n      \""postalCode\"": \""01602\"",\n      \""country\"": \""US\""\n    },\n    \""phone\"": \""\"",\n    \""email\"": \""\"",\n    \""maritalStatus\"": \""NeverMarried\"",\n    \""primaryLanguage\"": \""English\"",\n    \""allergy\"": {\n      \""substance\"": [\n        {\n          \""category\"": \""other\"",\n          \""name\"": \""\""\n        }\n      ]\n    },\n    \""practitioner\"": [\n      {\n        \""name\"": {\n          \""family\"": \""Rogahn\"",\n          \""given\"": [],\n          \""prefix\"": \""\""\n        },\n        \""phone\"": \""\"",\n        \""email\"": \""\"",\n        \""address\"": {\n          \""line\"": \""\"",\n          \""city\"": \""\"",\n          \""state\"": \""\"",\n          \""postalCode\"": \""\"",\n          \""country\"": \""\""\n        }\n      }\n    ],\n    \""immunization\"": []\n  }\n}""]"
sola-jsonish-sections,"StructuredOutputAdapter(output_mode=JSONISH, prompt_layout=SECTIONS)",patient-notes-0010,ok,,2.8986037879949436,1,json_object,7,15,0.4667,False,name.given[0];name.prefix;age;gender,name.given[1];address;practitioner;allergy,address.city;address.country;address.line;address.postalCode;address.state;allergy.substance[0].category;allergy.substance[0].manifestation;allergy.substance[0].name;practitioner[0].address.city;practitioner[0].address.country;practitioner[0].address.line;practitioner[0].address.postalCode;practitioner[0].address.state;practitioner[0].email;practitioner[0].name.family;practitioner[0].name.given;practitioner[0].name.prefix;practitioner[0].phone,1440,4,7,0.5714,5,"[""{\n  \""patient_record\"": {\n    \""name\"": {\n      \""family\"": \""Morissette\"",\n      \""given\"": [\""Freeman\""],\n      \""prefix\"": null\n    },\n    \""age\"": 100,\n    \""gender\"": \""male\"",\n    \""birthDate\"": \""1919-06-01T10:10:00Z\"",\n    \""address\"": {\n      \""line\"": \""555-122-9838\"",\n      \""city\"": null,\n      \""state\"": null,\n      \""postalCode\"": null,\n      \""country\"": null\n    },\n    \""phone\"": \""555-122-9838\"",\n    \""email\"": null,\n    \""maritalStatus\"": \""Married\"",\n    \""primaryLanguage\"": null,\n    \""allergy\"": {\n      \""substance\"": [\n        {\n          \""category\"": \""other\"",\n          \""name\"": null,\n          \""manifestation\"": null\n        }\n      ]\n    },\n    \""practitioner\"": [\n      {\n        \""name\"": {\n          \""family\"": null,\n          \""given\"": null,\n          \""prefix\"": null\n        },\n        \""phone\"": null,\n        \""email\"": null,\n        \""address\"": {\n          \""line\"": null,\n          \""city\"": null,\n          \""state\"": null,\n          \""postalCode\"": null,\n          \""country\"": null\n        }\n      }\n    ],\n    \""immunization\"": []\n  }\n}""]"
sola-jsonish-sections,"StructuredOutputAdapter(output_mode=JSONISH, prompt_layout=SECTIONS)",patient-notes-0011,ok,,2.898415400995873,1,json_object,7,14,0.5,False,name.prefix;age;gender,address;practitioner;allergy;immunization,address.city;address.country;address.line;address.postalCode;address.state;allergy.substance[0].category;allergy.substance[0].manifestation;allergy.substance[0].name;immunization[0].occurrenceDate;immunization[0].status;immunization[0].traits;practitioner[0].address.city;practitioner[0].address.country;practitioner[0].address.line;practitioner[0].address.postalCode;practitioner[0].address.state;practitioner[0].email;practitioner[0].name.family;practitioner[0].name.given;practitioner[0].name.prefix;practitioner[0].phone,1303,5,6,0.8333,6,"[""{\n  \""patient_record\"": {\n    \""name\"": {\n      \""family\"": \""Ziemann\"",\n      \""given\"": [\""Nohemi\""],\n      \""prefix\"": null\n    },\n    \""age\"": 40,\n    \""gender\"": \""female\"",\n    \""birthDate\"": \""1984-02-13T00:00:00\"",\n    \""address\"": {\n      \""line\"": \""555-741-9833\"",\n      \""city\"": null,\n      \""state\"": null,\n      \""postalCode\"": null,\n      \""country\"": null\n    },\n    \""phone\"": \""555-741-9833\"",\n    \""email\"": null,\n    \""maritalStatus\"": \""Married\"",\n    \""primaryLanguage\"": null,\n    \""allergy\"": {\n      \""substance\"": [\n        {\n          \""category\"": \""other\"",\n          \""name\"": null,\n          \""manifestation\"": null\n        }\n      ]\n    },\n    \""practitioner\"": [\n      {\n        \""name\"": {\n          \""family\"": null,\n          \""given\"": null,\n          \""prefix\"": null\n        },\n        \""phone\"": null,\n        \""email\"": null,\n        \""address\"": {\n          \""line\"": null,\n          \""city\"": null,\n          \""state\"": null,\n          \""postalCode\"": null,\n          \""country\"": null\n        }\n      }\n    ],\n    \""immunization\"": [\n      {\n        \""traits\"": [],\n        \""status\"": null,\n        \""occurrenceDate\"": null\n      }\n    ]\n  }\n}""]"
sola-jsonish-sections,"StructuredOutputAdapter(output_mode=JSONISH, prompt_layout=SECTIONS)",patient-notes-0012,ok,,3.414430886012269,1,json_object,15,26,0.5769,False,name.given[0];age;birthDate;maritalStatus;primaryLanguage;practitioner[0].name.prefix;immunization[0].traits[0];immunization[0].occurrenceDate,name.given[1];practitioner[0].address;allergy,allergy.substance[0].category;allergy.substance[0].manifestation;allergy.substance[0].name;immunization[0].traits[1];immunization[0].traits[2];practitioner[0].address.city;practitioner[0].address.country;practitioner[0].address.line;practitioner[0].address.postalCode;practitioner[0].address.state,1473,10,16,0.625,5,"[""{\n  \""patient_record\"": {\n    \""name\"": {\n      \""family\"": \""Hansen\"",\n      \""given\"": [\""Vito Horacio\""],\n      \""prefix\"": null\n    },\n    \""age\"": 60,\n    \""gender\"": \""male\"",\n    \""birthDate\"": \""1962-07-24T00:00:00+00:00\"",\n    \""address\"": {\n      \""line\"": \""191 Cruickshank Street Unit 54\"",\n      \""city\"": \""Taunton\"",\n      \""state\"": \""MA\"",\n      \""postalCode\"": \""02780\"",\n      \""country\"": \""US\""\n    },\n    \""phone\"": null,\n    \""email\"": null,\n    \""maritalStatus\"": \""NeverMarried\"",\n    \""primaryLanguage\"": \""English\"",\n    \""allergy\"": {\n      \""substance\"": [\n        {\n          \""category\"": \""other\"",\n          \""name\"": null,\n          \""manifestation\"": null\n        }\n      ]\n    },\n    \""practitioner\"": [\n      {\n        \""name\"": {\n          \""family\"": \""King\"",\n          \""given\"": [\""Wes\""],\n          \""prefix\"": null\n        },\n        \""phone\"": null,\n        \""email\"": null,\n        \""address\"": {\n          \""line\"": null,\n          \""city\"": null,\n          \""state\"": null,\n          \""postalCode\"": null,\n          \""country\"": null\n        }\n      }\n    ],\n    \""immunization\"": [\n      {\n        \""traits\"": [\n          \""seasonal influenza vaccine\"",\n          \""injectable\"",\n          \""preservative free variant\""\n        ],\n        \""status\"": \""completed\"",\n        \""occurrenceDate\"": \""2022-07-24T00:00:00+00:00\""\n      }\n    ]\n  }\n}""]"
sola-jsonish-sections,"StructuredOutputAdapter(output_mode=JSONISH, prompt_layout=SECTIONS)",patient-notes-0013,validation_error,ValidationError,2.94164461598848,1,json_object,0,23,0.0,False,,address;age;allergy;birthDate;email;gender;immunization;maritalStatus;name.family;name.given[0];name.prefix;phone;practitioner[0].address.city;practitioner[0].address.country;practitioner[0].address.line;practitioner[0].address.postalCode;practitioner[0].address.state;practitioner[0].email;practitioner[0].name.family;practitioner[0].name.given[0];practitioner[0].name.prefix;practitioner[0].phone;primaryLanguage,,1657,0,12,0.0,0,"[""{\n  \""patient_record\"": {\n    \""name\"": {\n      \""family\"": \""Stiedemann\"",\n      \""given\"": [\""Angla\""],\n      \""prefix\"": \""\""\n    },\n    \""age\"": 36,\n    \""gender\"": \""female\"",\n    \""birthDate\"": \""1986-01-02T00:00:00\"",\n    \""address\"": {\n      \""line\"": \""555-575-5625\"",\n      \""city\"": \""\"",\n      \""state\"": \""\"",\n      \""postalCode\"": \""\"",\n      \""country\"": \""\""\n    },\n    \""phone\"": \""555-575-5625\"",\n    \""email\"": \""\"",\n    \""maritalStatus\"": \""Married\"",\n    \""primaryLanguage\"": \""English\"",\n    \""allergy\"": null,\n    \""practitioner\"": [\n      {\n        \""name\"": {\n          \""family\"": \""Funk\"",\n          \""given\"": [],\n          \""prefix\"": \""\""\n        },\n        \""phone\"": \""\"",\n        \""email\"": \""\"",\n        \""address\"": {\n          \""line\"": \""\"",\n          \""city\"": \""\"",\n          \""state\"": \""\"",\n          \""postalCode\"": \""\"",\n          \""country\"": \""\""\n        }\n      }\n    ],\n    \""immunization\"": [\n      {\n        \""traits\"": [\""diphtheria\"", \""pertussis\"", \""tetanus\""],\n        \""status\"": \""completed\""\n      },\n      {\n        \""traits\"": [\""Hepatitis B surface antigen measurement\""],\n        \""status\"": \""unknown\""\n      }\n    ]\n  }\n}""]"
sola-jsonish-sections,"StructuredOutputAdapter(output_mode=JSONISH, prompt_layout=SECTIONS)",patient-notes-0014,validation_error,ValidationError,2.881711140013067,1,json_object,0,22,0.0,False,,address.city;address.country;address.line;address.postalCode;address.state;age;allergy;birthDate;email;gender;immunization;maritalStatus;name.family;name.given[0];name.given[1];name.prefix;phone;practitioner[0].address;practitioner[0].email;practitioner[0].name;practitioner[0].phone;primaryLanguage,,1380,0,8,0.0,0,"[""{\n  \""patient_record\"": {\n    \""name\"": {\n      \""family\"": \""Chadwick\"",\n      \""given\"": [\""Myles\""],\n      \""prefix\"": \""\""\n    },\n    \""age\"": 30,\n    \""gender\"": \""male\"",\n    \""birthDate\"": \""1992-04-26T05:00:45+02:00\"",\n    \""address\"": {\n      \""line\"": \""300 Ebert Burg\"",\n      \""city\"": \""Boston\"",\n      \""state\"": \""MA\"",\n      \""postalCode\"": \""02116\"",\n      \""country\"": \""US\""\n    },\n    \""phone\"": \""\"",\n    \""email\"": \""\"",\n    \""maritalStatus\"": \""NeverMarried\"",\n    \""primaryLanguage\"": \""English\"",\n    \""allergy\"": {\n      \""substance\"": [\n        {\n          \""category\"": \""other\"",\n          \""name\"": \""\""\n        }\n      ]\n    },\n    \""practitioner\"": [\n      {\n        \""name\"": {\n          \""family\"": \""Carter\"",\n          \""given\"": [\""Fuller\""],\n          \""prefix\"": \""\""\n        },\n        \""phone\"": \""\"",\n        \""email\"": \""\"",\n        \""address\"": {\n          \""line\"": \""DR SOLOMON CARTER FULLER MENTAL HEALTH CENTER\"",\n          \""city\"": \""\"",\n          \""state\"": \""\"",\n          \""postalCode\"": \""\"",\n          \""country\"": \""\""\n        }\n      }\n    ],\n    \""immunization\"": []\n  }\n}""]"
sola-jsonish-sections,"StructuredOutputAdapter(output_mode=JSONISH, prompt_layout=SECTIONS)",patient-notes-0015,validation_error,ValidationError,3.013746729993727,1,json_object,0,17,0.0,False,,address;age;allergy;birthDate;email;gender;immunization[0].occurrenceDate;immunization[0].status;immunization[0].traits[0];maritalStatus;name.family;name.given[0];name.given[1];name.prefix;phone;practitioner;primaryLanguage,,1372,0,8,0.0,0,"[""{\n  \""patient_record\"": {\n    \""name\"": {\n      \""family\"": \""Wehner\"",\n      \""given\"": [\""Monty\"", \""Quinton\""],\n      \""prefix\"": \""\""\n    },\n    \""age\"": 35,\n    \""gender\"": \""male\"",\n    \""birthDate\"": \""1989-04-12T16:30:00+01:00\"",\n    \""address\"": {\n      \""line\"": \""123 Main Street\"",\n      \""city\"": \""New York\"",\n      \""state\"": \""NY\"",\n      \""postalCode\"": \""10001\"",\n      \""country\"": \""USA\""\n    },\n    \""phone\"": \""\"",\n    \""email\"": \""\"",\n    \""maritalStatus\"": \""Married\"",\n    \""primaryLanguage\"": \""English\"",\n    \""allergy\"": {\n      \""substance\"": [\n        {\n          \""category\"": \""other\"",\n          \""name\"": \""\""\n        }\n      ]\n    },\n    \""practitioner\"": [\n      {\n        \""name\"": {\n          \""family\"": \""\"",\n          \""given\"": [],\n          \""prefix\"": \""\""\n        },\n        \""phone\"": \""\"",\n        \""email\"": \""\"",\n        \""address\"": {\n          \""line\"": \""\"",\n          \""city\"": \""\"",\n          \""state\"": \""\"",\n          \""postalCode\"": \""\"",\n          \""country\"": \""\""\n        }\n      }\n    ],\n    \""immunization\"": [\n      {\n        \""traits\"": [\n          \""Seasonal influenza injectable\""\n        ],\n        \""status\"": \""completed\"",\n        \""occurrenceDate\"": \""2014-01-06T11:47:38+01:00\""\n      }\n    ]\n  }\n}""]"
sola-jsonish-sections,"StructuredOutputAdapter(output_mode=JSONISH, prompt_layout=SECTIONS)",patient-notes-0016,validation_error,ValidationError,2.733240833011223,1,json_object,0,20,0.0,False,,address;age;allergy;birthDate;email;gender;immunization;maritalStatus;name.family;name.given[0];name.given[1];name.prefix;phone;practitioner[0].address;practitioner[0].email;practitioner[0].name.family;practitioner[0].name.given[0];practitioner[0].name.prefix;practitioner[0].phone;primaryLanguage,,1325,0,9,0.0,0,"[""{\n  \""patient_record\"": {\n    \""name\"": {\n      \""family\"": \""Baumbach\"",\n      \""given\"": [\""Lianne\"", \""Rebecca\""],\n      \""prefix\"": \""\""\n    },\n    \""age\"": 19,\n    \""gender\"": \""female\"",\n    \""birthDate\"": \""2003-07-23T00:00:00+02:00\"",\n    \""address\"": {\n      \""line\"": \""555-768-8866\"",\n      \""city\"": \""Unknown\"",\n      \""state\"": \""Unknown\"",\n      \""postalCode\"": \""Unknown\"",\n      \""country\"": \""Unknown\""\n    },\n    \""phone\"": \""555-768-8866\"",\n    \""email\"": \""unknown@example.com\"",\n    \""maritalStatus\"": \""NeverMarried\"",\n    \""primaryLanguage\"": \""English\"",\n    \""allergy\"": null,\n    \""practitioner\"": [\n      {\n        \""name\"": {\n          \""family\"": \""Ryan\"",\n          \""given\"": [\""Sulema\""],\n          \""prefix\"": \""\""\n        },\n        \""phone\"": \""555-768-8866\"",\n        \""email\"": \""unknown@example.com\"",\n        \""address\"": {\n          \""line\"": \""Unknown\"",\n          \""city\"": \""Unknown\"",\n          \""state\"": \""Unknown\"",\n          \""postalCode\"": \""Unknown\"",\n          \""country\"": \""Unknown\""\n        }\n      }\n    ],\n    \""immunization\"": []\n  }\n}""]"
sola-jsonish-sections,"StructuredOutputAdapter(output_mode=JSONISH, prompt_layout=SECTIONS)",patient-notes-0017,validation_error,ValidationError,3.230775210977299,1,json_object,0,15,0.0,False,,address;age;allergy;birthDate;email;gender;immunization;maritalStatus;name.family;name.given[0];name.given[1];name.prefix;phone;practitioner;primaryLanguage,,1334,0,7,0.0,0,"[""{\n  \""patient_record\"": {\n    \""name\"": {\n      \""family\"": \""Cassi\"",\n      \""given\"": [\""Mohr\""],\n      \""prefix\"": null\n    },\n    \""age\"": 45,\n    \""gender\"": \""female\"",\n    \""birthDate\"": \""1978-03-15\"",\n    \""address\"": {\n      \""line\"": \""123 Main Street\"",\n      \""city\"": \""New York\"",\n      \""state\"": \""NY\"",\n      \""postalCode\"": \""10001\"",\n      \""country\"": \""USA\""\n    },\n    \""phone\"": null,\n    \""email\"": null,\n    \""maritalStatus\"": \""Married\"",\n    \""primaryLanguage\"": \""English\"",\n    \""allergy\"": {\n      \""substance\"": [\n        {\n          \""category\"": \""food\"",\n          \""name\"": null,\n          \""manifestation\"": null\n        }\n      ]\n    },\n    \""practitioner\"": [\n      {\n        \""name\"": {\n          \""family\"": \""Cassi\"",\n          \""given\"": [\""Mohr\""],\n          \""prefix\"": null\n        },\n        \""phone\"": null,\n        \""email\"": null,\n        \""address\"": {\n          \""line\"": \""456 Health Care Blvd\"",\n          \""city\"": \""New York\"",\n          \""state\"": \""NY\"",\n          \""postalCode\"": \""10002\"",\n          \""country\"": \""USA\""\n        }\n      }\n    ],\n    \""immunization\"": [\n      {\n        \""traits\"": [\""DPT-3 (Tetanus, Diphtheria, Pertussis)\"", \""Hepatitis B\""],\n        \""status\"": \""completed\"",\n        \""occurrenceDate\"": \""2015-06-15\""\n      }\n    ]\n  }\n}""]"
sola-jsonish-sections,"StructuredOutputAdapter(output_mode=JSONISH, prompt_layout=SECTIONS)",patient-notes-0018,validation_error,ValidationError,3.4769265399954747,1,json_object,0,15,0.0,False,,address;age;allergy;birthDate;email;gender;immunization;maritalStatus;name.family;name.given[0];name.given[1];name.prefix;phone;practitioner;primaryLanguage,,1475,0,4,0.0,0,"[""{\n  \""patient_record\"": {\n    \""name\"": {\n      \""family\"": \""Brady\"",\n      \""given\"": [\""Ziemann\""],\n      \""prefix\"": null\n    },\n    \""age\"": 45,\n    \""gender\"": \""male\"",\n    \""birthDate\"": \""1983-02-25T21:59:36+01:00\"",\n    \""address\"": {\n      \""line\"": \""123 Main Street\"",\n      \""city\"": \""London\"",\n      \""state\"": \""England\"",\n      \""postalCode\"": \""SW1A 1AA\"",\n      \""country\"": \""United Kingdom\""\n    },\n    \""phone\"": null,\n    \""email\"": null,\n    \""maritalStatus\"": \""Married\"",\n    \""primaryLanguage\"": \""English\"",\n    \""allergy\"": {\n      \""substance\"": [\n        {\n          \""category\"": \""medication\"",\n          \""name\"": \""Aspirin\""\n        }\n      ]\n    },\n    \""practitioner\"": [\n      {\n        \""name\"": {\n          \""family\"": \""Smith\"",\n          \""given\"": [\""Dr.\""],\n          \""prefix\"": null\n        },\n        \""phone\"": \""+44 20 7946 0958\"",\n        \""email\"": \""dr.smith@example.com\"",\n        \""address\"": {\n          \""line\"": \""123 Main Street\"",\n          \""city\"": \""London\"",\n          \""state\"": \""England\"",\n          \""postalCode\"": \""SW1A 1AA\"",\n          \""country\"": \""United Kingdom\""\n        }\n      }\n    ],\n    \""immunization\"": [\n      {\n        \""traits\"": [\""Influenza vaccine (Type B)\"", \""Tdap vaccine\""],\n        \""status\"": \""completed\"",\n        \""occurrenceDate\"": \""2018-02-25T21:59:36+01:00\""\n      }\n    ]\n  }\n}""]"
sola-jsonish-sections,"StructuredOutputAdapter(output_mode=JSONISH, prompt_layout=SECTIONS)",patient-notes-0019,validation_error,ValidationError,2.572620712016942,1,json_object,0,28,0.0,False,,address.city;address.country;address.line;address.postalCode;address.state;age;allergy;birthDate;email;gender;immunization;maritalStatus;name.family;name.given[0];name.given[1];name.prefix;phone;practitioner[0].address.city;practitioner[0].address.country;practitioner[0].address.line;practitioner[0].address.postalCode;practitioner[0].address.state;practitioner[0].email;practitioner[0].name.family;practitioner[0].name.given[0];practitioner[0].name.prefix;practitioner[0].phone;primaryLanguage,,1366,0,21,0.0,0,"[""{\n  \""patient_record\"": {\n    \""name\"": {\n      \""family\"": \""Treutel\"",\n      \""given\"": [\""Toshia Rene\""],\n      \""prefix\"": \""\""\n    },\n    \""age\"": 40,\n    \""gender\"": \""female\"",\n    \""birthDate\"": \""1984-06-04\"",\n    \""address\"": {\n      \""line\"": \""759 Price Station\"",\n      \""city\"": \""Worcester\"",\n      \""state\"": \""MA\"",\n      \""postalCode\"": \""01606\"",\n      \""country\"": \""United States\""\n    },\n    \""phone\"": \""\"",\n    \""email\"": \""\"",\n    \""maritalStatus\"": \""Divorced\"",\n    \""primaryLanguage\"": \""English\"",\n    \""allergy\"": null,\n    \""practitioner\"": [\n      {\n        \""name\"": {\n          \""family\"": \""Roberts\"",\n          \""given\"": [\""Otha\""],\n          \""prefix\"": \""\""\n        },\n        \""phone\"": \""\"",\n        \""email\"": \""Otha286.Roberts511@example.com\"",\n        \""address\"": {\n          \""line\"": \""189 May Street\"",\n          \""city\"": \""Worcester\"",\n          \""state\"": \""MA\"",\n          \""postalCode\"": \""016024339\"",\n          \""country\"": \""United States\""\n        }\n      }\n    ],\n    \""immunization\"": []\n  }\n}""]"
sola-jsonish-sections,"StructuredOutputAdapter(output_mode=JSONISH, prompt_layout=SECTIONS)",patient-notes-0020,ok,,2.5599838090129197,1,json_object,15,19,0.7895,False,name.prefix;age,practitioner;allergy,allergy.substance[0].category;allergy.substance[0].manifestation;allergy.substance[0].name;practitioner[0].address;practitioner[0].email;practitioner[0].name.family;practitioner[0].name.given;practitioner[0].name.prefix;practitioner[0].phone,1283,13,13,1.0,4,"[""{\n  \""patient_record\"": {\n    \""name\"": {\n      \""family\"": \""Durgan\"",\n      \""given\"": [\""Azucena\"", \""Lore\""],\n      \""prefix\"": \""\""\n    },\n    \""age\"": 20,\n    \""gender\"": \""female\"",\n    \""birthDate\"": \""2008-10-20T00:00:00\"",\n    \""address\"": {\n      \""line\"": \""599 Ledner Park\"",\n      \""city\"": \""Lowell\"",\n      \""state\"": \""MA\"",\n      \""postalCode\"": \""01850\"",\n      \""country\"": \""US\""\n    },\n    \""phone\"": \""555-374-5890\"",\n    \""email\"": null,\n    \""maritalStatus\"": \""NeverMarried\"",\n    \""primaryLanguage\"": \""English (United States)\"",\n    \""allergy\"": {\n      \""substance\"": [\n        {\n          \""category\"": \""other\"",\n          \""name\"": null,\n          \""manifestation\"": null\n        }\n      ]\n    },\n    \""practitioner\"": [\n      {\n        \""name\"": {\n          \""family\"": \""\"",\n          \""given\"": [],\n          \""prefix\"": \""\""\n        },\n        \""phone\"": null,\n        \""email\"": null,\n        \""address\"": null\n      }\n    ],\n    \""immunization\"": []\n  }\n}""]"
sola-jsonish-sections,"StructuredOutputAdapter(output_mode=JSONISH, prompt_layout=SECTIONS)",patient-notes-0021,validation_error,ValidationError,2.4721742900146637,1,json_object,0,19,0.0,False,,address.city;address.country;address.line;address.postalCode;address.state;age;allergy;birthDate;email;gender;immunization;maritalStatus;name.family;name.given[0];name.given[1];name.prefix;phone;practitioner;primaryLanguage,,1282,0,8,0.0,0,"[""{\n  \""patient_record\"": {\n    \""name\"": {\n      \""family\"": \""Chia\"",\n      \""given\"": [\""Beer\""],\n      \""prefix\"": \""\""\n    },\n    \""age\"": null,\n    \""gender\"": null,\n    \""birthDate\"": null,\n    \""address\"": {\n      \""line\"": \""113 Bayer Ranch Unit 33\"",\n      \""city\"": \""Randolph\"",\n      \""state\"": \""Massachusetts\"",\n      \""postalCode\"": \""02368\"",\n      \""country\"": \""United States\""\n    },\n    \""phone\"": null,\n    \""email\"": null,\n    \""maritalStatus\"": null,\n    \""primaryLanguage\"": null,\n    \""allergy\"": {\n      \""substance\"": [\n        {\n          \""category\"": \""environment\"",\n          \""name\"": null,\n          \""manifestation\"": null\n        }\n      ]\n    },\n    \""practitioner\"": [\n      {\n        \""name\"": {\n          \""family\"": \""\"",\n          \""given\"": [],\n          \""prefix\"": \""\""\n        },\n        \""phone\"": null,\n        \""email\"": null,\n        \""address\"": {\n          \""line\"": \""\"",\n          \""city\"": \""\"",\n          \""state\"": \""\"",\n          \""postalCode\"": \""\"",\n          \""country\"": \""\""\n        }\n      }\n    ],\n    \""immunization\"": []\n  }\n}""]"
sola-jsonish-sections,"StructuredOutputAdapter(output_mode=JSONISH, prompt_layout=SECTIONS)",patient-notes-0022,ok,,3.1000238769920543,1,json_object,10,22,0.4545,False,name.given[0];name.prefix;age;gender;maritalStatus;primaryLanguage;address.line,name.given[1];practitioner[0].name;practitioner[0].address;allergy;immunization,allergy.substance[0].category;allergy.substance[0].manifestation;allergy.substance[0].name;immunization[0].occurrenceDate;immunization[0].status;immunization[0].traits;practitioner[0].address.city;practitioner[0].address.country;practitioner[0].address.line;practitioner[0].address.postalCode;practitioner[0].address.state;practitioner[0].name.family;practitioner[0].name.given;practitioner[0].name.prefix,1477,6,10,0.6,8,"[""{\n  \""patient_record\"": {\n    \""name\"": {\n      \""family\"": \""Osinski\"",\n      \""given\"": [\""Miyoko Jolynn\""],\n      \""prefix\"": null\n    },\n    \""age\"": 14,\n    \""gender\"": \""female\"",\n    \""birthDate\"": \""1971-04-26T00:00:00\"",\n    \""address\"": {\n      \""line\"": \""425 Heaney Corner, Southbridge, Massachusetts - 01550\"",\n      \""city\"": \""Southbridge\"",\n      \""state\"": \""Massachusetts\"",\n      \""postalCode\"": \""01550\"",\n      \""country\"": \""US\""\n    },\n    \""phone\"": null,\n    \""email\"": null,\n    \""maritalStatus\"": \""NeverMarried\"",\n    \""primaryLanguage\"": \""English\"",\n    \""allergy\"": {\n      \""substance\"": [\n        {\n          \""category\"": \""other\"",\n          \""name\"": null,\n          \""manifestation\"": null\n        }\n      ]\n    },\n    \""practitioner\"": [\n      {\n        \""name\"": {\n          \""family\"": \""Family Health Center of Worcester, Inc.\"",\n          \""given\"": [],\n          \""prefix\"": null\n        },\n        \""phone\"": null,\n        \""email\"": null,\n        \""address\"": {\n          \""line\"": null,\n          \""city\"": null,\n          \""state\"": null,\n          \""postalCode\"": null,\n          \""country\"": null\n        }\n      }\n    ],\n    \""immunization\"": [\n      {\n        \""traits\"": [],\n        \""status\"": null,\n        \""occurrenceDate\"": null\n      }\n    ]\n  }\n}""]"
sola-jsonish-sections,"StructuredOutputAdapter(output_mode=JSONISH, prompt_layout=SECTIONS)",patient-notes-0023,validation_error,ValidationError,2.9307326060079504,1,json_object,0,24,0.0,False,,address;age;allergy;birthDate;email;gender;immunization;maritalStatus;name.family;name.given[0];name.given[1];name.prefix;phone;practitioner[0].address.city;practitioner[0].address.country;practitioner[0].address.line;practitioner[0].address.postalCode;practitioner[0].address.state;practitioner[0].email;practitioner[0].name.family;practitioner[0].name.given[0];practitioner[0].name.prefix;practitioner[0].phone;primaryLanguage,,1580,0,15,0.0,0,"[""{\n  \""patient_record\"": {\n    \""name\"": {\n      \""family\"": \""McCullough\"",\n      \""given\"": [\""Colton\"", \""Tracey\""],\n      \""prefix\"": null\n    },\n    \""age\"": 61,\n    \""gender\"": \""male\"",\n    \""birthDate\"": \""1967-12-05T00:00:00\"",\n    \""address\"": {\n      \""line\"": \""881 Main Street\"",\n      \""city\"": \""Fitchburg\"",\n      \""state\"": \""MA\"",\n      \""postalCode\"": \""01420\"",\n      \""country\"": \""United States of America\""\n    },\n    \""phone\"": null,\n    \""email\"": null,\n    \""maritalStatus\"": \""NeverMarried\"",\n    \""primaryLanguage\"": \""English (United States)\"",\n    \""allergy\"": {\n      \""substance\"": [\n        {\n          \""category\"": \""other\"",\n          \""name\"": null,\n          \""manifestation\"": null\n        }\n      ]\n    },\n    \""practitioner\"": [\n      {\n        \""name\"": {\n          \""family\"": \""Reilly\"",\n          \""given\"": [\""Ted\""],\n          \""prefix\"": null\n        },\n        \""phone\"": null,\n        \""email\"": null,\n        \""address\"": {\n          \""line\"": \""881 Main Street\"",\n          \""city\"": \""Fitchburg\"",\n          \""state\"": \""MA\"",\n          \""postalCode\"": \""01420\"",\n          \""country\"": \""United States of America\""\n        }\n      }\n    ],\n    \""immunization\"": []\n  }\n}""]"
sola-jsonish-sections,"StructuredOutputAdapter(output_mode=JSONISH, prompt_layout=SECTIONS)",patient-notes-0024,ok,,2.8410595969762653,1,json_object,18,28,0.6429,False,name.family;name.prefix;age;maritalStatus;practitioner[0].name.family;practitioner[0].name.prefix;practitioner[0].address.line,name.given[1];practitioner[0].name.given[0];allergy,allergy.substance[0].category;allergy.substance[0].manifestation;allergy.substance[0].name;practitioner[0].name.given,1454,10,17,0.5882,3,"[""{\n  \""patient_record\"": {\n    \""name\"": {\n      \""family\"": \""Clair\"",\n      \""given\"": [\""Rogelio\""],\n      \""prefix\"": \""\""\n    },\n    \""age\"": 39,\n    \""gender\"": \""male\"",\n    \""birthDate\"": \""1986-10-04T00:00:00+01:00\"",\n    \""address\"": {\n      \""line\"": \""993 Hansen Highlands Apt 33\"",\n      \""city\"": \""Chicopee\"",\n      \""state\"": \""Massachusetts\"",\n      \""postalCode\"": \""01022\"",\n      \""country\"": \""US\""\n    },\n    \""phone\"": \""555-895-7574\"",\n    \""email\"": null,\n    \""maritalStatus\"": \""NeverMarried\"",\n    \""primaryLanguage\"": \""English (United States)\"",\n    \""allergy\"": {\n      \""substance\"": [\n        {\n          \""category\"": \""other\"",\n          \""name\"": null,\n          \""manifestation\"": null\n        }\n      ]\n    },\n    \""practitioner\"": [\n      {\n        \""name\"": {\n          \""family\"": \""RIVER'S EDGE PRIMARY CARE LLC\"",\n          \""given\"": [],\n          \""prefix\"": \""\""\n        },\n        \""phone\"": null,\n        \""email\"": null,\n        \""address\"": {\n          \""line\"": null,\n          \""city\"": null,\n          \""state\"": null,\n          \""postalCode\"": null,\n          \""country\"": null\n        }\n      }\n    ],\n    \""immunization\"": []\n  }\n}""]"
sola-jsonish-sections,"StructuredOutputAdapter(output_mode=JSONISH, prompt_layout=SECTIONS)",patient-notes-0025,validation_error,ValidationError,2.5163543689996004,1,json_object,0,15,0.0,False,,address;age;allergy;birthDate;email;gender;immunization;maritalStatus;name.family;name.given[0];name.given[1];name.prefix;phone;practitioner;primaryLanguage,,1340,0,5,0.0,0,"[""{\n  \""patient_record\"": {\n    \""name\"": {\n      \""family\"": \""Trantow\"",\n      \""given\"": [\""Frankie\""],\n      \""prefix\"": \""\""\n    },\n    \""age\"": 60,\n    \""gender\"": \""male\"",\n    \""birthDate\"": \""1967-12-05T00:00:00+00:00\"",\n    \""address\"": {\n      \""line\"": \""123 Main Street\"",\n      \""city\"": \""London\"",\n      \""state\"": \""England\"",\n      \""postalCode\"": \""SW1A 1AA\"",\n      \""country\"": \""United Kingdom\""\n    },\n    \""phone\"": \""\"",\n    \""email\"": \""\"",\n    \""maritalStatus\"": \""Married\"",\n    \""primaryLanguage\"": \""English\"",\n    \""allergy\"": {\n      \""substance\"": [\n        {\n          \""category\"": \""food\"",\n          \""name\"": \""none\""\n        }\n      ]\n    },\n    \""practitioner\"": [\n      {\n        \""name\"": {\n          \""family\"": \""\"",\n          \""given\"": [],\n          \""prefix\"": \""\""\n        },\n        \""phone\"": \""\"",\n        \""email\"": \""\"",\n        \""address\"": {\n          \""line\"": \""\"",\n          \""city\"": \""\"",\n          \""state\"": \""\"",\n          \""postalCode\"": \""\"",\n          \""country\"": \""\""\n        }\n      }\n    ],\n    \""immunization\"": []\n  }\n}""]"
sola-jsonish-sections,"StructuredOutputAdapter(output_mode=JSONISH, prompt_layout=SECTIONS)",patient-notes-0026,ok,,2.8458027669985313,1,json_object,16,25,0.64,False,name.prefix;age;birthDate;phone;email;primaryLanguage;practitioner[0].phone;practitioner[0].address.city,practitioner[0].name,practitioner[0].name.family;practitioner[0].name.given[0];practitioner[0].name.prefix,1464,14,17,0.8235,6,"[""{\n  \""patient_record\"": {\n    \""name\"": {\n      \""family\"": \""Prosacco\"",\n      \""given\"": [\""Tanisha\""],\n      \""prefix\"": \""\""\n    },\n    \""age\"": 20,\n    \""gender\"": \""female\"",\n    \""birthDate\"": \""1981-04-12T00:00:00\"",\n    \""address\"": {\n      \""line\"": \""185 Heaney Gateway Unit 30\"",\n      \""city\"": \""Boston\"",\n      \""state\"": \""MA\"",\n      \""postalCode\"": \""02122\"",\n      \""country\"": \""US\""\n    },\n    \""phone\"": \""\"",\n    \""email\"": \""\"",\n    \""maritalStatus\"": \""NeverMarried\"",\n    \""primaryLanguage\"": \""\"",\n    \""allergy\"": {\n      \""substance\"": []\n    },\n    \""practitioner\"": [\n      {\n        \""name\"": {\n          \""family\"": \""Váldez\"",\n          \""given\"": [\""Samuel\""],\n          \""prefix\"": \""\""\n        },\n        \""phone\"": \""\"",\n        \""email\"": \""Samuel331.Valdés907@example.com\"",\n        \""address\"": {\n          \""line\"": \""8 SHIPWAY PL # C-8\"",\n          \""city\"": \""Charleston\"",\n          \""state\"": \""MA\"",\n          \""postalCode\"": \""021294301\"",\n          \""country\"": \""US\""\n        }\n      }\n    ],\n    \""immunization\"": []\n  }\n}""]"
sola-jsonish-sections,"StructuredOutputAdapter(output_mode=JSONISH, prompt_layout=SECTIONS)",patient-notes-0027,validation_error,ValidationError,4.427321627998026,1,json_object,0,32,0.0,False,,address.city;address.country;address.line;address.postalCode;address.state;age;allergy;birthDate;email;gender;immunization[0].occurrenceDate;immunization[0].status;immunization[0].traits[0];immunization[1].occurrenceDate;immunization[1].status;immunization[1].traits[0];maritalStatus;name.family;name.given[0];name.prefix;phone;practitioner[0].address.city;practitioner[0].address.country;practitioner[0].address.line;practitioner[0].address.postalCode;practitioner[0].address.state;practitioner[0].email;practitioner[0].name.family;practitioner[0].name.given[0];practitioner[0].name.prefix;practitioner[0].phone;primaryLanguage,,1635,0,21,0.0,0,"[""{\n  \""patient_record\"": {\n    \""name\"": {\n      \""family\"": \""Beatty\"",\n      \""given\"": [\""Reginald\""],\n      \""prefix\"": null\n    },\n    \""age\"": 30,\n    \""gender\"": \""male\"",\n    \""birthDate\"": \""1993-04-12T09:01:01+02:00\"",\n    \""address\"": {\n      \""line\"": \""561 Russel Trace\"",\n      \""city\"": \""Salem\"",\n      \""state\"": \""MA\"",\n      \""postalCode\"": null,\n      \""country\"": \""US\""\n    },\n    \""phone\"": \""555-748-9279\"",\n    \""email\"": null,\n    \""maritalStatus\"": \""NeverMarried\"",\n    \""primaryLanguage\"": \""English\"",\n    \""allergy\"": {\n      \""substance\"": [\n        {\n          \""category\"": \""other\"",\n          \""name\"": null,\n          \""manifestation\"": null\n        }\n      ]\n    },\n    \""practitioner\"": [\n      {\n        \""name\"": {\n          \""family\"": \""Reynolds\"",\n          \""given\"": [],\n          \""prefix\"": null\n        },\n        \""phone\"": null,\n        \""email\"": null,\n        \""address\"": {\n          \""line\"": null,\n          \""city\"": null,\n          \""state\"": null,\n          \""postalCode\"": null,\n          \""country\"": null\n        }\n      }\n    ],\n    \""immunization\"": [\n      {\n        \""traits\"": [\n          \""influenza vaccine\""\n        ],\n        \""status\"": \""not confirmed\"",\n        \""occurrenceDate\"": \""2023-04-12T09:01:01+02:00\""\n      },\n      {\n        \""traits\"": [\n          \""DTaP vaccine\""\n        ],\n        \""status\"": \""not confirmed\"",\n        \""occurrenceDate\"": \""2018-10-03T09:16:01+02:00\""\n      }\n    ]\n  }\n}""]"
sola-jsonish-sections,"StructuredOutputAdapter(output_mode=JSONISH, prompt_layout=SECTIONS)",patient-notes-0028,validation_error,ValidationError,3.603074436978204,1,json_object,0,24,0.0,False,,address;age;allergy;birthDate;email;gender;immunization;maritalStatus;name.family;name.given[0];name.given[1];name.prefix;phone;practitioner[0].address.city;practitioner[0].address.country;practitioner[0].address.line;practitioner[0].address.postalCode;practitioner[0].address.state;practitioner[0].email;practitioner[0].name.family;practitioner[0].name.given[0];practitioner[0].name.prefix;practitioner[0].phone;primaryLanguage,,1565,0,11,0.0,0,"[""{\n  \""patient_record\"": {\n    \""name\"": {\n      \""family\"": \""Haley\"",\n      \""given\"": [\""Hung\"", \""Armand\""],\n      \""prefix\"": \""Mr.\""\n    },\n    \""age\"": 35,\n    \""gender\"": \""male\"",\n    \""birthDate\"": \""1974-06-28T00:00:00+00:00\"",\n    \""address\"": {\n      \""line\"": \""123 Main Street\"",\n      \""city\"": \""Springfield\"",\n      \""state\"": \""IL\"",\n      \""postalCode\"": \""62704\"",\n      \""country\"": \""USA\""\n    },\n    \""phone\"": \""555-759-4749\"",\n    \""email\"": null,\n    \""maritalStatus\"": \""NeverMarried\"",\n    \""primaryLanguage\"": \""English\"",\n    \""allergy\"": {\n      \""substance\"": [\n        {\n          \""category\"": \""medication\"",\n          \""name\"": \""Aspirin\""\n        }\n      ]\n    },\n    \""practitioner\"": [\n      {\n        \""name\"": {\n          \""family\"": \""Kovacek\"",\n          \""given\"": [\""Waylon\""],\n          \""prefix\"": \""\""\n        },\n        \""phone\"": null,\n        \""email\"": null,\n        \""address\"": {\n          \""line\"": \""123 Main Street\"",\n          \""city\"": \""Springfield\"",\n          \""state\"": \""IL\"",\n          \""postalCode\"": \""62704\"",\n          \""country\"": \""USA\""\n        }\n      }\n    ],\n    \""immunization\"": [\n      {\n        \""traits\"": [\""Influenza Vaccine (Type 1)\"", \""Hepatitis B Vaccine\""],\n        \""status\"": \""completed\"",\n        \""occurrenceDate\"": \""2009-01-05T02:54:26+01:00\""\n      }\n    ]\n  }\n}""]"
sola-jsonish-sections,"StructuredOutputAdapter(output_mode=JSONISH, prompt_layout=SECTIONS)",patient-notes-0029,validation_error,ValidationError,2.8864189379964955,1,json_object,0,15,0.0,False,,address;age;allergy;birthDate;email;gender;immunization;maritalStatus;name.family;name.given[0];name.given[1];name.prefix;phone;practitioner;primaryLanguage,,1509,0,7,0.0,0,"[""{\n  \""patient_record\"": {\n    \""name\"": {\n      \""family\"": \""Steuber\"",\n      \""given\"": [\""Coleman\"", \""Emanuel\""],\n      \""prefix\"": \""\""\n    },\n    \""age\"": 50,\n    \""gender\"": \""male\"",\n    \""birthDate\"": \""1969-03-24\"",\n    \""address\"": {\n      \""line\"": \""123 Main Street\"",\n      \""city\"": \""New York\"",\n      \""state\"": \""NY\"",\n      \""postalCode\"": \""10001\"",\n      \""country\"": \""USA\""\n    },\n    \""phone\"": \""555-477-9205\"",\n    \""email\"": \""\"",\n    \""maritalStatus\"": \""NeverMarried\"",\n    \""primaryLanguage\"": \""English (United States)\"",\n    \""allergy\"": {\n      \""substance\"": [\n        {\n          \""category\"": \""other\"",\n          \""name\"": \""\""\n        }\n      ]\n    },\n    \""practitioner\"": [\n      {\n        \""name\"": {\n          \""family\"": \""\"",\n          \""given\"": [],\n          \""prefix\"": \""\""\n        },\n        \""phone\"": \""\"",\n        \""email\"": \""\"",\n        \""address\"": {\n          \""line\"": \""\"",\n          \""city\"": \""\"",\n          \""state\"": \""\"",\n          \""postalCode\"": \""\"",\n          \""country\"": \""\""\n        }\n      }\n    ],\n    \""immunization\"": [\n      {\n        \""traits\"": [],\n        \""status\"": \""unknown\"",\n        \""occurrenceDate\"": \""\""\n      }\n    ]\n  }\n}""]"
sola-yaml-sections,"StructuredOutputAdapter(output_mode=YAML, prompt_layout=SECTIONS)",patient-notes-0000,validation_error,ValidationError,2.714755280991085,1,none,0,19,0.0,False,,address.city;address.country;address.line;address.postalCode;address.state;age;allergy;birthDate;email;gender;immunization;maritalStatus;name.family;name.given[0];name.given[1];name.prefix;phone;practitioner;primaryLanguage,,1318,0,13,0.0,0,"[""{\n  \""patient_record\"": {\n    \""name\"": [\n      \""Rudolf\""\n    ],\n    \""given\"": [\n      \""Nolan\""\n    ],\n    \""prefix\"": null,\n    \""age\"": 58,\n    \""gender\"": \""male\"",\n    \""birthDate\"": \""1964-03-27\"",\n    \""address\"": {\n      \""line\"": \""983 Gutmann Burg\"",\n      \""city\"": \""Boston\"",\n      \""state\"": \""MA\"",\n      \""postalCode\"": \""02111\"",\n      \""country\"": \""US\""\n    },\n    \""phone\"": \""555-124-9334\"",\n    \""email\"": null,\n    \""maritalStatus\"": \""Married\"",\n    \""primaryLanguage\"": \""English (United States)\"",\n    \""allergy\"": {\n      \""substance\"": null,\n      \""- category\"": \""other\"",\n      \""name\"": null,\n      \""manifestation\"": null\n    },\n    \""practitioner\"": null,\n    \""immunization\"": [\n      {\n        \""traits\"": [\n          \""Diphtheria\""\n        ],\n        \""status\"": \""completed\"",\n        \""occurrenceDate\"": \""2019-06-15\""\n      },\n      {\n        \""traits\"": [\n          \""Hepatitis B\""\n        ],\n        \""status\"": \""unknown\"",\n        \""occurrenceDate\"": null\n      }\n    ]\n  }\n}""]"
sola-yaml-sections,"StructuredOutputAdapter(output_mode=YAML, prompt_layout=SECTIONS)",patient-notes-0001,validation_error,ValidationError,2.4618854869913775,1,none,0,19,0.0,False,,address.city;address.country;address.line;address.postalCode;address.state;age;allergy;birthDate;email;gender;immunization;maritalStatus;name.family;name.given[0];name.given[1];name.prefix;phone;practitioner;primaryLanguage,,1373,0,12,0.0,0,"[""{\n  \""patient_record\"": {\n    \""name\"": [\n      \""Hobert Armand Bashirian\""\n    ],\n    \""family\"": null,\n    \""given\"": [],\n    \""prefix\"": null,\n    \""age\"": 39,\n    \""gender\"": \""male\"",\n    \""birthDate\"": \""1988-11-12T00:38:00+01:00\"",\n    \""address\"": {\n      \""line\"": \""767 Windler Well\"",\n      \""city\"": \""Easthampton\"",\n      \""state\"": \""Massachusetts\"",\n      \""postalCode\"": \""01027\"",\n      \""country\"": \""US\""\n    },\n    \""phone\"": null,\n    \""email\"": null,\n    \""maritalStatus\"": \""Widowed\"",\n    \""primaryLanguage\"": \""English\"",\n    \""allergy\"": {\n      \""substance\"": null,\n      \""- category\"": \""other\"",\n      \""name\"": null,\n      \""manifestation\"": null\n    },\n    \""practitioner\"": null,\n    \""immunization\"": [\n      {\n        \""traits\"": [\n          \""Health questionnaire\""\n        ],\n        \""status\"": \""completed\"",\n        \""occurrenceDate\"": \""2023-02-11T02:48:00+01:00\""\n      }\n    ]\n  }\n}""]"
sola-yaml-sections,"StructuredOutputAdapter(output_mode=YAML, prompt_layout=SECTIONS)",patient-notes-0002,validation_error,ValidationError,2.273116587981349,1,none,0,21,0.0,False,,address.city;address.country;address.line;address.postalCode;address.state;age;allergy;birthDate;email;gender;immunization[0].occurrenceDate;immunization[0].status;immunization[0].traits[0];maritalStatus;name.family;name.given[0];name.given[1];name.prefix;phone;practitioner;primaryLanguage,,1292,0,14,0.0,0,"[""{\n  \""patient_record\"": {\n    \""name\"": [\n      \""Sonia María Bañuelos\""\n    ],\n    \""age\"": 30,\n    \""gender\"": \""female\"",\n    \""birthDate\"": \""1993-05-12T00:00:00+00:00\"",\n    \""address\"": {\n      \""line\"": \""130 Rempel Vale\"",\n      \""city\"": \""Boston\"",\n      \""state\"": \""Massachusetts\"",\n      \""postalCode\"": \""02111\"",\n      \""country\"": \""United States\""\n    },\n    \""primaryLanguage\"": \""Spanish\"",\n    \""allergy\"": [\n      {\n        \""substance\"": \""influenza vaccine\"",\n        \""category\"": \""medication\"",\n        \""name\"": null,\n        \""manifestation\"": null\n      }\n    ],\n    \""practitioner\"": null,\n    \""immunization\"": [\n      {\n        \""traits\"": [\n          \""injectable\"",\n          \""preservative-free\"",\n          \""seasonal influenza vaccine\""\n        ],\n        \""status\"": \""completed\"",\n        \""occurrenceDate\"": \""2013-12-24T16:59:45+00:00\""\n      }\n    ]\n  }\n}""]"
sola-yaml-sections,"StructuredOutputAdapter(output_mode=YAML, prompt_layout=SECTIONS)",patient-notes-0003,validation_error,ValidationError,2.61246070600464,1,none,0,19,0.0,False,,address.city;address.country;address.line;address.postalCode;address.state;age;allergy;birthDate;email;gender;immunization;maritalStatus;name.family;name.given[0];name.given[1];name.prefix;phone;practitioner;primaryLanguage,,1619,0,12,0.0,0,"[""{\n  \""patient_record\"": {\n    \""name\"": [\n      \""Asa\"",\n      \""Sherman\"",\n      \""Nolan\""\n    ],\n    \""family\"": \""Nolan\"",\n    \""given\"": [\""Asa\""],\n    \""prefix\"": \""\"",\n    \""age\"": 19,\n    \""gender\"": \""male\"",\n    \""birthDate\"": \""1945-05-06\"",\n    \""address\"": [\n      {\n        \""line\"": \""698 Kunde Spur\"",\n        \""city\"": \""Dedham\"",\n        \""state\"": \""Massachusetts\"",\n        \""postalCode\"": \""02026\"",\n        \""country\"": \""US\""\n      }\n    ],\n    \""phone\"": \""555-216-4130\"",\n    \""email\"": null,\n    \""maritalStatus\"": \""Single\"",\n    \""primaryLanguage\"": \""English (United States)\"",\n    \""allergy\"": [\n      {\n        \""substance\"": \""none\"",\n        \""category\"": \""other\"",\n        \""name\"": null,\n        \""manifestation\"": null\n      }\n    ],\n    \""practitioner\"": null,\n    \""immunization\"": [\n      {\n        \""traits\"": [\n          \""None\""\n        ],\n        \""status\"": \""completed\"",\n        \""occurrenceDate\"": null\n      }\n    ]\n  }\n}""]"
sola-yaml-sections,"StructuredOutputAdapter(output_mode=YAML, prompt_layout=SECTIONS)",patient-notes-0004,validation_error,ValidationError,2.3169770250096917,1,none,0,18,0.0,False,,address.city;address.country;address.line;address.postalCode;address.state;age;allergy;birthDate;email;gender;immunization;maritalStatus;name.family;name.given[0];name.prefix;phone;practitioner;primaryLanguage,,1450,0,12,0.0,0,"[""{\n  \""patient_record\"": {\n    \""name\"": [\n      \""Mrs. Shanon Wolff\"",\n      \""previously known as Mrs. Shanon Gerlach\""\n    ],\n    \""age\"": 40,\n    \""gender\"": \""female\"",\n    \""birthDate\"": \""1992-01-22T00:00:00\"",\n    \""address\"": [\n      {\n        \""line\"": \""237 Koelpin Lane\"",\n        \""city\"": \""Lynn\"",\n        \""state\"": \""Massachusetts\"",\n        \""postalCode\"": \""01902\"",\n        \""country\"": \""United States\""\n      }\n    ],\n    \""phone\"": \""555-908-5677\"",\n    \""email\"": null,\n    \""maritalStatus\"": \""NeverMarried\"",\n    \""primaryLanguage\"": \""English (United States)\"",\n    \""allergy\"": [\n      {\n        \""substance\"": \""Triglycerides\"",\n        \""category\"": \""medication\""\n      }\n    ],\n    \""practitioner\"": null,\n    \""immunization\"": []\n  }\n}""]"
sola-yaml-sections,"StructuredOutputAdapter(output_mode=YAML, prompt_layout=SECTIONS)",patient-notes-0005,validation_error,ValidationError,3.007356843998423,1,none,0,17,0.0,False,,address;age;allergy.substance[0].category;allergy.substance[0].manifestation;allergy.substance[0].name;birthDate;email;gender;immunization;maritalStatus;name.family;name.given[0];name.given[1];name.prefix;phone;practitioner;primaryLanguage,,1343,0,8,0.0,0,"[""{\n  \""patient_record\"": {\n    \""name\"": [\n      \""Vince Maria Bergnaum\""\n    ],\n    \""age\"": 51,\n    \""gender\"": \""male\"",\n    \""birthDate\"": \""1978-09-30T00:00:00\"",\n    \""address\"": {\n      \""line\"": \""123 Main Street\"",\n      \""city\"": \""New York\"",\n      \""state\"": \""NY\"",\n      \""postalCode\"": \""10001\"",\n      \""country\"": \""US\""\n    },\n    \""phone\"": \""+1-555-123-4567\"",\n    \""email\"": \""vince.bergnaum@example.com\"",\n    \""maritalStatus\"": \""Married\"",\n    \""primaryLanguage\"": \""English\"",\n    \""allergy\"": {\n      \""substance\"": \""pollen\"",\n      \""category\"": \""environment\"",\n      \""name\"": \""tree pollen\""\n    },\n    \""practitioner\"": null,\n    \""immunization\"": [\n      {\n        \""traits\"": [\n          \""Inactivated Polio Vaccine (IPV)\"",\n          \""Diphtheria-Tetanus-Pertussis (DTaP)\"",\n          \""Hepatitis B Vaccine\"",\n          \""Varicella-Zoster Virus (Chickenpox) Vaccine\""\n        ],\n        \""status\"": \""completed\"",\n        \""occurrenceDate\"": \""1985-06-15T00:00:00\""\n      }\n    ]\n  }\n}""]"
sola-yaml-sections,"StructuredOutputAdapter(output_mode=YAML, prompt_layout=SECTIONS)",patient-notes-0006,validation_error,ValidationError,2.8266151570132934,1,none,0,19,0.0,False,,address.city;address.country;address.line;address.postalCode;address.state;age;allergy;birthDate;email;gender;immunization;maritalStatus;name.family;name.given[0];name.given[1];name.prefix;phone;practitioner;primaryLanguage,,1321,0,9,0.0,0,"[""{\n  \""patient_record\"": {\n    \""name\"": [\n      \""Reynolds\"",\n      \""Sheldon Alfonso\""\n    ],\n    \""family\"": \""Alfonso\"",\n    \""given\"": [\""Reynolds\""],\n    \""prefix\"": null,\n    \""age\"": 65,\n    \""gender\"": \""male\"",\n    \""birthDate\"": \""1949-08-23T00:00:00+00:00\"",\n    \""address\"": {\n      \""line\"": \""541 Ortiz Rue\"",\n      \""city\"": \""West Wareham\"",\n      \""state\"": \""MA\"",\n      \""postalCode\"": \""02576\"",\n      \""country\"": \""US\""\n    },\n    \""phone\"": null,\n    \""email\"": null,\n    \""maritalStatus\"": \""NeverMarried\"",\n    \""primaryLanguage\"": null,\n    \""allergy\"": {\n      \""substance\"": null,\n      \""- category\"": \""other\"",\n      \""name\"": null,\n      \""manifestation\"": null\n    },\n    \""practitioner\"": {\n      \""name\"": null,\n      \""family\"": null,\n      \""given\"": [],\n      \""prefix\"": null,\n      \""phone\"": null,\n      \""email\"": null,\n      \""address\"": null\n    },\n    \""immunization\"": [\n      {\n        \""traits\"": [\n          \""None\""\n        ],\n        \""status\"": \""unknown\"",\n        \""occurrenceDate\"": null\n      }\n    ]\n  }\n}""]"
sola-yaml-sections,"StructuredOutputAdapter(output_mode=YAML, prompt_layout=SECTIONS)",patient-notes-0007,validation_error,ValidationError,4.479705777979689,1,none,0,24,0.0,False,,address.city;address.country;address.line;address.postalCode;address.state;age;allergy;birthDate;email;gender;immunization;maritalStatus;name.family;name.given[0];name.given[1];name.prefix;phone;practitioner[0].address;practitioner[0].email;practitioner[0].name.family;practitioner[0].name.given[0];practitioner[0].name.prefix;practitioner[0].phone;primaryLanguage,,1494,0,18,0.0,0,"[""{\n  \""patient_record\"": {\n    \""name\"": [\n      \""Gail\"",\n      \""Scarlet\""\n    ],\n    \""family\"": \""Hahn\"",\n    \""given\"": [],\n    \""prefix\"": \""\"",\n    \""age\"": 40,\n    \""gender\"": \""female\"",\n    \""birthDate\"": \""2004-10-13T00:00:00\"",\n    \""address\"": [\n      {\n        \""line\"": \""103 Murazik Flat Apt 19\"",\n        \""city\"": \""Cohasset\"",\n        \""state\"": \""Massachusetts\"",\n        \""postalCode\"": \""028654\"",\n        \""country\"": \""US\""\n      }\n    ],\n    \""phone\"": \""555-402-1978\"",\n    \""email\"": \""\"",\n    \""maritalStatus\"": \""NeverMarried\"",\n    \""primaryLanguage\"": \""English\"",\n    \""allergy\"": [\n      {\n        \""substance\"": \""none\"",\n        \""category\"": \""other\"",\n        \""name\"": null,\n        \""manifestation\"": null\n      }\n    ],\n    \""practitioner\"": {\n      \""name\"": \""Dr. Jon Keeling\"",\n      \""family\"": \""\"",\n      \""given\"": [],\n      \""prefix\"": \""\"",\n      \""phone\"": \""555-402-1978\"",\n      \""email\"": \""Jon665.Keeling57@example.com\"",\n      \""address\"": {\n        \""line\"": \""\"",\n        \""city\"": \""\"",\n        \""state\"": \""\"",\n        \""postalCode\"": \""\"",\n        \""country\"": \""US\""\n      }\n    },\n    \""immunization\"": [\n      {\n        \""traits\"": [],\n        \""status\"": null,\n        \""occurrenceDate\"": null\n      }\n    ]\n  }\n}""]"
sola-yaml-sections,"StructuredOutputAdapter(output_mode=YAML, prompt_layout=SECTIONS)",patient-notes-0008,validation_error,ValidationError,6.278390843974194,1,none,0,20,0.0,False,,address;age;allergy;birthDate;email;gender;immunization;maritalStatus;name.family;name.given[0];name.given[1];name.prefix;phone;practitioner[0].address;practitioner[0].email;practitioner[0].name.family;practitioner[0].name.given[0];practitioner[0].name.prefix;practitioner[0].phone;primaryLanguage,,1570,0,8,0.0,0,"[""{\n  \""patient_record\"": {\n    \""name\"": [\n      \""Vicente Francisco Ornelas\""\n    ],\n    \""age\"": 58,\n    \""gender\"": \""male\"",\n    \""birthDate\"": \""1962-03-15T00:00:00.000Z\"",\n    \""address\"": {\n      \""line\"": \""123 Main Street\"",\n      \""city\"": \""San Francisco\"",\n      \""state\"": \""CA\"",\n      \""postalCode\"": \""94102\"",\n      \""country\"": \""US\""\n    },\n    \""phone\"": \""+1-415-555-0123\"",\n    \""email\"": \""vicente.ornelas@example.com\"",\n    \""maritalStatus\"": \""Married\"",\n    \""primaryLanguage\"": \""English\"",\n    \""allergy\"": {\n      \""substance\"": \""none\"",\n      \""- category\"": \""other\"",\n      \""name\"": null,\n      \""manifestation\"": null\n    },\n    \""practitioner\"": [\n      {\n        \""name\"": [\n          \""Dr. Eldora Langosh\""\n        ],\n        \""family\"": null,\n        \""given\"": [],\n        \""prefix\"": null,\n        \""phone\"": \""+1-415-555-0987\"",\n        \""email\"": \""eldora89.langosh790@example.com\"",\n        \""address\"": {\n          \""line\"": \""456 Medical Lane\"",\n          \""city\"": \""San Francisco\"",\n          \""state\"": \""CA\"",\n          \""postalCode\"": \""94102\"",\n          \""country\"": \""US\""\n        }\n      }\n    ],\n    \""immunization\"": [\n      {\n        \""traits\"": [\n          \""DPT-3\"",\n          \""Hepatitis B Vaccine\"",\n          \""MMR\"",\n          \""Varicella Zoster Virus (Shingles) Vaccine\""\n        ],\n        \""status\"": \""completed\"",\n        \""occurrenceDate\"": \""2015-06-15T00:00:00.000Z\""\n      }\n    ]\n  }\n}""]"
sola-yaml-sections,"StructuredOutputAdapter(output_mode=YAML, prompt_layout=SECTIONS)",patient-notes-0009,validation_error,ValidationError,3.5677113989950158,1,none,0,24,0.0,False,,address.city;address.country;address.line;address.postalCode;address.state;age;allergy;birthDate;email;gender;immunization;maritalStatus;name.family;name.given[0];name.given[1];name.prefix;phone;practitioner[0].address;practitioner[0].email;practitioner[0].name.family;practitioner[0].name.given[0];practitioner[0].name.prefix;practitioner[0].phone;primaryLanguage,,1386,0,13,0.0,0,"[""{\n  \""patient_record\"": {\n    \""name\"": [\n      \""Leuschke\"",\n      \""Helen\""\n    ],\n    \""family\"": \""Man Nikolaus\"",\n    \""given\"": [],\n    \""prefix\"": \""\"",\n    \""age\"": 48,\n    \""gender\"": \""female\"",\n    \""birthDate\"": \""1977-05-14\"",\n    \""address\"": {\n      \""line\"": \""1073 Gutmann Forge\"",\n      \""city\"": \""Worcester\"",\n      \""state\"": \""Massachusetts\"",\n      \""postalCode\"": \""01602\"",\n      \""country\"": \""US\""\n    },\n    \""phone\"": \""\"",\n    \""email\"": \""\"",\n    \""maritalStatus\"": \""NeverMarried\"",\n    \""primaryLanguage\"": \""\"",\n    \""allergy\"": [\n      {\n        \""substance\"": \""none\"",\n        \""category\"": \""other\"",\n        \""name\"": null,\n        \""manifestation\"": null\n      }\n    ],\n    \""practitioner\"": {\n      \""name\"": \""Dr. Nathanael Rogahn\"",\n      \""family\"": \""\"",\n      \""given\"": [],\n      \""prefix\"": \""\"",\n      \""phone\"": \""\"",\n      \""email\"": \""\"",\n      \""address\"": {\n        \""line\"": \""\"",\n        \""city\"": \""\"",\n        \""state\"": \""\"",\n        \""postalCode\"": \""\"",\n        \""country\"": \""US\""\n      }\n    },\n    \""immunization\"": [\n      {\n        \""traits\"": [],\n        \""status\"": \""completed\"",\n        \""occurrenceDate\"": null\n      }\n    ]\n  }\n}""]"
sola-yaml-sections,"StructuredOutputAdapter(output_mode=YAML, prompt_layout=SECTIONS)",patient-notes-0010,validation_error,ValidationError,3.296858665999025,1,none,0,15,0.0,False,,address;age;allergy;birthDate;email;gender;immunization;maritalStatus;name.family;name.given[0];name.given[1];name.prefix;phone;practitioner;primaryLanguage,,1408,0,7,0.0,0,"[""{\n  \""patient_record\"": {\n    \""name\"": [\n      \""Adolph\"",\n      \""Freman\"",\n      \""Morissette\""\n    ],\n    \""age\"": 100,\n    \""gender\"": \""male\"",\n    \""birthDate\"": \""1919-06-01T10:10:00+00:00\"",\n    \""address\"": {\n      \""line\"": \""555-122-9838\"",\n      \""city\"": \""New York\"",\n      \""state\"": \""NY\"",\n      \""postalCode\"": \""10001\"",\n      \""country\"": \""US\""\n    },\n    \""phone\"": \""555-122-9838\"",\n    \""email\"": null,\n    \""maritalStatus\"": \""Married\"",\n    \""primaryLanguage\"": null,\n    \""allergy\"": [\n      {\n        \""substance\"": \""medication\"",\n        \""category\"": \""other\""\n      }\n    ],\n    \""practitioner\"": null,\n    \""immunization\"": [\n      {\n        \""traits\"": [\n          \""Heart condition: Myocardial infarction (heart attack)\""\n        ],\n        \""status\"": \""completed\"",\n        \""occurrenceDate\"": \""1919-06-01T10:10:00+00:00\""\n      }\n    ]\n  }\n}""]"
sola-yaml-sections,"StructuredOutputAdapter(output_mode=YAML, prompt_layout=SECTIONS)",patient-notes-0011,validation_error,ValidationError,2.638289293012349,1,none,0,14,0.0,False,,address;age;allergy;birthDate;email;gender;immunization;maritalStatus;name.family;name.given[0];name.prefix;phone;practitioner;primaryLanguage,,1200,0,6,0.0,0,"[""{\n  \""patient_record\"": {\n    \""name\"": [\n      \""Nohemi Ziemann\""\n    ],\n    \""family\"": \""Ziemann\"",\n    \""given\"": [\""Nohemi\""],\n    \""prefix\"": null,\n    \""age\"": 40,\n    \""gender\"": \""female\"",\n    \""birthDate\"": \""1984-02-13T00:00:00\"",\n    \""address\"": {\n      \""line\"": \""555-741-9833\"",\n      \""city\"": \""Unknown\"",\n      \""state\"": \""Unknown\"",\n      \""postalCode\"": \""Unknown\"",\n      \""country\"": \""US\""\n    },\n    \""phone\"": \""555-741-9833\"",\n    \""email\"": null,\n    \""maritalStatus\"": \""Married\"",\n    \""primaryLanguage\"": null,\n    \""allergy\"": {\n      \""substance\"": null,\n      \""- category\"": \""environment\"",\n      \""- name\"": null,\n      \""- manifestation\"": null\n    },\n    \""practitioner\"": null,\n    \""immunization\"": [\n      {\n        \""traits\"": [],\n        \""status\"": \""completed\""\n      }\n    ]\n  }\n}""]"
sola-yaml-sections,"StructuredOutputAdapter(output_mode=YAML, prompt_layout=SECTIONS)",patient-notes-0012,validation_error,ValidationError,3.197915759985335,1,none,0,26,0.0,False,,address.city;address.country;address.line;address.postalCode;address.state;age;allergy;birthDate;email;gender;immunization[0].occurrenceDate;immunization[0].status;immunization[0].traits[0];maritalStatus;name.family;name.given[0];name.given[1];name.prefix;phone;practitioner[0].address;practitioner[0].email;practitioner[0].name.family;practitioner[0].name.given[0];practitioner[0].name.prefix;practitioner[0].phone;primaryLanguage,,1445,0,16,0.0,0,"[""{\n  \""patient_record\"": {\n    \""name\"": [\n      \""Vito Horacio Hansen\""\n    ],\n    \""family\"": \""Hansen\"",\n    \""given\"": [\""Vito\"", \""Horacio\""],\n    \""prefix\"": \""\"",\n    \""age\"": 65,\n    \""gender\"": \""male\"",\n    \""birthDate\"": \""1957-07-24T00:00:00\"",\n    \""address\"": {\n      \""line\"": \""191 Cruickshank Street Unit 54\"",\n      \""city\"": \""Taunton\"",\n      \""state\"": \""MA\"",\n      \""postalCode\"": \""02780\"",\n      \""country\"": \""US\""\n    },\n    \""phone\"": \""\"",\n    \""email\"": \""\"",\n    \""maritalStatus\"": \""NeverMarried\"",\n    \""primaryLanguage\"": \""English\"",\n    \""allergy\"": {\n      \""substance\"": null,\n      \""- category\"": \""other\"",\n      \""name\"": null,\n      \""manifestation\"": null\n    },\n    \""practitioner\"": [\n      {\n        \""name\"": \""Dr. Wes King\"",\n        \""family\"": \""\"",\n        \""given\"": [],\n        \""prefix\"": \""\"",\n        \""phone\"": \""\"",\n        \""email\"": \""\"",\n        \""address\"": {\n          \""line\"": \""\"",\n          \""city\"": \""\"",\n          \""state\"": \""\"",\n          \""postalCode\"": \""\"",\n          \""country\"": \""\""\n        }\n      }\n    ],\n    \""immunization\"": [\n      {\n        \""traits\"": [\n          \""seasonal influenza vaccine\"",\n          \""injectable\"",\n          \""preservative free variant\""\n        ],\n        \""status\"": \""completed\"",\n        \""occurrenceDate\"": \""2022-07-24T00:00:00\""\n      }\n    ]\n  }\n}""]"
sola-yaml-sections,"StructuredOutputAdapter(output_mode=YAML, prompt_layout=SECTIONS)",patient-notes-0013,validation_error,ValidationError,2.843485118006356,1,none,0,23,0.0,False,,address;age;allergy;birthDate;email;gender;immunization;maritalStatus;name.family;name.given[0];name.prefix;phone;practitioner[0].address.city;practitioner[0].address.country;practitioner[0].address.line;practitioner[0].address.postalCode;practitioner[0].address.state;practitioner[0].email;practitioner[0].name.family;practitioner[0].name.given[0];practitioner[0].name.prefix;practitioner[0].phone;primaryLanguage,,1649,0,12,0.0,0,"[""{\n  \""patient_record\"": {\n    \""name\"": [\n      \""Angla Stiedemann\""\n    ],\n    \""family\"": \""Stiedemann\"",\n    \""given\"": [],\n    \""prefix\"": \""\"",\n    \""age\"": 36,\n    \""gender\"": \""female\"",\n    \""birthDate\"": \""1986-01-02T00:00:00\"",\n    \""address\"": {\n      \""line\"": \""555-575-5625\"",\n      \""city\"": \""\"",\n      \""state\"": \""\"",\n      \""postalCode\"": \""\"",\n      \""country\"": \""\""\n    },\n    \""phone\"": \""555-575-5625\"",\n    \""email\"": \""\"",\n    \""maritalStatus\"": \""Married\"",\n    \""primaryLanguage\"": \""English\"",\n    \""allergy\"": {\n      \""substance\"": \""\"",\n      \""- category\"": \""other\"",\n      \""name\"": \""\"",\n      \""manifestation\"": \""\""\n    },\n    \""practitioner\"": [\n      {\n        \""name\"": \""Dr. Houston Funk\"",\n        \""family\"": \""\"",\n        \""given\"": [],\n        \""prefix\"": \""\"",\n        \""phone\"": \""\"",\n        \""email\"": \""\"",\n        \""address\"": {\n          \""line\"": \""\"",\n          \""city\"": \""\"",\n          \""state\"": \""\"",\n          \""postalCode\"": \""\"",\n          \""country\"": \""\""\n        }\n      }\n    ],\n    \""immunization\"": [\n      {\n        \""traits\"": [],\n        \""status\"": \""\"",\n        \""occurrenceDate\"": \""\""\n      }\n    ]\n  }\n}""]"
sola-yaml-sections,"StructuredOutputAdapter(output_mode=YAML, prompt_layout=SECTIONS)",patient-notes-0014,validation_error,ValidationError,3.2088733520067763,1,none,0,22,0.0,False,,address.city;address.country;address.line;address.postalCode;address.state;age;allergy;birthDate;email;gender;immunization;maritalStatus;name.family;name.given[0];name.given[1];name.prefix;phone;practitioner[0].address;practitioner[0].email;practitioner[0].name;practitioner[0].phone;primaryLanguage,,1440,0,8,0.0,0,"[""{\n  \""patient_record\"": {\n    \""name\"": [\n      \""Myles Chadwick Crona\""\n    ],\n    \""family\"": \""Chadwick\"",\n    \""given\"": [\""Crona\""],\n    \""prefix\"": null,\n    \""age\"": 45,\n    \""gender\"": \""male\"",\n    \""birthDate\"": \""1978-04-26T05:00:45+02:00\"",\n    \""address\"": {\n      \""line\"": \""300 Ebert Burg\"",\n      \""city\"": \""Boston\"",\n      \""state\"": \""MA\"",\n      \""postalCode\"": \""02116\"",\n      \""country\"": \""US\""\n    },\n    \""phone\"": null,\n    \""email\"": null,\n    \""maritalStatus\"": \""NeverMarried\"",\n    \""primaryLanguage\"": null,\n    \""allergy\"": {\n      \""substance\"": null,\n      \""- category\"": \""other\"",\n      \""name\"": null,\n      \""manifestation\"": null\n    },\n    \""practitioner\"": {\n      \""name\"": [\n        \""Dr. Solomon Carter Fuller\""\n      ],\n      \""family\"": null,\n      \""given\"": [],\n      \""prefix\"": null,\n      \""phone\"": null,\n      \""email\"": null,\n      \""address\"": {\n        \""line\"": \""1000 DR SOLOMON CARTER FULLER MENTAL HEALTH CENTER\"",\n        \""city\"": \""Boston\"",\n        \""state\"": \""MA\"",\n        \""postalCode\"": \""02116\"",\n        \""country\"": \""US\""\n      }\n    },\n    \""immunization\"": [\n      {\n        \""traits\"": [\n          \""None\""\n        ],\n        \""status\"": null,\n        \""occurrenceDate\"": null\n      }\n    ]\n  }\n}""]"
sola-yaml-sections,"StructuredOutputAdapter(output_mode=YAML, prompt_layout=SECTIONS)",patient-notes-0015,validation_error,ValidationError,2.7856872630072758,1,none,0,17,0.0,False,,address;age;allergy;birthDate;email;gender;immunization[0].occurrenceDate;immunization[0].status;immunization[0].traits[0];maritalStatus;name.family;name.given[0];name.given[1];name.prefix;phone;practitioner;primaryLanguage,,1300,0,8,0.0,0,"[""{\n  \""patient_record\"": {\n    \""name\"": [\n      \""Monty\"",\n      \""Quinton\"",\n      \""Wehner\""\n    ],\n    \""age\"": 65,\n    \""gender\"": \""male\"",\n    \""birthDate\"": \""1948-03-12T12:00:00+01:00\"",\n    \""address\"": {\n      \""line\"": \""123 Main Street\"",\n      \""city\"": \""New York\"",\n      \""state\"": \""NY\"",\n      \""postalCode\"": \""10001\"",\n      \""country\"": \""US\""\n    },\n    \""phone\"": \""+1-555-123-4567\"",\n    \""email\"": \""monty.wehner@example.com\"",\n    \""maritalStatus\"": \""Married\"",\n    \""primaryLanguage\"": \""English\"",\n    \""allergy\"": [\n      {\n        \""substance\"": \""influenza vaccine\"",\n        \""category\"": \""medication\"",\n        \""name\"": \""Seasonal influenza injectable\""\n      }\n    ],\n    \""practitioner\"": null,\n    \""immunization\"": [\n      {\n        \""traits\"": [\n          \""Influenza vaccine administered\""\n        ],\n        \""status\"": \""completed\"",\n        \""occurrenceDate\"": \""2014-01-06T11:47:38+01:00\""\n      }\n    ]\n  }\n}""]"
sola-yaml-sections,"StructuredOutputAdapter(output_mode=YAML, prompt_layout=SECTIONS)",patient-notes-0016,validation_error,ValidationError,3.601033726998139,1,none,0,20,0.0,False,,address;age;allergy;birthDate;email;gender;immunization;maritalStatus;name.family;name.given[0];name.given[1];name.prefix;phone;practitioner[0].address;practitioner[0].email;practitioner[0].name.family;practitioner[0].name.given[0];practitioner[0].name.prefix;practitioner[0].phone;primaryLanguage,,1372,0,9,0.0,0,"[""```json\n{\n  \""patient_record\"": {\n    \""name\"": [\n      \""Lianne Rebecca Baumbach\""\n    ],\n    \""age\"": 19,\n    \""gender\"": \""female\"",\n    \""birthDate\"": \""2003-07-23T00:00:00+02:00\"",\n    \""address\"": {\n      \""line\"": \""555-768-8866\"",\n      \""city\"": \""Unknown\"",\n      \""state\"": \""Unknown\"",\n      \""postalCode\"": \""Unknown\"",\n      \""country\"": \""US\""\n    },\n    \""phone\"": \""555-768-8866\"",\n    \""email\"": \""unknown@example.com\"",\n    \""maritalStatus\"": \""NeverMarried\"",\n    \""primaryLanguage\"": \""English\"",\n    \""allergy\"": null,\n    \""practitioner\"": {\n      \""name\"": \""Dr. Sulema Ryan\"",\n      \""family\"": \""Ryan\"",\n      \""given\"": [],\n      \""prefix\"": \""\"",\n      \""phone\"": \""555-768-8866\"",\n      \""email\"": \""unknown@example.com\"",\n      \""address\"": {\n        \""line\"": \""Unknown\"",\n        \""city\"": \""Unknown\"",\n        \""state\"": \""Unknown\"",\n        \""postalCode\"": \""Unknown\"",\n        \""country\"": \""US\""\n      }\n    },\n    \""immunization\"": [\n      {\n        \""traits\"": [\n          \""Routine check-up on October 12, 2022 starting at 21:06:46 and ending at 21:24:59 (timezone +02:00)\""\n        ],\n        \""status\"": \""completed\""\n      }\n    ]\n  }\n}\n```""]"
sola-yaml-sections,"StructuredOutputAdapter(output_mode=YAML, prompt_layout=SECTIONS)",patient-notes-0017,validation_error,ValidationError,2.0391071059857495,1,none,0,15,0.0,False,,address;age;allergy;birthDate;email;gender;immunization;maritalStatus;name.family;name.given[0];name.given[1];name.prefix;phone;practitioner;primaryLanguage,,1164,0,7,0.0,0,"[""{\n  \""patient_record\"": {\n    \""name\"": [\n      \""Cassi\"",\n      \""Bailey\""\n    ],\n    \""family\"": \""Mohr\"",\n    \""given\"": [],\n    \""prefix\"": \""\"",\n    \""age\"": 45,\n    \""gender\"": \""female\"",\n    \""birthDate\"": \""1978-03-15T00:00:00.000Z\"",\n    \""address\"": {\n      \""line\"": \""123 Main Street\"",\n      \""city\"": \""New York\"",\n      \""state\"": \""NY\"",\n      \""postalCode\"": \""10001\"",\n      \""country\"": \""US\""\n    },\n    \""phone\"": \""\"",\n    \""email\"": \""\"",\n    \""maritalStatus\"": \""Married\"",\n    \""primaryLanguage\"": \""English\"",\n    \""allergy\"": [\n      {\n        \""substance\"": \""none\"",\n        \""category\"": \""other\"",\n        \""name\"": null,\n        \""manifestation\"": null\n      }\n    ],\n    \""practitioner\"": \""\"",\n    \""immunization\"": []\n  }\n}""]"
sola-yaml-sections,"StructuredOutputAdapter(output_mode=YAML, prompt_layout=SECTIONS)",patient-notes-0018,validation_error,ValidationError,3.005542152997805,1,none,0,15,0.0,False,,address;age;allergy;birthDate;email;gender;immunization;maritalStatus;name.family;name.given[0];name.given[1];name.prefix;phone;practitioner;primaryLanguage,,1417,0,4,0.0,0,"[""```json\n{\n  \""patient_record\"": {\n    \""name\"": [\n      \""Marlon\"",\n      \""Brady\"",\n      \""Ziemann\""\n    ],\n    \""family\"": null,\n    \""given\"": [],\n    \""prefix\"": null,\n    \""age\"": 45,\n    \""gender\"": \""male\"",\n    \""birthDate\"": \""1983-02-25T21:59:36+01:00\"",\n    \""address\"": {\n      \""line\"": \""123 Main Street\"",\n      \""city\"": \""London\"",\n      \""state\"": \""England\"",\n      \""postalCode\"": \""SW1A 1AA\"",\n      \""country\"": \""US\""\n    },\n    \""phone\"": null,\n    \""email\"": null,\n    \""maritalStatus\"": \""Married\"",\n    \""primaryLanguage\"": \""English\"",\n    \""allergy\"": {\n      \""substance\"": null,\n      \""- category\"": \""environment\"",\n      \""- name\"": null,\n      \""- manifestation\"": null\n    },\n    \""practitioner\"": [\n      {\n        \""name\"": null,\n        \""family\"": null,\n        \""given\"": [],\n        \""prefix\"": null,\n        \""phone\"": null,\n        \""email\"": null,\n        \""address\"": null\n      }\n    ],\n    \""immunization\"": [\n      {\n        \""traits\"": [\n          \""Patient Health Questionnaire 2 item (PHQ-2) total score\"",\n          \""Survey status: Finalized\""\n        ],\n        \""status\"": \""completed\"",\n        \""occurrenceDate\"": \""2018-02-25T21:59:36+01:00\""\n      }\n    ]\n  }\n}\n```""]"
sola-yaml-sections,"StructuredOutputAdapter(output_mode=YAML, prompt_layout=SECTIONS)",patient-notes-0019,validation_error,ValidationError,3.5333801049855538,1,none,0,28,0.0,False,,address.city;address.country;address.line;address.postalCode;address.state;age;allergy;birthDate;email;gender;immunization;maritalStatus;name.family;name.given[0];name.given[1];name.prefix;phone;practitioner[0].address.city;practitioner[0].address.country;practitioner[0].address.line;practitioner[0].address.postalCode;practitioner[0].address.state;practitioner[0].email;practitioner[0].name.family;practitioner[0].name.given[0];practitioner[0].name.prefix;practitioner[0].phone;primaryLanguage,,1487,0,21,0.0,0,"[""{\n  \""patient_record\"": {\n    \""name\"": [\n      \""Toshia Rene Treutel\""\n    ],\n    \""family\"": \""Treutel\"",\n    \""given\"": [\""Toshia Rene\""],\n    \""prefix\"": \""Mrs.\"",\n    \""age\"": 40,\n    \""gender\"": \""female\"",\n    \""birthDate\"": \""1984-06-04\"",\n    \""address\"": [\n      {\n        \""line\"": \""759 Price Station\"",\n        \""city\"": \""Worcester\"",\n        \""state\"": \""MA\"",\n        \""postalCode\"": \""01606\"",\n        \""country\"": \""US\""\n      }\n    ],\n    \""phone\"": null,\n    \""email\"": null,\n    \""maritalStatus\"": \""Divorced\"",\n    \""primaryLanguage\"": \""English (United States)\"",\n    \""allergy\"": [\n      {\n        \""substance\"": \""none\"",\n        \""category\"": \""other\"",\n        \""name\"": null,\n        \""manifestation\"": null\n      }\n    ],\n    \""practitioner\"": [\n      {\n        \""name\"": \""Dr. Otha Roberts\"",\n        \""family\"": \""Roberts\"",\n        \""given\"": [\""Otha\""],\n        \""prefix\"": \""Dr.\"",\n        \""phone\"": \""189 May Street, Worcester, MA 016024339\"",\n        \""email\"": \""Otha286.Roberts511@example.com\"",\n        \""address\"": [\n          {\n            \""line\"": \""189 May Street\"",\n            \""city\"": \""Worcester\"",\n            \""state\"": \""MA\"",\n            \""postalCode\"": \""016024339\"",\n            \""country\"": \""US\""\n          }\n        ]\n      }\n    ],\n    \""immunization\"": [\n      {\n        \""traits\"": [\n          \""none\""\n        ],\n        \""status\"": null,\n        \""occurrenceDate\"": null\n      }\n    ]\n  }\n}""]"
sola-yaml-sections,"StructuredOutputAdapter(output_mode=YAML, prompt_layout=SECTIONS)",patient-notes-0020,validation_error,ValidationError,2.415214060980361,1,none,0,19,0.0,False,,address.city;address.country;address.line;address.postalCode;address.state;age;allergy;birthDate;email;gender;immunization;maritalStatus;name.family;name.given[0];name.given[1];name.prefix;phone;practitioner;primaryLanguage,,1268,0,13,0.0,0,"[""```json\n{\n  \""patient_record\"": {\n    \""name\"": [\n      \""Azucena Lore Durgan\""\n    ],\n    \""family\"": null,\n    \""given\"": [\""Lore\"", \""Durgan\""],\n    \""prefix\"": null,\n    \""age\"": 21,\n    \""gender\"": \""female\"",\n    \""birthDate\"": \""2008-10-20T00:00:00\"",\n    \""address\"": [\n      {\n        \""line\"": \""599 Ledner Park\"",\n        \""city\"": \""Lowell\"",\n        \""state\"": \""MA\"",\n        \""postalCode\"": \""01850\"",\n        \""country\"": \""US\""\n      }\n    ],\n    \""phone\"": \""555-374-5890\"",\n    \""email\"": null,\n    \""maritalStatus\"": \""NeverMarried\"",\n    \""primaryLanguage\"": \""English (United States)\"",\n    \""allergy\"": [\n      {\n        \""substance\"": null,\n        \""category\"": \""other\"",\n        \""name\"": null,\n        \""manifestation\"": null\n      }\n    ],\n    \""practitioner\"": null,\n    \""immunization\"": [\n      {\n        \""traits\"": [],\n        \""status\"": null,\n        \""occurrenceDate\"": null\n      }\n    ]\n  }\n}\n```""]"
sola-yaml-sections,"StructuredOutputAdapter(output_mode=YAML, prompt_layout=SECTIONS)",patient-notes-0021,validation_error,ValidationError,2.1828920179978013,1,none,0,19,0.0,False,,address.city;address.country;address.line;address.postalCode;address.state;age;allergy;birthDate;email;gender;immunization;maritalStatus;name.family;name.given[0];name.given[1];name.prefix;phone;practitioner;primaryLanguage,,1260,0,8,0.0,0,"[""{\n  \""patient_record\"": {\n    \""name\"": [\n      \""Alina Chia Beer\""\n    ],\n    \""family\"": \""Chia\"",\n    \""given\"": [\""Beer\""],\n    \""prefix\"": \""\"",\n    \""age\"": 25,\n    \""gender\"": \""female\"",\n    \""birthDate\"": \""1996-03-15T00:00:00.000Z\"",\n    \""address\"": {\n      \""line\"": \""113 Bayer Ranch Unit 33\"",\n      \""city\"": \""Randolph\"",\n      \""state\"": \""Massachusetts\"",\n      \""postalCode\"": \""02368\"",\n      \""country\"": \""US\""\n    },\n    \""phone\"": \""\"",\n    \""email\"": \""\"",\n    \""maritalStatus\"": \""NeverMarried\"",\n    \""primaryLanguage\"": \""English\"",\n    \""allergy\"": {\n      \""substance\"": null,\n      \""- category\"": \""other\"",\n      \""name\"": null,\n      \""manifestation\"": null\n    },\n    \""practitioner\"": \""\"",\n    \""immunization\"": [\n      {\n        \""traits\"": [\n          \""Head Occipital-frontal circumference Percentile\""\n        ],\n        \""status\"": \""uncertain\"",\n        \""occurrenceDate\"": \""\""\n      }\n    ]\n  }\n}""]"
sola-yaml-sections,"StructuredOutputAdapter(output_mode=YAML, prompt_layout=SECTIONS)",patient-notes-0022,validation_error,ValidationError,4.043543782987399,1,none,0,22,0.0,False,,address.city;address.country;address.line;address.postalCode;address.state;age;allergy;birthDate;email;gender;immunization;maritalStatus;name.family;name.given[0];name.given[1];name.prefix;phone;practitioner[0].address;practitioner[0].email;practitioner[0].name;practitioner[0].phone;primaryLanguage,,1535,0,10,0.0,0,"[""{\n  \""patient_record\"": {\n    \""name\"": [\n      \""Miyoko Jolynn Abshire\""\n    ],\n    \""family\"": \""Osinski\"",\n    \""given\"": [\""Miyoko\""],\n    \""prefix\"": \""Jolynn\"",\n    \""age\"": 19,\n    \""gender\"": \""female\"",\n    \""birthDate\"": \""1971-04-26T00:00:00\"",\n    \""address\"": {\n      \""line\"": \""425 Heaney Corner\"",\n      \""city\"": \""Southbridge\"",\n      \""state\"": \""Massachusetts\"",\n      \""postalCode\"": \""01550\"",\n      \""country\"": \""US\""\n    },\n    \""phone\"": null,\n    \""email\"": null,\n    \""maritalStatus\"": \""NeverMarried\"",\n    \""primaryLanguage\"": null,\n    \""allergy\"": [\n      {\n        \""substance\"": \""medication\"",\n        \""category\"": \""other\""\n      }\n    ],\n    \""practitioner\"": [\n      {\n        \""name\"": \""Family Health Center of Worcester, Inc.\"",\n        \""phone\"": null,\n        \""email\"": null,\n        \""address\"": {\n          \""line\"": null,\n          \""city\"": null,\n          \""state\"": null,\n          \""postalCode\"": null,\n          \""country\"": null\n        }\n      }\n    ],\n    \""immunization\"": [\n      {\n        \""traits\"": [\n          \""Wellness check\""\n        ],\n        \""status\"": \""completed\"",\n        \""occurrenceDate\"": \""1984-05-21T11:56:01+02:00\""\n      },\n      {\n        \""traits\"": [\n          \""Wellness check\""\n        ],\n        \""status\"": \""completed\"",\n        \""occurrenceDate\"": \""1985-05-27T11:56:01+02:00\""\n      }\n    ]\n  }\n}""]"
sola-yaml-sections,"StructuredOutputAdapter(output_mode=YAML, prompt_layout=SECTIONS)",patient-notes-0023,validation_error,ValidationError,5.129334944009315,1,none,0,24,0.0,False,,address;age;allergy;birthDate;email;gender;immunization;maritalStatus;name.family;name.given[0];name.given[1];name.prefix;phone;practitioner[0].address.city;practitioner[0].address.country;practitioner[0].address.line;practitioner[0].address.postalCode;practitioner[0].address.state;practitioner[0].email;practitioner[0].name.family;practitioner[0].name.given[0];practitioner[0].name.prefix;practitioner[0].phone;primaryLanguage,,1619,0,15,0.0,0,"[""{\n  \""patient_record\"": {\n    \""name\"": [\n      \""Colton Tracey McCullough\""\n    ],\n    \""family\"": \""McCullough\"",\n    \""given\"": [\""Colton\"", \""Tracey\""],\n    \""prefix\"": \""\"",\n    \""age\"": 61,\n    \""gender\"": \""male\"",\n    \""birthDate\"": \""1967-12-05T00:00:00\"",\n    \""address\"": [\n      {\n        \""line\"": \""881 Main Street\"",\n        \""city\"": \""Fitchburg\"",\n        \""state\"": \""MA\"",\n        \""postalCode\"": \""01420\"",\n        \""country\"": \""United States\""\n      }\n    ],\n    \""phone\"": \""\"",\n    \""email\"": \""\"",\n    \""maritalStatus\"": \""NeverMarried\"",\n    \""primaryLanguage\"": \""English (United States)\"",\n    \""allergy\"": [\n      {\n        \""substance\"": \""medication\"",\n        \""category\"": \""other\"",\n        \""name\"": \""\""\n      }\n    ],\n    \""practitioner\"": [\n      {\n        \""name\"": \""Dr. Ted Reilly\"",\n        \""family\"": \""\"",\n        \""given\"": [],\n        \""prefix\"": \""\"",\n        \""phone\"": \""\"",\n        \""email\"": \""\"",\n        \""address\"": [\n          {\n            \""line\"": \""881 Main Street\"",\n            \""city\"": \""Fitchburg\"",\n            \""state\"": \""MA\"",\n            \""postalCode\"": \""01420\"",\n            \""country\"": \""United States\""\n          }\n        ]\n      }\n    ],\n    \""immunization\"": [\n      {\n        \""traits\"": [\n          \""None specified in text\""\n        ],\n        \""status\"": \""unknown\"",\n        \""occurrenceDate\"": \""\""\n      }\n    ]\n  }\n}""]"
sola-yaml-sections,"StructuredOutputAdapter(output_mode=YAML, prompt_layout=SECTIONS)",patient-notes-0024,validation_error,ValidationError,5.055059174017515,1,none,0,28,0.0,False,,address.city;address.country;address.line;address.postalCode;address.state;age;allergy;birthDate;email;gender;immunization;maritalStatus;name.family;name.given[0];name.given[1];name.prefix;phone;practitioner[0].address.city;practitioner[0].address.country;practitioner[0].address.line;practitioner[0].address.postalCode;practitioner[0].address.state;practitioner[0].email;practitioner[0].name.family;practitioner[0].name.given[0];practitioner[0].name.prefix;practitioner[0].phone;primaryLanguage,,1541,0,17,0.0,0,"[""{\n  \""patient_record\"": {\n    \""name\"": [\n      \""Rogelio Clair Windler\""\n    ],\n    \""family\"": null,\n    \""given\"": [\n      \""Rogelio\"",\n      \""Clair\"",\n      \""Windler\""\n    ],\n    \""prefix\"": null,\n    \""age\"": 39,\n    \""gender\"": \""male\"",\n    \""birthDate\"": \""1986-10-04T00:00:00\"",\n    \""address\"": [\n      {\n        \""line\"": \""993 Hansen Highlands Apt 33\"",\n        \""city\"": \""Chicopee\"",\n        \""state\"": \""Massachusetts\"",\n        \""postalCode\"": \""01022\"",\n        \""country\"": \""US\""\n      }\n    ],\n    \""phone\"": \""555-895-7574\"",\n    \""email\"": null,\n    \""maritalStatus\"": \""NeverMarried\"",\n    \""primaryLanguage\"": \""English (United States)\"",\n    \""allergy\"": [\n      {\n        \""substance\"": \""none\"",\n        \""category\"": \""other\"",\n        \""name\"": null,\n        \""manifestation\"": null\n      }\n    ],\n    \""practitioner\"": [\n      {\n        \""name\"": [\n          \""Dr. Arla Fritsch\""\n        ],\n        \""family\"": null,\n        \""given\"": [],\n        \""prefix\"": null,\n        \""phone\"": \""555-895-7574\"",\n        \""email\"": null,\n        \""address\"": {\n          \""line\"": \""123 Main St\"",\n          \""city\"": \""Boston\"",\n          \""state\"": \""MA\"",\n          \""postalCode\"": \""02101\"",\n          \""country\"": \""US\""\n        }\n      }\n    ],\n    \""immunization\"": [\n      {\n        \""traits\"": [\n          \""None\""\n        ],\n        \""status\"": null,\n        \""occurrenceDate\"": null\n      }\n    ]\n  }\n}""]"
sola-yaml-sections,"StructuredOutputAdapter(output_mode=YAML, prompt_layout=SECTIONS)",patient-notes-0025,validation_error,ValidationError,4.725896199000999,1,none,0,15,0.0,False,,address;age;allergy;birthDate;email;gender;immunization;maritalStatus;name.family;name.given[0];name.given[1];name.prefix;phone;practitioner;primaryLanguage,,1492,0,5,0.0,0,"[""{\n  \""patient_record\"": {\n    \""name\"": [\n      \""Frankie Graham Trantow\""\n    ],\n    \""age\"": 60,\n    \""gender\"": \""male\"",\n    \""birthDate\"": \""1967-12-05T00:00:00+00:00\"",\n    \""address\"": [\n      {\n        \""line\"": \""123 Main Street\"",\n        \""city\"": \""New York\"",\n        \""state\"": \""NY\"",\n        \""postalCode\"": \""10001\"",\n        \""country\"": \""US\""\n      }\n    ],\n    \""phone\"": \""+1-555-123-4567\"",\n    \""email\"": \""frankie.trantow@example.com\"",\n    \""maritalStatus\"": \""Married\"",\n    \""primaryLanguage\"": \""English\"",\n    \""allergy\"": [\n      {\n        \""substance\"": \""certain medications\"",\n        \""category\"": \""medication\"",\n        \""name\"": null,\n        \""manifestation\"": null\n      }\n    ],\n    \""practitioner\"": [\n      {\n        \""name\"": \""Dr. John Smith\"",\n        \""family\"": \""Smith\"",\n        \""given\"": [],\n        \""prefix\"": \""\"",\n        \""phone\"": \""+1-555-987-6543\"",\n        \""email\"": \""john.smith@clinic.com\"",\n        \""address\"": {\n          \""line\"": \""456 Medical Ave\"",\n          \""city\"": \""Boston\"",\n          \""state\"": \""MA\"",\n          \""postalCode\"": \""02101\"",\n          \""country\"": \""US\""\n        }\n      }\n    ],\n    \""immunization\"": [\n      {\n        \""traits\"": [\n          \""DPT-3\"",\n          \""Hepatitis B Vaccine\"",\n          \""MMR\"",\n          \""Varicella Zoster Immunization\""\n        ],\n        \""status\"": \""completed\"",\n        \""occurrenceDate\"": \""2014-06-15T08:00:00+00:00\""\n      }\n    ]\n  }\n}""]"
sola-yaml-sections,"StructuredOutputAdapter(output_mode=YAML, prompt_layout=SECTIONS)",patient-notes-0026,validation_error,ValidationError,4.12940654400154,1,none,0,25,0.0,False,,address.city;address.country;address.line;address.postalCode;address.state;age;allergy;birthDate;email;gender;immunization;maritalStatus;name.family;name.given[0];name.prefix;phone;practitioner[0].address.city;practitioner[0].address.country;practitioner[0].address.line;practitioner[0].address.postalCode;practitioner[0].address.state;practitioner[0].email;practitioner[0].name;practitioner[0].phone;primaryLanguage,,1500,0,17,0.0,0,"[""{\n  \""patient_record\"": {\n    \""name\"": [\n      \""Tanisha\""\n    ],\n    \""given\"": [\n      \""Prosacco\""\n    ],\n    \""prefix\"": null,\n    \""age\"": 35,\n    \""gender\"": \""female\"",\n    \""birthDate\"": \""1966-04-12T00:00:00\"",\n    \""address\"": {\n      \""line\"": \""185 Heaney Gateway Unit 30\"",\n      \""city\"": \""Boston\"",\n      \""state\"": \""MA\"",\n      \""postalCode\"": \""02122\"",\n      \""country\"": \""US\""\n    },\n    \""phone\"": null,\n    \""email\"": null,\n    \""maritalStatus\"": \""NeverMarried\"",\n    \""primaryLanguage\"": null,\n    \""allergy\"": {\n      \""substance\"": null,\n      \""- category\"": \""other\"",\n      \""name\"": null,\n      \""manifestation\"": null\n    },\n    \""practitioner\"": {\n      \""name\"": [\n        \""Samuel331.Valdés907\""\n      ],\n      \""family\"": null,\n      \""given\"": [],\n      \""prefix\"": null,\n      \""phone\"": null,\n      \""email\"": \""Samuel331.Valdés907@example.com\"",\n      \""address\"": {\n        \""line\"": \""8 SHIPWAY PL # C-8\"",\n        \""city\"": \""CHARLESTOWN\"",\n        \""state\"": \""MA\"",\n        \""postalCode\"": \""021294301\"",\n        \""country\"": \""US\""\n      }\n    },\n    \""immunization\"": null,\n    \""traits\"": []\n  }\n}""]"
sola-yaml-sections,"StructuredOutputAdapter(output_mode=YAML, prompt_layout=SECTIONS)",patient-notes-0027,validation_error,ValidationError,4.1725661430100445,1,none,0,32,0.0,False,,address.city;address.country;address.line;address.postalCode;address.state;age;allergy;birthDate;email;gender;immunization[0].occurrenceDate;immunization[0].status;immunization[0].traits[0];immunization[1].occurrenceDate;immunization[1].status;immunization[1].traits[0];maritalStatus;name.family;name.given[0];name.prefix;phone;practitioner[0].address.city;practitioner[0].address.country;practitioner[0].address.line;practitioner[0].address.postalCode;practitioner[0].address.state;practitioner[0].email;practitioner[0].name.family;practitioner[0].name.given[0];practitioner[0].name.prefix;practitioner[0].phone;primaryLanguage,,1657,0,21,0.0,0,"[""{\n  \""patient_record\"": {\n    \""name\"": [\n      \""Beatty\"",\n      \""Reginald\""\n    ],\n    \""family\"": \""Beatty\"",\n    \""given\"": [\""Reginald\""],\n    \""prefix\"": null,\n    \""age\"": 30,\n    \""gender\"": \""male\"",\n    \""birthDate\"": \""1993-04-12T09:01:01+02:00\"",\n    \""address\"": {\n      \""line\"": \""561 Russel Trace\"",\n      \""city\"": \""Salem\"",\n      \""state\"": \""MA\"",\n      \""postalCode\"": null,\n      \""country\"": \""US\""\n    },\n    \""phone\"": \""555-748-9279\"",\n    \""email\"": null,\n    \""maritalStatus\"": \""NeverMarried\"",\n    \""primaryLanguage\"": \""English\"",\n    \""allergy\"": {\n      \""substance\"": null,\n      \""- category\"": \""other\"",\n      \""name\"": null,\n      \""manifestation\"": null\n    },\n    \""practitioner\"": [\n      {\n        \""name\"": [\n          \""Reynolds\"",\n          \""Dr.\""\n        ],\n        \""family\"": null,\n        \""given\"": [],\n        \""prefix\"": null,\n        \""phone\"": null,\n        \""email\"": null,\n        \""address\"": {\n          \""line\"": null,\n          \""city\"": null,\n          \""state\"": null,\n          \""postalCode\"": null,\n          \""country\"": null\n        }\n      }\n    ],\n    \""immunization\"": [\n      {\n        \""traits\"": [\n          {\n            \""status\"": \""unconfirmed\"",\n            \""occurrenceDate\"": \""2023-04-12T09:01:01+02:00\""\n          }\n        ],\n        \""status\"": \""unconfirmed\""\n      },\n      {\n        \""traits\"": [\n          {\n            \""status\"": \""unconfirmed\"",\n            \""occurrenceDate\"": \""2018-10-03T09:16:01+02:00\""\n          }\n        ],\n        \""status\"": \""unconfirmed\""\n      }\n    ]\n  }\n}""]"
sola-yaml-sections,"StructuredOutputAdapter(output_mode=YAML, prompt_layout=SECTIONS)",patient-notes-0028,validation_error,ValidationError,3.451075924007455,1,none,0,24,0.0,False,,address;age;allergy;birthDate;email;gender;immunization;maritalStatus;name.family;name.given[0];name.given[1];name.prefix;phone;practitioner[0].address.city;practitioner[0].address.country;practitioner[0].address.line;practitioner[0].address.postalCode;practitioner[0].address.state;practitioner[0].email;practitioner[0].name.family;practitioner[0].name.given[0];practitioner[0].name.prefix;practitioner[0].phone;primaryLanguage,,1545,0,11,0.0,0,"[""{\n  \""patient_record\"": {\n    \""name\"": [\n      \""Hung Armand Haley\""\n    ],\n    \""age\"": 58,\n    \""gender\"": \""male\"",\n    \""birthDate\"": \""1951-03-24T00:00:00+00:00\"",\n    \""address\"": {\n      \""line\"": \""123 Main Street\"",\n      \""city\"": \""Springfield\"",\n      \""state\"": \""IL\"",\n      \""postalCode\"": \""62704\"",\n      \""country\"": \""US\""\n    },\n    \""phone\"": \""555-759-4749\"",\n    \""email\"": \""\"",\n    \""maritalStatus\"": \""NeverMarried\"",\n    \""primaryLanguage\"": \""English\"",\n    \""allergy\"": [\n      {\n        \""substance\"": \""none\"",\n        \""category\"": \""other\"",\n        \""name\"": null,\n        \""manifestation\"": null\n      }\n    ],\n    \""practitioner\"": [\n      {\n        \""name\"": [\n          \""Dr. Waylon Kovacek\""\n        ],\n        \""family\"": null,\n        \""given\"": [],\n        \""prefix\"": null,\n        \""phone\"": \""555-0123-4567\"",\n        \""email\"": \""\"",\n        \""address\"": {\n          \""line\"": \""456 Medical Plaza\"",\n          \""city\"": \""Springfield\"",\n          \""state\"": \""IL\"",\n          \""postalCode\"": \""62704\"",\n          \""country\"": \""US\""\n        }\n      }\n    ],\n    \""immunization\"": [\n      {\n        \""traits\"": [\n          \""None\""\n        ],\n        \""status\"": \""completed\"",\n        \""occurrenceDate\"": \""2009-01-05T02:54:26+01:00\""\n      }\n    ]\n  }\n}""]"
sola-yaml-sections,"StructuredOutputAdapter(output_mode=YAML, prompt_layout=SECTIONS)",patient-notes-0029,validation_error,ValidationError,2.4853379740088712,1,none,0,15,0.0,False,,address;age;allergy;birthDate;email;gender;immunization;maritalStatus;name.family;name.given[0];name.given[1];name.prefix;phone;practitioner;primaryLanguage,,1452,0,7,0.0,0,"[""{\n  \""patient_record\"": {\n    \""name\"": [\n      \""Coleman Emanuel Steuber\""\n    ],\n    \""age\"": 50,\n    \""gender\"": \""male\"",\n    \""birthDate\"": \""1969-03-24T00:00:00+00:00\"",\n    \""address\"": {\n      \""line\"": \""123 Main Street\"",\n      \""city\"": \""New York\"",\n      \""state\"": \""NY\"",\n      \""postalCode\"": \""10001\"",\n      \""country\"": \""US\""\n    },\n    \""phone\"": \""555-477-9205\"",\n    \""email\"": null,\n    \""maritalStatus\"": \""NeverMarried\"",\n    \""primaryLanguage\"": \""English (United States)\"",\n    \""allergy\"": [\n      {\n        \""substance\"": \""none\"",\n        \""category\"": \""other\"",\n        \""name\"": null,\n        \""manifestation\"": null\n      }\n    ],\n    \""practitioner\"": null,\n    \""immunization\"": [\n      {\n        \""traits\"": [\n          \""None\""\n        ],\n        \""status\"": \""completed\"",\n        \""occurrenceDate\"": \""2019-06-23T20:49:09+00:00\""\n      }\n    ]\n  }\n}""]"
sola-jsonish-rescue,"StructuredOutputAdapter(output_mode=JSONISH, prompt_layout=SECTIONS, parse_config=ParseConfig())",patient-notes-0000,ok,,2.741681023995625,1,json_object,12,19,0.6316,False,name.family;name.prefix;age;birthDate,name.given[1];practitioner;allergy,allergy.substance[0].category;allergy.substance[0].manifestation;allergy.substance[0].name;practitioner[0].address.city;practitioner[0].address.country;practitioner[0].address.line;practitioner[0].address.postalCode;practitioner[0].address.state;practitioner[0].email;practitioner[0].name.family;practitioner[0].name.given;practitioner[0].name.prefix;practitioner[0].phone,1331,10,13,0.7692,4,"[""{\n  \""patient_record\"": {\n    \""name\"": {\n      \""family\"": \""Nolan\"",\n      \""given\"": [\""Rudolf\""],\n      \""prefix\"": \""\""\n    },\n    \""age\"": 50,\n    \""gender\"": \""male\"",\n    \""birthDate\"": \""1970-03-15\"",\n    \""address\"": {\n      \""line\"": \""983 Gutmann Burg\"",\n      \""city\"": \""Boston\"",\n      \""state\"": \""MA\"",\n      \""postalCode\"": \""02111\"",\n      \""country\"": \""US\""\n    },\n    \""phone\"": \""555-124-9334\"",\n    \""email\"": null,\n    \""maritalStatus\"": \""Married\"",\n    \""primaryLanguage\"": \""English (United States)\"",\n    \""allergy\"": {\n      \""substance\"": [\n        {\n          \""category\"": \""other\"",\n          \""name\"": null,\n          \""manifestation\"": null\n        }\n      ]\n    },\n    \""practitioner\"": [\n      {\n        \""name\"": {\n          \""family\"": \""\"",\n          \""given\"": [],\n          \""prefix\"": \""\""\n        },\n        \""phone\"": null,\n        \""email\"": null,\n        \""address\"": {\n          \""line\"": null,\n          \""city\"": null,\n          \""state\"": null,\n          \""postalCode\"": null,\n          \""country\"": null\n        }\n      }\n    ],\n    \""immunization\"": []\n  }\n}""]"
sola-jsonish-rescue,"StructuredOutputAdapter(output_mode=JSONISH, prompt_layout=SECTIONS, parse_config=ParseConfig())",patient-notes-0001,validation_error,ValidationError,2.613484648987651,1,json_object,0,19,0.0,False,,address.city;address.country;address.line;address.postalCode;address.state;age;allergy;birthDate;email;gender;immunization;maritalStatus;name.family;name.given[0];name.given[1];name.prefix;phone;practitioner;primaryLanguage,,1406,0,12,0.0,0,"[""{\n  \""patient_record\"": {\n    \""name\"": {\n      \""family\"": \""Bashirian\"",\n      \""given\"": [\""Hobert\""],\n      \""prefix\"": null\n    },\n    \""age\"": 35,\n    \""gender\"": \""male\"",\n    \""birthDate\"": \""1988-11-12T00:00:00+01:00\"",\n    \""address\"": {\n      \""line\"": \""767 Windler Well\"",\n      \""city\"": \""Easthampton\"",\n      \""state\"": \""Massachusetts\"",\n      \""postalCode\"": \""01027\"",\n      \""country\"": \""U.S.\""\n    },\n    \""phone\"": null,\n    \""email\"": null,\n    \""maritalStatus\"": \""Widowed\"",\n    \""primaryLanguage\"": \""English\"",\n    \""allergy\"": {\n      \""substance\"": [\n        {\n          \""category\"": \""other\"",\n          \""name\"": null,\n          \""manifestation\"": null\n        }\n      ]\n    },\n    \""practitioner\"": [\n      {\n        \""name\"": {\n          \""family\"": null,\n          \""given\"": null,\n          \""prefix\"": null\n        },\n        \""phone\"": null,\n        \""email\"": null,\n        \""address\"": null\n      }\n    ],\n    \""immunization\"": [\n      {\n        \""traits\"": [],\n        \""status\"": null,\n        \""occurrenceDate\"": null\n      }\n    ]\n  }\n}""]"
sola-jsonish-rescue,"StructuredOutputAdapter(output_mode=JSONISH, prompt_layout=SECTIONS, parse_config=ParseConfig())",patient-notes-0002,validation_error,ValidationError,2.260170423978707,1,json_object,0,21,0.0,False,,address.city;address.country;address.line;address.postalCode;address.state;age;allergy;birthDate;email;gender;immunization[0].occurrenceDate;immunization[0].status;immunization[0].traits[0];maritalStatus;name.family;name.given[0];name.given[1];name.prefix;phone;practitioner;primaryLanguage,,1293,0,14,0.0,0,"[""{\n  \""patient_record\"": {\n    \""name\"": {\n      \""family\"": \""Bañuelos\"",\n      \""given\"": [\""Sonia María\""],\n      \""prefix\"": \""\""\n    },\n    \""age\"": 30,\n    \""gender\"": \""female\"",\n    \""birthDate\"": \""1993-05-24T16:59:45Z\"",\n    \""address\"": {\n      \""line\"": \""130 Rempel Vale\"",\n      \""city\"": \""Boston\"",\n      \""state\"": \""MA\"",\n      \""postalCode\"": \""02111\"",\n      \""country\"": \""United States\""\n    },\n    \""phone\"": \""\"",\n    \""email\"": \""\"",\n    \""maritalStatus\"": \""NeverMarried\"",\n    \""primaryLanguage\"": \""Spanish\"",\n    \""allergy\"": {\n      \""substance\"": [\n        {\n          \""category\"": \""other\"",\n          \""name\"": \""\""\n        }\n      ]\n    },\n    \""practitioner\"": [],\n    \""immunization\"": [\n      {\n        \""traits\"": \""\"",\n        \""status\"": \""completed\"",\n        \""occurrenceDate\"": \""2013-12-24T16:59:45Z\""\n      }\n    ]\n  }\n}""]"
sola-jsonish-rescue,"StructuredOutputAdapter(output_mode=JSONISH, prompt_layout=SECTIONS, parse_config=ParseConfig())",patient-notes-0003,validation_error,ValidationError,2.0539291620079894,1,json_object,0,19,0.0,False,,address.city;address.country;address.line;address.postalCode;address.state;age;allergy;birthDate;email;gender;immunization;maritalStatus;name.family;name.given[0];name.given[1];name.prefix;phone;practitioner;primaryLanguage,,1565,0,12,0.0,0,"[""{\n  \""patient_record\"": {\n    \""name\"": {\n      \""family\"": \""Sherman\"",\n      \""given\"": [\""Nolan\""],\n      \""prefix\"": null\n    },\n    \""age\"": 19,\n    \""gender\"": \""male\"",\n    \""birthDate\"": \""1945-05-06\"",\n    \""address\"": {\n      \""line\"": \""698 Kunde Spur\"",\n      \""city\"": \""Dedham\"",\n      \""state\"": \""Massachusetts\"",\n      \""postalCode\"": \""02026\"",\n      \""country\"": \""United States\""\n    },\n    \""phone\"": \""555-216-4130\"",\n    \""email\"": null,\n    \""maritalStatus\"": \""Single\"",\n    \""primaryLanguage\"": \""English (United States)\"",\n    \""allergy\"": {\n      \""substance\"": [\n        {\n          \""category\"": \""other\"",\n          \""name\"": null,\n          \""manifestation\"": null\n        }\n      ]\n    },\n    \""practitioner\"": [],\n    \""immunization\"": []\n  }\n}""]"
sola-jsonish-rescue,"StructuredOutputAdapter(output_mode=JSONISH, prompt_layout=SECTIONS, parse_config=ParseConfig())",patient-notes-0004,validation_error,ValidationError,2.5207507320155855,1,json_object,0,18,0.0,False,,address.city;address.country;address.line;address.postalCode;address.state;age;allergy;birthDate;email;gender;immunization;maritalStatus;name.family;name.given[0];name.prefix;phone;practitioner;primaryLanguage,,1522,0,12,0.0,0,"[""{\n  \""patient_record\"": {\n    \""name\"": {\n      \""family\"": \""Wolff\"",\n      \""given\"": [\""Shanon\""],\n      \""prefix\"": null\n    },\n    \""age\"": 40,\n    \""gender\"": \""female\"",\n    \""birthDate\"": \""1992-01-22T00:00:00\"",\n    \""address\"": {\n      \""line\"": \""237 Koelpin Lane\"",\n      \""city\"": \""Lynn\"",\n      \""state\"": \""Massachusetts\"",\n      \""postalCode\"": \""01902\"",\n      \""country\"": \""United States\""\n    },\n    \""phone\"": \""555-908-5677\"",\n    \""email\"": null,\n    \""maritalStatus\"": \""NeverMarried\"",\n    \""primaryLanguage\"": \""English (United States)\"",\n    \""allergy\"": {\n      \""substance\"": [\n        {\n          \""category\"": \""other\"",\n          \""name\"": null,\n          \""manifestation\"": null\n        }\n      ]\n    },\n    \""practitioner\"": [\n      {\n        \""name\"": {\n          \""family\"": null,\n          \""given\"": null,\n          \""prefix\"": null\n        },\n        \""phone\"": null,\n        \""email\"": null,\n        \""address\"": null\n      }\n    ],\n    \""immunization\"": []\n  }\n}""]"
sola-jsonish-rescue,"StructuredOutputAdapter(output_mode=JSONISH, prompt_layout=SECTIONS, parse_config=ParseConfig())",patient-notes-0005,validation_error,ValidationError,1.9158572960004676,1,json_object,0,17,0.0,False,,address;age;allergy.substance[0].category;allergy.substance[0].manifestation;allergy.substance[0].name;birthDate;email;gender;immunization;maritalStatus;name.family;name.given[0];name.given[1];name.prefix;phone;practitioner;primaryLanguage,,1243,0,8,0.0,0,"[""{\n  \""patient_record\"": {\n    \""name\"": {\n      \""family\"": \""Bergnaum\"",\n      \""given\"": [\""Vince\""],\n      \""prefix\"": \""\""\n    },\n    \""age\"": 50,\n    \""gender\"": \""male\"",\n    \""birthDate\"": \""1978-09-30T00:00:00+02:00\"",\n    \""address\"": {\n      \""line\"": \""\"",\n      \""city\"": \""\"",\n      \""state\"": \""\"",\n      \""postalCode\"": \""\"",\n      \""country\"": \""\""\n    },\n    \""phone\"": \""\"",\n    \""email\"": \""\"",\n    \""maritalStatus\"": \""NeverMarried\"",\n    \""primaryLanguage\"": \""\"",\n    \""allergy\"": {\n      \""substance\"": [\n        {\n          \""category\"": \""environmental\"",\n          \""name\"": \""Allergens\""\n        }\n      ],\n      \""manifestation\"": \""Skin rash, hives, and itching\""\n    },\n    \""practitioner\"": [],\n    \""immunization\"": []\n  }\n}""]"
sola-jsonish-rescue,"StructuredOutputAdapter(output_mode=JSONISH, prompt_layout=SECTIONS, parse_config=ParseConfig())",patient-notes-0006,validation_error,ValidationError,2.877728726976784,1,json_object,0,19,0.0,False,,address.city;address.country;address.line;address.postalCode;address.state;age;allergy;birthDate;email;gender;immunization;maritalStatus;name.family;name.given[0];name.given[1];name.prefix;phone;practitioner;primaryLanguage,,1365,0,9,0.0,0,"[""{\n  \""patient_record\"": {\n    \""name\"": {\n      \""family\"": \""Reynolds\"",\n      \""given\"": [\""Sheldon\"", \""Alfonso\""],\n      \""prefix\"": null\n    },\n    \""age\"": 65,\n    \""gender\"": \""male\"",\n    \""birthDate\"": \""1948-03-27T00:00:00+00:00\"",\n    \""address\"": {\n      \""line\"": \""541 Ortiz Rue\"",\n      \""city\"": \""West Wareham\"",\n      \""state\"": \""MA\"",\n      \""postalCode\"": \""02576\"",\n      \""country\"": \""USA\""\n    },\n    \""phone\"": null,\n    \""email\"": null,\n    \""maritalStatus\"": \""NeverMarried\"",\n    \""primaryLanguage\"": \""English\"",\n    \""allergy\"": {\n      \""substance\"": [\n        {\n          \""category\"": \""other\"",\n          \""name\"": null,\n          \""manifestation\"": null\n        }\n      ]\n    },\n    \""practitioner\"": [\n      {\n        \""name\"": {\n          \""family\"": null,\n          \""given\"": null,\n          \""prefix\"": null\n        },\n        \""phone\"": null,\n        \""email\"": null,\n        \""address\"": {\n          \""line\"": null,\n          \""city\"": null,\n          \""state\"": null,\n          \""postalCode\"": null,\n          \""country\"": null\n        }\n      }\n    ],\n    \""immunization\"": [\n      {\n        \""traits\"": [],\n        \""status\"": \""unknown\"",\n        \""occurrenceDate\"": null\n      }\n    ]\n  }\n}""]"
sola-jsonish-rescue,"StructuredOutputAdapter(output_mode=JSONISH, prompt_layout=SECTIONS, parse_config=ParseConfig())",patient-notes-0007,validation_error,ValidationError,2.481360225996468,1,json_object,0,24,0.0,False,,address.city;address.country;address.line;address.postalCode;address.state;age;allergy;birthDate;email;gender;immunization;maritalStatus;name.family;name.given[0];name.given[1];name.prefix;phone;practitioner[0].address;practitioner[0].email;practitioner[0].name.family;practitioner[0].name.given[0];practitioner[0].name.prefix;practitioner[0].phone;primaryLanguage,,1412,0,18,0.0,0,"[""{\n  \""patient_record\"": {\n    \""name\"": {\n      \""family\"": \""Hahn\"",\n      \""given\"": [\""Gail\""],\n      \""prefix\"": \""\""\n    },\n    \""age\"": 20,\n    \""gender\"": \""female\"",\n    \""birthDate\"": \""2004-10-13T00:00:00\"",\n    \""address\"": {\n      \""line\"": \""103 Murazik Flat Apt 19\"",\n      \""city\"": \""Cohasset\"",\n      \""state\"": \""Massachusetts\"",\n      \""postalCode\"": \""028654\"",\n      \""country\"": \""United States\""\n    },\n    \""phone\"": \""555-402-1978\"",\n    \""email\"": \""\"",\n    \""maritalStatus\"": \""NeverMarried\"",\n    \""primaryLanguage\"": \""English\"",\n    \""allergy\"": null,\n    \""practitioner\"": [\n      {\n        \""name\"": {\n          \""family\"": \""Keeling\"",\n          \""given\"": [\""Jon\""],\n          \""prefix\"": \""\""\n        },\n        \""phone\"": \""\"",\n        \""email\"": \""Jon665.Keeling57@example.com\"",\n        \""address\"": {\n          \""line\"": \""\"",\n          \""city\"": \""\"",\n          \""state\"": \""\"",\n          \""postalCode\"": \""\"",\n          \""country\"": \""\""\n        }\n      }\n    ],\n    \""immunization\"": []\n  }\n}""]"
sola-jsonish-rescue,"StructuredOutputAdapter(output_mode=JSONISH, prompt_layout=SECTIONS, parse_config=ParseConfig())",patient-notes-0008,validation_error,ValidationError,3.1525648279930465,1,json_object,0,20,0.0,False,,address;age;allergy;birthDate;email;gender;immunization;maritalStatus;name.family;name.given[0];name.given[1];name.prefix;phone;practitioner[0].address;practitioner[0].email;practitioner[0].name.family;practitioner[0].name.given[0];practitioner[0].name.prefix;practitioner[0].phone;primaryLanguage,,1499,0,8,0.0,0,"[""{\n  \""patient_record\"": {\n    \""name\"": {\n      \""family\"": \""Ornelas\"",\n      \""given\"": [\""Vicente\""],\n      \""prefix\"": null\n    },\n    \""age\"": 35,\n    \""gender\"": \""male\"",\n    \""birthDate\"": \""1984-06-12T00:00:00+00:00\"",\n    \""address\"": {\n      \""line\"": \""123 Medical Lane\"",\n      \""city\"": \""San Francisco\"",\n      \""state\"": \""CA\"",\n      \""postalCode\"": \""94102\"",\n      \""country\"": \""USA\""\n    },\n    \""phone\"": null,\n    \""email\"": \""Vicente.Ornelas@example.com\"",\n    \""maritalStatus\"": \""Married\"",\n    \""primaryLanguage\"": \""English\"",\n    \""allergy\"": {\n      \""substance\"": [\n        {\n          \""category\"": \""food\"",\n          \""name\"": null,\n          \""manifestation\"": null\n        }\n      ]\n    },\n    \""practitioner\"": [\n      {\n        \""name\"": {\n          \""family\"": \""Langosh\"",\n          \""given\"": [],\n          \""prefix\"": null\n        },\n        \""phone\"": null,\n        \""email\"": \""Eldora89.Langosh790@example.com\"",\n        \""address\"": {\n          \""line\"": \""456 Health Street\"",\n          \""city\"": \""San Francisco\"",\n          \""state\"": \""CA\"",\n          \""postalCode\"": \""94102\"",\n          \""country\"": \""USA\""\n        }\n      }\n    ],\n    \""immunization\"": [\n      {\n        \""traits\"": [],\n        \""status\"": \""completed\"",\n        \""occurrenceDate\"": null\n      }\n    ]\n  }\n}""]"
sola-jsonish-rescue,"StructuredOutputAdapter(output_mode=JSONISH, prompt_layout=SECTIONS, parse_config=ParseConfig())",patient-notes-0009,validation_error,ValidationError,3.8993068120034877,1,json_object,0,24,0.0,False,,address.city;address.country;address.line;address.postalCode;address.state;age;allergy;birthDate;email;gender;immunization;maritalStatus;name.family;name.given[0];name.given[1];name.prefix;phone;practitioner[0].address;practitioner[0].email;practitioner[0].name.family;practitioner[0].name.given[0];practitioner[0].name.prefix;practitioner[0].phone;primaryLanguage,,1365,0,13,0.0,0,"[""{\n  \""patient_record\"": {\n    \""name\"": {\n      \""family\"": \""Man\"",\n      \""given\"": [\""Leuschke\""],\n      \""prefix\"": \""\""\n    },\n    \""age\"": 48,\n    \""gender\"": \""female\"",\n    \""birthDate\"": \""1977-05-14T00:00:00+02:00\"",\n    \""address\"": {\n      \""line\"": \""1073 Gutmann Forge\"",\n      \""city\"": \""Worcester\"",\n      \""state\"": \""Massachusetts\"",\n      \""postalCode\"": \""01602\"",\n      \""country\"": \""US\""\n    },\n    \""phone\"": \""\"",\n    \""email\"": \""\"",\n    \""maritalStatus\"": \""NeverMarried\"",\n    \""primaryLanguage\"": \""English\"",\n    \""allergy\"": {\n      \""substance\"": [\n        {\n          \""category\"": \""other\"",\n          \""name\"": \""\""\n        }\n      ]\n    },\n    \""practitioner\"": [\n      {\n        \""name\"": {\n          \""family\"": \""Rogahn\"",\n          \""given\"": [],\n          \""prefix\"": \""\""\n        },\n        \""phone\"": \""\"",\n        \""email\"": \""\"",\n        \""address\"": {\n          \""line\"": \""\"",\n          \""city\"": \""\"",\n          \""state\"": \""\"",\n          \""postalCode\"": \""\"",\n          \""country\"": \""\""\n        }\n      }\n    ],\n    \""immunization\"": []\n  }\n}""]"
sola-jsonish-rescue,"StructuredOutputAdapter(output_mode=JSONISH, prompt_layout=SECTIONS, parse_config=ParseConfig())",patient-notes-0010,ok,,5.236616948997835,1,json_object,6,15,0.4,False,name.given[0];name.prefix;age;gender,name.given[1];address;practitioner;allergy;immunization,address.city;address.country;address.line;address.postalCode;address.state;allergy.substance[0].category;allergy.substance[0].manifestation;allergy.substance[0].name;immunization[0].occurrenceDate;immunization[0].status;immunization[0].traits;practitioner[0].address.city;practitioner[0].address.country;practitioner[0].address.line;practitioner[0].address.postalCode;practitioner[0].address.state;practitioner[0].email;practitioner[0].name.family;practitioner[0].name.given;practitioner[0].name.prefix;practitioner[0].phone,1470,4,7,0.5714,6,"[""{\n  \""patient_record\"": {\n    \""name\"": {\n      \""family\"": \""Morissette\"",\n      \""given\"": [\""Freeman\""],\n      \""prefix\"": null\n    },\n    \""age\"": 100,\n    \""gender\"": \""male\"",\n    \""birthDate\"": \""1919-06-01T10:10:00Z\"",\n    \""address\"": {\n      \""line\"": \""555-122-9838\"",\n      \""city\"": null,\n      \""state\"": null,\n      \""postalCode\"": null,\n      \""country\"": null\n    },\n    \""phone\"": \""555-122-9838\"",\n    \""email\"": null,\n    \""maritalStatus\"": \""Married\"",\n    \""primaryLanguage\"": null,\n    \""allergy\"": {\n      \""substance\"": [\n        {\n          \""category\"": \""other\"",\n          \""name\"": null,\n          \""manifestation\"": null\n        }\n      ]\n    },\n    \""practitioner\"": [\n      {\n        \""name\"": {\n          \""family\"": null,\n          \""given\"": null,\n          \""prefix\"": null\n        },\n        \""phone\"": null,\n        \""email\"": null,\n        \""address\"": {\n          \""line\"": null,\n          \""city\"": null,\n          \""state\"": null,\n          \""postalCode\"": null,\n          \""country\"": null\n        }\n      }\n    ],\n    \""immunization\"": [\n      {\n        \""traits\"": [],\n        \""status\"": null,\n        \""occurrenceDate\"": null\n      }\n    ]\n  }\n}""]"
sola-jsonish-rescue,"StructuredOutputAdapter(output_mode=JSONISH, prompt_layout=SECTIONS, parse_config=ParseConfig())",patient-notes-0011,ok,,4.131130238005426,1,json_object,7,14,0.5,False,name.prefix;age;gender,address;practitioner;allergy;immunization,address.city;address.country;address.line;address.postalCode;address.state;allergy.substance[0].category;allergy.substance[0].manifestation;allergy.substance[0].name;immunization[0].occurrenceDate;immunization[0].status;immunization[0].traits;practitioner[0].address.city;practitioner[0].address.country;practitioner[0].address.line;practitioner[0].address.postalCode;practitioner[0].address.state;practitioner[0].email;practitioner[0].name.family;practitioner[0].name.given;practitioner[0].name.prefix;practitioner[0].phone,1303,5,6,0.8333,6,"[""{\n  \""patient_record\"": {\n    \""name\"": {\n      \""family\"": \""Ziemann\"",\n      \""given\"": [\""Nohemi\""],\n      \""prefix\"": null\n    },\n    \""age\"": 40,\n    \""gender\"": \""female\"",\n    \""birthDate\"": \""1984-02-13T00:00:00\"",\n    \""address\"": {\n      \""line\"": \""555-741-9833\"",\n      \""city\"": null,\n      \""state\"": null,\n      \""postalCode\"": null,\n      \""country\"": null\n    },\n    \""phone\"": \""555-741-9833\"",\n    \""email\"": null,\n    \""maritalStatus\"": \""Married\"",\n    \""primaryLanguage\"": null,\n    \""allergy\"": {\n      \""substance\"": [\n        {\n          \""category\"": \""other\"",\n          \""name\"": null,\n          \""manifestation\"": null\n        }\n      ]\n    },\n    \""practitioner\"": [\n      {\n        \""name\"": {\n          \""family\"": null,\n          \""given\"": null,\n          \""prefix\"": null\n        },\n        \""phone\"": null,\n        \""email\"": null,\n        \""address\"": {\n          \""line\"": null,\n          \""city\"": null,\n          \""state\"": null,\n          \""postalCode\"": null,\n          \""country\"": null\n        }\n      }\n    ],\n    \""immunization\"": [\n      {\n        \""traits\"": [],\n        \""status\"": null,\n        \""occurrenceDate\"": null\n      }\n    ]\n  }\n}""]"
sola-jsonish-rescue,"StructuredOutputAdapter(output_mode=JSONISH, prompt_layout=SECTIONS, parse_config=ParseConfig())",patient-notes-0012,ok,,5.022592980996706,1,json_object,15,26,0.5769,False,name.given[0];age;birthDate;maritalStatus;primaryLanguage;practitioner[0].name.prefix;immunization[0].traits[0];immunization[0].occurrenceDate,name.given[1];practitioner[0].address;allergy,allergy.substance[0].category;allergy.substance[0].manifestation;allergy.substance[0].name;immunization[0].traits[1];immunization[0].traits[2];practitioner[0].address.city;practitioner[0].address.country;practitioner[0].address.line;practitioner[0].address.postalCode;practitioner[0].address.state,1473,10,16,0.625,5,"[""{\n  \""patient_record\"": {\n    \""name\"": {\n      \""family\"": \""Hansen\"",\n      \""given\"": [\""Vito Horacio\""],\n      \""prefix\"": null\n    },\n    \""age\"": 60,\n    \""gender\"": \""male\"",\n    \""birthDate\"": \""1962-07-24T00:00:00+00:00\"",\n    \""address\"": {\n      \""line\"": \""191 Cruickshank Street Unit 54\"",\n      \""city\"": \""Taunton\"",\n      \""state\"": \""MA\"",\n      \""postalCode\"": \""02780\"",\n      \""country\"": \""US\""\n    },\n    \""phone\"": null,\n    \""email\"": null,\n    \""maritalStatus\"": \""NeverMarried\"",\n    \""primaryLanguage\"": \""English\"",\n    \""allergy\"": {\n      \""substance\"": [\n        {\n          \""category\"": \""other\"",\n          \""name\"": null,\n          \""manifestation\"": null\n        }\n      ]\n    },\n    \""practitioner\"": [\n      {\n        \""name\"": {\n          \""family\"": \""King\"",\n          \""given\"": [\""Wes\""],\n          \""prefix\"": null\n        },\n        \""phone\"": null,\n        \""email\"": null,\n        \""address\"": {\n          \""line\"": null,\n          \""city\"": null,\n          \""state\"": null,\n          \""postalCode\"": null,\n          \""country\"": null\n        }\n      }\n    ],\n    \""immunization\"": [\n      {\n        \""traits\"": [\n          \""seasonal influenza vaccine\"",\n          \""injectable\"",\n          \""preservative free variant\""\n        ],\n        \""status\"": \""completed\"",\n        \""occurrenceDate\"": \""2022-07-24T00:00:00+00:00\""\n      }\n    ]\n  }\n}""]"
sola-jsonish-rescue,"StructuredOutputAdapter(output_mode=JSONISH, prompt_layout=SECTIONS, parse_config=ParseConfig())",patient-notes-0013,validation_error,ValidationError,4.21176603200729,1,json_object,0,23,0.0,False,,address;age;allergy;birthDate;email;gender;immunization;maritalStatus;name.family;name.given[0];name.prefix;phone;practitioner[0].address.city;practitioner[0].address.country;practitioner[0].address.line;practitioner[0].address.postalCode;practitioner[0].address.state;practitioner[0].email;practitioner[0].name.family;practitioner[0].name.given[0];practitioner[0].name.prefix;practitioner[0].phone;primaryLanguage,,1657,0,12,0.0,0,"[""{\n  \""patient_record\"": {\n    \""name\"": {\n      \""family\"": \""Stiedemann\"",\n      \""given\"": [\""Angla\""],\n      \""prefix\"": \""\""\n    },\n    \""age\"": 36,\n    \""gender\"": \""female\"",\n    \""birthDate\"": \""1986-01-02T00:00:00\"",\n    \""address\"": {\n      \""line\"": \""555-575-5625\"",\n      \""city\"": \""\"",\n      \""state\"": \""\"",\n      \""postalCode\"": \""\"",\n      \""country\"": \""\""\n    },\n    \""phone\"": \""555-575-5625\"",\n    \""email\"": \""\"",\n    \""maritalStatus\"": \""Married\"",\n    \""primaryLanguage\"": \""English\"",\n    \""allergy\"": null,\n    \""practitioner\"": [\n      {\n        \""name\"": {\n          \""family\"": \""Funk\"",\n          \""given\"": [],\n          \""prefix\"": \""\""\n        },\n        \""phone\"": \""\"",\n        \""email\"": \""\"",\n        \""address\"": {\n          \""line\"": \""\"",\n          \""city\"": \""\"",\n          \""state\"": \""\"",\n          \""postalCode\"": \""\"",\n          \""country\"": \""\""\n        }\n      }\n    ],\n    \""immunization\"": [\n      {\n        \""traits\"": [\""diphtheria\"", \""pertussis\"", \""tetanus\""],\n        \""status\"": \""completed\""\n      },\n      {\n        \""traits\"": [\""Hepatitis B surface antigen measurement\""],\n        \""status\"": \""unknown\""\n      }\n    ]\n  }\n}""]"
sola-jsonish-rescue,"StructuredOutputAdapter(output_mode=JSONISH, prompt_layout=SECTIONS, parse_config=ParseConfig())",patient-notes-0014,validation_error,ValidationError,3.0235158879950177,1,json_object,0,22,0.0,False,,address.city;address.country;address.line;address.postalCode;address.state;age;allergy;birthDate;email;gender;immunization;maritalStatus;name.family;name.given[0];name.given[1];name.prefix;phone;practitioner[0].address;practitioner[0].email;practitioner[0].name;practitioner[0].phone;primaryLanguage,,1380,0,8,0.0,0,"[""{\n  \""patient_record\"": {\n    \""name\"": {\n      \""family\"": \""Chadwick\"",\n      \""given\"": [\""Myles\""],\n      \""prefix\"": \""\""\n    },\n    \""age\"": 30,\n    \""gender\"": \""male\"",\n    \""birthDate\"": \""1992-04-26T05:00:45+02:00\"",\n    \""address\"": {\n      \""line\"": \""300 Ebert Burg\"",\n      \""city\"": \""Boston\"",\n      \""state\"": \""MA\"",\n      \""postalCode\"": \""02116\"",\n      \""country\"": \""US\""\n    },\n    \""phone\"": \""\"",\n    \""email\"": \""\"",\n    \""maritalStatus\"": \""NeverMarried\"",\n    \""primaryLanguage\"": \""English\"",\n    \""allergy\"": {\n      \""substance\"": [\n        {\n          \""category\"": \""other\"",\n          \""name\"": \""\""\n        }\n      ]\n    },\n    \""practitioner\"": [\n      {\n        \""name\"": {\n          \""family\"": \""Carter\"",\n          \""given\"": [\""Fuller\""],\n          \""prefix\"": \""\""\n        },\n        \""phone\"": \""\"",\n        \""email\"": \""\"",\n        \""address\"": {\n          \""line\"": \""DR SOLOMON CARTER FULLER MENTAL HEALTH CENTER\"",\n          \""city\"": \""\"",\n          \""state\"": \""\"",\n          \""postalCode\"": \""\"",\n          \""country\"": \""\""\n        }\n      }\n    ],\n    \""immunization\"": []\n  }\n}""]"
sola-jsonish-rescue,"StructuredOutputAdapter(output_mode=JSONISH, prompt_layout=SECTIONS, parse_config=ParseConfig())",patient-notes-0015,validation_error,ValidationError,3.079182221001247,1,json_object,0,17,0.0,False,,address;age;allergy;birthDate;email;gender;immunization[0].occurrenceDate;immunization[0].status;immunization[0].traits[0];maritalStatus;name.family;name.given[0];name.given[1];name.prefix;phone;practitioner;primaryLanguage,,1372,0,8,0.0,0,"[""{\n  \""patient_record\"": {\n    \""name\"": {\n      \""family\"": \""Wehner\"",\n      \""given\"": [\""Monty\"", \""Quinton\""],\n      \""prefix\"": \""\""\n    },\n    \""age\"": 35,\n    \""gender\"": \""male\"",\n    \""birthDate\"": \""1989-04-12T16:30:00+01:00\"",\n    \""address\"": {\n      \""line\"": \""123 Main Street\"",\n      \""city\"": \""New York\"",\n      \""state\"": \""NY\"",\n      \""postalCode\"": \""10001\"",\n      \""country\"": \""USA\""\n    },\n    \""phone\"": \""\"",\n    \""email\"": \""\"",\n    \""maritalStatus\"": \""Married\"",\n    \""primaryLanguage\"": \""English\"",\n    \""allergy\"": {\n      \""substance\"": [\n        {\n          \""category\"": \""other\"",\n          \""name\"": \""\""\n        }\n      ]\n    },\n    \""practitioner\"": [\n      {\n        \""name\"": {\n          \""family\"": \""\"",\n          \""given\"": [],\n          \""prefix\"": \""\""\n        },\n        \""phone\"": \""\"",\n        \""email\"": \""\"",\n        \""address\"": {\n          \""line\"": \""\"",\n          \""city\"": \""\"",\n          \""state\"": \""\"",\n          \""postalCode\"": \""\"",\n          \""country\"": \""\""\n        }\n      }\n    ],\n    \""immunization\"": [\n      {\n        \""traits\"": [\n          \""Seasonal influenza injectable\""\n        ],\n        \""status\"": \""completed\"",\n        \""occurrenceDate\"": \""2014-01-06T11:47:38+01:00\""\n      }\n    ]\n  }\n}""]"
sola-jsonish-rescue,"StructuredOutputAdapter(output_mode=JSONISH, prompt_layout=SECTIONS, parse_config=ParseConfig())",patient-notes-0016,validation_error,ValidationError,2.7118831480038352,1,json_object,0,20,0.0,False,,address;age;allergy;birthDate;email;gender;immunization;maritalStatus;name.family;name.given[0];name.given[1];name.prefix;phone;practitioner[0].address;practitioner[0].email;practitioner[0].name.family;practitioner[0].name.given[0];practitioner[0].name.prefix;practitioner[0].phone;primaryLanguage,,1325,0,9,0.0,0,"[""{\n  \""patient_record\"": {\n    \""name\"": {\n      \""family\"": \""Baumbach\"",\n      \""given\"": [\""Lianne\"", \""Rebecca\""],\n      \""prefix\"": \""\""\n    },\n    \""age\"": 19,\n    \""gender\"": \""female\"",\n    \""birthDate\"": \""2003-07-23T00:00:00+02:00\"",\n    \""address\"": {\n      \""line\"": \""555-768-8866\"",\n      \""city\"": \""Unknown\"",\n      \""state\"": \""Unknown\"",\n      \""postalCode\"": \""Unknown\"",\n      \""country\"": \""Unknown\""\n    },\n    \""phone\"": \""555-768-8866\"",\n    \""email\"": \""unknown@example.com\"",\n    \""maritalStatus\"": \""NeverMarried\"",\n    \""primaryLanguage\"": \""English\"",\n    \""allergy\"": null,\n    \""practitioner\"": [\n      {\n        \""name\"": {\n          \""family\"": \""Ryan\"",\n          \""given\"": [\""Sulema\""],\n          \""prefix\"": \""\""\n        },\n        \""phone\"": \""555-768-8866\"",\n        \""email\"": \""unknown@example.com\"",\n        \""address\"": {\n          \""line\"": \""Unknown\"",\n          \""city\"": \""Unknown\"",\n          \""state\"": \""Unknown\"",\n          \""postalCode\"": \""Unknown\"",\n          \""country\"": \""Unknown\""\n        }\n      }\n    ],\n    \""immunization\"": []\n  }\n}""]"
sola-jsonish-rescue,"StructuredOutputAdapter(output_mode=JSONISH, prompt_layout=SECTIONS, parse_config=ParseConfig())",patient-notes-0017,validation_error,ValidationError,3.193209745979402,1,json_object,0,15,0.0,False,,address;age;allergy;birthDate;email;gender;immunization;maritalStatus;name.family;name.given[0];name.given[1];name.prefix;phone;practitioner;primaryLanguage,,1334,0,7,0.0,0,"[""{\n  \""patient_record\"": {\n    \""name\"": {\n      \""family\"": \""Cassi\"",\n      \""given\"": [\""Mohr\""],\n      \""prefix\"": null\n    },\n    \""age\"": 45,\n    \""gender\"": \""female\"",\n    \""birthDate\"": \""1978-03-15\"",\n    \""address\"": {\n      \""line\"": \""123 Main Street\"",\n      \""city\"": \""New York\"",\n      \""state\"": \""NY\"",\n      \""postalCode\"": \""10001\"",\n      \""country\"": \""USA\""\n    },\n    \""phone\"": null,\n    \""email\"": null,\n    \""maritalStatus\"": \""Married\"",\n    \""primaryLanguage\"": \""English\"",\n    \""allergy\"": {\n      \""substance\"": [\n        {\n          \""category\"": \""food\"",\n          \""name\"": null,\n          \""manifestation\"": null\n        }\n      ]\n    },\n    \""practitioner\"": [\n      {\n        \""name\"": {\n          \""family\"": \""Cassi\"",\n          \""given\"": [\""Mohr\""],\n          \""prefix\"": null\n        },\n        \""phone\"": null,\n        \""email\"": null,\n        \""address\"": {\n          \""line\"": \""456 Health Care Blvd\"",\n          \""city\"": \""New York\"",\n          \""state\"": \""NY\"",\n          \""postalCode\"": \""10002\"",\n          \""country\"": \""USA\""\n        }\n      }\n    ],\n    \""immunization\"": [\n      {\n        \""traits\"": [\""DPT-3 (Tetanus, Diphtheria, Pertussis)\"", \""Hepatitis B\""],\n        \""status\"": \""completed\"",\n        \""occurrenceDate\"": \""2015-06-15\""\n      }\n    ]\n  }\n}""]"
sola-jsonish-rescue,"StructuredOutputAdapter(output_mode=JSONISH, prompt_layout=SECTIONS, parse_config=ParseConfig())",patient-notes-0018,validation_error,ValidationError,3.503403384005651,1,json_object,0,15,0.0,False,,address;age;allergy;birthDate;email;gender;immunization;maritalStatus;name.family;name.given[0];name.given[1];name.prefix;phone;practitioner;primaryLanguage,,1475,0,4,0.0,0,"[""{\n  \""patient_record\"": {\n    \""name\"": {\n      \""family\"": \""Brady\"",\n      \""given\"": [\""Ziemann\""],\n      \""prefix\"": null\n    },\n    \""age\"": 45,\n    \""gender\"": \""male\"",\n    \""birthDate\"": \""1983-02-25T21:59:36+01:00\"",\n    \""address\"": {\n      \""line\"": \""123 Main Street\"",\n      \""city\"": \""London\"",\n      \""state\"": \""England\"",\n      \""postalCode\"": \""SW1A 1AA\"",\n      \""country\"": \""United Kingdom\""\n    },\n    \""phone\"": null,\n    \""email\"": null,\n    \""maritalStatus\"": \""Married\"",\n    \""primaryLanguage\"": \""English\"",\n    \""allergy\"": {\n      \""substance\"": [\n        {\n          \""category\"": \""medication\"",\n          \""name\"": \""Aspirin\""\n        }\n      ]\n    },\n    \""practitioner\"": [\n      {\n        \""name\"": {\n          \""family\"": \""Smith\"",\n          \""given\"": [\""Dr.\""],\n          \""prefix\"": null\n        },\n        \""phone\"": \""+44 20 7946 0958\"",\n        \""email\"": \""dr.smith@example.com\"",\n        \""address\"": {\n          \""line\"": \""123 Main Street\"",\n          \""city\"": \""London\"",\n          \""state\"": \""England\"",\n          \""postalCode\"": \""SW1A 1AA\"",\n          \""country\"": \""United Kingdom\""\n        }\n      }\n    ],\n    \""immunization\"": [\n      {\n        \""traits\"": [\""Influenza vaccine (Type B)\"", \""Tdap vaccine\""],\n        \""status\"": \""completed\"",\n        \""occurrenceDate\"": \""2018-02-25T21:59:36+01:00\""\n      }\n    ]\n  }\n}""]"
sola-jsonish-rescue,"StructuredOutputAdapter(output_mode=JSONISH, prompt_layout=SECTIONS, parse_config=ParseConfig())",patient-notes-0019,validation_error,ValidationError,2.6034796419844497,1,json_object,0,28,0.0,False,,address.city;address.country;address.line;address.postalCode;address.state;age;allergy;birthDate;email;gender;immunization;maritalStatus;name.family;name.given[0];name.given[1];name.prefix;phone;practitioner[0].address.city;practitioner[0].address.country;practitioner[0].address.line;practitioner[0].address.postalCode;practitioner[0].address.state;practitioner[0].email;practitioner[0].name.family;practitioner[0].name.given[0];practitioner[0].name.prefix;practitioner[0].phone;primaryLanguage,,1366,0,21,0.0,0,"[""{\n  \""patient_record\"": {\n    \""name\"": {\n      \""family\"": \""Treutel\"",\n      \""given\"": [\""Toshia Rene\""],\n      \""prefix\"": \""\""\n    },\n    \""age\"": 40,\n    \""gender\"": \""female\"",\n    \""birthDate\"": \""1984-06-04\"",\n    \""address\"": {\n      \""line\"": \""759 Price Station\"",\n      \""city\"": \""Worcester\"",\n      \""state\"": \""MA\"",\n      \""postalCode\"": \""01606\"",\n      \""country\"": \""United States\""\n    },\n    \""phone\"": \""\"",\n    \""email\"": \""\"",\n    \""maritalStatus\"": \""Divorced\"",\n    \""primaryLanguage\"": \""English\"",\n    \""allergy\"": null,\n    \""practitioner\"": [\n      {\n        \""name\"": {\n          \""family\"": \""Roberts\"",\n          \""given\"": [\""Otha\""],\n          \""prefix\"": \""\""\n        },\n        \""phone\"": \""\"",\n        \""email\"": \""Otha286.Roberts511@example.com\"",\n        \""address\"": {\n          \""line\"": \""189 May Street\"",\n          \""city\"": \""Worcester\"",\n          \""state\"": \""MA\"",\n          \""postalCode\"": \""016024339\"",\n          \""country\"": \""United States\""\n        }\n      }\n    ],\n    \""immunization\"": []\n  }\n}""]"
sola-jsonish-rescue,"StructuredOutputAdapter(output_mode=JSONISH, prompt_layout=SECTIONS, parse_config=ParseConfig())",patient-notes-0020,ok,,2.513572594994912,1,json_object,15,19,0.7895,False,name.prefix;age,practitioner;allergy,allergy.substance[0].category;allergy.substance[0].manifestation;allergy.substance[0].name;practitioner[0].address;practitioner[0].email;practitioner[0].name.family;practitioner[0].name.given;practitioner[0].name.prefix;practitioner[0].phone,1283,13,13,1.0,4,"[""{\n  \""patient_record\"": {\n    \""name\"": {\n      \""family\"": \""Durgan\"",\n      \""given\"": [\""Azucena\"", \""Lore\""],\n      \""prefix\"": \""\""\n    },\n    \""age\"": 20,\n    \""gender\"": \""female\"",\n    \""birthDate\"": \""2008-10-20T00:00:00\"",\n    \""address\"": {\n      \""line\"": \""599 Ledner Park\"",\n      \""city\"": \""Lowell\"",\n      \""state\"": \""MA\"",\n      \""postalCode\"": \""01850\"",\n      \""country\"": \""US\""\n    },\n    \""phone\"": \""555-374-5890\"",\n    \""email\"": null,\n    \""maritalStatus\"": \""NeverMarried\"",\n    \""primaryLanguage\"": \""English (United States)\"",\n    \""allergy\"": {\n      \""substance\"": [\n        {\n          \""category\"": \""other\"",\n          \""name\"": null,\n          \""manifestation\"": null\n        }\n      ]\n    },\n    \""practitioner\"": [\n      {\n        \""name\"": {\n          \""family\"": \""\"",\n          \""given\"": [],\n          \""prefix\"": \""\""\n        },\n        \""phone\"": null,\n        \""email\"": null,\n        \""address\"": null\n      }\n    ],\n    \""immunization\"": []\n  }\n}""]"
sola-jsonish-rescue,"StructuredOutputAdapter(output_mode=JSONISH, prompt_layout=SECTIONS, parse_config=ParseConfig())",patient-notes-0021,validation_error,ValidationError,2.43841433399939,1,json_object,0,19,0.0,False,,address.city;address.country;address.line;address.postalCode;address.state;age;allergy;birthDate;email;gender;immunization;maritalStatus;name.family;name.given[0];name.given[1];name.prefix;phone;practitioner;primaryLanguage,,1282,0,8,0.0,0,"[""{\n  \""patient_record\"": {\n    \""name\"": {\n      \""family\"": \""Chia\"",\n      \""given\"": [\""Beer\""],\n      \""prefix\"": \""\""\n    },\n    \""age\"": null,\n    \""gender\"": null,\n    \""birthDate\"": null,\n    \""address\"": {\n      \""line\"": \""113 Bayer Ranch Unit 33\"",\n      \""city\"": \""Randolph\"",\n      \""state\"": \""Massachusetts\"",\n      \""postalCode\"": \""02368\"",\n      \""country\"": \""United States\""\n    },\n    \""phone\"": null,\n    \""email\"": null,\n    \""maritalStatus\"": null,\n    \""primaryLanguage\"": null,\n    \""allergy\"": {\n      \""substance\"": [\n        {\n          \""category\"": \""environment\"",\n          \""name\"": null,\n          \""manifestation\"": null\n        }\n      ]\n    },\n    \""practitioner\"": [\n      {\n        \""name\"": {\n          \""family\"": \""\"",\n          \""given\"": [],\n          \""prefix\"": \""\""\n        },\n        \""phone\"": null,\n        \""email\"": null,\n        \""address\"": {\n          \""line\"": \""\"",\n          \""city\"": \""\"",\n          \""state\"": \""\"",\n          \""postalCode\"": \""\"",\n          \""country\"": \""\""\n        }\n      }\n    ],\n    \""immunization\"": []\n  }\n}""]"
sola-jsonish-rescue,"StructuredOutputAdapter(output_mode=JSONISH, prompt_layout=SECTIONS, parse_config=ParseConfig())",patient-notes-0022,ok,,3.0907476709980983,1,json_object,10,22,0.4545,False,name.given[0];name.prefix;age;gender;maritalStatus;primaryLanguage;address.line,name.given[1];practitioner[0].name;practitioner[0].address;allergy;immunization,allergy.substance[0].category;allergy.substance[0].manifestation;allergy.substance[0].name;immunization[0].occurrenceDate;immunization[0].status;immunization[0].traits;practitioner[0].address.city;practitioner[0].address.country;practitioner[0].address.line;practitioner[0].address.postalCode;practitioner[0].address.state;practitioner[0].name.family;practitioner[0].name.given;practitioner[0].name.prefix,1477,6,10,0.6,8,"[""{\n  \""patient_record\"": {\n    \""name\"": {\n      \""family\"": \""Osinski\"",\n      \""given\"": [\""Miyoko Jolynn\""],\n      \""prefix\"": null\n    },\n    \""age\"": 14,\n    \""gender\"": \""female\"",\n    \""birthDate\"": \""1971-04-26T00:00:00\"",\n    \""address\"": {\n      \""line\"": \""425 Heaney Corner, Southbridge, Massachusetts - 01550\"",\n      \""city\"": \""Southbridge\"",\n      \""state\"": \""Massachusetts\"",\n      \""postalCode\"": \""01550\"",\n      \""country\"": \""US\""\n    },\n    \""phone\"": null,\n    \""email\"": null,\n    \""maritalStatus\"": \""NeverMarried\"",\n    \""primaryLanguage\"": \""English\"",\n    \""allergy\"": {\n      \""substance\"": [\n        {\n          \""category\"": \""other\"",\n          \""name\"": null,\n          \""manifestation\"": null\n        }\n      ]\n    },\n    \""practitioner\"": [\n      {\n        \""name\"": {\n          \""family\"": \""Family Health Center of Worcester, Inc.\"",\n          \""given\"": [],\n          \""prefix\"": null\n        },\n        \""phone\"": null,\n        \""email\"": null,\n        \""address\"": {\n          \""line\"": null,\n          \""city\"": null,\n          \""state\"": null,\n          \""postalCode\"": null,\n          \""country\"": null\n        }\n      }\n    ],\n    \""immunization\"": [\n      {\n        \""traits\"": [],\n        \""status\"": null,\n        \""occurrenceDate\"": null\n      }\n    ]\n  }\n}""]"
sola-jsonish-rescue,"StructuredOutputAdapter(output_mode=JSONISH, prompt_layout=SECTIONS, parse_config=ParseConfig())",patient-notes-0023,validation_error,ValidationError,2.92462069899193,1,json_object,0,24,0.0,False,,address;age;allergy;birthDate;email;gender;immunization;maritalStatus;name.family;name.given[0];name.given[1];name.prefix;phone;practitioner[0].address.city;practitioner[0].address.country;practitioner[0].address.line;practitioner[0].address.postalCode;practitioner[0].address.state;practitioner[0].email;practitioner[0].name.family;practitioner[0].name.given[0];practitioner[0].name.prefix;practitioner[0].phone;primaryLanguage,,1580,0,15,0.0,0,"[""{\n  \""patient_record\"": {\n    \""name\"": {\n      \""family\"": \""McCullough\"",\n      \""given\"": [\""Colton\"", \""Tracey\""],\n      \""prefix\"": null\n    },\n    \""age\"": 61,\n    \""gender\"": \""male\"",\n    \""birthDate\"": \""1967-12-05T00:00:00\"",\n    \""address\"": {\n      \""line\"": \""881 Main Street\"",\n      \""city\"": \""Fitchburg\"",\n      \""state\"": \""MA\"",\n      \""postalCode\"": \""01420\"",\n      \""country\"": \""United States of America\""\n    },\n    \""phone\"": null,\n    \""email\"": null,\n    \""maritalStatus\"": \""NeverMarried\"",\n    \""primaryLanguage\"": \""English (United States)\"",\n    \""allergy\"": {\n      \""substance\"": [\n        {\n          \""category\"": \""other\"",\n          \""name\"": null,\n          \""manifestation\"": null\n        }\n      ]\n    },\n    \""practitioner\"": [\n      {\n        \""name\"": {\n          \""family\"": \""Reilly\"",\n          \""given\"": [\""Ted\""],\n          \""prefix\"": null\n        },\n        \""phone\"": null,\n        \""email\"": null,\n        \""address\"": {\n          \""line\"": \""881 Main Street\"",\n          \""city\"": \""Fitchburg\"",\n          \""state\"": \""MA\"",\n          \""postalCode\"": \""01420\"",\n          \""country\"": \""United States of America\""\n        }\n      }\n    ],\n    \""immunization\"": []\n  }\n}""]"
sola-jsonish-rescue,"StructuredOutputAdapter(output_mode=JSONISH, prompt_layout=SECTIONS, parse_config=ParseConfig())",patient-notes-0024,ok,,3.279430811002385,1,json_object,18,28,0.6429,False,name.family;name.prefix;age;maritalStatus;practitioner[0].name.family;practitioner[0].name.prefix;practitioner[0].address.line,name.given[1];practitioner[0].name.given[0];allergy,allergy.substance[0].category;allergy.substance[0].manifestation;allergy.substance[0].name;practitioner[0].name.given,1454,10,17,0.5882,3,"[""{\n  \""patient_record\"": {\n    \""name\"": {\n      \""family\"": \""Clair\"",\n      \""given\"": [\""Rogelio\""],\n      \""prefix\"": \""\""\n    },\n    \""age\"": 39,\n    \""gender\"": \""male\"",\n    \""birthDate\"": \""1986-10-04T00:00:00+01:00\"",\n    \""address\"": {\n      \""line\"": \""993 Hansen Highlands Apt 33\"",\n      \""city\"": \""Chicopee\"",\n      \""state\"": \""Massachusetts\"",\n      \""postalCode\"": \""01022\"",\n      \""country\"": \""US\""\n    },\n    \""phone\"": \""555-895-7574\"",\n    \""email\"": null,\n    \""maritalStatus\"": \""NeverMarried\"",\n    \""primaryLanguage\"": \""English (United States)\"",\n    \""allergy\"": {\n      \""substance\"": [\n        {\n          \""category\"": \""other\"",\n          \""name\"": null,\n          \""manifestation\"": null\n        }\n      ]\n    },\n    \""practitioner\"": [\n      {\n        \""name\"": {\n          \""family\"": \""RIVER'S EDGE PRIMARY CARE LLC\"",\n          \""given\"": [],\n          \""prefix\"": \""\""\n        },\n        \""phone\"": null,\n        \""email\"": null,\n        \""address\"": {\n          \""line\"": null,\n          \""city\"": null,\n          \""state\"": null,\n          \""postalCode\"": null,\n          \""country\"": null\n        }\n      }\n    ],\n    \""immunization\"": []\n  }\n}""]"
sola-jsonish-rescue,"StructuredOutputAdapter(output_mode=JSONISH, prompt_layout=SECTIONS, parse_config=ParseConfig())",patient-notes-0025,validation_error,ValidationError,4.05964854999911,1,json_object,0,15,0.0,False,,address;age;allergy;birthDate;email;gender;immunization;maritalStatus;name.family;name.given[0];name.given[1];name.prefix;phone;practitioner;primaryLanguage,,1340,0,5,0.0,0,"[""{\n  \""patient_record\"": {\n    \""name\"": {\n      \""family\"": \""Trantow\"",\n      \""given\"": [\""Frankie\""],\n      \""prefix\"": \""\""\n    },\n    \""age\"": 60,\n    \""gender\"": \""male\"",\n    \""birthDate\"": \""1967-12-05T00:00:00+00:00\"",\n    \""address\"": {\n      \""line\"": \""123 Main Street\"",\n      \""city\"": \""London\"",\n      \""state\"": \""England\"",\n      \""postalCode\"": \""SW1A 1AA\"",\n      \""country\"": \""United Kingdom\""\n    },\n    \""phone\"": \""\"",\n    \""email\"": \""\"",\n    \""maritalStatus\"": \""Married\"",\n    \""primaryLanguage\"": \""English\"",\n    \""allergy\"": {\n      \""substance\"": [\n        {\n          \""category\"": \""food\"",\n          \""name\"": \""none\""\n        }\n      ]\n    },\n    \""practitioner\"": [\n      {\n        \""name\"": {\n          \""family\"": \""\"",\n          \""given\"": [],\n          \""prefix\"": \""\""\n        },\n        \""phone\"": \""\"",\n        \""email\"": \""\"",\n        \""address\"": {\n          \""line\"": \""\"",\n          \""city\"": \""\"",\n          \""state\"": \""\"",\n          \""postalCode\"": \""\"",\n          \""country\"": \""\""\n        }\n      }\n    ],\n    \""immunization\"": []\n  }\n}""]"
sola-jsonish-rescue,"StructuredOutputAdapter(output_mode=JSONISH, prompt_layout=SECTIONS, parse_config=ParseConfig())",patient-notes-0026,ok,,3.9422927270061336,1,json_object,16,25,0.64,False,name.prefix;age;birthDate;phone;email;primaryLanguage;practitioner[0].phone;practitioner[0].address.city,practitioner[0].name,practitioner[0].name.family;practitioner[0].name.given[0];practitioner[0].name.prefix,1464,14,17,0.8235,6,"[""{\n  \""patient_record\"": {\n    \""name\"": {\n      \""family\"": \""Prosacco\"",\n      \""given\"": [\""Tanisha\""],\n      \""prefix\"": \""\""\n    },\n    \""age\"": 20,\n    \""gender\"": \""female\"",\n    \""birthDate\"": \""1981-04-12T00:00:00\"",\n    \""address\"": {\n      \""line\"": \""185 Heaney Gateway Unit 30\"",\n      \""city\"": \""Boston\"",\n      \""state\"": \""MA\"",\n      \""postalCode\"": \""02122\"",\n      \""country\"": \""US\""\n    },\n    \""phone\"": \""\"",\n    \""email\"": \""\"",\n    \""maritalStatus\"": \""NeverMarried\"",\n    \""primaryLanguage\"": \""\"",\n    \""allergy\"": {\n      \""substance\"": []\n    },\n    \""practitioner\"": [\n      {\n        \""name\"": {\n          \""family\"": \""Váldez\"",\n          \""given\"": [\""Samuel\""],\n          \""prefix\"": \""\""\n        },\n        \""phone\"": \""\"",\n        \""email\"": \""Samuel331.Valdés907@example.com\"",\n        \""address\"": {\n          \""line\"": \""8 SHIPWAY PL # C-8\"",\n          \""city\"": \""Charleston\"",\n          \""state\"": \""MA\"",\n          \""postalCode\"": \""021294301\"",\n          \""country\"": \""US\""\n        }\n      }\n    ],\n    \""immunization\"": []\n  }\n}""]"
sola-jsonish-rescue,"StructuredOutputAdapter(output_mode=JSONISH, prompt_layout=SECTIONS, parse_config=ParseConfig())",patient-notes-0027,validation_error,ValidationError,4.914339900016785,1,json_object,0,32,0.0,False,,address.city;address.country;address.line;address.postalCode;address.state;age;allergy;birthDate;email;gender;immunization[0].occurrenceDate;immunization[0].status;immunization[0].traits[0];immunization[1].occurrenceDate;immunization[1].status;immunization[1].traits[0];maritalStatus;name.family;name.given[0];name.prefix;phone;practitioner[0].address.city;practitioner[0].address.country;practitioner[0].address.line;practitioner[0].address.postalCode;practitioner[0].address.state;practitioner[0].email;practitioner[0].name.family;practitioner[0].name.given[0];practitioner[0].name.prefix;practitioner[0].phone;primaryLanguage,,1635,0,21,0.0,0,"[""{\n  \""patient_record\"": {\n    \""name\"": {\n      \""family\"": \""Beatty\"",\n      \""given\"": [\""Reginald\""],\n      \""prefix\"": null\n    },\n    \""age\"": 30,\n    \""gender\"": \""male\"",\n    \""birthDate\"": \""1993-04-12T09:01:01+02:00\"",\n    \""address\"": {\n      \""line\"": \""561 Russel Trace\"",\n      \""city\"": \""Salem\"",\n      \""state\"": \""MA\"",\n      \""postalCode\"": null,\n      \""country\"": \""US\""\n    },\n    \""phone\"": \""555-748-9279\"",\n    \""email\"": null,\n    \""maritalStatus\"": \""NeverMarried\"",\n    \""primaryLanguage\"": \""English\"",\n    \""allergy\"": {\n      \""substance\"": [\n        {\n          \""category\"": \""other\"",\n          \""name\"": null,\n          \""manifestation\"": null\n        }\n      ]\n    },\n    \""practitioner\"": [\n      {\n        \""name\"": {\n          \""family\"": \""Reynolds\"",\n          \""given\"": [],\n          \""prefix\"": null\n        },\n        \""phone\"": null,\n        \""email\"": null,\n        \""address\"": {\n          \""line\"": null,\n          \""city\"": null,\n          \""state\"": null,\n          \""postalCode\"": null,\n          \""country\"": null\n        }\n      }\n    ],\n    \""immunization\"": [\n      {\n        \""traits\"": [\n          \""influenza vaccine\""\n        ],\n        \""status\"": \""not confirmed\"",\n        \""occurrenceDate\"": \""2023-04-12T09:01:01+02:00\""\n      },\n      {\n        \""traits\"": [\n          \""DTaP vaccine\""\n        ],\n        \""status\"": \""not confirmed\"",\n        \""occurrenceDate\"": \""2018-10-03T09:16:01+02:00\""\n      }\n    ]\n  }\n}""]"
sola-jsonish-rescue,"StructuredOutputAdapter(output_mode=JSONISH, prompt_layout=SECTIONS, parse_config=ParseConfig())",patient-notes-0028,validation_error,ValidationError,4.639886183023918,1,json_object,0,24,0.0,False,,address;age;allergy;birthDate;email;gender;immunization;maritalStatus;name.family;name.given[0];name.given[1];name.prefix;phone;practitioner[0].address.city;practitioner[0].address.country;practitioner[0].address.line;practitioner[0].address.postalCode;practitioner[0].address.state;practitioner[0].email;practitioner[0].name.family;practitioner[0].name.given[0];practitioner[0].name.prefix;practitioner[0].phone;primaryLanguage,,1565,0,11,0.0,0,"[""{\n  \""patient_record\"": {\n    \""name\"": {\n      \""family\"": \""Haley\"",\n      \""given\"": [\""Hung\"", \""Armand\""],\n      \""prefix\"": \""Mr.\""\n    },\n    \""age\"": 35,\n    \""gender\"": \""male\"",\n    \""birthDate\"": \""1974-06-28T00:00:00+00:00\"",\n    \""address\"": {\n      \""line\"": \""123 Main Street\"",\n      \""city\"": \""Springfield\"",\n      \""state\"": \""IL\"",\n      \""postalCode\"": \""62704\"",\n      \""country\"": \""USA\""\n    },\n    \""phone\"": \""555-759-4749\"",\n    \""email\"": null,\n    \""maritalStatus\"": \""NeverMarried\"",\n    \""primaryLanguage\"": \""English\"",\n    \""allergy\"": {\n      \""substance\"": [\n        {\n          \""category\"": \""medication\"",\n          \""name\"": \""Aspirin\""\n        }\n      ]\n    },\n    \""practitioner\"": [\n      {\n        \""name\"": {\n          \""family\"": \""Kovacek\"",\n          \""given\"": [\""Waylon\""],\n          \""prefix\"": \""\""\n        },\n        \""phone\"": null,\n        \""email\"": null,\n        \""address\"": {\n          \""line\"": \""123 Main Street\"",\n          \""city\"": \""Springfield\"",\n          \""state\"": \""IL\"",\n          \""postalCode\"": \""62704\"",\n          \""country\"": \""USA\""\n        }\n      }\n    ],\n    \""immunization\"": [\n      {\n        \""traits\"": [\""Influenza Vaccine (Type 1)\"", \""Hepatitis B Vaccine\""],\n        \""status\"": \""completed\"",\n        \""occurrenceDate\"": \""2009-01-05T02:54:26+01:00\""\n      }\n    ]\n  }\n}""]"
sola-jsonish-rescue,"StructuredOutputAdapter(output_mode=JSONISH, prompt_layout=SECTIONS, parse_config=ParseConfig())",patient-notes-0029,validation_error,ValidationError,3.6796264380100183,1,json_object,0,15,0.0,False,,address;age;allergy;birthDate;email;gender;immunization;maritalStatus;name.family;name.given[0];name.given[1];name.prefix;phone;practitioner;primaryLanguage,,1509,0,7,0.0,0,"[""{\n  \""patient_record\"": {\n    \""name\"": {\n      \""family\"": \""Steuber\"",\n      \""given\"": [\""Coleman\"", \""Emanuel\""],\n      \""prefix\"": \""\""\n    },\n    \""age\"": 50,\n    \""gender\"": \""male\"",\n    \""birthDate\"": \""1969-03-24\"",\n    \""address\"": {\n      \""line\"": \""123 Main Street\"",\n      \""city\"": \""New York\"",\n      \""state\"": \""NY\"",\n      \""postalCode\"": \""10001\"",\n      \""country\"": \""USA\""\n    },\n    \""phone\"": \""555-477-9205\"",\n    \""email\"": \""\"",\n    \""maritalStatus\"": \""NeverMarried\"",\n    \""primaryLanguage\"": \""English (United States)\"",\n    \""allergy\"": {\n      \""substance\"": [\n        {\n          \""category\"": \""other\"",\n          \""name\"": \""\""\n        }\n      ]\n    },\n    \""practitioner\"": [\n      {\n        \""name\"": {\n          \""family\"": \""\"",\n          \""given\"": [],\n          \""prefix\"": \""\""\n        },\n        \""phone\"": \""\"",\n        \""email\"": \""\"",\n        \""address\"": {\n          \""line\"": \""\"",\n          \""city\"": \""\"",\n          \""state\"": \""\"",\n          \""postalCode\"": \""\"",\n          \""country\"": \""\""\n        }\n      }\n    ],\n    \""immunization\"": [\n      {\n        \""traits\"": [],\n        \""status\"": \""unknown\"",\n        \""occurrenceDate\"": \""\""\n      }\n    ]\n  }\n}""]"
sola-yaml-rescue,"StructuredOutputAdapter(output_mode=YAML, prompt_layout=SECTIONS, parse_config=ParseConfig())",patient-notes-0000,validation_error,ValidationError,2.749193886993453,1,none,0,19,0.0,False,,address.city;address.country;address.line;address.postalCode;address.state;age;allergy;birthDate;email;gender;immunization;maritalStatus;name.family;name.given[0];name.given[1];name.prefix;phone;practitioner;primaryLanguage,,1318,0,13,0.0,0,"[""{\n  \""patient_record\"": {\n    \""name\"": [\n      \""Rudolf\""\n    ],\n    \""given\"": [\n      \""Nolan\""\n    ],\n    \""prefix\"": null,\n    \""age\"": 58,\n    \""gender\"": \""male\"",\n    \""birthDate\"": \""1964-03-27\"",\n    \""address\"": {\n      \""line\"": \""983 Gutmann Burg\"",\n      \""city\"": \""Boston\"",\n      \""state\"": \""MA\"",\n      \""postalCode\"": \""02111\"",\n      \""country\"": \""US\""\n    },\n    \""phone\"": \""555-124-9334\"",\n    \""email\"": null,\n    \""maritalStatus\"": \""Married\"",\n    \""primaryLanguage\"": \""English (United States)\"",\n    \""allergy\"": {\n      \""substance\"": null,\n      \""- category\"": \""other\"",\n      \""name\"": null,\n      \""manifestation\"": null\n    },\n    \""practitioner\"": null,\n    \""immunization\"": [\n      {\n        \""traits\"": [\n          \""Diphtheria\""\n        ],\n        \""status\"": \""completed\"",\n        \""occurrenceDate\"": \""2018-06-15\""\n      },\n      {\n        \""traits\"": [\n          \""Hepatitis B\""\n        ],\n        \""status\"": \""unknown\"",\n        \""occurrenceDate\"": null\n      }\n    ]\n  }\n}""]"
sola-yaml-rescue,"StructuredOutputAdapter(output_mode=YAML, prompt_layout=SECTIONS, parse_config=ParseConfig())",patient-notes-0001,validation_error,ValidationError,2.61348746198928,1,none,0,19,0.0,False,,address.city;address.country;address.line;address.postalCode;address.state;age;allergy;birthDate;email;gender;immunization;maritalStatus;name.family;name.given[0];name.given[1];name.prefix;phone;practitioner;primaryLanguage,,1373,0,12,0.0,0,"[""{\n  \""patient_record\"": {\n    \""name\"": [\n      \""Hobert Armand Bashirian\""\n    ],\n    \""family\"": null,\n    \""given\"": [],\n    \""prefix\"": null,\n    \""age\"": 39,\n    \""gender\"": \""male\"",\n    \""birthDate\"": \""1988-11-12T00:38:00+01:00\"",\n    \""address\"": {\n      \""line\"": \""767 Windler Well\"",\n      \""city\"": \""Easthampton\"",\n      \""state\"": \""Massachusetts\"",\n      \""postalCode\"": \""01027\"",\n      \""country\"": \""US\""\n    },\n    \""phone\"": null,\n    \""email\"": null,\n    \""maritalStatus\"": \""Widowed\"",\n    \""primaryLanguage\"": \""English\"",\n    \""allergy\"": {\n      \""substance\"": null,\n      \""- category\"": \""other\"",\n      \""name\"": null,\n      \""manifestation\"": null\n    },\n    \""practitioner\"": null,\n    \""immunization\"": [\n      {\n        \""traits\"": [\n          \""Health questionnaire\""\n        ],\n        \""status\"": \""completed\"",\n        \""occurrenceDate\"": \""2023-02-11T02:48:00+01:00\""\n      }\n    ]\n  }\n}""]"
sola-yaml-rescue,"StructuredOutputAdapter(output_mode=YAML, prompt_layout=SECTIONS, parse_config=ParseConfig())",patient-notes-0002,validation_error,ValidationError,2.6086561660049483,1,none,0,21,0.0,False,,address.city;address.country;address.line;address.postalCode;address.state;age;allergy;birthDate;email;gender;immunization[0].occurrenceDate;immunization[0].status;immunization[0].traits[0];maritalStatus;name.family;name.given[0];name.given[1];name.prefix;phone;practitioner;primaryLanguage,,1291,0,14,0.0,0,"[""{\n  \""patient_record\"": {\n    \""name\"": [\n      \""Sonia María Bañuelos\""\n    ],\n    \""age\"": 30,\n    \""gender\"": \""female\"",\n    \""birthDate\"": \""1993-05-12T00:00:00+00:00\"",\n    \""address\"": {\n      \""line\"": \""130 Rempel Vale\"",\n      \""city\"": \""Boston\"",\n      \""state\"": \""Massachusetts\"",\n      \""postalCode\"": \""02111\"",\n      \""country\"": \""US\""\n    },\n    \""primaryLanguage\"": \""Spanish\"",\n    \""allergy\"": [\n      {\n        \""substance\"": \""influenza vaccine\"",\n        \""category\"": \""medication\"",\n        \""name\"": null,\n        \""manifestation\"": null\n      }\n    ],\n    \""practitioner\"": null,\n    \""immunization\"": [\n      {\n        \""traits\"": [\n          \""injectable\"",\n          \""preservative-free\"",\n          \""seasonal influenza vaccine\""\n        ],\n        \""status\"": \""completed\"",\n        \""occurrenceDate\"": \""2013-12-24T16:59:45+00:00\""\n      }\n    ]\n  }\n}""]"
sola-yaml-rescue,"StructuredOutputAdapter(output_mode=YAML, prompt_layout=SECTIONS, parse_config=ParseConfig())",patient-notes-0003,validation_error,ValidationError,2.6318997839989606,1,none,0,19,0.0,False,,address.city;address.country;address.line;address.postalCode;address.state;age;allergy;birthDate;email;gender;immunization;maritalStatus;name.family;name.given[0];name.given[1];name.prefix;phone;practitioner;primaryLanguage,,1619,0,12,0.0,0,"[""{\n  \""patient_record\"": {\n    \""name\"": [\n      \""Asa\"",\n      \""Sherman\"",\n      \""Nolan\""\n    ],\n    \""family\"": \""Nolan\"",\n    \""given\"": [\""Asa\""],\n    \""prefix\"": \""\"",\n    \""age\"": 19,\n    \""gender\"": \""male\"",\n    \""birthDate\"": \""1945-05-06\"",\n    \""address\"": [\n      {\n        \""line\"": \""698 Kunde Spur\"",\n        \""city\"": \""Dedham\"",\n        \""state\"": \""Massachusetts\"",\n        \""postalCode\"": \""02026\"",\n        \""country\"": \""US\""\n      }\n    ],\n    \""phone\"": \""555-216-4130\"",\n    \""email\"": null,\n    \""maritalStatus\"": \""Single\"",\n    \""primaryLanguage\"": \""English (United States)\"",\n    \""allergy\"": [\n      {\n        \""substance\"": \""none\"",\n        \""category\"": \""other\"",\n        \""name\"": null,\n        \""manifestation\"": null\n      }\n    ],\n    \""practitioner\"": null,\n    \""immunization\"": [\n      {\n        \""traits\"": [\n          \""None\""\n        ],\n        \""status\"": \""completed\"",\n        \""occurrenceDate\"": null\n      }\n    ]\n  }\n}""]"
sola-yaml-rescue,"StructuredOutputAdapter(output_mode=YAML, prompt_layout=SECTIONS, parse_config=ParseConfig())",patient-notes-0004,validation_error,ValidationError,2.1336595919856336,1,none,0,18,0.0,False,,address.city;address.country;address.line;address.postalCode;address.state;age;allergy;birthDate;email;gender;immunization;maritalStatus;name.family;name.given[0];name.prefix;phone;practitioner;primaryLanguage,,1450,0,12,0.0,0,"[""{\n  \""patient_record\"": {\n    \""name\"": [\n      \""Mrs. Shanon Wolff\"",\n      \""previously known as Mrs. Shanon Gerlach\""\n    ],\n    \""age\"": 40,\n    \""gender\"": \""female\"",\n    \""birthDate\"": \""1992-01-22T00:00:00\"",\n    \""address\"": [\n      {\n        \""line\"": \""237 Koelpin Lane\"",\n        \""city\"": \""Lynn\"",\n        \""state\"": \""Massachusetts\"",\n        \""postalCode\"": \""01902\"",\n        \""country\"": \""United States\""\n      }\n    ],\n    \""phone\"": \""555-908-5677\"",\n    \""email\"": null,\n    \""maritalStatus\"": \""NeverMarried\"",\n    \""primaryLanguage\"": \""English (United States)\"",\n    \""allergy\"": [\n      {\n        \""substance\"": \""Triglycerides\"",\n        \""category\"": \""medication\""\n      }\n    ],\n    \""practitioner\"": null,\n    \""immunization\"": []\n  }\n}""]"
sola-yaml-rescue,"StructuredOutputAdapter(output_mode=YAML, prompt_layout=SECTIONS, parse_config=ParseConfig())",patient-notes-0005,validation_error,ValidationError,2.8364197759947274,1,none,0,17,0.0,False,,address;age;allergy.substance[0].category;allergy.substance[0].manifestation;allergy.substance[0].name;birthDate;email;gender;immunization;maritalStatus;name.family;name.given[0];name.given[1];name.prefix;phone;practitioner;primaryLanguage,,1343,0,8,0.0,0,"[""{\n  \""patient_record\"": {\n    \""name\"": [\n      \""Vince Maria Bergnaum\""\n    ],\n    \""age\"": 51,\n    \""gender\"": \""male\"",\n    \""birthDate\"": \""1978-09-30T00:00:00\"",\n    \""address\"": {\n      \""line\"": \""123 Main Street\"",\n      \""city\"": \""New York\"",\n      \""state\"": \""NY\"",\n      \""postalCode\"": \""10001\"",\n      \""country\"": \""US\""\n    },\n    \""phone\"": \""+1-555-123-4567\"",\n    \""email\"": \""vince.bergnaum@example.com\"",\n    \""maritalStatus\"": \""Married\"",\n    \""primaryLanguage\"": \""English\"",\n    \""allergy\"": {\n      \""substance\"": \""pollen\"",\n      \""category\"": \""environment\"",\n      \""name\"": \""tree pollen\""\n    },\n    \""practitioner\"": null,\n    \""immunization\"": [\n      {\n        \""traits\"": [\n          \""Inactivated Polio Vaccine (IPV)\"",\n          \""Diphtheria-Tetanus-Pertussis (DTaP)\"",\n          \""Hepatitis B Vaccine\"",\n          \""Varicella-Zoster Virus (Chickenpox) Vaccine\""\n        ],\n        \""status\"": \""completed\"",\n        \""occurrenceDate\"": \""1985-06-15T00:00:00\""\n      }\n    ]\n  }\n}""]"
sola-yaml-rescue,"StructuredOutputAdapter(output_mode=YAML, prompt_layout=SECTIONS, parse_config=ParseConfig())",patient-notes-0006,validation_error,ValidationError,2.9366916090075392,1,none,0,19,0.0,False,,address.city;address.country;address.line;address.postalCode;address.state;age;allergy;birthDate;email;gender;immunization;maritalStatus;name.family;name.given[0];name.given[1];name.prefix;phone;practitioner;primaryLanguage,,1321,0,9,0.0,0,"[""{\n  \""patient_record\"": {\n    \""name\"": [\n      \""Reynolds\"",\n      \""Sheldon Alfonso\""\n    ],\n    \""family\"": \""Alfonso\"",\n    \""given\"": [\""Reynolds\""],\n    \""prefix\"": null,\n    \""age\"": 65,\n    \""gender\"": \""male\"",\n    \""birthDate\"": \""1949-08-23T00:00:00+00:00\"",\n    \""address\"": {\n      \""line\"": \""541 Ortiz Rue\"",\n      \""city\"": \""West Wareham\"",\n      \""state\"": \""MA\"",\n      \""postalCode\"": \""02576\"",\n      \""country\"": \""US\""\n    },\n    \""phone\"": null,\n    \""email\"": null,\n    \""maritalStatus\"": \""NeverMarried\"",\n    \""primaryLanguage\"": null,\n    \""allergy\"": {\n      \""substance\"": null,\n      \""- category\"": \""other\"",\n      \""name\"": null,\n      \""manifestation\"": null\n    },\n    \""practitioner\"": {\n      \""name\"": null,\n      \""family\"": null,\n      \""given\"": [],\n      \""prefix\"": null,\n      \""phone\"": null,\n      \""email\"": null,\n      \""address\"": null\n    },\n    \""immunization\"": [\n      {\n        \""traits\"": [\n          \""None\""\n        ],\n        \""status\"": \""unknown\"",\n        \""occurrenceDate\"": null\n      }\n    ]\n  }\n}""]"
sola-yaml-rescue,"StructuredOutputAdapter(output_mode=YAML, prompt_layout=SECTIONS, parse_config=ParseConfig())",patient-notes-0007,validation_error,ValidationError,3.4150471440225374,1,none,0,24,0.0,False,,address.city;address.country;address.line;address.postalCode;address.state;age;allergy;birthDate;email;gender;immunization;maritalStatus;name.family;name.given[0];name.given[1];name.prefix;phone;practitioner[0].address;practitioner[0].email;practitioner[0].name.family;practitioner[0].name.given[0];practitioner[0].name.prefix;practitioner[0].phone;primaryLanguage,,1494,0,18,0.0,0,"[""{\n  \""patient_record\"": {\n    \""name\"": [\n      \""Gail\"",\n      \""Scarlet\""\n    ],\n    \""family\"": \""Hahn\"",\n    \""given\"": [],\n    \""prefix\"": \""\"",\n    \""age\"": 40,\n    \""gender\"": \""female\"",\n    \""birthDate\"": \""2004-10-13T00:00:00\"",\n    \""address\"": [\n      {\n        \""line\"": \""103 Murazik Flat Apt 19\"",\n        \""city\"": \""Cohasset\"",\n        \""state\"": \""Massachusetts\"",\n        \""postalCode\"": \""028654\"",\n        \""country\"": \""US\""\n      }\n    ],\n    \""phone\"": \""555-402-1978\"",\n    \""email\"": \""\"",\n    \""maritalStatus\"": \""NeverMarried\"",\n    \""primaryLanguage\"": \""English\"",\n    \""allergy\"": [\n      {\n        \""substance\"": \""none\"",\n        \""category\"": \""other\"",\n        \""name\"": null,\n        \""manifestation\"": null\n      }\n    ],\n    \""practitioner\"": {\n      \""name\"": \""Dr. Jon Keeling\"",\n      \""family\"": \""\"",\n      \""given\"": [],\n      \""prefix\"": \""\"",\n      \""phone\"": \""555-402-1978\"",\n      \""email\"": \""Jon665.Keeling57@example.com\"",\n      \""address\"": {\n        \""line\"": \""\"",\n        \""city\"": \""\"",\n        \""state\"": \""\"",\n        \""postalCode\"": \""\"",\n        \""country\"": \""US\""\n      }\n    },\n    \""immunization\"": [\n      {\n        \""traits\"": [],\n        \""status\"": null,\n        \""occurrenceDate\"": null\n      }\n    ]\n  }\n}""]"
sola-yaml-rescue,"StructuredOutputAdapter(output_mode=YAML, prompt_layout=SECTIONS, parse_config=ParseConfig())",patient-notes-0008,validation_error,ValidationError,4.063478213007329,1,none,0,20,0.0,False,,address;age;allergy;birthDate;email;gender;immunization;maritalStatus;name.family;name.given[0];name.given[1];name.prefix;phone;practitioner[0].address;practitioner[0].email;practitioner[0].name.family;practitioner[0].name.given[0];practitioner[0].name.prefix;practitioner[0].phone;primaryLanguage,,1570,0,8,0.0,0,"[""{\n  \""patient_record\"": {\n    \""name\"": [\n      \""Vicente Francisco Ornelas\""\n    ],\n    \""age\"": 58,\n    \""gender\"": \""male\"",\n    \""birthDate\"": \""1962-03-15T00:00:00.000Z\"",\n    \""address\"": {\n      \""line\"": \""123 Main Street\"",\n      \""city\"": \""San Francisco\"",\n      \""state\"": \""CA\"",\n      \""postalCode\"": \""94102\"",\n      \""country\"": \""US\""\n    },\n    \""phone\"": \""+1-415-555-0123\"",\n    \""email\"": \""vicente.ornelas@example.com\"",\n    \""maritalStatus\"": \""Married\"",\n    \""primaryLanguage\"": \""English\"",\n    \""allergy\"": {\n      \""substance\"": \""none\"",\n      \""- category\"": \""other\"",\n      \""name\"": null,\n      \""manifestation\"": null\n    },\n    \""practitioner\"": [\n      {\n        \""name\"": [\n          \""Dr. Eldora Langosh\""\n        ],\n        \""family\"": null,\n        \""given\"": [],\n        \""prefix\"": null,\n        \""phone\"": \""+1-415-555-0987\"",\n        \""email\"": \""eldora89.langosh790@example.com\"",\n        \""address\"": {\n          \""line\"": \""456 Medical Lane\"",\n          \""city\"": \""San Francisco\"",\n          \""state\"": \""CA\"",\n          \""postalCode\"": \""94102\"",\n          \""country\"": \""US\""\n        }\n      }\n    ],\n    \""immunization\"": [\n      {\n        \""traits\"": [\n          \""DPT-3\"",\n          \""Hepatitis B Vaccine\"",\n          \""MMR\"",\n          \""Varicella Zoster Virus (Shingles) Vaccine\""\n        ],\n        \""status\"": \""completed\"",\n        \""occurrenceDate\"": \""2015-06-15T00:00:00.000Z\""\n      }\n    ]\n  }\n}""]"
sola-yaml-rescue,"StructuredOutputAdapter(output_mode=YAML, prompt_layout=SECTIONS, parse_config=ParseConfig())",patient-notes-0009,validation_error,ValidationError,3.1026762240217067,1,none,0,24,0.0,False,,address.city;address.country;address.line;address.postalCode;address.state;age;allergy;birthDate;email;gender;immunization;maritalStatus;name.family;name.given[0];name.given[1];name.prefix;phone;practitioner[0].address;practitioner[0].email;practitioner[0].name.family;practitioner[0].name.given[0];practitioner[0].name.prefix;practitioner[0].phone;primaryLanguage,,1386,0,13,0.0,0,"[""{\n  \""patient_record\"": {\n    \""name\"": [\n      \""Leuschke\"",\n      \""Helen\""\n    ],\n    \""family\"": \""Man Nikolaus\"",\n    \""given\"": [],\n    \""prefix\"": \""\"",\n    \""age\"": 48,\n    \""gender\"": \""female\"",\n    \""birthDate\"": \""1977-05-14\"",\n    \""address\"": {\n      \""line\"": \""1073 Gutmann Forge\"",\n      \""city\"": \""Worcester\"",\n      \""state\"": \""Massachusetts\"",\n      \""postalCode\"": \""01602\"",\n      \""country\"": \""US\""\n    },\n    \""phone\"": \""\"",\n    \""email\"": \""\"",\n    \""maritalStatus\"": \""NeverMarried\"",\n    \""primaryLanguage\"": \""\"",\n    \""allergy\"": [\n      {\n        \""substance\"": \""none\"",\n        \""category\"": \""other\"",\n        \""name\"": null,\n        \""manifestation\"": null\n      }\n    ],\n    \""practitioner\"": {\n      \""name\"": \""Dr. Nathanael Rogahn\"",\n      \""family\"": \""\"",\n      \""given\"": [],\n      \""prefix\"": \""\"",\n      \""phone\"": \""\"",\n      \""email\"": \""\"",\n      \""address\"": {\n        \""line\"": \""\"",\n        \""city\"": \""\"",\n        \""state\"": \""\"",\n        \""postalCode\"": \""\"",\n        \""country\"": \""US\""\n      }\n    },\n    \""immunization\"": [\n      {\n        \""traits\"": [],\n        \""status\"": \""completed\"",\n        \""occurrenceDate\"": null\n      }\n    ]\n  }\n}""]"
sola-yaml-rescue,"StructuredOutputAdapter(output_mode=YAML, prompt_layout=SECTIONS, parse_config=ParseConfig())",patient-notes-0010,validation_error,ValidationError,2.897677791013848,1,none,0,15,0.0,False,,address;age;allergy;birthDate;email;gender;immunization;maritalStatus;name.family;name.given[0];name.given[1];name.prefix;phone;practitioner;primaryLanguage,,1408,0,7,0.0,0,"[""{\n  \""patient_record\"": {\n    \""name\"": [\n      \""Adolph\"",\n      \""Freman\"",\n      \""Morissette\""\n    ],\n    \""age\"": 100,\n    \""gender\"": \""male\"",\n    \""birthDate\"": \""1919-06-01T10:10:00+00:00\"",\n    \""address\"": {\n      \""line\"": \""555-122-9838\"",\n      \""city\"": \""New York\"",\n      \""state\"": \""NY\"",\n      \""postalCode\"": \""10001\"",\n      \""country\"": \""US\""\n    },\n    \""phone\"": \""555-122-9838\"",\n    \""email\"": null,\n    \""maritalStatus\"": \""Married\"",\n    \""primaryLanguage\"": null,\n    \""allergy\"": [\n      {\n        \""substance\"": \""medication\"",\n        \""category\"": \""other\""\n      }\n    ],\n    \""practitioner\"": null,\n    \""immunization\"": [\n      {\n        \""traits\"": [\n          \""Heart condition: Myocardial infarction (heart attack)\""\n        ],\n        \""status\"": \""completed\"",\n        \""occurrenceDate\"": \""1919-06-01T10:10:00+00:00\""\n      }\n    ]\n  }\n}""]"
sola-yaml-rescue,"StructuredOutputAdapter(output_mode=YAML, prompt_layout=SECTIONS, parse_config=ParseConfig())",patient-notes-0011,validation_error,ValidationError,3.4527139290003106,1,none,0,14,0.0,False,,address;age;allergy;birthDate;email;gender;immunization;maritalStatus;name.family;name.given[0];name.prefix;phone;practitioner;primaryLanguage,,1200,0,6,0.0,0,"[""{\n  \""patient_record\"": {\n    \""name\"": [\n      \""Nohemi Ziemann\""\n    ],\n    \""family\"": \""Ziemann\"",\n    \""given\"": [\""Nohemi\""],\n    \""prefix\"": null,\n    \""age\"": 40,\n    \""gender\"": \""female\"",\n    \""birthDate\"": \""1984-02-13T00:00:00\"",\n    \""address\"": {\n      \""line\"": \""555-741-9833\"",\n      \""city\"": \""Unknown\"",\n      \""state\"": \""Unknown\"",\n      \""postalCode\"": \""Unknown\"",\n      \""country\"": \""US\""\n    },\n    \""phone\"": \""555-741-9833\"",\n    \""email\"": null,\n    \""maritalStatus\"": \""Married\"",\n    \""primaryLanguage\"": null,\n    \""allergy\"": {\n      \""substance\"": null,\n      \""- category\"": \""environment\"",\n      \""- name\"": null,\n      \""- manifestation\"": null\n    },\n    \""practitioner\"": null,\n    \""immunization\"": [\n      {\n        \""traits\"": [],\n        \""status\"": \""completed\""\n      }\n    ]\n  }\n}""]"
sola-yaml-rescue,"StructuredOutputAdapter(output_mode=YAML, prompt_layout=SECTIONS, parse_config=ParseConfig())",patient-notes-0012,validation_error,ValidationError,4.773241933988174,1,none,0,26,0.0,False,,address.city;address.country;address.line;address.postalCode;address.state;age;allergy;birthDate;email;gender;immunization[0].occurrenceDate;immunization[0].status;immunization[0].traits[0];maritalStatus;name.family;name.given[0];name.given[1];name.prefix;phone;practitioner[0].address;practitioner[0].email;practitioner[0].name.family;practitioner[0].name.given[0];practitioner[0].name.prefix;practitioner[0].phone;primaryLanguage,,1445,0,16,0.0,0,"[""{\n  \""patient_record\"": {\n    \""name\"": [\n      \""Vito Horacio Hansen\""\n    ],\n    \""family\"": \""Hansen\"",\n    \""given\"": [\""Vito\"", \""Horacio\""],\n    \""prefix\"": \""\"",\n    \""age\"": 65,\n    \""gender\"": \""male\"",\n    \""birthDate\"": \""1957-07-24T00:00:00\"",\n    \""address\"": {\n      \""line\"": \""191 Cruickshank Street Unit 54\"",\n      \""city\"": \""Taunton\"",\n      \""state\"": \""MA\"",\n      \""postalCode\"": \""02780\"",\n      \""country\"": \""US\""\n    },\n    \""phone\"": \""\"",\n    \""email\"": \""\"",\n    \""maritalStatus\"": \""NeverMarried\"",\n    \""primaryLanguage\"": \""English\"",\n    \""allergy\"": {\n      \""substance\"": null,\n      \""- category\"": \""other\"",\n      \""name\"": null,\n      \""manifestation\"": null\n    },\n    \""practitioner\"": [\n      {\n        \""name\"": \""Dr. Wes King\"",\n        \""family\"": \""\"",\n        \""given\"": [],\n        \""prefix\"": \""\"",\n        \""phone\"": \""\"",\n        \""email\"": \""\"",\n        \""address\"": {\n          \""line\"": \""\"",\n          \""city\"": \""\"",\n          \""state\"": \""\"",\n          \""postalCode\"": \""\"",\n          \""country\"": \""\""\n        }\n      }\n    ],\n    \""immunization\"": [\n      {\n        \""traits\"": [\n          \""seasonal influenza vaccine\"",\n          \""injectable\"",\n          \""preservative free variant\""\n        ],\n        \""status\"": \""completed\"",\n        \""occurrenceDate\"": \""2022-07-24T00:00:00\""\n      }\n    ]\n  }\n}""]"
sola-yaml-rescue,"StructuredOutputAdapter(output_mode=YAML, prompt_layout=SECTIONS, parse_config=ParseConfig())",patient-notes-0013,validation_error,ValidationError,4.303694698988693,1,none,0,23,0.0,False,,address;age;allergy;birthDate;email;gender;immunization;maritalStatus;name.family;name.given[0];name.prefix;phone;practitioner[0].address.city;practitioner[0].address.country;practitioner[0].address.line;practitioner[0].address.postalCode;practitioner[0].address.state;practitioner[0].email;practitioner[0].name.family;practitioner[0].name.given[0];practitioner[0].name.prefix;practitioner[0].phone;primaryLanguage,,1649,0,12,0.0,0,"[""{\n  \""patient_record\"": {\n    \""name\"": [\n      \""Angla Stiedemann\""\n    ],\n    \""family\"": \""Stiedemann\"",\n    \""given\"": [],\n    \""prefix\"": \""\"",\n    \""age\"": 36,\n    \""gender\"": \""female\"",\n    \""birthDate\"": \""1986-01-02T00:00:00\"",\n    \""address\"": {\n      \""line\"": \""555-575-5625\"",\n      \""city\"": \""\"",\n      \""state\"": \""\"",\n      \""postalCode\"": \""\"",\n      \""country\"": \""\""\n    },\n    \""phone\"": \""555-575-5625\"",\n    \""email\"": \""\"",\n    \""maritalStatus\"": \""Married\"",\n    \""primaryLanguage\"": \""English\"",\n    \""allergy\"": {\n      \""substance\"": \""\"",\n      \""- category\"": \""other\"",\n      \""name\"": \""\"",\n      \""manifestation\"": \""\""\n    },\n    \""practitioner\"": [\n      {\n        \""name\"": \""Dr. Houston Funk\"",\n        \""family\"": \""\"",\n        \""given\"": [],\n        \""prefix\"": \""\"",\n        \""phone\"": \""\"",\n        \""email\"": \""\"",\n        \""address\"": {\n          \""line\"": \""\"",\n          \""city\"": \""\"",\n          \""state\"": \""\"",\n          \""postalCode\"": \""\"",\n          \""country\"": \""\""\n        }\n      }\n    ],\n    \""immunization\"": [\n      {\n        \""traits\"": [],\n        \""status\"": \""\"",\n        \""occurrenceDate\"": \""\""\n      }\n    ]\n  }\n}""]"
sola-yaml-rescue,"StructuredOutputAdapter(output_mode=YAML, prompt_layout=SECTIONS, parse_config=ParseConfig())",patient-notes-0014,validation_error,ValidationError,4.458649454987608,1,none,0,22,0.0,False,,address.city;address.country;address.line;address.postalCode;address.state;age;allergy;birthDate;email;gender;immunization;maritalStatus;name.family;name.given[0];name.given[1];name.prefix;phone;practitioner[0].address;practitioner[0].email;practitioner[0].name;practitioner[0].phone;primaryLanguage,,1440,0,8,0.0,0,"[""{\n  \""patient_record\"": {\n    \""name\"": [\n      \""Myles Chadwick Crona\""\n    ],\n    \""family\"": \""Chadwick\"",\n    \""given\"": [\""Crona\""],\n    \""prefix\"": null,\n    \""age\"": 45,\n    \""gender\"": \""male\"",\n    \""birthDate\"": \""1978-04-26T05:00:45+02:00\"",\n    \""address\"": {\n      \""line\"": \""300 Ebert Burg\"",\n      \""city\"": \""Boston\"",\n      \""state\"": \""MA\"",\n      \""postalCode\"": \""02116\"",\n      \""country\"": \""US\""\n    },\n    \""phone\"": null,\n    \""email\"": null,\n    \""maritalStatus\"": \""NeverMarried\"",\n    \""primaryLanguage\"": null,\n    \""allergy\"": {\n      \""substance\"": null,\n      \""- category\"": \""other\"",\n      \""name\"": null,\n      \""manifestation\"": null\n    },\n    \""practitioner\"": {\n      \""name\"": [\n        \""Dr. Solomon Carter Fuller\""\n      ],\n      \""family\"": null,\n      \""given\"": [],\n      \""prefix\"": null,\n      \""phone\"": null,\n      \""email\"": null,\n      \""address\"": {\n        \""line\"": \""1000 DR SOLOMON CARTER FULLER MENTAL HEALTH CENTER\"",\n        \""city\"": \""Boston\"",\n        \""state\"": \""MA\"",\n        \""postalCode\"": \""02116\"",\n        \""country\"": \""US\""\n      }\n    },\n    \""immunization\"": [\n      {\n        \""traits\"": [\n          \""None\""\n        ],\n        \""status\"": null,\n        \""occurrenceDate\"": null\n      }\n    ]\n  }\n}""]"
sola-yaml-rescue,"StructuredOutputAdapter(output_mode=YAML, prompt_layout=SECTIONS, parse_config=ParseConfig())",patient-notes-0015,validation_error,ValidationError,3.6567987999878824,1,none,0,17,0.0,False,,address;age;allergy;birthDate;email;gender;immunization[0].occurrenceDate;immunization[0].status;immunization[0].traits[0];maritalStatus;name.family;name.given[0];name.given[1];name.prefix;phone;practitioner;primaryLanguage,,1300,0,8,0.0,0,"[""{\n  \""patient_record\"": {\n    \""name\"": [\n      \""Monty\"",\n      \""Quinton\"",\n      \""Wehner\""\n    ],\n    \""age\"": 65,\n    \""gender\"": \""male\"",\n    \""birthDate\"": \""1948-03-12T12:00:00+01:00\"",\n    \""address\"": {\n      \""line\"": \""123 Main Street\"",\n      \""city\"": \""New York\"",\n      \""state\"": \""NY\"",\n      \""postalCode\"": \""10001\"",\n      \""country\"": \""US\""\n    },\n    \""phone\"": \""+1-555-123-4567\"",\n    \""email\"": \""monty.wehner@example.com\"",\n    \""maritalStatus\"": \""Married\"",\n    \""primaryLanguage\"": \""English\"",\n    \""allergy\"": [\n      {\n        \""substance\"": \""influenza vaccine\"",\n        \""category\"": \""medication\"",\n        \""name\"": \""Seasonal influenza injectable\""\n      }\n    ],\n    \""practitioner\"": null,\n    \""immunization\"": [\n      {\n        \""traits\"": [\n          \""Influenza vaccine administered\""\n        ],\n        \""status\"": \""completed\"",\n        \""occurrenceDate\"": \""2014-01-06T11:47:38+01:00\""\n      }\n    ]\n  }\n}""]"
sola-yaml-rescue,"StructuredOutputAdapter(output_mode=YAML, prompt_layout=SECTIONS, parse_config=ParseConfig())",patient-notes-0016,validation_error,ValidationError,3.8983886069909204,1,none,0,20,0.0,False,,address;age;allergy;birthDate;email;gender;immunization;maritalStatus;name.family;name.given[0];name.given[1];name.prefix;phone;practitioner[0].address;practitioner[0].email;practitioner[0].name.family;practitioner[0].name.given[0];practitioner[0].name.prefix;practitioner[0].phone;primaryLanguage,,1372,0,9,0.0,0,"[""```json\n{\n  \""patient_record\"": {\n    \""name\"": [\n      \""Lianne Rebecca Baumbach\""\n    ],\n    \""age\"": 19,\n    \""gender\"": \""female\"",\n    \""birthDate\"": \""2003-07-23T00:00:00+02:00\"",\n    \""address\"": {\n      \""line\"": \""555-768-8866\"",\n      \""city\"": \""Unknown\"",\n      \""state\"": \""Unknown\"",\n      \""postalCode\"": \""Unknown\"",\n      \""country\"": \""US\""\n    },\n    \""phone\"": \""555-768-8866\"",\n    \""email\"": \""unknown@example.com\"",\n    \""maritalStatus\"": \""NeverMarried\"",\n    \""primaryLanguage\"": \""English\"",\n    \""allergy\"": null,\n    \""practitioner\"": {\n      \""name\"": \""Dr. Sulema Ryan\"",\n      \""family\"": \""Ryan\"",\n      \""given\"": [],\n      \""prefix\"": \""\"",\n      \""phone\"": \""555-768-8866\"",\n      \""email\"": \""unknown@example.com\"",\n      \""address\"": {\n        \""line\"": \""Unknown\"",\n        \""city\"": \""Unknown\"",\n        \""state\"": \""Unknown\"",\n        \""postalCode\"": \""Unknown\"",\n        \""country\"": \""US\""\n      }\n    },\n    \""immunization\"": [\n      {\n        \""traits\"": [\n          \""Routine check-up on October 12, 2022 starting at 21:06:46 and ending at 21:24:59 (timezone +02:00)\""\n        ],\n        \""status\"": \""completed\""\n      }\n    ]\n  }\n}\n```""]"
sola-yaml-rescue,"StructuredOutputAdapter(output_mode=YAML, prompt_layout=SECTIONS, parse_config=ParseConfig())",patient-notes-0017,validation_error,ValidationError,2.2100425719982013,1,none,0,15,0.0,False,,address;age;allergy;birthDate;email;gender;immunization;maritalStatus;name.family;name.given[0];name.given[1];name.prefix;phone;practitioner;primaryLanguage,,1164,0,7,0.0,0,"[""{\n  \""patient_record\"": {\n    \""name\"": [\n      \""Cassi\"",\n      \""Bailey\""\n    ],\n    \""family\"": \""Mohr\"",\n    \""given\"": [],\n    \""prefix\"": \""\"",\n    \""age\"": 45,\n    \""gender\"": \""female\"",\n    \""birthDate\"": \""1978-03-15T00:00:00.000Z\"",\n    \""address\"": {\n      \""line\"": \""123 Main Street\"",\n      \""city\"": \""New York\"",\n      \""state\"": \""NY\"",\n      \""postalCode\"": \""10001\"",\n      \""country\"": \""US\""\n    },\n    \""phone\"": \""\"",\n    \""email\"": \""\"",\n    \""maritalStatus\"": \""Married\"",\n    \""primaryLanguage\"": \""English\"",\n    \""allergy\"": [\n      {\n        \""substance\"": \""none\"",\n        \""category\"": \""other\"",\n        \""name\"": null,\n        \""manifestation\"": null\n      }\n    ],\n    \""practitioner\"": \""\"",\n    \""immunization\"": []\n  }\n}""]"
sola-yaml-rescue,"StructuredOutputAdapter(output_mode=YAML, prompt_layout=SECTIONS, parse_config=ParseConfig())",patient-notes-0018,validation_error,ValidationError,3.374649812001735,1,none,0,15,0.0,False,,address;age;allergy;birthDate;email;gender;immunization;maritalStatus;name.family;name.given[0];name.given[1];name.prefix;phone;practitioner;primaryLanguage,,1417,0,4,0.0,0,"[""```json\n{\n  \""patient_record\"": {\n    \""name\"": [\n      \""Marlon\"",\n      \""Brady\"",\n      \""Ziemann\""\n    ],\n    \""family\"": null,\n    \""given\"": [],\n    \""prefix\"": null,\n    \""age\"": 45,\n    \""gender\"": \""male\"",\n    \""birthDate\"": \""1983-02-25T21:59:36+01:00\"",\n    \""address\"": {\n      \""line\"": \""123 Main Street\"",\n      \""city\"": \""London\"",\n      \""state\"": \""England\"",\n      \""postalCode\"": \""SW1A 1AA\"",\n      \""country\"": \""US\""\n    },\n    \""phone\"": null,\n    \""email\"": null,\n    \""maritalStatus\"": \""Married\"",\n    \""primaryLanguage\"": \""English\"",\n    \""allergy\"": {\n      \""substance\"": null,\n      \""- category\"": \""environment\"",\n      \""- name\"": null,\n      \""- manifestation\"": null\n    },\n    \""practitioner\"": [\n      {\n        \""name\"": null,\n        \""family\"": null,\n        \""given\"": [],\n        \""prefix\"": null,\n        \""phone\"": null,\n        \""email\"": null,\n        \""address\"": null\n      }\n    ],\n    \""immunization\"": [\n      {\n        \""traits\"": [\n          \""Patient Health Questionnaire 2 item (PHQ-2) total score\"",\n          \""Survey status: Finalized\""\n        ],\n        \""status\"": \""completed\"",\n        \""occurrenceDate\"": \""2018-02-25T21:59:36+01:00\""\n      }\n    ]\n  }\n}\n```""]"
sola-yaml-rescue,"StructuredOutputAdapter(output_mode=YAML, prompt_layout=SECTIONS, parse_config=ParseConfig())",patient-notes-0019,validation_error,ValidationError,3.7055736479815096,1,none,0,28,0.0,False,,address.city;address.country;address.line;address.postalCode;address.state;age;allergy;birthDate;email;gender;immunization;maritalStatus;name.family;name.given[0];name.given[1];name.prefix;phone;practitioner[0].address.city;practitioner[0].address.country;practitioner[0].address.line;practitioner[0].address.postalCode;practitioner[0].address.state;practitioner[0].email;practitioner[0].name.family;practitioner[0].name.given[0];practitioner[0].name.prefix;practitioner[0].phone;primaryLanguage,,1487,0,21,0.0,0,"[""{\n  \""patient_record\"": {\n    \""name\"": [\n      \""Toshia Rene Treutel\""\n    ],\n    \""family\"": \""Treutel\"",\n    \""given\"": [\""Toshia Rene\""],\n    \""prefix\"": \""Mrs.\"",\n    \""age\"": 40,\n    \""gender\"": \""female\"",\n    \""birthDate\"": \""1984-06-04\"",\n    \""address\"": [\n      {\n        \""line\"": \""759 Price Station\"",\n        \""city\"": \""Worcester\"",\n        \""state\"": \""MA\"",\n        \""postalCode\"": \""01606\"",\n        \""country\"": \""US\""\n      }\n    ],\n    \""phone\"": null,\n    \""email\"": null,\n    \""maritalStatus\"": \""Divorced\"",\n    \""primaryLanguage\"": \""English (United States)\"",\n    \""allergy\"": [\n      {\n        \""substance\"": \""none\"",\n        \""category\"": \""other\"",\n        \""name\"": null,\n        \""manifestation\"": null\n      }\n    ],\n    \""practitioner\"": [\n      {\n        \""name\"": \""Dr. Otha Roberts\"",\n        \""family\"": \""Roberts\"",\n        \""given\"": [\""Otha\""],\n        \""prefix\"": \""Dr.\"",\n        \""phone\"": \""189 May Street, Worcester, MA 016024339\"",\n        \""email\"": \""Otha286.Roberts511@example.com\"",\n        \""address\"": [\n          {\n            \""line\"": \""189 May Street\"",\n            \""city\"": \""Worcester\"",\n            \""state\"": \""MA\"",\n            \""postalCode\"": \""016024339\"",\n            \""country\"": \""US\""\n          }\n        ]\n      }\n    ],\n    \""immunization\"": [\n      {\n        \""traits\"": [\n          \""none\""\n        ],\n        \""status\"": null,\n        \""occurrenceDate\"": null\n      }\n    ]\n  }\n}""]"
sola-yaml-rescue,"StructuredOutputAdapter(output_mode=YAML, prompt_layout=SECTIONS, parse_config=ParseConfig())",patient-notes-0020,validation_error,ValidationError,2.5946701699867845,1,none,0,19,0.0,False,,address.city;address.country;address.line;address.postalCode;address.state;age;allergy;birthDate;email;gender;immunization;maritalStatus;name.family;name.given[0];name.given[1];name.prefix;phone;practitioner;primaryLanguage,,1268,0,13,0.0,0,"[""```json\n{\n  \""patient_record\"": {\n    \""name\"": [\n      \""Azucena Lore Durgan\""\n    ],\n    \""family\"": null,\n    \""given\"": [\""Lore\"", \""Durgan\""],\n    \""prefix\"": null,\n    \""age\"": 21,\n    \""gender\"": \""female\"",\n    \""birthDate\"": \""2008-10-20T00:00:00\"",\n    \""address\"": [\n      {\n        \""line\"": \""599 Ledner Park\"",\n        \""city\"": \""Lowell\"",\n        \""state\"": \""MA\"",\n        \""postalCode\"": \""01850\"",\n        \""country\"": \""US\""\n      }\n    ],\n    \""phone\"": \""555-374-5890\"",\n    \""email\"": null,\n    \""maritalStatus\"": \""NeverMarried\"",\n    \""primaryLanguage\"": \""English (United States)\"",\n    \""allergy\"": [\n      {\n        \""substance\"": null,\n        \""category\"": \""other\"",\n        \""name\"": null,\n        \""manifestation\"": null\n      }\n    ],\n    \""practitioner\"": null,\n    \""immunization\"": [\n      {\n        \""traits\"": [],\n        \""status\"": null,\n        \""occurrenceDate\"": null\n      }\n    ]\n  }\n}\n```""]"
sola-yaml-rescue,"StructuredOutputAdapter(output_mode=YAML, prompt_layout=SECTIONS, parse_config=ParseConfig())",patient-notes-0021,validation_error,ValidationError,2.4051517180050723,1,none,0,19,0.0,False,,address.city;address.country;address.line;address.postalCode;address.state;age;allergy;birthDate;email;gender;immunization;maritalStatus;name.family;name.given[0];name.given[1];name.prefix;phone;practitioner;primaryLanguage,,1260,0,8,0.0,0,"[""{\n  \""patient_record\"": {\n    \""name\"": [\n      \""Alina Chia Beer\""\n    ],\n    \""family\"": \""Chia\"",\n    \""given\"": [\""Beer\""],\n    \""prefix\"": \""\"",\n    \""age\"": 25,\n    \""gender\"": \""female\"",\n    \""birthDate\"": \""1996-03-15T00:00:00.000Z\"",\n    \""address\"": {\n      \""line\"": \""113 Bayer Ranch Unit 33\"",\n      \""city\"": \""Randolph\"",\n      \""state\"": \""Massachusetts\"",\n      \""postalCode\"": \""02368\"",\n      \""country\"": \""US\""\n    },\n    \""phone\"": \""\"",\n    \""email\"": \""\"",\n    \""maritalStatus\"": \""NeverMarried\"",\n    \""primaryLanguage\"": \""English\"",\n    \""allergy\"": {\n      \""substance\"": null,\n      \""- category\"": \""other\"",\n      \""name\"": null,\n      \""manifestation\"": null\n    },\n    \""practitioner\"": \""\"",\n    \""immunization\"": [\n      {\n        \""traits\"": [\n          \""Head Occipital-frontal circumference Percentile\""\n        ],\n        \""status\"": \""uncertain\"",\n        \""occurrenceDate\"": \""\""\n      }\n    ]\n  }\n}""]"
sola-yaml-rescue,"StructuredOutputAdapter(output_mode=YAML, prompt_layout=SECTIONS, parse_config=ParseConfig())",patient-notes-0022,validation_error,ValidationError,3.741597587999422,1,none,0,22,0.0,False,,address.city;address.country;address.line;address.postalCode;address.state;age;allergy;birthDate;email;gender;immunization;maritalStatus;name.family;name.given[0];name.given[1];name.prefix;phone;practitioner[0].address;practitioner[0].email;practitioner[0].name;practitioner[0].phone;primaryLanguage,,1535,0,10,0.0,0,"[""{\n  \""patient_record\"": {\n    \""name\"": [\n      \""Miyoko Jolynn Abshire\""\n    ],\n    \""family\"": \""Osinski\"",\n    \""given\"": [\""Miyoko\""],\n    \""prefix\"": \""Jolynn\"",\n    \""age\"": 19,\n    \""gender\"": \""female\"",\n    \""birthDate\"": \""1971-04-26T00:00:00\"",\n    \""address\"": {\n      \""line\"": \""425 Heaney Corner\"",\n      \""city\"": \""Southbridge\"",\n      \""state\"": \""Massachusetts\"",\n      \""postalCode\"": \""01550\"",\n      \""country\"": \""US\""\n    },\n    \""phone\"": null,\n    \""email\"": null,\n    \""maritalStatus\"": \""NeverMarried\"",\n    \""primaryLanguage\"": null,\n    \""allergy\"": [\n      {\n        \""substance\"": \""medication\"",\n        \""category\"": \""other\""\n      }\n    ],\n    \""practitioner\"": [\n      {\n        \""name\"": \""Family Health Center of Worcester, Inc.\"",\n        \""phone\"": null,\n        \""email\"": null,\n        \""address\"": {\n          \""line\"": null,\n          \""city\"": null,\n          \""state\"": null,\n          \""postalCode\"": null,\n          \""country\"": null\n        }\n      }\n    ],\n    \""immunization\"": [\n      {\n        \""traits\"": [\n          \""Wellness check\""\n        ],\n        \""status\"": \""completed\"",\n        \""occurrenceDate\"": \""1984-05-21T11:56:01+02:00\""\n      },\n      {\n        \""traits\"": [\n          \""Wellness check\""\n        ],\n        \""status\"": \""completed\"",\n        \""occurrenceDate\"": \""1985-05-27T11:56:01+02:00\""\n      }\n    ]\n  }\n}""]"
sola-yaml-rescue,"StructuredOutputAdapter(output_mode=YAML, prompt_layout=SECTIONS, parse_config=ParseConfig())",patient-notes-0023,validation_error,ValidationError,3.463141688989708,1,none,0,24,0.0,False,,address;age;allergy;birthDate;email;gender;immunization;maritalStatus;name.family;name.given[0];name.given[1];name.prefix;phone;practitioner[0].address.city;practitioner[0].address.country;practitioner[0].address.line;practitioner[0].address.postalCode;practitioner[0].address.state;practitioner[0].email;practitioner[0].name.family;practitioner[0].name.given[0];practitioner[0].name.prefix;practitioner[0].phone;primaryLanguage,,1619,0,15,0.0,0,"[""{\n  \""patient_record\"": {\n    \""name\"": [\n      \""Colton Tracey McCullough\""\n    ],\n    \""family\"": \""McCullough\"",\n    \""given\"": [\""Colton\"", \""Tracey\""],\n    \""prefix\"": \""\"",\n    \""age\"": 61,\n    \""gender\"": \""male\"",\n    \""birthDate\"": \""1967-12-05T00:00:00\"",\n    \""address\"": [\n      {\n        \""line\"": \""881 Main Street\"",\n        \""city\"": \""Fitchburg\"",\n        \""state\"": \""MA\"",\n        \""postalCode\"": \""01420\"",\n        \""country\"": \""United States\""\n      }\n    ],\n    \""phone\"": \""\"",\n    \""email\"": \""\"",\n    \""maritalStatus\"": \""NeverMarried\"",\n    \""primaryLanguage\"": \""English (United States)\"",\n    \""allergy\"": [\n      {\n        \""substance\"": \""medication\"",\n        \""category\"": \""other\"",\n        \""name\"": \""\""\n      }\n    ],\n    \""practitioner\"": [\n      {\n        \""name\"": \""Dr. Ted Reilly\"",\n        \""family\"": \""\"",\n        \""given\"": [],\n        \""prefix\"": \""\"",\n        \""phone\"": \""\"",\n        \""email\"": \""\"",\n        \""address\"": [\n          {\n            \""line\"": \""881 Main Street\"",\n            \""city\"": \""Fitchburg\"",\n            \""state\"": \""MA\"",\n            \""postalCode\"": \""01420\"",\n            \""country\"": \""United States\""\n          }\n        ]\n      }\n    ],\n    \""immunization\"": [\n      {\n        \""traits\"": [\n          \""None specified in text\""\n        ],\n        \""status\"": \""unknown\"",\n        \""occurrenceDate\"": \""\""\n      }\n    ]\n  }\n}""]"
sola-yaml-rescue,"StructuredOutputAdapter(output_mode=YAML, prompt_layout=SECTIONS, parse_config=ParseConfig())",patient-notes-0024,validation_error,ValidationError,3.8625416349968873,1,none,0,28,0.0,False,,address.city;address.country;address.line;address.postalCode;address.state;age;allergy;birthDate;email;gender;immunization;maritalStatus;name.family;name.given[0];name.given[1];name.prefix;phone;practitioner[0].address.city;practitioner[0].address.country;practitioner[0].address.line;practitioner[0].address.postalCode;practitioner[0].address.state;practitioner[0].email;practitioner[0].name.family;practitioner[0].name.given[0];practitioner[0].name.prefix;practitioner[0].phone;primaryLanguage,,1541,0,17,0.0,0,"[""{\n  \""patient_record\"": {\n    \""name\"": [\n      \""Rogelio Clair Windler\""\n    ],\n    \""family\"": null,\n    \""given\"": [\n      \""Rogelio\"",\n      \""Clair\"",\n      \""Windler\""\n    ],\n    \""prefix\"": null,\n    \""age\"": 39,\n    \""gender\"": \""male\"",\n    \""birthDate\"": \""1986-10-04T00:00:00\"",\n    \""address\"": [\n      {\n        \""line\"": \""993 Hansen Highlands Apt 33\"",\n        \""city\"": \""Chicopee\"",\n        \""state\"": \""Massachusetts\"",\n        \""postalCode\"": \""01022\"",\n        \""country\"": \""US\""\n      }\n    ],\n    \""phone\"": \""555-895-7574\"",\n    \""email\"": null,\n    \""maritalStatus\"": \""NeverMarried\"",\n    \""primaryLanguage\"": \""English (United States)\"",\n    \""allergy\"": [\n      {\n        \""substance\"": \""none\"",\n        \""category\"": \""other\"",\n        \""name\"": null,\n        \""manifestation\"": null\n      }\n    ],\n    \""practitioner\"": [\n      {\n        \""name\"": [\n          \""Dr. Arla Fritsch\""\n        ],\n        \""family\"": null,\n        \""given\"": [],\n        \""prefix\"": null,\n        \""phone\"": \""555-895-7574\"",\n        \""email\"": null,\n        \""address\"": {\n          \""line\"": \""123 Main St\"",\n          \""city\"": \""Boston\"",\n          \""state\"": \""MA\"",\n          \""postalCode\"": \""02101\"",\n          \""country\"": \""US\""\n        }\n      }\n    ],\n    \""immunization\"": [\n      {\n        \""traits\"": [\n          \""None\""\n        ],\n        \""status\"": null,\n        \""occurrenceDate\"": null\n      }\n    ]\n  }\n}""]"
sola-yaml-rescue,"StructuredOutputAdapter(output_mode=YAML, prompt_layout=SECTIONS, parse_config=ParseConfig())",patient-notes-0025,validation_error,ValidationError,3.886829574010335,1,none,0,15,0.0,False,,address;age;allergy;birthDate;email;gender;immunization;maritalStatus;name.family;name.given[0];name.given[1];name.prefix;phone;practitioner;primaryLanguage,,1492,0,5,0.0,0,"[""{\n  \""patient_record\"": {\n    \""name\"": [\n      \""Frankie Graham Trantow\""\n    ],\n    \""age\"": 60,\n    \""gender\"": \""male\"",\n    \""birthDate\"": \""1967-12-05T00:00:00+00:00\"",\n    \""address\"": [\n      {\n        \""line\"": \""123 Main Street\"",\n        \""city\"": \""New York\"",\n        \""state\"": \""NY\"",\n        \""postalCode\"": \""10001\"",\n        \""country\"": \""US\""\n      }\n    ],\n    \""phone\"": \""+1-555-123-4567\"",\n    \""email\"": \""frankie.trantow@example.com\"",\n    \""maritalStatus\"": \""Married\"",\n    \""primaryLanguage\"": \""English\"",\n    \""allergy\"": [\n      {\n        \""substance\"": \""certain medications\"",\n        \""category\"": \""medication\"",\n        \""name\"": null,\n        \""manifestation\"": null\n      }\n    ],\n    \""practitioner\"": [\n      {\n        \""name\"": \""Dr. John Smith\"",\n        \""family\"": \""Smith\"",\n        \""given\"": [],\n        \""prefix\"": \""\"",\n        \""phone\"": \""+1-555-987-6543\"",\n        \""email\"": \""john.smith@clinic.com\"",\n        \""address\"": {\n          \""line\"": \""456 Medical Ave\"",\n          \""city\"": \""Boston\"",\n          \""state\"": \""MA\"",\n          \""postalCode\"": \""02101\"",\n          \""country\"": \""US\""\n        }\n      }\n    ],\n    \""immunization\"": [\n      {\n        \""traits\"": [\n          \""DPT-3\"",\n          \""Hepatitis B Vaccine\"",\n          \""MMR\"",\n          \""Varicella Zoster Immunization\""\n        ],\n        \""status\"": \""completed\"",\n        \""occurrenceDate\"": \""2014-06-15T08:00:00+00:00\""\n      }\n    ]\n  }\n}""]"
sola-yaml-rescue,"StructuredOutputAdapter(output_mode=YAML, prompt_layout=SECTIONS, parse_config=ParseConfig())",patient-notes-0026,validation_error,ValidationError,4.658793087990489,1,none,0,25,0.0,False,,address.city;address.country;address.line;address.postalCode;address.state;age;allergy;birthDate;email;gender;immunization;maritalStatus;name.family;name.given[0];name.prefix;phone;practitioner[0].address.city;practitioner[0].address.country;practitioner[0].address.line;practitioner[0].address.postalCode;practitioner[0].address.state;practitioner[0].email;practitioner[0].name;practitioner[0].phone;primaryLanguage,,1500,0,17,0.0,0,"[""{\n  \""patient_record\"": {\n    \""name\"": [\n      \""Tanisha\""\n    ],\n    \""given\"": [\n      \""Prosacco\""\n    ],\n    \""prefix\"": null,\n    \""age\"": 35,\n    \""gender\"": \""female\"",\n    \""birthDate\"": \""1966-04-12T00:00:00\"",\n    \""address\"": {\n      \""line\"": \""185 Heaney Gateway Unit 30\"",\n      \""city\"": \""Boston\"",\n      \""state\"": \""MA\"",\n      \""postalCode\"": \""02122\"",\n      \""country\"": \""US\""\n    },\n    \""phone\"": null,\n    \""email\"": null,\n    \""maritalStatus\"": \""NeverMarried\"",\n    \""primaryLanguage\"": null,\n    \""allergy\"": {\n      \""substance\"": null,\n      \""- category\"": \""other\"",\n      \""name\"": null,\n      \""manifestation\"": null\n    },\n    \""practitioner\"": {\n      \""name\"": [\n        \""Samuel331.Valdés907\""\n      ],\n      \""family\"": null,\n      \""given\"": [],\n      \""prefix\"": null,\n      \""phone\"": null,\n      \""email\"": \""Samuel331.Valdés907@example.com\"",\n      \""address\"": {\n        \""line\"": \""8 SHIPWAY PL # C-8\"",\n        \""city\"": \""CHARLESTOWN\"",\n        \""state\"": \""MA\"",\n        \""postalCode\"": \""021294301\"",\n        \""country\"": \""US\""\n      }\n    },\n    \""immunization\"": null,\n    \""traits\"": []\n  }\n}""]"
sola-yaml-rescue,"StructuredOutputAdapter(output_mode=YAML, prompt_layout=SECTIONS, parse_config=ParseConfig())",patient-notes-0027,validation_error,ValidationError,6.116291407990502,1,none,0,32,0.0,False,,address.city;address.country;address.line;address.postalCode;address.state;age;allergy;birthDate;email;gender;immunization[0].occurrenceDate;immunization[0].status;immunization[0].traits[0];immunization[1].occurrenceDate;immunization[1].status;immunization[1].traits[0];maritalStatus;name.family;name.given[0];name.prefix;phone;practitioner[0].address.city;practitioner[0].address.country;practitioner[0].address.line;practitioner[0].address.postalCode;practitioner[0].address.state;practitioner[0].email;practitioner[0].name.family;practitioner[0].name.given[0];practitioner[0].name.prefix;practitioner[0].phone;primaryLanguage,,1657,0,21,0.0,0,"[""{\n  \""patient_record\"": {\n    \""name\"": [\n      \""Beatty\"",\n      \""Reginald\""\n    ],\n    \""family\"": \""Beatty\"",\n    \""given\"": [\""Reginald\""],\n    \""prefix\"": null,\n    \""age\"": 30,\n    \""gender\"": \""male\"",\n    \""birthDate\"": \""1993-04-12T09:01:01+02:00\"",\n    \""address\"": {\n      \""line\"": \""561 Russel Trace\"",\n      \""city\"": \""Salem\"",\n      \""state\"": \""MA\"",\n      \""postalCode\"": null,\n      \""country\"": \""US\""\n    },\n    \""phone\"": \""555-748-9279\"",\n    \""email\"": null,\n    \""maritalStatus\"": \""NeverMarried\"",\n    \""primaryLanguage\"": \""English\"",\n    \""allergy\"": {\n      \""substance\"": null,\n      \""- category\"": \""other\"",\n      \""name\"": null,\n      \""manifestation\"": null\n    },\n    \""practitioner\"": [\n      {\n        \""name\"": [\n          \""Reynolds\"",\n          \""Dr.\""\n        ],\n        \""family\"": null,\n        \""given\"": [],\n        \""prefix\"": null,\n        \""phone\"": null,\n        \""email\"": null,\n        \""address\"": {\n          \""line\"": null,\n          \""city\"": null,\n          \""state\"": null,\n          \""postalCode\"": null,\n          \""country\"": null\n        }\n      }\n    ],\n    \""immunization\"": [\n      {\n        \""traits\"": [\n          {\n            \""status\"": \""unconfirmed\"",\n            \""occurrenceDate\"": \""2023-04-12T09:01:01+02:00\""\n          }\n        ],\n        \""status\"": \""unconfirmed\""\n      },\n      {\n        \""traits\"": [\n          {\n            \""status\"": \""unconfirmed\"",\n            \""occurrenceDate\"": \""2018-10-03T09:16:01+02:00\""\n          }\n        ],\n        \""status\"": \""unconfirmed\""\n      }\n    ]\n  }\n}""]"
sola-yaml-rescue,"StructuredOutputAdapter(output_mode=YAML, prompt_layout=SECTIONS, parse_config=ParseConfig())",patient-notes-0028,validation_error,ValidationError,4.740152387996204,1,none,0,24,0.0,False,,address;age;allergy;birthDate;email;gender;immunization;maritalStatus;name.family;name.given[0];name.given[1];name.prefix;phone;practitioner[0].address.city;practitioner[0].address.country;practitioner[0].address.line;practitioner[0].address.postalCode;practitioner[0].address.state;practitioner[0].email;practitioner[0].name.family;practitioner[0].name.given[0];practitioner[0].name.prefix;practitioner[0].phone;primaryLanguage,,1545,0,11,0.0,0,"[""{\n  \""patient_record\"": {\n    \""name\"": [\n      \""Hung Armand Haley\""\n    ],\n    \""age\"": 58,\n    \""gender\"": \""male\"",\n    \""birthDate\"": \""1951-03-24T00:00:00+00:00\"",\n    \""address\"": {\n      \""line\"": \""123 Main Street\"",\n      \""city\"": \""Springfield\"",\n      \""state\"": \""IL\"",\n      \""postalCode\"": \""62704\"",\n      \""country\"": \""US\""\n    },\n    \""phone\"": \""555-759-4749\"",\n    \""email\"": \""\"",\n    \""maritalStatus\"": \""NeverMarried\"",\n    \""primaryLanguage\"": \""English\"",\n    \""allergy\"": [\n      {\n        \""substance\"": \""none\"",\n        \""category\"": \""other\"",\n        \""name\"": null,\n        \""manifestation\"": null\n      }\n    ],\n    \""practitioner\"": [\n      {\n        \""name\"": [\n          \""Dr. Waylon Kovacek\""\n        ],\n        \""family\"": null,\n        \""given\"": [],\n        \""prefix\"": null,\n        \""phone\"": \""555-0123-4567\"",\n        \""email\"": \""\"",\n        \""address\"": {\n          \""line\"": \""456 Medical Plaza\"",\n          \""city\"": \""Springfield\"",\n          \""state\"": \""IL\"",\n          \""postalCode\"": \""62704\"",\n          \""country\"": \""US\""\n        }\n      }\n    ],\n    \""immunization\"": [\n      {\n        \""traits\"": [\n          \""None\""\n        ],\n        \""status\"": \""completed\"",\n        \""occurrenceDate\"": \""2009-01-05T02:54:26+01:00\""\n      }\n    ]\n  }\n}""]"
sola-yaml-rescue,"StructuredOutputAdapter(output_mode=YAML, prompt_layout=SECTIONS, parse_config=ParseConfig())",patient-notes-0029,validation_error,ValidationError,3.2670610889908858,1,none,0,15,0.0,False,,address;age;allergy;birthDate;email;gender;immunization;maritalStatus;name.family;name.given[0];name.given[1];name.prefix;phone;practitioner;primaryLanguage,,1452,0,7,0.0,0,"[""{\n  \""patient_record\"": {\n    \""name\"": [\n      \""Coleman Emanuel Steuber\""\n    ],\n    \""age\"": 50,\n    \""gender\"": \""male\"",\n    \""birthDate\"": \""1969-03-24T00:00:00+00:00\"",\n    \""address\"": {\n      \""line\"": \""123 Main Street\"",\n      \""city\"": \""New York\"",\n      \""state\"": \""NY\"",\n      \""postalCode\"": \""10001\"",\n      \""country\"": \""US\""\n    },\n    \""phone\"": \""555-477-9205\"",\n    \""email\"": null,\n    \""maritalStatus\"": \""NeverMarried\"",\n    \""primaryLanguage\"": \""English (United States)\"",\n    \""allergy\"": [\n      {\n        \""substance\"": \""none\"",\n        \""category\"": \""other\"",\n        \""name\"": null,\n        \""manifestation\"": null\n      }\n    ],\n    \""practitioner\"": null,\n    \""immunization\"": [\n      {\n        \""traits\"": [\n          \""None\""\n        ],\n        \""status\"": \""completed\"",\n        \""occurrenceDate\"": \""2019-06-23T20:49:09+00:00\""\n      }\n    ]\n  }\n}""]"
