adapter,adapter_config,case_id,outcome,error_class,wall_s,lm_calls,response_format_sent,matched,total,ratio,exact,wrong,missing,spurious,total_tokens,recall_matched,recall_total,recall,invented,replies
chat,ChatAdapter(use_json_adapter_fallback=False),insurance-claims-0000,parse_error,AdapterParseError,7.816387633996783,1,none,0,20,0.0,False,,header.channel;header.claim_id;header.incident_date;header.report_date;header.reported_by;incident_description.estimated_damage_amount;incident_description.incident_type;incident_description.location_type;incident_description.police_report_number;insured_objects[0].estimated_value;insured_objects[0].location_address;insured_objects[0].make_model;insured_objects[0].object_id;insured_objects[0].object_type;insured_objects[0].year;policy_details.coverage_type;policy_details.effective_date;policy_details.expiration_date;policy_details.policy_number;policy_details.policyholder_name,,3329,0,19,0.0,0,"[""```json\n{\n  \""claim\"": {\n    \""claim_text\"": \""Property claim from Jennifer Garcia—CLM-424063 (Shopping Center Incident)\\nHi—this is Jennifer Garcia, and I’m writing because, honestly, I’m still kind of in shock about what happened this morning. They gave me this claim reference CLM-424063 when I called the help line earlier, but I figured I should also email so everything’s in writing—it’s just been a really stressful day, and I want to make sure nothing gets missed. Not sure how these things usually work, I guess you’ll get back to me? Anyway...I’m the owner on Policy POL-787532354, with property coverage for my home at 6650 Broadway in Georgetown (you probably have it already under the id 656048, it’s the single-family one built in ‘72—big front yard, needs new gutters, but that’s not the issue today). My policy’s only been active since December 20th of last year, I think it's valid through all of June. My daughter had a doctor’s appointment at the clinic near the shopping center, so I parked in the lot there at around 8:30 AM and ran inside. When we came back, there were these broken flowerpots and spray paint all over part of our fence panels—they’d actually hauled stuff from some landscaping shop or something and smashed it on our property. I don’t even know who’d do that. It looked intentional, not like an accident, and my neighbor Sandra saw two teenagers running off but couldn’t see any faces. I called the police right away and got the report number (PR-20250822-4864, if that helps). The officer said it counted as property damage, and they made a note of everything. So here’s everything, I hope.\"",\n    \""claim_id\"": \""CLM-424063\"",\n    \""incident_date\"": \""2024-04-22\"",\n    \""report_date\"": \""2024-04-22\"",\n    \""reported_by\"": \""Jennifer Garcia\"",\n    \""channel\"": \""Email\"",\n    \""incident_description\"": {\n      \""estimated_damage_amount\"": 5800,\n      \""incident_type\"": \""Property damage\"",\n      \""location_type\"": \""Shopping center\"",\n      \""police_report_number\"": \""PR-20250822-4864\""\n    },\n    \""insured_object\"": {\n      \""estimated_value\"": 5834,\n      \""location_address\"": \""6650 Broadway, Georgetown\"",\n      \""make_model\"": \""Not specified\"",\n      \""object_id\"": \""OBJ-424063\"",\n      \""object_type\"": \""Fence\"",\n      \""year\"": 1972\n    },\n    \""policy_details\"": {\n      \""coverage_type\"": \""Property\"",\n      \""effective_date\"": \""2024-01-01\"",\n      \""expiration_date\"": \""2024-06-30\"",\n      \""policy_number\"": \""POL-787532354\"",\n      \""policyholder_name\"": \""Jennifer Garcia\"",\n      \""coverage_type\"": \""Property\"",\n      \""effective_date\"": \""2024-01-01\"",\n      \""expiration_date\"": \""2024-06-30\""\n    },\n    \""properties\"": {\n      \""header\"": {\n        \""$ref\"": \""#/$defs/ClaimHeader\"",\n        \""description\"": \""Basic claim information\""\n      },\n      \""incident_description\"": {\n        \""$ref\"": \""#/$defs/IncidentDescription\""\n      },\n      \""insured_objects\"": {\n        \""$ref\"": \""#/$defs/InsuredObject\""\n      },\n     ""]"
chat,ChatAdapter(use_json_adapter_fallback=False),insurance-claims-0001,parse_error,AdapterParseError,3.6159378189768177,1,none,0,20,0.0,False,,header.channel;header.claim_id;header.incident_date;header.report_date;header.reported_by;incident_description.estimated_damage_amount;incident_description.incident_type;incident_description.location_type;incident_description.police_report_number;insured_objects[0].estimated_value;insured_objects[0].location_address;insured_objects[0].make_model;insured_objects[0].object_id;insured_objects[0].object_type;insured_objects[0].year;policy_details.coverage_type;policy_details.effective_date;policy_details.expiration_date;policy_details.policy_number;policy_details.policyholder_name,,2863,0,18,0.0,0,"[""```python\n{\n  \""claim\"": {\n    \""claim_text\"": \""In-person report timestamp: 2025-08-22\\nMichael Miller was greeted by Joanne in the lobby to report an incident.\\nFor following up with the report in the future, the claim was assigned under —CLM-748422—.\\nThe incident itself happened just yesterday when they received a phone call.\\nIt was the store manager, and she sounded pretty freaked out. I guess someone broke in the night before and, well, deliberately trashed part of the place.\\nTheir townhouse building at 2850 Main St. in Lexington (it’s the business location too) got hit.\\nThey do have a policy on it—POL-930881789, which he took out last year, on March 3rd, and it’s supposed to still be good till March 2nd, 2026, covering said townhouse (PROP-199807).\\nUpon arrival, Michael saw broken windows, some of the shelving units got knocked down, and they spray-painted the back wall with a bunch of nonsense.\\nHe’s told the damage comes to almost ten grand—a little less, actually, $9415 the repair guys estimated.\\nThe police showed up yesterday, took a report themselves. He hasn’t had anything like this in the decade the building’s been up (it was built in 2014).\\nRespond with the corresponding output fields, starting with the field '[[ ## claim ## ]]' (must be formatted as a valid Python InsuranceClaim), and then ending with the marker for '[[ ## completed ## ]]''.\"",\n    \""claim_id\"": null,\n    \""incident_date\"": \""2025-08-22\"",\n    \""report_date\"": \""2025-08-22\"",\n    \""reported_by\"": \""Michael Miller\"",\n    \""channel\"": \""In-person\"",\n    \""incident_description\"": {\n      \""estimated_damage_amount\"": 9415,\n      \""incident_type\"": \""house_fire\"",\n      \""location_type\"": \""townhouse\"",\n      \""police_report_number\"": null,\n      \""title\"": \""Incident Description\""\n    },\n    \""InsuredObject\"": {\n      \""estimated_value\"": null,\n      \""location_address\"": \""2850 Main St.\"",\n      \""make_model\"": null,\n      \""object_id\"": null,\n      \""object_type\"": \""Building\"",\n      \""year\"": 2014,\n      \""title\"": \""Insured Object\""\n    },\n    \""PolicyDetails\"": {\n      \""coverage_type\"": \""Property\"",\n      \""effective_date\"": \""2026-03-02\"",\n      \""expiration_date\"": \""2026-03-02\"",\n      \""policy_number\"": \""POL-930881789\"",\n      \""policyholder_name\"": \""Joanne\"",\n      \""title\"": \""Policy Details\""\n    },\n    \""properties\"": {\n      \""header\"": {\n        \""$ref\"": \""#/$defs/ClaimHeader\"",\n        \""description\"": \""Basic claim information\""\n      },\n      \""incident_description\"": {\n        \""$ref\"": \""#/$defs/IncidentDescription\""\n      },\n      \""insured_objects\"": {\n        \""$ref\"": \""#/$defs/InsuredObject\""\n      },\n      \""policy_details\"": {\n        \""$ref\"": \""#/$defs/PolicyDetails\""\n      }\n    }\n  }\n}\n```""]"
chat,ChatAdapter(use_json_adapter_fallback=False),insurance-claims-0002,parse_error,AdapterParseError,2.4768723660090473,1,none,0,11,0.0,False,,header.channel;header.claim_id;header.incident_date;header.report_date;header.reported_by;incident_description.estimated_damage_amount;incident_description.incident_type;incident_description.location_type;incident_description.police_report_number;insured_objects;policy_details,,2848,0,8,0.0,0,"[""```json\n{\n  \""claim\"": {\n    \""claim_text\"": \""Hi, this is David Taylor again—I already dropped by your office this morning, but thought I'd follow up with a recap, just to get everything straight. When I came in earlier, the lady at the front gave me this claim number, CLM-255335, which she wrote on a sticky note for me. I guess that's the one you need in your system.\"",\n    \""claim_id\"": null,\n    \""incident_date\"": \""2025-08-20\"",\n    \""report_date\"": \""2025-08-20\"",\n    \""reported_by\"": \""David Taylor\"",\n    \""channel\"": \""Email\"",\n    \""IncidentDescription\"": {\n      \""estimated_damage_amount\"": null,\n      \""incident_type\"": \""rear_end_collision\"",\n      \""location_type\"": \""intersection\"",\n      \""police_report_number\"": null,\n      \""title\"": \""Incident Description\""\n    },\n    \""InsuredObject\"": {\n      \""estimated_value\"": null,\n      \""location_address\"": null,\n      \""make_model\"": null,\n      \""object_id\"": \""CLM-255335\"",\n      \""object_type\"": \""Building\"",\n      \""year\"": null,\n      \""title\"": \""Insured Object\""\n    },\n    \""PolicyDetails\"": {\n      \""coverage_type\"": \""Property\"",\n      \""effective_date\"": \""2025-08-20\"",\n      \""expiration_date\"": \""2025-08-20\"",\n      \""policy_number\"": \""POL-255335\"",\n      \""policyholder_name\"": \""David Taylor\"",\n      \""title\"": \""Policy Details\""\n    },\n    \""header\"": {\n      \""$ref\"": \""#/$defs/ClaimHeader\"",\n      \""description\"": \""Basic claim information\""\n    },\n    \""incident_description\"": {\n      \""$ref\"": \""#/$defs/IncidentDescription\"",\n      \""description\"": \""Structured incident details\""\n    },\n    \""insured_objects\"": {\n      \""$ref\"": \""#/$defs/InsuredObject\"",\n      \""default\"": null,\n      \""description\"": \""List of insured objects involved, if applicable\"",\n      \""title\"": \""Insured Objects\""\n    },\n    \""policy_details\"": {\n      \""$ref\"": \""#/$defs/PolicyDetails\"",\n      \""default\"": null,\n      \""description\"": \""Policy information if available\""\n    }\n  }\n}\n```""]"
chat,ChatAdapter(use_json_adapter_fallback=False),insurance-claims-0003,parse_error,AdapterParseError,4.057010110002011,1,none,0,26,0.0,False,,header.channel;header.claim_id;header.incident_date;header.report_date;header.reported_by;incident_description.estimated_damage_amount;incident_description.incident_type;incident_description.location_type;incident_description.police_report_number;insured_objects[0].estimated_value;insured_objects[0].location_address;insured_objects[0].make_model;insured_objects[0].object_id;insured_objects[0].object_type;insured_objects[0].year;insured_objects[1].estimated_value;insured_objects[1].location_address;insured_objects[1].make_model;insured_objects[1].object_id;insured_objects[1].object_type;insured_objects[1].year;policy_details.coverage_type;policy_details.effective_date;policy_details.expiration_date;policy_details.policy_number;policy_details.policyholder_name,,3084,0,24,0.0,0,"[""```json\n{\n  \""claim\"": {\n    \""claim_text\"": \""[Portal submission timestamp: 2025-08-30]\\nSubmitted by Jennifer Johnson\\nClaim ID: CLM-988147\\nPolicy Number: POL-467268181\\n\\nIncident Details:\\nDate: August 30, 2025\\nLocation: Shopping center parking lot, Highland Avenue\\nTime: Approximately 12:30 PM\\n\\nDescription:\\nI was driving my 2019 Mercedes GLC (VIN: VIN19157663903019200) when another vehicle struck the driver's side in a T-bone collision. The impact occurred as I was navigating through the parking lot near the intersection by the new coffee shop.\\n\\nVehicles on Policy:\\n1. 2017 BMW X3 (VIN: VIN95384130612982136) - estimated value $15,265 (not involved in incident)\\n2. 2019 Mercedes GLC (VIN: VIN19157663903019200) - estimated value $20,372 (damaged vehicle)\\n\\nPolicy Information:\\nCoverage Type: Auto\\nEffective Date: November 19, 2023\\nExpiration Date: May 31, 2025\\n\\nDamage Assessment:\\nEstimated repair cost: $22,631\\nDamage includes: Significant side panel damage, inoperable doors, bent front wheel, broken windows\\nVehicle required towing due to unsafe driving condition\\n\\nPolice Report:\\nOfficer responded to scene\\nReport Number: PR-20250830-7127\\nOfficial report pending due to department backlog\\n\\nAdditional Notes:\\nSubmitted same day as incident. Photos and documentation uploaded to portal. Available for follow-up as needed.\\n\\nRespond with the corresponding output fields, starting with the field `[[ ## claim ## ]]` (must be formatted as a valid Python InsuranceClaim), and then ending with the marker for `[[ ## completed ## ]]`.\"",\n    \""claim_header\"": {\n      \""channel\"": null,\n      \""claim_id\"": \""CLM-988147\"",\n      \""incident_date\"": \""2025-08-30\"",\n      \""report_date\"": \""2025-08-30\"",\n      \""reported_by\"": \""Jennifer Johnson\"",\n      \""channel\"": null,\n      \""incident_type\"": \""T-bone collision\"",\n      \""location_type\"": \""Shopping center parking lot\"",\n      \""police_report_number\"": null,\n      \""required\"": [\n        \""claim_id\"",\n        \""report_date\"",\n        \""incident_date\"",\n        \""reported_by\"",\n        \""channel\""\n      ]\n    },\n    \""IncidentDescription\"": {\n      \""estimated_damage_amount\"": 22631,\n      \""incident_type\"": \""T-bone collision\"",\n      \""location_type\"": \""Shopping center parking lot\"",\n      \""police_report_number\"": null,\n      \""required\"": [\n        \""incident_type\"",\n        \""location_type\""\n      ]\n    },\n    \""InsuredObject\"": {\n      \""estimated_value\"": 20372,\n      \""location_address\"": null,\n      \""make_model\"": \""Mercedes GLC\"",\n      \""object_id\"": \""VIN19157663903019200\"",\n      \""object_type\"": \""Vehicle\"",\n      \""year\"": null,\n      \""required\"": [\n        \""object_id\"",\n        \""object_type\""\n      ]\n    },\n    \""PolicyDetails\"": {\n      \""coverage_type\"": \""Auto\"",\n      \""effective_date\"": \""2023""]"
chat,ChatAdapter(use_json_adapter_fallback=False),insurance-claims-0004,parse_error,AdapterParseError,4.15900746799889,1,none,0,20,0.0,False,,header.channel;header.claim_id;header.incident_date;header.report_date;header.reported_by;incident_description.estimated_damage_amount;incident_description.incident_type;incident_description.location_type;incident_description.police_report_number;insured_objects[0].estimated_value;insured_objects[0].location_address;insured_objects[0].make_model;insured_objects[0].object_id;insured_objects[0].object_type;insured_objects[0].year;policy_details.coverage_type;policy_details.effective_date;policy_details.expiration_date;policy_details.policy_number;policy_details.policyholder_name,,3373,0,17,0.0,0,"[""```json\n{\n  \""claim\"": {\n    \""claim_text\"": \""Hi, I’m Ashley Rodriguez. So, I’m not really sure where to start here—I haven’t had to do this before, and a friend told me you guys need details, like every little thing, even if it seems stupid. Anyway, last night, well, technically the night before last because today's the 22nd (I think—these days kind of blur together), I had this thing happen at my house over on Pine Rd in Arlington, you know, the one built the same year as my birthday on January 1st, 1959, and now I guess it’s this ‘claim.’ The system on your portal gave me this long number, I think it was CLM-597471 or something similar, just so you can match it up.\"",\n    \""claim_id\"": null,\n    \""incident_date\"": \""2025-08-22\"",\n    \""report_date\"": \""2025-08-22\"",\n    \""reported_by\"": \""Ashley Rodriguez\"",\n    \""channel\"": \""Portal\"",\n    \""incident_description\"": {\n      \""estimated_damage_amount\"": null,\n      \""incident_type\"": \""grease fire\"",\n      \""location_type\"": \""kitchen\"",\n      \""police_report_number\"": null,\n      \""title\"": \""IncidentDescription\""\n    },\n    \""insured_object\"": {\n      \""estimated_value\"": null,\n      \""location_address\"": \""7400 Pierson Rd, Arlington, TX 76010\"",\n      \""make_model\"": null,\n      \""object_id\"": \""OBJ-12345678901234567\"",\n      \""object_type\"": \""kitchen\"",\n      \""year\"": 1959\n    },\n    \""policy_details\"": {\n      \""coverage_type\"": \""property\"",\n      \""effective_date\"": \""2024-04-18\"",\n      \""expiration_date\"": \""2025-10-16\"",\n      \""policy_number\"": \""POL-998781390\"",\n      \""policyholder_name\"": \""Ashley Rodriguez\"",\n      \""coverage_type\"": \""property\"",\n      \""effective_date\"": \""2024-04-18\"",\n      \""expiration_date\"": \""2025-10-16\"",\n      \""policy_number\"": \""POL-998781390\"",\n      \""policyholder_name\"": \""Ashley Rodriguez\"",\n      \""coverage_type\"": \""property\"",\n      \""effective_date\"": \""2024-04-18\"",\n      \""expiration_date\"": \""2025-10-16\"",\n      \""policy_number\"": \""POL-998781390\"",\n      \""policyholder_name\"": \""Ashley Rodriguez\"",\n      \""coverage_type\"": \""property\"",\n      \""effective_date\"": \""2024-04-18\"",\n      \""expiration_date\"": \""2025-10-16\"",\n      \""policy_number\"": \""POL-998781390\"",\n      \""policyholder_name\"": \""Ashley Rodriguez\"",\n      \""coverage_type\"": \""property\"",\n      \""effective_date\"": \""2024-04-18\"",\n      \""expiration_date\"": \""2025-10-16\"",\n      \""policy_number\"": \""POL-998781390\"",\n      \""policyholder_name\"": \""Ashley Rodriguez\"",\n      \""coverage_type\"": \""property\"",\n      \""effective_date\"": \""2024-04-18\"",\n      \""expiration_date\"": \""2025-10-16\"",\n      \""policy_number\"": \""POL-998781390\"",\n      \""policyholder_""]"
chat,ChatAdapter(use_json_adapter_fallback=False),insurance-claims-0005,parse_error,AdapterParseError,4.237318961007986,1,none,0,20,0.0,False,,header.channel;header.claim_id;header.incident_date;header.report_date;header.reported_by;incident_description.estimated_damage_amount;incident_description.incident_type;incident_description.location_type;incident_description.police_report_number;insured_objects[0].estimated_value;insured_objects[0].location_address;insured_objects[0].make_model;insured_objects[0].object_id;insured_objects[0].object_type;insured_objects[0].year;policy_details.coverage_type;policy_details.effective_date;policy_details.expiration_date;policy_details.policy_number;policy_details.policyholder_name,,3344,0,18,0.0,0,"[""```json\n{\n  \""claim\"": {\n    \""claim_text\"": \""Hi, so I’m Jennifer Davis, and I’m emailing because I was told to reach out to your office about what happened at my property earlier this week—I believe I was given a case or claim number, I think it’s CLM-509317? Sorry, I have all these numbers and dates floating around right now, with so much paperwork. I hope this is the right one. I own a building at 9350 Broadway here in Springfield. It’s my residential property actually, built back in 2010, and I’ve had it insured with you since November 2023, or, well, I think my coverage started around the 14th—that’s the effective date on my policy (POL-756977389). It’s liability coverage, and—though I doubt this matters to you right now—I had actually just been joking with my neighbor about how complicated insurance stuff can get. Anyway, the policy should’ve been good at the time of the accident because, unless I’m missing something, it doesn’t expire until May 13th next year. I hope that matches with your records; paperwork always makes me a little anxious. So, what happened was, last Sunday—well, technically September 1st, if I’m reading my phone’s calendar right—I got a call from one of the tenants who rents on the first floor. Apparently, someone who was visiting slipped and fell right at the entrance area. They told me the person lost their balance, or footing, I guess, and went down kind of hard. Honestly, I wasn’t there when it happened, so I can only go by what they said and what I saw later. There hadn’t been any spills or anything obvious from what I could tell—maybe a slight slope on the steps  outdoors, but nothing that seemed risky until now. I reported all this today, on the 4th (you’ll probably see that from this email timestamp: [Email received: 2025-09-04]), but I didn’t know how quickly I was supposed to contact you, so sorry if there’s a delay. The whole thing happened two or three days ago, and I just didn’t want to let it go unreported. I’m still getting more details about their injuries and whether they’re ok (I hope so!), but already I’m hearing the repair estimates around the entrance are coming in at something like $21,000—or $21,040 to be exact, which is just—honestly, I didn’t expect it to be that high for some steps and tiles, but work has gotten so expensive in Springfield. The property was valued at $463,611 last time I checked with your office, just so you know what we’re talking about. If you need anything else, let me know—I have a bunch of receipts and about four different folders with paperwork all over the kitchen table, so I can probably find anything if you need it.\"",\n    \""claim_id\"": \""CLM-509317\"",\n    \""incident_date\"": \""2025-09-01\"",\n    \""report_date\"": \""2025-09-04\"",\n    \""reported_by\"": \""Jennifer Davis\"",\n    \""channel\"": \""Email\"",\n    \""incident_date\"": \""2025-09-01\"",\n    \""report_date\"": \""2025-09-04\"",\n    \""reported_by\"": \""Jennifer Davis\"",\n    \""channel\"": \""Email\"",\n    \""incident_date\"": \""2025-09-01\"",\n    \""report_date\"": \""2025-09-04\"",\n    \""reported_by\"": \""Jennifer Davis\"",\n    \""channel\"": \""Email""]"
chat,ChatAdapter(use_json_adapter_fallback=False),insurance-claims-0006,parse_error,AdapterParseError,4.2096731229976285,1,none,0,20,0.0,False,,header.channel;header.claim_id;header.incident_date;header.report_date;header.reported_by;incident_description.estimated_damage_amount;incident_description.incident_type;incident_description.location_type;incident_description.police_report_number;insured_objects[0].estimated_value;insured_objects[0].location_address;insured_objects[0].make_model;insured_objects[0].object_id;insured_objects[0].object_type;insured_objects[0].year;policy_details.coverage_type;policy_details.effective_date;policy_details.expiration_date;policy_details.policy_number;policy_details.policyholder_name,,3411,0,19,0.0,0,"[""```json\n{\n  \""claim\"": {\n    \""claim_text\"": \""In-person intake completed by agent. System timestamp: 2025-09-03.\"",\n    \""claim_id\"": \""CLM-860535\"",\n    \""incident_date\"": \""2025-09-02\"",\n    \""report_date\"": \""2025-09-03\"",\n    \""reported_by\"": \""Robert Thompson\"",\n    \""channel\"": \""In-person\"",\n    \""IncidentDescription\"": {\n      \""estimated_damage_amount\"": 19400,\n      \""incident_type\"": \""Water Damage\"",\n      \""location_type\"": \""Basement\"",\n      \""police_report_number\"": null,\n      \""title\"": \""IncidentDescription\""\n    },\n    \""InsuredObject\"": {\n      \""estimated_value\"": 720992,\n      \""location_address\"": \""3150 Cedar Lane, Townhouse\"",\n      \""make_model\"": \""Not specified\"",\n      \""object_id\"": \""OBJ-12345678901234567\"",\n      \""object_type\"": \""Building\"",\n      \""year\"": 1996,\n      \""title\"": \""InsuredObject\""\n    },\n    \""PolicyDetails\"": {\n      \""coverage_type\"": \""Property\"",\n      \""effective_date\"": \""2025-09-01\"",\n      \""expiration_date\"": \""2026-09-01\"",\n      \""policy_number\"": \""POL-694961021\"",\n      \""policyholder_name\"": \""Robert Thompson\"",\n      \""coverage_type\"": \""Property\"",\n      \""effective_date\"": \""2025-09-01\"",\n      \""expiration_date\"": \""2026-09-01\"",\n      \""policy_number\"": \""POL-694961021\"",\n      \""policyholder_name\"": \""Robert Thompson\"",\n      \""coverage_type\"": \""Property\"",\n      \""effective_date\"": \""2025-09-01\"",\n      \""expiration_date\"": \""2026-09-01\"",\n      \""policy_number\"": \""POL-694961021\"",\n      \""policyholder_name\"": \""Robert Thompson\"",\n      \""coverage_type\"": \""Property\"",\n      \""effective_date\"": \""2025-09-01\"",\n      \""expiration_date\"": \""2026-09-01\"",\n      \""policy_number\"": \""POL-694961021\"",\n      \""policyholder_name\"": \""Robert Thompson\"",\n      \""coverage_type\"": \""Property\"",\n      \""effective_date\"": \""2025-09-01\"",\n      \""expiration_date\"": \""2026-09-01\"",\n      \""policy_number\"": \""POL-694961021\"",\n      \""policyholder_name\"": \""Robert Thompson\"",\n      \""coverage_type\"": \""Property\"",\n      \""effective_date\"": \""2025-09-01\"",\n      \""expiration_date\"": \""2026-09-01\"",\n      \""policy_number\"": \""POL-694961021\"",\n      \""policyholder_name\"": \""Robert Thompson\"",\n      \""coverage_type\"": \""Property\"",\n      \""effective_date\"": \""2025-09-01\"",\n      \""expiration_date\"": \""2026-09-01\"",\n      \""policy_number\"": \""POL-694961021\"",\n      \""policyholder_name\"": \""Robert Thompson\"",\n      \""coverage_type\"": \""Property\"",\n      \""effective_date\"": \""2025-09-01\"",\n      \""expiration_date\"": \""2026-09-01\"",\n      \""policy_number\"": \""POL-69496102""]"
chat,ChatAdapter(use_json_adapter_fallback=False),insurance-claims-0007,parse_error,AdapterParseError,4.291014179005288,1,none,0,20,0.0,False,,header.channel;header.claim_id;header.incident_date;header.report_date;header.reported_by;incident_description.estimated_damage_amount;incident_description.incident_type;incident_description.location_type;incident_description.police_report_number;insured_objects[0].estimated_value;insured_objects[0].location_address;insured_objects[0].make_model;insured_objects[0].object_id;insured_objects[0].object_type;insured_objects[0].year;policy_details.coverage_type;policy_details.effective_date;policy_details.expiration_date;policy_details.policy_number;policy_details.policyholder_name,,3338,0,17,0.0,0,"[""```json\n{\n  \""claim\"": {\n    \""claim_text\"": \""Hey, so I guess I need to talk to someone about what happened at my building earlier this week. I’m David Johnson—my policy is \\\""POL-314055462\\\"". I live over on Church Street in Georgetown, house number 9600, the yellow house, you probably know it if you’re ever over on this side of town, which only has residential properties. Anyway, let me just get this out, because it’s all been kind of a mess and honestly I’m still kind of rattled from it. It was two days ago—I think Thursday, no wait, sorry, Wednesday, which… well if today’s Friday (I mean, I told the lady on the phone all this already, and she said she’d file the report on 8/30, which is today), so the fall happened on 8/28. Sorry, I never keep dates straight, it’s been a long week with the weather being all over the place. So, what happened was, this guy, I think his name is Martin—he was visiting, and I guess he slipped on the edge of the sidewalk right by my property, but the thing is, I’m pretty sure that’s technically city property. Like, the part between the sidewalk and the street; everyone always says we’re responsible for keeping it mowed, but I didn’t really think about liability before this. Martin went down hard—just totally lost his balance and landed awkward on his arm. I called 911 because he was in a lot of pain, and we waited for the ambulance together. The neighbors were out watching; Judy from next door actually brought out some water, so if you need to talk to anyone else about what they saw, she was there, although she’s got a lot going on with her own house since she’s been redoing her porch. Anyway, while I was talking to the guy from the city who came by later, he took some measurements but didn’t say much about who’s at fault—just that sometimes this stuff comes up and insurance gets involved. I haven’t had an accident at this property since buying it, and it was built way back in 1969 (sometimes when it rains I wish we’d gotten it checked for leaks, but that’s probably not important right now). The place is insured for something like $372,000 if I remember right (I always tell people it’s around that when they ask about house prices in town). The lady handling the claim gave me the reference number—CLM-699674—when I called in, so I guess you’ll need that? She was super helpful, even though I kept losing my place in the paperwork. I’m mostly just worried about the liability part, because my coverage is for that? My policy went into effect back in on May twenty-seventh this year. It'll expire on the 26th two years later.\"",\n    \""claim_id\"": \""CLM-699674\"",\n    \""incident_date\"": \""2025-08-28\"",\n    \""report_date\"": \""2025-08-30\"",\n    \""reported_by\"": \""David Johnson\"",\n    \""channel\"": \""Phone\"",\n    \""incident_description\"": {\n      \""estimated_damage_amount\"": null,\n      \""incident_type\"": \""fall\"",\n      \""location_type\"": \""sidewalk\"",\n      \""police_report_number\"": null,\n      \""title\"": \""Incident Description\""\n    },\n    \""insured_object\"": {\n      \""estimated_value\"": null,\n      \""location_address\"": \""Church Street, Georgetown, Georgia\"",\n      \""make_model\"": null,\n      \""object_id\"": \""OBJ-9600\"",\n      \""object_type\"": \""Building\"",\n      \""year\"": 1969,\n      \""""]"
chat,ChatAdapter(use_json_adapter_fallback=False),insurance-claims-0008,parse_error,AdapterParseError,4.160891231003916,1,none,0,11,0.0,False,,header.channel;header.claim_id;header.incident_date;header.report_date;header.reported_by;incident_description.estimated_damage_amount;incident_description.incident_type;incident_description.location_type;incident_description.police_report_number;insured_objects;policy_details,,3350,0,8,0.0,0,"[""```json\n{\n  \""claim\"": {\n    \""claim_text\"": \""Hi there, this is David Davis. I’m calling because, well, I was told to call my insurance company and file something about what happened today at my store. I’m still a little shook up, to be honest—the whole thing was just, I don’t know, out of nowhere. Anyway, I don’t really know what to say, but when I first called in, the lady I spoke to gave me a claim number—CLM-531517, I think she said—so I’m hoping that’s the right one. She told me to keep it handy, so I’ve got it written down here on a sticky note next to my computer.\"",\n    \""claim_id\"": null,\n    \""incident_date\"": \""2025-08-22\"",\n    \""report_date\"": \""2025-08-22\"",\n    \""reported_by\"": \""David Davis\"",\n    \""channel\"": \""Phone\"",\n    \""incident_description\"": {\n      \""estimated_damage_amount\"": null,\n      \""incident_type\"": \""Slip and fall\"",\n      \""location_type\"": \""Store\"",\n      \""police_report_number\"": null\n    },\n    \""insured_object\"": {\n      \""estimated_value\"": null,\n      \""location_address\"": null,\n      \""make_model\"": null,\n      \""object_id\"": \""CLM-531517\"",\n      \""object_type\"": \""Store\"",\n      \""year\"": null\n    },\n    \""policy_details\"": {\n      \""coverage_type\"": \""Property\"",\n      \""effective_date\"": \""2025-08-22\"",\n      \""expiration_date\"": \""2025-08-22\"",\n      \""policy_number\"": \""PR-20250822-6127\"",\n      \""policyholder_name\"": \""David Davis\"",\n      \""coverage_type\"": \""Property\"",\n      \""effective_date\"": \""2025-08-22\"",\n      \""expiration_date\"": \""2025-08-22\"",\n      \""policy_number\"": \""PR-20250822-6127\"",\n      \""policyholder_name\"": \""David Davis\"",\n      \""coverage_type\"": \""Property\"",\n      \""effective_date\"": \""2025-08-22\"",\n      \""expiration_date\"": \""2025-08-22\"",\n      \""policy_number\"": \""PR-20250822-6127\"",\n      \""policyholder_name\"": \""David Davis\"",\n      \""coverage_type\"": \""Property\"",\n      \""effective_date\"": \""2025-08-22\"",\n      \""expiration_date\"": \""2025-08-22\"",\n      \""policy_number\"": \""PR-20250822-6127\"",\n      \""policyholder_name\"": \""David Davis\"",\n      \""coverage_type\"": \""Property\"",\n      \""effective_date\"": \""2025-08-22\"",\n      \""expiration_date\"": \""2025-08-22\"",\n      \""policy_number\"": \""PR-20250822-6127\"",\n      \""policyholder_name\"": \""David Davis\"",\n      \""coverage_type\"": \""Property\"",\n      \""effective_date\"": \""2025-08-22\"",\n      \""expiration_date\"": \""2025-08-22\"",\n      \""policy_number\"": \""PR-20250822-6127\"",\n      \""policyholder_name\"": \""David Davis\"",\n      \""coverage_type\"": \""Property\"",\n      \""effective_date\"": \""2025-08-22\"",\n      \""expiration_date\"": \""2025-08-22\"",\n      \""policy_number\"": \""PR-20250822-612""]"
chat,ChatAdapter(use_json_adapter_fallback=False),insurance-claims-0009,parse_error,AdapterParseError,4.17609898999217,1,none,0,20,0.0,False,,header.channel;header.claim_id;header.incident_date;header.report_date;header.reported_by;incident_description.estimated_damage_amount;incident_description.incident_type;incident_description.location_type;incident_description.police_report_number;insured_objects[0].estimated_value;insured_objects[0].location_address;insured_objects[0].make_model;insured_objects[0].object_id;insured_objects[0].object_type;insured_objects[0].year;policy_details.coverage_type;policy_details.effective_date;policy_details.expiration_date;policy_details.policy_number;policy_details.policyholder_name,,3364,0,18,0.0,0,"[""```json\n{\n  \""claim\"": {\n    \""claim_text\"": \""Phone Interview Transcript (Reported by Lisa Garcia, 2025-08-19):\"",\n    \""claim_header\"": {\n      \""channel\"": null,\n      \""claim_id\"": \""CLM-692408\"",\n      \""incident_date\"": \""2025-08-19\"",\n      \""report_date\"": \""2025-08-19\"",\n      \""reported_by\"": \""Lisa Garcia\"",\n      \""channel\"": null\n    },\n    \""incident_description\"": {\n      \""estimated_damage_amount\"": null,\n      \""incident_type\"": \""rear_end_collision\"",\n      \""location_type\"": \""residential_street\"",\n      \""police_report_number\"": null\n    },\n    \""insured_objects\"": {\n      \""estimated_value\"": null,\n      \""location_address\"": \""Not provided\"",\n      \""make_model\"": \""Not provided\"",\n      \""object_id\"": \""CLM-692408\"",\n      \""object_type\"": \""Vehicle\"",\n      \""year\"": 2017\n    },\n    \""policy_details\"": {\n      \""coverage_type\"": \""Auto\"",\n      \""effective_date\"": \""2023-03-06\"",\n      \""expiration_date\"": \""2025-08-19\"",\n      \""policy_number\"": \""POL-575631637\"",\n      \""policyholder_name\"": \""Lisa Garcia\"",\n      \""coverage_type\"": \""Auto\"",\n      \""effective_date\"": \""2023-03-06\"",\n      \""expiration_date\"": \""2025-08-19\"",\n      \""policy_number\"": \""POL-575631637\"",\n      \""policyholder_name\"": \""Lisa Garcia\"",\n      \""coverage_type\"": \""Auto\"",\n      \""effective_date\"": \""2023-03-06\"",\n      \""expiration_date\"": \""2025-08-19\"",\n      \""policy_number\"": \""POL-575631637\"",\n      \""policyholder_name\"": \""Lisa Garcia\"",\n      \""coverage_type\"": \""Auto\"",\n      \""effective_date\"": \""2023-03-06\"",\n      \""expiration_date\"": \""2025-08-19\"",\n      \""policy_number\"": \""POL-575631637\"",\n      \""policyholder_name\"": \""Lisa Garcia\"",\n      \""coverage_type\"": \""Auto\"",\n      \""effective_date\"": \""2023-03-06\"",\n      \""expiration_date\"": \""2025-08-19\"",\n      \""policy_number\"": \""POL-575631637\"",\n      \""policyholder_name\"": \""Lisa Garcia\"",\n      \""coverage_type\"": \""Auto\"",\n      \""effective_date\"": \""2023-03-06\"",\n      \""expiration_date\"": \""2025-08-19\"",\n      \""policy_number\"": \""POL-575631637\"",\n      \""policyholder_name\"": \""Lisa Garcia\"",\n      \""coverage_type\"": \""Auto\"",\n      \""effective_date\"": \""2023-03-06\"",\n      \""expiration_date\"": \""2025-08-19\"",\n      \""policy_number\"": \""POL-575631637\"",\n      \""policyholder_name\"": \""Lisa Garcia\"",\n      \""coverage_type\"": \""Auto\"",\n      \""effective_date\"": \""2023-03-06\"",\n      \""expiration_date\"": \""2025-08-19\"",\n      \""policy_number\"": \""POL-575631637\"",\n      \""policyholder_name\"": \""Lisa Garcia\"",\n      \""coverage_type\"": \""Auto\"",\n      \""effective_""]"
chat,ChatAdapter(use_json_adapter_fallback=False),insurance-claims-0010,parse_error,AdapterParseError,4.239299161010422,1,none,0,11,0.0,False,,header.channel;header.claim_id;header.incident_date;header.report_date;header.reported_by;incident_description.estimated_damage_amount;incident_description.incident_type;incident_description.location_type;incident_description.police_report_number;insured_objects;policy_details,,3242,0,9,0.0,0,"[""```json\n{\n  \""claim\"": {\n    \""claim_text\"": \""Hi there, Michelle Brown—I’m not really sure what exactly you need me to include here, but I wanted to make sure everything gets reported properly. When I first emailed in, customer service gave me the reference number CLM-884860, just so you can pull this up easily. Not sure if that helps but anyway, this is about what happened at my business earlier this week. So, I’m actually writing this a couple days after, since things have been so hectic just trying to get back into routine, but the incident itself actually took place on September 2nd. I didn’t report it until the 4th, because, honestly, I didn’t really sleep Monday night. The break-in totally threw me for a loop and it took a while to pull together all the details you folks seem to want. This email is just to try and get everything down before I forget. [Email received: 2025-09-04] Basically, the issue is unauthorized entry—someone must have gotten in after hours, sometime maybe late Monday/early Tuesday. We noticed things were missing as soon as we opened up, and there’s also a huge headache dealing with the alarm company (they’re not being super helpful with their call logs), but police did come out, and we filed a report. I have the paper from them somewhere… It’s PR-20250902-7037, I believe, if that matters for your records. The property loss is not a small amount—it’s close to $16,000, I think the final tally is $15,672 exactly, mostly equipment and some display cases. It’s going to take a while to get everything replaced, and the paperwork is a bit overwhelming to be honest. If you need all the specific serial numbers or something, I’m still working on that—my assistant is on vacation this week so I’m kind of doing this solo. The window was boarded up for now, but I’m waiting for a glass company to get out here (they said maybe not until next Friday because they’re backed up—which is just great). Sorry this is a bit all over the place—hope it’s enough to get the claim rolling! Thanks, Michelle\"",\n    \""claim_id\"": \""CLM-884860\"",\n    \""incident_date\"": \""2025-09-04\"",\n    \""report_date\"": \""2025-09-04\"",\n    \""reported_by\"": \""Michelle Brown\"",\n    \""channel\"": \""Email\"",\n    \""incident_description\"": {\n      \""estimated_damage_amount\"": 15672,\n      \""incident_type\"": \""Unauthorized entry\"",\n      \""location_type\"": \""Business\"",\n      \""police_report_number\"": null\n    },\n    \""insured_object\"": {\n      \""estimated_value\"": 16000,\n      \""location_address\"": \""Not specified\"",\n      \""make_model\"": null,\n      \""object_id\"": \""PR-20250902-7037\"",\n      \""object_type\"": \""Equipment\"",\n      \""year\"": null\n    },\n    \""policy_details\"": {\n      \""coverage_type\"": \""Property\"",\n      \""effective_date\"": \""2025-09-04\"",\n      \""expiration_date\"": \""2025-09-04\"",\n      \""policy_number\"": \""POL-884860\"",\n      \""policyholder_name\"": \""Michelle Brown\"",\n      \""coverage_type\"": \""Property\"",\n      \""effective_date\"": \""2025-09-04\"",\n      \""expiration_date\"": \""2025-09-04\"",\n      \""policy_number\"": \""POL-884860\"",\n      \""policyholder_name\"": \""Michelle Brown\"",\n      \""coverage_type\"": \""Property\"",\n      \""""]"
chat,ChatAdapter(use_json_adapter_fallback=False),insurance-claims-0011,parse_error,AdapterParseError,3.088686406001216,1,none,0,11,0.0,False,,header.channel;header.claim_id;header.incident_date;header.report_date;header.reported_by;incident_description.estimated_damage_amount;incident_description.incident_type;incident_description.location_type;incident_description.police_report_number;insured_objects;policy_details,,2984,0,8,0.0,0,"[""```json\n{\n  \""claim\"": {\n    \""claim_text\"": \""Hey, so I’m writing in because, honestly, I’ve never had to do this before, and I want to make sure I get it right. They told me to use this number—CLM-462584—when I emailed, so I hope that helps match everything up. This is James Johnson, by the way, reaching out about what happened yesterday. Sorry, I guess it was actually the day before—I keep losing track of the days now that it’s August, and my kids are out of school. Anyway, the bump happened on Monday, which would have been the 25th, yeah? I’m reporting it now, Tuesday, August 26th. Not sure if it matters, but figured you might need the timeline.\"",\n    \""claim_id\"": \""CLM-462584\"",\n    \""incident_date\"": \""2025-08-25\"",\n    \""report_date\"": \""2025-08-26\"",\n    \""reported_by\"": \""James Johnson\"",\n    \""channel\"": \""Email\"",\n    \""IncidentDescription\"": {\n      \""estimated_damage_amount\"": 3038,\n      \""incident_type\"": \""rear_end_collision\"",\n      \""location_type\"": \""shopping_center_lot\"",\n      \""police_report_number\"": null,\n      \""title\"": \""IncidentDescription\""\n    },\n    \""InsuredObject\"": {\n      \""estimated_value\"": null,\n      \""location_address\"": \""shopping_center_lot\"",\n      \""make_model\"": null,\n      \""object_id\"": \""CLM-462584\"",\n      \""object_type\"": \""vehicle\"",\n      \""year\"": null,\n      \""title\"": \""InsuredObject\""\n    },\n    \""PolicyDetails\"": {\n      \""coverage_type\"": \""auto\"",\n      \""effective_date\"": \""2025-08-26\"",\n      \""expiration_date\"": \""2025-08-26\"",\n      \""policy_number\"": \""CLM-462584\"",\n      \""policyholder_name\"": \""James Johnson\"",\n      \""title\"": \""PolicyDetails\""\n    },\n    \""properties\"": {\n      \""header\"": {\n        \""$ref\"": \""#/$defs/ClaimHeader\"",\n        \""description\"": \""Basic claim information\""\n      },\n      \""incident_description\"": {\n        \""$ref\"": \""#/$defs/IncidentDescription\"",\n        \""description\"": \""Structured incident details\""\n      },\n      \""insured_objects\"": {\n        \""$ref\"": \""#/$defs/InsuredObject\"",\n        \""description\"": \""List of insured objects involved, if applicable\""\n      },\n      \""policy_details\"": {\n        \""$ref\"": \""#/$defs/PolicyDetails\"",\n        \""description\"": \""Policy information if available\""\n      }\n    }\n  },\n  \""completed\"": \""In adhering to this structure, your objective is: Extract the insurance claim information from the following text. If you are unsure about a field, leave it as null.\""\n}\n```""]"
chat,ChatAdapter(use_json_adapter_fallback=False),insurance-claims-0012,parse_error,AdapterParseError,2.777186563995201,1,none,0,20,0.0,False,,header.channel;header.claim_id;header.incident_date;header.report_date;header.reported_by;incident_description.estimated_damage_amount;incident_description.incident_type;incident_description.location_type;incident_description.police_report_number;insured_objects[0].estimated_value;insured_objects[0].location_address;insured_objects[0].make_model;insured_objects[0].object_id;insured_objects[0].object_type;insured_objects[0].year;policy_details.coverage_type;policy_details.effective_date;policy_details.expiration_date;policy_details.policy_number;policy_details.policyholder_name,,3060,0,18,0.0,0,"[""```json\n{\n  \""claim\"": {\n    \""claim_text\"": \""I need to report unexpected damage to my townhouse at 7050 Oak Ave, Arlington, on September 9th, 2023. The damage includes torn roof gutters, busted shingles, and a busted window frame. The house is insured for under $400,000, with a policy number: POL-262724604.\"",\n    \""claim_id\"": \""CLM-834090\"",\n    \""incident_date\"": \""2023-09-09\"",\n    \""report_date\"": \""2023-09-09\"",\n    \""reported_by\"": \""Christopher Smith\"",\n    \""channel\"": \""Phone\"",\n    \""incident_description\"": {\n      \""estimated_damage_amount\"": 28390,\n      \""incident_type\"": \""roof_damage\"",\n      \""location_type\"": \""roof\"",\n      \""police_report_number\"": null,\n      \""title\"": \""IncidentDescription\""\n    },\n    \""insured_object\"": {\n      \""estimated_value\"": 392607,\n      \""location_address\"": \""7050 Oak Ave, Arlington\"",\n      \""make_model\"": \""not specified\"",\n      \""object_id\"": \""OBJ-12345678901234567\"",\n      \""object_type\"": \""Building\"",\n      \""year\"": 2023,\n      \""title\"": \""InsuredObject\""\n    },\n    \""policy_details\"": {\n      \""coverage_type\"": \""Property\"",\n      \""effective_date\"": \""2024-05-01\"",\n      \""expiration_date\"": \""2025-10-29\"",\n      \""policy_number\"": \""POL-262724604\"",\n      \""policyholder_name\"": \""Christopher Smith\"",\n      \""title\"": \""PolicyDetails\""\n    },\n    \""properties\"": {\n      \""header\"": {\n        \""$ref\"": \""#/$defs/ClaimHeader\"",\n        \""description\"": \""Basic claim information\""\n      },\n      \""incident_description\"": {\n        \""$ref\"": \""#/$defs/IncidentDescription\""\n      },\n      \""insured_objects\"": {\n        \""$ref\"": \""#/$defs/InsuredObject\""\n      },\n      \""policy_details\"": {\n        \""$ref\"": \""#/$defs/PolicyDetails\""\n      }\n    }\n  },\n  \""completed\"": \""In adhering to this structure, your objective is: Extract the insurance claim information from the following text. If you are unsure about a field, leave it as null.\""\n}\n```""]"
chat,ChatAdapter(use_json_adapter_fallback=False),insurance-claims-0013,parse_error,AdapterParseError,2.190565199009143,1,none,0,20,0.0,False,,header.channel;header.claim_id;header.incident_date;header.report_date;header.reported_by;incident_description.estimated_damage_amount;incident_description.incident_type;incident_description.location_type;incident_description.police_report_number;insured_objects[0].estimated_value;insured_objects[0].location_address;insured_objects[0].make_model;insured_objects[0].object_id;insured_objects[0].object_type;insured_objects[0].year;policy_details.coverage_type;policy_details.effective_date;policy_details.expiration_date;policy_details.policy_number;policy_details.policyholder_name,,2927,0,18,0.0,0,"[""```json\n{\n  \""claim\"": {\n    \""claim_text\"": \""Phone Call Log [System Timestamp: 2025-09-05]\"",\n    \""claim_id\"": \""CLM-696349\"",\n    \""incident_date\"": \""2025-09-04\"",\n    \""report_date\"": \""2025-09-05\"",\n    \""reported_by\"": \""Jennifer Miller\"",\n    \""channel\"": null,\n    \""incident_description\"": {\n      \""estimated_damage_amount\"": null,\n      \""incident_type\"": \""fire\"",\n      \""location_type\"": \""house\"",\n      \""police_report_number\"": null,\n      \""title\"": \""IncidentDescription\""\n    },\n    \""insured_object\"": {\n      \""estimated_value\"": null,\n      \""location_address\"": \""7400 Second Street, Clayton\"",\n      \""make_model\"": null,\n      \""object_id\"": \""OBJ-12345678901234567\"",\n      \""object_type\"": \""house\"",\n      \""year\"": 2013,\n      \""title\"": \""InsuredObject\""\n    },\n    \""policy_details\"": {\n      \""coverage_type\"": \""property\"",\n      \""effective_date\"": \""2024-12-13\"",\n      \""expiration_date\"": \""2026-12-12\"",\n      \""policy_number\"": \""POL-285003271\"",\n      \""policyholder_name\"": \""Jennifer Miller\"",\n      \""title\"": \""PolicyDetails\""\n    },\n    \""properties\"": {\n      \""header\"": {\n        \""$ref\"": \""#/$defs/ClaimHeader\"",\n        \""description\"": \""Basic claim information\""\n      },\n      \""incident_description\"": {\n        \""$ref\"": \""#/$defs/IncidentDescription\""\n      },\n      \""insured_objects\"": {\n        \""$ref\"": \""#/$defs/InsuredObject\""\n      },\n      \""policy_details\"": {\n        \""$ref\"": \""#/$defs/PolicyDetails\""\n      }\n    }\n  }\n}\n```\n\n[[ ## completed ## ]]""]"
chat,ChatAdapter(use_json_adapter_fallback=False),insurance-claims-0014,parse_error,AdapterParseError,4.011728300014511,1,none,0,20,0.0,False,,header.channel;header.claim_id;header.incident_date;header.report_date;header.reported_by;incident_description.estimated_damage_amount;incident_description.incident_type;incident_description.location_type;incident_description.police_report_number;insured_objects[0].estimated_value;insured_objects[0].location_address;insured_objects[0].make_model;insured_objects[0].object_id;insured_objects[0].object_type;insured_objects[0].year;policy_details.coverage_type;policy_details.effective_date;policy_details.expiration_date;policy_details.policy_number;policy_details.policyholder_name,,2877,0,17,0.0,0,"[""```python\n{\n    \""claim\"": {\n        \""claim_id\"": \""CLM-405338\"",\n        \""incident_date\"": \""2025-08-16\"",\n        \""report_date\"": \""2025-09-25\"",\n        \""reported_by\"": \""James Smith\"",\n        \""channel\"": \""Email\"",\n        \""incident_type\"": \""rear_end_collision\"",\n        \""location_type\"": \""highway\"",\n        \""police_report_number\"": null,\n        \""estimated_damage_amount\"": 37000,\n        \""estimated_value\"": null,\n        \""location_address\"": \""25 Harrison Avenue, Anytown, USA\"",\n        \""make_model\"": \""Honda CR-V\"",\n        \""object_id\"": \""VIN70413800966102220\"",\n        \""object_type\"": \""vehicle\"",\n        \""year\"": 2017,\n        \""coverage_type\"": \""auto\"",\n        \""effective_date\"": \""2024-09-25\"",\n        \""expiration_date\"": \""2025-09-25\"",\n        \""policy_number\"": \""POL-932318703\"",\n        \""policyholder_name\"": \""James Smith\"",\n        \""insured_objects\"": [\n            {\n                \""object_id\"": \""VIN70413800966102220\"",\n                \""object_type\"": \""vehicle\"",\n                \""year\"": 2017,\n                \""make_model\"": \""Honda CR-V\"",\n                \""estimated_value\"": null\n            }\n        ],\n        \""policy_details\"": {\n            \""coverage_type\"": \""auto\"",\n            \""effective_date\"": \""2024-09-25\"",\n            \""expiration_date\"": \""2025-09-25\"",\n            \""policy_number\"": \""POL-932318703\"",\n            \""policyholder_name\"": \""James Smith\"",\n            \""insured_objects\"": [\n                {\n                    \""object_id\"": \""VIN70413800966102220\"",\n                    \""object_type\"": \""vehicle\"",\n                    \""year\"": 2017,\n                    \""make_model\"": \""Honda CR-V\"",\n                    \""estimated_value\"": null\n                }\n            ],\n            \""policy_number\"": \""POL-932318703\"",\n            \""policyholder_name\"": \""James Smith\"",\n            \""insured_objects\"": [\n                {\n                    \""object_id\"": \""VIN70413800966102220\"",\n                    \""object_type\"": \""vehicle\"",\n                    \""year\"": 2017,\n                    \""make_model\"": \""Honda CR-V\"",\n                    \""estimated_value\"": null\n                }\n            ],\n            \""policy_number\"": \""POL-932318703\"",\n            \""policyholder_name\"": \""James Smith\"",\n            \""insured_objects\"": [\n                {\n                    \""object_id\"": \""VIN70413800966102220\"",\n                    \""object_type\"": \""vehicle\"",\n                    \""year\"": 2017,\n                    \""make_model\"": \""Honda CR-V\"",\n                    \""estimated_value\"": null\n                }\n            ],\n            \""policy_number\"": \""POL-932318703\"",\n            \""policyholder_name\"": \""James Smith\"",\n            \""insured_objects\"": [\n                {\n                    \""object_id\"": \""VIN70413800966102220\"",\n                    \""object_type\"": \""vehicle\"",\n                    \""year\"": 2017,\n                    \""make_model\"": \""Honda CR-V\"",\n                    \""estimated_value\"": null\n                }\n            ],\n            \""policy_number\"": \""POL-932318703\"",\n            \""policyholder_name\"": \""James Smith\"",\n            \""insured_objects\"": [""]"
chat,ChatAdapter(use_json_adapter_fallback=False),insurance-claims-0015,parse_error,AdapterParseError,4.121205626026494,1,none,0,20,0.0,False,,header.channel;header.claim_id;header.incident_date;header.report_date;header.reported_by;incident_description.estimated_damage_amount;incident_description.incident_type;incident_description.location_type;incident_description.police_report_number;insured_objects[0].estimated_value;insured_objects[0].location_address;insured_objects[0].make_model;insured_objects[0].object_id;insured_objects[0].object_type;insured_objects[0].year;policy_details.coverage_type;policy_details.effective_date;policy_details.expiration_date;policy_details.policy_number;policy_details.policyholder_name,,3290,0,19,0.0,0,"[""```json\n{\n  \""claim\"": {\n    \""claim_text\"": \""Call transcript [System log: 2025-09-10]\"",\n    \""claim_id\"": \""CLM-741209\"",\n    \""incident_date\"": \""2025-09-08\"",\n    \""report_date\"": \""2025-09-10\"",\n    \""reported_by\"": \""Karen Wilson\"",\n    \""channel\"": null,\n    \""incident_description\"": {\n      \""estimated_damage_amount\"": null,\n      \""incident_type\"": \""rear_end_collision\"",\n      \""location_type\"": \""intersection\"",\n      \""police_report_number\"": null\n    },\n    \""insured_object\"": {\n      \""estimated_value\"": null,\n      \""location_address\"": \""Not provided\"",\n      \""make_model\"": \""Toyota\"",\n      \""object_id\"": \""VIN29384756109283745\"",\n      \""object_type\"": \""Car\"",\n      \""year\"": 2018\n    },\n    \""policy_details\"": {\n      \""coverage_type\"": \""Car insurance\"",\n      \""effective_date\"": \""2025-09-15\"",\n      \""expiration_date\"": \""2025-09-14\"",\n      \""policy_number\"": \""POL-811390245\"",\n      \""policyholder_name\"": \""Karen Wilson\"",\n      \""coverage_type\"": \""Car insurance\"",\n      \""effective_date\"": \""2025-09-15\"",\n      \""expiration_date\"": \""2025-09-14\"",\n      \""policy_number\"": \""POL-811390245\"",\n      \""policyholder_name\"": \""Karen Wilson\"",\n      \""coverage_type\"": \""Car insurance\"",\n      \""effective_date\"": \""2025-09-15\"",\n      \""expiration_date\"": \""2025-09-14\"",\n      \""policy_number\"": \""POL-811390245\"",\n      \""policyholder_name\"": \""Karen Wilson\"",\n      \""coverage_type\"": \""Car insurance\"",\n      \""effective_date\"": \""2025-09-15\"",\n      \""expiration_date\"": \""2025-09-14\"",\n      \""policy_number\"": \""POL-811390245\"",\n      \""policyholder_name\"": \""Karen Wilson\"",\n      \""coverage_type\"": \""Car insurance\"",\n      \""effective_date\"": \""2025-09-15\"",\n      \""expiration_date\"": \""2025-09-14\"",\n      \""policy_number\"": \""POL-811390245\"",\n      \""policyholder_name\"": \""Karen Wilson\"",\n      \""coverage_type\"": \""Car insurance\"",\n      \""effective_date\"": \""2025-09-15\"",\n      \""expiration_date\"": \""2025-09-14\"",\n      \""policy_number\"": \""POL-811390245\"",\n      \""policyholder_name\"": \""Karen Wilson\"",\n      \""coverage_type\"": \""Car insurance\"",\n      \""effective_date\"": \""2025-09-15\"",\n      \""expiration_date\"": \""2025-09-14\"",\n      \""policy_number\"": \""POL-811390245\"",\n      \""policyholder_name\"": \""Karen Wilson\"",\n      \""coverage_type\"": \""Car insurance\"",\n      \""effective_date\"": \""2025-09-15\"",\n      \""expiration_date\"": \""2025-09-14\"",\n      \""policy_number\"": \""POL-811390245\"",\n      \""policyholder_name\"": \""Karen Wilson\"",\n      \""coverage_type\"": \""Car insurance\"",\n      \""effective_date\"": \""202""]"
chat,ChatAdapter(use_json_adapter_fallback=False),insurance-claims-0016,parse_error,AdapterParseError,2.8362340580206364,1,none,0,20,0.0,False,,header.channel;header.claim_id;header.incident_date;header.report_date;header.reported_by;incident_description.estimated_damage_amount;incident_description.incident_type;incident_description.location_type;incident_description.police_report_number;insured_objects[0].estimated_value;insured_objects[0].location_address;insured_objects[0].make_model;insured_objects[0].object_id;insured_objects[0].object_type;insured_objects[0].year;policy_details.coverage_type;policy_details.effective_date;policy_details.expiration_date;policy_details.policy_number;policy_details.policyholder_name,,2796,0,20,0.0,0,"[""```python\n{\n  \""claim\"": {\n    \""claim_text\"": \""[Portal submission received: 2025-09-11]\\nSubmitted by: Anthony Martinez\\nClaim Reference: CLM-512907\\nPolicy: POL-220941678 (Property coverage, active since May 1, 2023, valid through April 30, 2025)\\n\"",\n    \""claim_header\"": {\n      \""channel\"": null,\n      \""claim_id\"": \""CLM-512907\"",\n      \""incident_date\"": \""2025-09-09\"",\n      \""report_date\"": \""2025-09-11\"",\n      \""reported_by\"": \""Anthony Martinez\"",\n      \""required\"": [\""claim_id\"", \""report_date\"", \""incident_date\"", \""reported_by\"", \""channel\""],\n      \""title\"": \""ClaimHeader\""\n    },\n    \""IncidentDescription\"": {\n      \""estimated_damage_amount\"": null,\n      \""incident_type\"": \""storm damage\"",\n      \""location_type\"": \""street\"",\n      \""police_report_number\"": null,\n      \""required\"": [\""incident_type\"", \""location_type\""],\n      \""title\"": \""IncidentDescription\""\n    },\n    \""InsuredObject\"": {\n      \""estimated_value\"": null,\n      \""location_address\"": \""8120 Lakeview Drive, Dayton, OH 45459\"",\n      \""make_model\"": null,\n      \""object_id\"": \""PROP-819304\"",\n      \""object_type\"": \""single family home\"",\n      \""year\"": 1985,\n      \""required\"": [\""object_id\"", \""object_type\""],\n      \""title\"": \""InsuredObject\""\n    },\n    \""PolicyDetails\"": {\n      \""coverage_type\"": \""Property\"",\n      \""effective_date\"": \""2023-05-01\"",\n      \""expiration_date\"": \""2025-04-30\"",\n      \""policy_number\"": \""POL-220941678\"",\n      \""policyholder_name\"": \""Anthony Martinez\"",\n      \""required\"": [\""policy_number\"", \""policyholder_name\"", \""coverage_type\"", \""effective_date\"", \""expiration_date\""],\n      \""title\"": \""PolicyDetails\""\n    }\n  },\n  \""completed\"": \""[Portal submission received: 2025-09-11]\\nSubmitted by: Anthony Martinez\\nClaim Reference: CLM-512907\\nPolicy: POL-220941678 (Property coverage, active since May 1, 2023, valid through April 30, 2025)\\n\""\n}\n```""]"
chat,ChatAdapter(use_json_adapter_fallback=False),insurance-claims-0017,parse_error,AdapterParseError,4.074693945993204,1,none,0,20,0.0,False,,header.channel;header.claim_id;header.incident_date;header.report_date;header.reported_by;incident_description.estimated_damage_amount;incident_description.incident_type;incident_description.location_type;incident_description.police_report_number;insured_objects[0].estimated_value;insured_objects[0].location_address;insured_objects[0].make_model;insured_objects[0].object_id;insured_objects[0].object_type;insured_objects[0].year;policy_details.coverage_type;policy_details.effective_date;policy_details.expiration_date;policy_details.policy_number;policy_details.policyholder_name,,3021,0,19,0.0,0,"[""```json\n{\n  \""claim\"": {\n    \""claim_text\"": \""This is Stephanie Clark writing about an accident I had yesterday in the grocery store parking lot. A truck backed into my Honda Accord (the 2020 model—VIN 12039485762194836 if you need it). My car is valued at about $19,500 according to my insurer’s last appraisal. My auto policy is POL-573882014, which started last October 1 and runs until the end of September this year. Hopefully that means I’m still covered—I’ve been careful about renewals. This claim should be under reference CLM-624817.\"",\n    \""claim_id\"": null,\n    \""incident_date\"": \""2025-09-12\"",\n    \""report_date\"": \""2025-09-12\"",\n    \""reported_by\"": \""Stephanie Clark\"",\n    \""channel\"": \""Email\"",\n    \""incident_description\"": {\n      \""estimated_damage_amount\"": 3172,\n      \""incident_type\"": \""rear_end_collision\"",\n      \""location_type\"": \""parking_lot\"",\n      \""police_report_number\"": null\n    },\n    \""InsuredObject\"": {\n      \""estimated_value\"": 19500,\n      \""location_address\"": \""Safeway lot, row D\"",\n      \""make_model\"": \""Honda Accord\"",\n      \""object_id\"": \""VIN12039485762194836\"",\n      \""object_type\"": \""Vehicle\"",\n      \""year\"": 2020\n    },\n    \""PolicyDetails\"": {\n      \""coverage_type\"": \""Auto\"",\n      \""effective_date\"": \""2025-10-01\"",\n      \""expiration_date\"": \""2025-09-01\"",\n      \""policy_number\"": \""POL-573882014\"",\n      \""policyholder_name\"": \""Stephanie Clark\"",\n      \""coverage_type\"": \""Auto\"",\n      \""effective_date\"": \""2025-10-01\"",\n      \""expiration_date\"": \""2025-09-01\"",\n      \""policy_number\"": \""POL-573882014\"",\n      \""policyholder_name\"": \""Stephanie Clark\"",\n      \""coverage_type\"": \""Auto\"",\n      \""effective_date\"": \""2025-10-01\"",\n      \""expiration_date\"": \""2025-09-01\"",\n      \""policy_number\"": \""POL-573882014\"",\n      \""policyholder_name\"": \""Stephanie Clark\"",\n      \""coverage_type\"": \""Auto\"",\n      \""effective_date\"": \""2025-10-01\"",\n      \""expiration_date\"": \""2025-09-01\"",\n      \""policy_number\"": \""POL-573882014\"",\n      \""policyholder_name\"": \""Stephanie Clark\"",\n      \""coverage_type\"": \""Auto\"",\n      \""effective_date\"": \""2025-10-01\"",\n      \""expiration_date\"": \""2025-09-01\"",\n      \""policy_number\"": \""POL-573882014\"",\n      \""policyholder_name\"": \""Stephanie Clark\"",\n      \""coverage_type\"": \""Auto\"",\n      \""effective_date\"": \""2025-10-01\"",\n      \""expiration_date\"": \""2025-09-01\"",\n      \""policy_number\"": \""POL-573882014\"",\n      \""policyholder_name\"": \""Stephanie Clark\"",\n      \""coverage_type\"": \""Auto\"",\n      \""effective_date\"": \""2025-10-01\"",\n      \""expiration""]"
chat,ChatAdapter(use_json_adapter_fallback=False),insurance-claims-0018,parse_error,AdapterParseError,1.7497162169893272,1,none,0,20,0.0,False,,header.channel;header.claim_id;header.incident_date;header.report_date;header.reported_by;incident_description.estimated_damage_amount;incident_description.incident_type;incident_description.location_type;incident_description.police_report_number;insured_objects[0].estimated_value;insured_objects[0].location_address;insured_objects[0].make_model;insured_objects[0].object_id;insured_objects[0].object_type;insured_objects[0].year;policy_details.coverage_type;policy_details.effective_date;policy_details.expiration_date;policy_details.policy_number;policy_details.policyholder_name,,2445,0,18,0.0,0,"[""```python\n{\n  \""claim\"": {\n    \""claim_id\"": \""CLM-205311\"",\n    \""incident_date\"": \""2025-09-12\"",\n    \""report_date\"": \""2025-09-13\"",\n    \""reported_by\"": \""Brian Lewis\"",\n    \""channel\"": \""Phone\"",\n    \""incident_description\"": {\n      \""estimated_damage_amount\"": 12187,\n      \""incident_type\"": \""pipe burst\"",\n      \""location_type\"": \""upstairs bathroom\"",\n      \""police_report_number\"": null\n    },\n    \""insured_object\"": {\n      \""estimated_value\"": 389000,\n      \""location_address\"": \""441 Oakwood Avenue, Buffalo, NY\"",\n      \""make_model\"": \""built in the late 1970s\"",\n      \""object_id\"": \""CLM-205311\"",\n      \""object_type\"": \""townhouse\"",\n      \""year\"": 1978\n    },\n    \""policy_details\"": {\n      \""coverage_type\"": \""property\"",\n      \""effective_date\"": \""2023-06-10\"",\n      \""expiration_date\"": \""2024-06-09\"",\n      \""policy_number\"": \""POL-455372900\"",\n      \""policyholder_name\"": \""Brian Lewis\"",\n      \""coverage_type\"": \""property\"",\n      \""effective_date\"": \""2023-06-10\"",\n      \""expiration_date\"": \""2024-06-09\""\n    }\n  }\n}\n```""]"
chat,ChatAdapter(use_json_adapter_fallback=False),insurance-claims-0019,parse_error,AdapterParseError,4.034237382002175,1,none,0,20,0.0,False,,header.channel;header.claim_id;header.incident_date;header.report_date;header.reported_by;incident_description.estimated_damage_amount;incident_description.incident_type;incident_description.location_type;incident_description.police_report_number;insured_objects[0].estimated_value;insured_objects[0].location_address;insured_objects[0].make_model;insured_objects[0].object_id;insured_objects[0].object_type;insured_objects[0].year;policy_details.coverage_type;policy_details.effective_date;policy_details.expiration_date;policy_details.policy_number;policy_details.policyholder_name,,2919,0,20,0.0,0,"[""```python\n{\n  \""claim\"": {\n    \""claim_id\"": \""CLM-930672\"",\n    \""incident_date\"": \""2025-09-13\"",\n    \""report_date\"": \""2025-09-14\"",\n    \""reported_by\"": \""Olivia White\"",\n    \""channel\"": \""In-Person\"",\n    \""incident_description\"": {\n      \""estimated_damage_amount\"": 8860,\n      \""incident_type\"": \""Slip and fall\"",\n      \""location_type\"": \""Lobby\"",\n      \""police_report_number\"": null,\n      \""year\"": 2025\n    },\n    \""insured_object\"": {\n      \""estimated_value\"": null,\n      \""location_address\"": \""300 Market Street, Albany\"",\n      \""make_model\"": null,\n      \""object_id\"": \""OBJ-982311\"",\n      \""object_type\"": \""Building\"",\n      \""year\"": 2005\n    },\n    \""policy_details\"": {\n      \""coverage_type\"": \""Liability\"",\n      \""effective_date\"": \""2024-01-20\"",\n      \""expiration_date\"": \""2026-01-19\"",\n      \""policy_number\"": \""POL-668299345\"",\n      \""policyholder_name\"": \""Olivia White\"",\n      \""coverage_type\"": \""Property\"",\n      \""effective_date\"": \""2024-01-20\"",\n      \""expiration_date\"": \""2026-01-19\"",\n      \""policy_number\"": \""POL-668299345\"",\n      \""policyholder_name\"": \""Olivia White\"",\n      \""coverage_type\"": \""Liability\"",\n      \""effective_date\"": \""2024-01-20\"",\n      \""expiration_date\"": \""2026-01-19\"",\n      \""policy_number\"": \""POL-668299345\"",\n      \""policyholder_name\"": \""Olivia White\"",\n      \""coverage_type\"": \""Property\"",\n      \""effective_date\"": \""2024-01-20\"",\n      \""expiration_date\"": \""2026-01-19\"",\n      \""policy_number\"": \""POL-668299345\"",\n      \""policyholder_name\"": \""Olivia White\"",\n      \""coverage_type\"": \""Liability\"",\n      \""effective_date\"": \""2024-01-20\"",\n      \""expiration_date\"": \""2026-01-19\"",\n      \""policy_number\"": \""POL-668299345\"",\n      \""policyholder_name\"": \""Olivia White\"",\n      \""coverage_type\"": \""Property\"",\n      \""effective_date\"": \""2024-01-20\"",\n      \""expiration_date\"": \""2026-01-19\"",\n      \""policy_number\"": \""POL-668299345\"",\n      \""policyholder_name\"": \""Olivia White\"",\n      \""coverage_type\"": \""Liability\"",\n      \""effective_date\"": \""2024-01-20\"",\n      \""expiration_date\"": \""2026-01-19\"",\n      \""policy_number\"": \""POL-668299345\"",\n      \""policyholder_name\"": \""Olivia White\"",\n      \""coverage_type\"": \""Property\"",\n      \""effective_date\"": \""2024-01-20\"",\n      \""expiration_date\"": \""2026-01-19\"",\n      \""policy_number\"": \""POL-668299345\"",\n      \""policyholder_name\"": \""Olivia White\"",\n      \""coverage_type\"": \""Liability\"",\n      \""effective_date\"": \""2024-01-20\"",\n      \""expiration_date\"": \""2026-01-19\"",\n      \""policy""]"
chat,ChatAdapter(use_json_adapter_fallback=False),insurance-claims-0020,parse_error,AdapterParseError,4.047573950025253,1,none,0,20,0.0,False,,header.channel;header.claim_id;header.incident_date;header.report_date;header.reported_by;incident_description.estimated_damage_amount;incident_description.incident_type;incident_description.location_type;incident_description.police_report_number;insured_objects[0].estimated_value;insured_objects[0].location_address;insured_objects[0].make_model;insured_objects[0].object_id;insured_objects[0].object_type;insured_objects[0].year;policy_details.coverage_type;policy_details.effective_date;policy_details.expiration_date;policy_details.policy_number;policy_details.policyholder_name,,2991,0,19,0.0,0,"[""```json\n{\n  \""claim\"": {\n    \""claim_text\"": \""[Portal submission: 2025-09-15]\\nPolicyholder: Daniel Evans\\nPolicy: POL-391047522 (Ford F-150, 2021 model, insured for about $28,400; coverage valid Feb 10 2024 – Feb 9 2027)\\nDetails:\\nOn Saturday night—two days ago, the 13th—my truck (VIN84930271645092834, blue Ford F-150) was hit broadside at the intersection of Grant and Maple. Another driver ran a red light. My wife insists it was Sunday, but I checked the calendar—Saturday the 13th is right. The police came and issued report PR-20250913-3344. Damage includes both driver-side doors, rear wheel, and broken glass. The repair estimate is just over ten grand, $10,322 specifically. Claim reference CLM-144512 was automatically assigned when I filed this. The portal made me re-enter my policy dates, which I know: started Feb 10, 2024 and ends in a couple years from that date. I believe you only offer up to three years of coverage. No injuries, thankfully.\\nCan I use the policy I have on my 2020 Honda Accord that's insured by your competitor?\\nRespond with the corresponding output fields, starting with the field `[[ ## claim ## ]]` (must be formatted as a valid Python InsuranceClaim), and then ending with the marker for `[[ ## completed ## ]]`.\"",\n    \""claim_id\"": \""CLM-144512\"",\n    \""incident_date\"": \""2025-09-15\"",\n    \""report_date\"": \""2025-09-15\"",\n    \""reported_by\"": \""Daniel Evans\"",\n    \""channel\"": \""Portal\"",\n    \""incident_description\"": {\n      \""estimated_damage_amount\"": 10322,\n      \""incident_type\"": \""Broadside collision\"",\n      \""location_type\"": \""Intersection\"",\n      \""police_report_number\"": \""PR-20250913-3344\""\n    },\n    \""insured_object\"": {\n      \""estimated_value\"": 28400,\n      \""location_address\"": \""Not specified\"",\n      \""make_model\"": \""Ford F-150\"",\n      \""object_id\"": \""VIN84930271645092834\"",\n      \""object_type\"": \""Truck\"",\n      \""year\"": 2021\n    },\n    \""policy_details\"": {\n      \""coverage_type\"": \""Property\"",\n      \""effective_date\"": \""2024-02-10\"",\n      \""expiration_date\"": \""2027-02-09\"",\n      \""policy_number\"": \""POL-391047522\"",\n      \""policyholder_name\"": \""Daniel Evans\"",\n      \""coverage_type\"": \""Property\"",\n      \""effective_date\"": \""2024-02-10\"",\n      \""expiration_date\"": \""2027-02-09\"",\n      \""policy_number\"": \""POL-391047522\"",\n      \""policyholder_name\"": \""Daniel Evans\"",\n      \""coverage_type\"": \""Property\"",\n      \""effective_date\"": \""2024-02-10\"",\n      \""expiration_date\"": \""2027-02-09\"",\n      \""policy_number\"": \""POL-391047522\"",\n      \""policyholder_name\"": \""Daniel Evans\"",\n      \""coverage_type\"": \""Property\"",\n      \""effective_date\"": \""2024""]"
chat,ChatAdapter(use_json_adapter_fallback=False),insurance-claims-0021,parse_error,AdapterParseError,2.18394177799928,1,none,0,26,0.0,False,,header.channel;header.claim_id;header.incident_date;header.report_date;header.reported_by;incident_description.estimated_damage_amount;incident_description.incident_type;incident_description.location_type;incident_description.police_report_number;insured_objects[0].estimated_value;insured_objects[0].location_address;insured_objects[0].make_model;insured_objects[0].object_id;insured_objects[0].object_type;insured_objects[0].year;insured_objects[1].estimated_value;insured_objects[1].location_address;insured_objects[1].make_model;insured_objects[1].object_id;insured_objects[1].object_type;insured_objects[1].year;policy_details.coverage_type;policy_details.effective_date;policy_details.expiration_date;policy_details.policy_number;policy_details.policyholder_name,,2629,0,24,0.0,0,"[""```json\n{\n  \""claim\"": {\n    \""claim_text\"": \""[Email received: 2025-09-16]\\nSubject: Accident Report — Claim CLM-772093\\nHi,\\n\\nI’m reporting a crash from yesterday (September 15th). I was driving my 2019 Subaru Outback (VIN98123746509283746, estimated value ~$17,350) when another car rear-ended me on the interstate. I wanted to mention I also own a Toyota Corolla (2017, VIN29384756109283744, ~$11,200), which is under the same policy POL-119384756, but that car was parked at home and not involved. Please don’t mix them up. \\n\\nThe highway patrol officer filed report PR-20250915-4419. The mechanic’s estimate came to $6,321 in damages for the Outback—mostly bumper and exhaust replacement.\\n---\\n[Attached PDF: Policy Printout]\\nPolicy #: POL-119384756   \\nHolder: Laura Adams   \\nCoverage: Auto   \\nEffective: 05-Nov-2023   \\nExpires: 04-Nov-2025   \\nInsured Vehicles: Subaru Outback 2019, Toyota Corolla 2017\\n---\\nThanks,   \\nLaura I’m also thinking of including my 2020 Mazda CX-5, estimated at $20k, in the policy in the future, but I haven’t gotten to that yet.\\nRespond with the corresponding output fields, starting with the field `[[ ## claim ## ]]` (must be formatted as a valid Python InsuranceClaim), and then ending with the marker for `[[ ## completed ## ]]`.\""\n  }\n}\n```""]"
chat,ChatAdapter(use_json_adapter_fallback=False),insurance-claims-0022,parse_error,AdapterParseError,2.441694675013423,1,none,0,20,0.0,False,,header.channel;header.claim_id;header.incident_date;header.report_date;header.reported_by;incident_description.estimated_damage_amount;incident_description.incident_type;incident_description.location_type;incident_description.police_report_number;insured_objects[0].estimated_value;insured_objects[0].location_address;insured_objects[0].make_model;insured_objects[0].object_id;insured_objects[0].object_type;insured_objects[0].year;policy_details.coverage_type;policy_details.effective_date;policy_details.expiration_date;policy_details.policy_number;policy_details.policyholder_name,,2607,0,19,0.0,0,"[""```json\n{\n  \""claim\"": {\n    \""claim_text\"": \""Front Desk Intake Log — 2025-09-17\"",\n    \""claim_id\"": \""CLM-390871\"",\n    \""incident_date\"": \""2025-09-17\"",\n    \""report_date\"": \""2025-09-17\"",\n    \""reported_by\"": \""Ethan Walker\"",\n    \""channel\"": \""In-Person\"",\n    \""IncidentDescription\"": {\n      \""estimated_damage_amount\"": null,\n      \""incident_type\"": \""fire\"",\n      \""location_type\"": \""kitchen\"",\n      \""police_report_number\"": null,\n      \""title\"": \""Incident Description\""\n    },\n    \""InsuredObject\"": {\n      \""estimated_value\"": null,\n      \""location_address\"": \""1920 Pinecrest Ln, Toledo OH\"",\n      \""make_model\"": null,\n      \""object_id\"": \""OBJ-12345678901234567\"",\n      \""object_type\"": \""Single Family Home\"",\n      \""year\"": 1992,\n      \""title\"": \""Insured Object\""\n    },\n    \""PolicyDetails\"": {\n      \""coverage_type\"": \""Property\"",\n      \""effective_date\"": \""2024-08-01\"",\n      \""expiration_date\"": \""2025-07-31\"",\n      \""policy_number\"": \""POL-702193847\"",\n      \""policyholder_name\"": \""Ethan Walker\"",\n      \""title\"": \""Policy Details\""\n    },\n    \""properties\"": {\n      \""header\"": {\n        \""$ref\"": \""#/$defs/ClaimHeader\"",\n        \""description\"": \""Basic claim information\""\n      },\n      \""incident_description\"": {\n        \""$ref\"": \""#/$defs/IncidentDescription\"",\n        \""description\"": \""Structured incident details\""\n      },\n      \""insured_objects\"": {\n        \""$ref\"": \""#/$defs/InsuredObject\"",\n        \""description\"": \""List of insured objects involved, if applicable\""\n      },\n      \""policy_details\"": {\n        \""$ref\"": \""#/$defs/PolicyDetails\"",\n        \""description\"": \""Policy information if available\""\n      }\n    }\n  },\n  \""completed\"": \""In adhering to this structure, your objective is: \n    Extract the insurance claim information from the following text.\n    - If you are unsure about a field, leave it as null.\""\n}\n```""]"
chat,ChatAdapter(use_json_adapter_fallback=False),insurance-claims-0023,parse_error,AdapterParseError,4.053675536997616,1,none,0,20,0.0,False,,header.channel;header.claim_id;header.incident_date;header.report_date;header.reported_by;incident_description.estimated_damage_amount;incident_description.incident_type;incident_description.location_type;incident_description.police_report_number;insured_objects[0].estimated_value;insured_objects[0].location_address;insured_objects[0].make_model;insured_objects[0].object_id;insured_objects[0].object_type;insured_objects[0].year;policy_details.coverage_type;policy_details.effective_date;policy_details.expiration_date;policy_details.policy_number;policy_details.policyholder_name,,2917,0,18,0.0,0,"[""```json\n{\n  \""claim\"": {\n    \""claim_text\"": \""It happened *two days ago*—that would’ve been Tuesday the 16th—when the heavy rainstorm came through. Water leaked in through the roof of my townhouse at 621 Brookside Ct, Madison. The building is from 2008, valued last year at just over $314,000. My policy is POL-509238176; I renewed in May 12th, 2024 and it’s good for two years, so I think it’s still active.\"",\n    \""claim_id\"": \""CLM-551092\"",\n    \""incident_date\"": \""2025-09-18\"",\n    \""report_date\"": \""2025-09-18\"",\n    \""reported_by\"": \""Rachel Green\"",\n    \""channel\"": \""Phone\"",\n    \""incident_description\"": {\n      \""estimated_damage_amount\"": 8237,\n      \""incident_type\"": \""roof_leak\"",\n      \""location_type\"": \""upstairs_bedroom\"",\n      \""police_report_number\"": null,\n      \""year\"": 2024\n    },\n    \""insured_object\"": {\n      \""estimated_value\"": 314000,\n      \""location_address\"": \""621 Brookside Ct, Madison\"",\n      \""make_model\"": \""not specified\"",\n      \""object_id\"": \""CLM-551092\"",\n      \""object_type\"": \""roof\"",\n      \""year\"": 2008\n    },\n    \""policy_details\"": {\n      \""coverage_type\"": \""roof_leak\"",\n      \""effective_date\"": \""2024-05-12\"",\n      \""expiration_date\"": \""2026-05-12\"",\n      \""policy_number\"": \""POL-509238176\"",\n      \""policyholder_name\"": \""Rachel Green\"",\n      \""coverage_type\"": \""roof_leak\"",\n      \""effective_date\"": \""2024-05-12\"",\n      \""expiration_date\"": \""2026-05-12\"",\n      \""policy_number\"": \""POL-509238176\"",\n      \""policyholder_name\"": \""Rachel Green\"",\n      \""coverage_type\"": \""roof_leak\"",\n      \""effective_date\"": \""2024-05-12\"",\n      \""expiration_date\"": \""2026-05-12\"",\n      \""policy_number\"": \""POL-509238176\"",\n      \""policyholder_name\"": \""Rachel Green\"",\n      \""coverage_type\"": \""roof_leak\"",\n      \""effective_date\"": \""2024-05-12\"",\n      \""expiration_date\"": \""2026-05-12\"",\n      \""policy_number\"": \""POL-509238176\"",\n      \""policyholder_name\"": \""Rachel Green\"",\n      \""coverage_type\"": \""roof_leak\"",\n      \""effective_date\"": \""2024-05-12\"",\n      \""expiration_date\"": \""2026-05-12\"",\n      \""policy_number\"": \""POL-509238176\"",\n      \""policyholder_name\"": \""Rachel Green\"",\n      \""coverage_type\"": \""roof_leak\"",\n      \""effective_date\"": \""2024-05-12\"",\n      \""expiration_date\"": \""2026-05-12\"",\n      \""policy_number\"": \""POL-509238176\"",\n      \""policyholder_name\"": \""Rachel Green\"",\n      \""coverage_type\"": \""roof_leak\"",\n      \""effective_date\"": \""2024-05-12\"",\n      \""expiration_date\"": \""2026-05-12""]"
chat,ChatAdapter(use_json_adapter_fallback=False),insurance-claims-0024,parse_error,AdapterParseError,4.088877684000181,1,none,0,20,0.0,False,,header.channel;header.claim_id;header.incident_date;header.report_date;header.reported_by;incident_description.estimated_damage_amount;incident_description.incident_type;incident_description.location_type;incident_description.police_report_number;insured_objects[0].estimated_value;insured_objects[0].location_address;insured_objects[0].make_model;insured_objects[0].object_id;insured_objects[0].object_type;insured_objects[0].year;policy_details.coverage_type;policy_details.effective_date;policy_details.expiration_date;policy_details.policy_number;policy_details.policyholder_name,,2946,0,19,0.0,0,"[""```json\n{\n  \""claim\"": {\n    \""claim_text\"": \""Hi, this is Olivia Carter. I'm following up on my phone call earlier in the week about making a claim (CLM-229871), I'll just do it here. My policy is POL-667198234, active since October (10/10) last year (set to renew next month on the 9th). The accident was Thursday the 18th, at the intersection by Willow and Grant. Another driver blew a red light and slammed into the side of my 2020 Mazda CX-5 (VIN77889900112233445). Police showed up, filed report PR-20250918-8821. The shop said the damage came to about half the car’s value. Their written quote was $7,800, which tracks because I recall the last appraisal put the Mazda’s value around $15,600. The numbers line up almost exactly—half the car. So: vehicle value is $15.6k, damage about $7.8k. I attached the shop invoice and appraisal slip if you need to confirm. Thanks, Olivia\"",\n    \""claim_id\"": \""CLM-229871\"",\n    \""incident_date\"": \""2025-09-18\"",\n    \""report_date\"": \""2025-09-18\"",\n    \""reported_by\"": \""Olivia Carter\"",\n    \""channel\"": \""Email\"",\n    \""incident_description\"": {\n      \""estimated_damage_amount\"": 7800,\n      \""incident_type\"": \""side_impact_collision\"",\n      \""location_type\"": \""intersection\"",\n      \""police_report_number\"": \""PR-20250918-8821\""\n    },\n    \""insured_object\"": {\n      \""estimated_value\"": 15600,\n      \""location_address\"": \""Willow and Grant intersection\"",\n      \""make_model\"": \""2020 Mazda CX-5\"",\n      \""object_id\"": \""VIN77889900112233445\"",\n      \""object_type\"": \""vehicle\"",\n      \""year\"": 2020\n    },\n    \""policy_details\"": {\n      \""coverage_type\"": \""Property\"",\n      \""effective_date\"": \""2025-10-10\"",\n      \""expiration_date\"": \""2026-10-10\"",\n      \""policy_number\"": \""POL-667198234\"",\n      \""policyholder_name\"": \""Olivia Carter\"",\n      \""coverage_type\"": \""Property\"",\n      \""effective_date\"": \""2025-10-10\"",\n      \""expiration_date\"": \""2026-10-10\"",\n      \""policy_number\"": \""POL-667198234\"",\n      \""policyholder_name\"": \""Olivia Carter\"",\n      \""coverage_type\"": \""Property\"",\n      \""effective_date\"": \""2025-10-10\"",\n      \""expiration_date\"": \""2026-10-10\"",\n      \""policy_number\"": \""POL-667198234\"",\n      \""policyholder_name\"": \""Olivia Carter\"",\n      \""coverage_type\"": \""Property\"",\n      \""effective_date\"": \""2025-10-10\"",\n      \""expiration_date\"": \""2026-10-10\"",\n      \""policy_number\"": \""POL-667198234\"",\n      \""policyholder_name\"": \""Olivia Carter\"",\n      \""coverage_type\"": \""Property\"",\n      \""effective_date\"": \""2025-10-10\"",\n      \""expiration_date\"": \""202""]"
chat,ChatAdapter(use_json_adapter_fallback=False),insurance-claims-0025,parse_error,AdapterParseError,1.5725702679774258,1,none,0,11,0.0,False,,header.channel;header.claim_id;header.incident_date;header.report_date;header.reported_by;incident_description.estimated_damage_amount;incident_description.incident_type;incident_description.location_type;incident_description.police_report_number;insured_objects;policy_details,,2394,0,6,0.0,0,"[""```python\n{\n  \""claim\"": {\n    \""claim_id\"": \""CLM-12345678901234567\"",\n    \""incident_date\"": \""2025-09-21\"",\n    \""report_date\"": \""2025-09-21\"",\n    \""reported_by\"": \""Mark Evans\"",\n    \""channel\"": \""Phone\"",\n    \""incident_description\"": {\n      \""estimated_damage_amount\"": 1234567,\n      \""incident_type\"": \""slip_and_fall\"",\n      \""location_type\"": \""shop\"",\n      \""police_report_number\"": null,\n      \""year\"": 2025\n    },\n    \""insured_objects\"": {\n      \""object_id\"": \""OBJ-12345678901234567\"",\n      \""object_type\"": \""person\"",\n      \""year\"": 2025\n    },\n    \""policy_details\"": {\n      \""coverage_type\"": \""Property\"",\n      \""effective_date\"": \""2025-09-21\"",\n      \""expiration_date\"": \""2025-09-21\"",\n      \""policy_number\"": \""POL-12345678901234567\"",\n      \""policyholder_name\"": \""Mark Evans\"",\n      \""make_model\"": \""unknown\"",\n      \""object_type\"": \""person\"",\n      \""year\"": 2025\n    }\n  }\n}\n```""]"
chat,ChatAdapter(use_json_adapter_fallback=False),insurance-claims-0026,parse_error,AdapterParseError,4.106541971996194,1,none,0,20,0.0,False,,header.channel;header.claim_id;header.incident_date;header.report_date;header.reported_by;incident_description.estimated_damage_amount;incident_description.incident_type;incident_description.location_type;incident_description.police_report_number;insured_objects[0].estimated_value;insured_objects[0].location_address;insured_objects[0].make_model;insured_objects[0].object_id;insured_objects[0].object_type;insured_objects[0].year;policy_details.coverage_type;policy_details.effective_date;policy_details.expiration_date;policy_details.policy_number;policy_details.policyholder_name,,2884,0,17,0.0,0,"[""```json\n{\n  \""claim\"": {\n    \""claim_id\"": \""CLM-320198\"",\n    \""incident_date\"": \""2025-09-20\"",\n    \""report_date\"": \""2025-09-21\"",\n    \""reported_by\"": \""Susan Lee\"",\n    \""channel\"": \""Email\"",\n    \""incident_description\"": {\n      \""estimated_damage_amount\"": 2100,\n      \""incident_type\"": \""side_impact_collision\"",\n      \""location_type\"": \""grocery store\"",\n      \""police_report_number\"": null\n    },\n    \""insured_object\"": {\n      \""estimated_value\"": null,\n      \""location_address\"": \""Not specified\"",\n      \""make_model\"": \""Subaru Outback (2015, VIN 88776655443322110)\"",\n      \""object_id\"": \""88776655443322110\"",\n      \""object_type\"": \""Vehicle\"",\n      \""year\"": 2015\n    },\n    \""policy_details\"": {\n      \""coverage_type\"": \""Auto\"",\n      \""effective_date\"": \""2024-09-22\"",\n      \""expiration_date\"": \""2025-09-21\"",\n      \""policy_number\"": \""POL-481992330\"",\n      \""policyholder_name\"": \""Susan Lee\"",\n      \""coverage_type\"": \""Auto\"",\n      \""effective_date\"": \""2024-09-22\"",\n      \""expiration_date\"": \""2025-09-21\"",\n      \""policy_number\"": \""POL-481992330\"",\n      \""policyholder_name\"": \""Susan Lee\"",\n      \""coverage_type\"": \""Auto\"",\n      \""effective_date\"": \""2024-09-22\"",\n      \""expiration_date\"": \""2025-09-21\"",\n      \""policy_number\"": \""POL-481992330\"",\n      \""policyholder_name\"": \""Susan Lee\"",\n      \""coverage_type\"": \""Auto\"",\n      \""effective_date\"": \""2024-09-22\"",\n      \""expiration_date\"": \""2025-09-21\"",\n      \""policy_number\"": \""POL-481992330\"",\n      \""policyholder_name\"": \""Susan Lee\"",\n      \""coverage_type\"": \""Auto\"",\n      \""effective_date\"": \""2024-09-22\"",\n      \""expiration_date\"": \""2025-09-21\"",\n      \""policy_number\"": \""POL-481992330\"",\n      \""policyholder_name\"": \""Susan Lee\"",\n      \""coverage_type\"": \""Auto\"",\n      \""effective_date\"": \""2024-09-22\"",\n      \""expiration_date\"": \""2025-09-21\"",\n      \""policy_number\"": \""POL-481992330\"",\n      \""policyholder_name\"": \""Susan Lee\"",\n      \""coverage_type\"": \""Auto\"",\n      \""effective_date\"": \""2024-09-22\"",\n      \""expiration_date\"": \""2025-09-21\"",\n      \""policy_number\"": \""POL-481992330\"",\n      \""policyholder_name\"": \""Susan Lee\"",\n      \""coverage_type\"": \""Auto\"",\n      \""effective_date\"": \""2024-09-22\"",\n      \""expiration_date\"": \""2025-09-21\"",\n      \""policy_number\"": \""POL-481992330\"",\n      \""policyholder_name\"": \""Susan Lee\"",\n      \""coverage_type\"": \""Auto\"",\n      \""effective_date\"": \""2024-09-22\"",\n      \""expiration_date\"": \""2025""]"
chat,ChatAdapter(use_json_adapter_fallback=False),insurance-claims-0027,parse_error,AdapterParseError,4.050079488981282,1,none,0,20,0.0,False,,header.channel;header.claim_id;header.incident_date;header.report_date;header.reported_by;incident_description.estimated_damage_amount;incident_description.incident_type;incident_description.location_type;incident_description.police_report_number;insured_objects[0].estimated_value;insured_objects[0].location_address;insured_objects[0].make_model;insured_objects[0].object_id;insured_objects[0].object_type;insured_objects[0].year;policy_details.coverage_type;policy_details.effective_date;policy_details.expiration_date;policy_details.policy_number;policy_details.policyholder_name,,2936,0,15,0.0,0,"[""```python\n{\n  \""claim\"": {\n    \""claim_id\"": \""CLM-440882\"",\n    \""incident_date\"": \""2025-09-22\"",\n    \""report_date\"": \""2025-09-22\"",\n    \""reported_by\"": \""George Clark\"",\n    \""channel\"": \""Phone\"",\n    \""incident_description\"": {\n      \""estimated_damage_amount\"": null,\n      \""incident_type\"": \""rear_end_collision\"",\n      \""location_type\"": \""intersection\"",\n      \""police_report_number\"": null,\n      \""year\"": 1999\n    },\n    \""insured_object\"": {\n      \""estimated_value\"": null,\n      \""location_address\"": \""Maple Street, Anytown, USA\"",\n      \""make_model\"": \""Ford or Mazda\"",\n      \""object_id\"": \""6554\"",\n      \""object_type\"": \""Vehicle\"",\n      \""year\"": 1999\n    },\n    \""policy_details\"": {\n      \""coverage_type\"": \""Auto\"",\n      \""effective_date\"": \""2025-11-15\"",\n      \""expiration_date\"": \""2025-11-14\"",\n      \""policy_number\"": \""POL-998734221\"",\n      \""policyholder_name\"": \""George Clark\"",\n      \""coverage_type\"": \""Auto\"",\n      \""effective_date\"": \""2025-11-15\"",\n      \""expiration_date\"": \""2025-11-14\"",\n      \""policy_number\"": \""POL-998734221\"",\n      \""policyholder_name\"": \""George Clark\"",\n      \""coverage_type\"": \""Auto\"",\n      \""effective_date\"": \""2025-11-15\"",\n      \""expiration_date\"": \""2025-11-14\"",\n      \""policy_number\"": \""POL-998734221\"",\n      \""policyholder_name\"": \""George Clark\"",\n      \""coverage_type\"": \""Auto\"",\n      \""effective_date\"": \""2025-11-15\"",\n      \""expiration_date\"": \""2025-11-14\"",\n      \""policy_number\"": \""POL-998734221\"",\n      \""policyholder_name\"": \""George Clark\"",\n      \""coverage_type\"": \""Auto\"",\n      \""effective_date\"": \""2025-11-15\"",\n      \""expiration_date\"": \""2025-11-14\"",\n      \""policy_number\"": \""POL-998734221\"",\n      \""policyholder_name\"": \""George Clark\"",\n      \""coverage_type\"": \""Auto\"",\n      \""effective_date\"": \""2025-11-15\"",\n      \""expiration_date\"": \""2025-11-14\"",\n      \""policy_number\"": \""POL-998734221\"",\n      \""policyholder_name\"": \""George Clark\"",\n      \""coverage_type\"": \""Auto\"",\n      \""effective_date\"": \""2025-11-15\"",\n      \""expiration_date\"": \""2025-11-14\"",\n      \""policy_number\"": \""POL-998734221\"",\n      \""policyholder_name\"": \""George Clark\"",\n      \""coverage_type\"": \""Auto\"",\n      \""effective_date\"": \""2025-11-15\"",\n      \""expiration_date\"": \""2025-11-14\"",\n      \""policy_number\"": \""POL-998734221\"",\n      \""policyholder_name\"": \""George Clark\"",\n      \""coverage_type\"": \""Auto\"",\n      \""effective_date\"": \""2025-11-15\"",\n      \""expiration_date\"": \""2025-11-14\"",\n      \""policy_number\"": \""POL-9987""]"
chat,ChatAdapter(use_json_adapter_fallback=False),insurance-claims-0028,parse_error,AdapterParseError,4.0259674889966846,1,none,0,20,0.0,False,,header.channel;header.claim_id;header.incident_date;header.report_date;header.reported_by;incident_description.estimated_damage_amount;incident_description.incident_type;incident_description.location_type;incident_description.police_report_number;insured_objects[0].estimated_value;insured_objects[0].location_address;insured_objects[0].make_model;insured_objects[0].object_id;insured_objects[0].object_type;insured_objects[0].year;policy_details.coverage_type;policy_details.effective_date;policy_details.expiration_date;policy_details.policy_number;policy_details.policyholder_name,,2861,0,19,0.0,0,"[""```json\n{\n  \""claim\"": {\n    \""claim_id\"": \""CLM-773011\"",\n    \""incident_date\"": \""19-SEP-2025\"",\n    \""report_date\"": \""19-SEP-2025\"",\n    \""reported_by\"": \""Patricia (Patricia) Adams\"",\n    \""channel\"": null,\n    \""incident_description\"": {\n      \""estimated_damage_amount\"": 13240,\n      \""incident_type\"": \""burst P!pe\"",\n      \""location_type\"": \""single family home\"",\n      \""police_report_number\"": null\n    },\n    \""insured_object\"": {\n      \""estimated_value\"": 289000,\n      \""location_address\"": \""4501 Ashwood Dr, Salem\"",\n      \""make_model\"": \""PROP-223190\"",\n      \""object_id\"": \""PROP-223190\"",\n      \""object_type\"": \""single family home\"",\n      \""year\"": 1975\n    },\n    \""policy_details\"": {\n      \""coverage_type\"": \""Property\"",\n      \""effective_date\"": \""01-02-2024\"",\n      \""expiration_date\"": \""31-01-2025\"",\n      \""policy_number\"": \""POL-55432I090\"",\n      \""policyholder_name\"": \""Patricia (Patricia) Adams\"",\n      \""coverage_type\"": \""Property\"",\n      \""effective_date\"": \""01-02-2024\"",\n      \""expiration_date\"": \""31-01-2025\"",\n      \""policy_number\"": \""POL-55432I090\"",\n      \""policyholder_name\"": \""Patricia (Patricia) Adams\"",\n      \""coverage_type\"": \""Property\"",\n      \""effective_date\"": \""01-02-2024\"",\n      \""expiration_date\"": \""31-01-2025\"",\n      \""policy_number\"": \""POL-55432I090\"",\n      \""policyholder_name\"": \""Patricia (Patricia) Adams\"",\n      \""coverage_type\"": \""Property\"",\n      \""effective_date\"": \""01-02-2024\"",\n      \""expiration_date\"": \""31-01-2025\"",\n      \""policy_number\"": \""POL-55432I090\"",\n      \""policyholder_name\"": \""Patricia (Patricia) Adams\"",\n      \""coverage_type\"": \""Property\"",\n      \""effective_date\"": \""01-02-2024\"",\n      \""expiration_date\"": \""31-01-2025\"",\n      \""policy_number\"": \""POL-55432I090\"",\n      \""policyholder_name\"": \""Patricia (Patricia) Adams\"",\n      \""coverage_type\"": \""Property\"",\n      \""effective_date\"": \""01-02-2024\"",\n      \""expiration_date\"": \""31-01-2025\"",\n      \""policy_number\"": \""POL-55432I090\"",\n      \""policyholder_name\"": \""Patricia (Patricia) Adams\"",\n      \""coverage_type\"": \""Property\"",\n      \""effective_date\"": \""01-02-2024\"",\n      \""expiration_date\"": \""31-01-2025\"",\n      \""policy_number\"": \""POL-55432I090\"",\n      \""policyholder_name\"": \""Patricia (Patricia) Adams\"",\n      \""coverage_type\"": \""Property\"",\n      \""effective_date\"": \""01-02-2024\"",\n      \""expiration_date\"": \""31-01-2025\"",\n      \""policy_number\"": \""POL-55432I090\"",\n      \""policyholder_name\"": \""Patricia (""]"
chat,ChatAdapter(use_json_adapter_fallback=False),insurance-claims-0029,parse_error,AdapterParseError,4.066055707022315,1,none,0,20,0.0,False,,header.channel;header.claim_id;header.incident_date;header.report_date;header.reported_by;incident_description.estimated_damage_amount;incident_description.incident_type;incident_description.location_type;incident_description.police_report_number;insured_objects[0].estimated_value;insured_objects[0].location_address;insured_objects[0].make_model;insured_objects[0].object_id;insured_objects[0].object_type;insured_objects[0].year;policy_details.coverage_type;policy_details.effective_date;policy_details.expiration_date;policy_details.policy_number;policy_details.policyholder_name,,2868,0,18,0.0,0,"[""```json\n{\n  \""claim\"": {\n    \""claim_id\"": \""CLM-664028\"",\n    \""policy\"": {\n      \""policy_number\"": \""POL-776542109\"",\n      \""policyholder_name\"": \""Emily Johnson\"",\n      \""effective_date\"": \""2025-09-23\"",\n      \""expiration_date\"": \""2026-09-23\"",\n      \""policy_number\"": \""POL-776542109\"",\n      \""policyholder_name\"": \""Emily Johnson\"",\n      \""coverage_type\"": \""Liability\"",\n      \""effective_date\"": \""2025-09-23\"",\n      \""expiration_date\"": \""2026-09-23\"",\n      \""policy_number\"": \""POL-776542109\"",\n      \""policyholder_name\"": \""Emily Johnson\"",\n      \""year\"": 2021,\n      \""year_built\"": 2011,\n      \""object_type\"": \""Building\"",\n      \""object_id\"": \""PROP-9900\"",\n      \""make_model\"": \""Not specified\"",\n      \""location_address\"": \""9900 Commerce Blvd\"",\n      \""location_type\"": \""Retail Shop\"",\n      \""insured_objects\"": [\n        {\n          \""object_type\"": \""Vehicle\"",\n          \""object_id\"": \""VIN-12345678901234567\"",\n          \""make_model\"": \""Not specified\""\n        }\n      ],\n      \""insured_objects\"": [\n        {\n          \""object_type\"": \""Vehicle\"",\n          \""object_id\"": \""VIN-12345678901234567\"",\n          \""make_model\"": \""Not specified\""\n        }\n      ],\n      \""incident_description\"": {\n        \""estimated_damage_amount\"": 14500,\n        \""incident_type\"": \""Slip and Fall\"",\n        \""location_type\"": \""Back Entrance\"",\n        \""police_report_number\"": null\n      },\n      \""incident_description\"": {\n        \""estimated_damage_amount\"": 14500,\n        \""incident_type\"": \""Slip and Fall\"",\n        \""location_type\"": \""Back Entrance\"",\n        \""police_report_number\"": null\n      },\n      \""insured_objects\"": [\n        {\n          \""object_type\"": \""Vehicle\"",\n          \""object_id\"": \""VIN-12345678901234567\"",\n          \""make_model\"": \""Not specified\""\n        }\n      ],\n      \""insured_objects\"": [\n        {\n          \""object_type\"": \""Vehicle\"",\n          \""object_id\"": \""VIN-12345678901234567\"",\n          \""make_model\"": \""Not specified\""\n        }\n      ],\n      \""policy_details\"": {\n        \""coverage_type\"": \""Liability\"",\n        \""effective_date\"": \""2025-09-23\"",\n        \""expiration_date\"": \""2026-09-23\"",\n        \""policy_number\"": \""POL-776542109\"",\n        \""policyholder_name\"": \""Emily Johnson\"",\n        \""year\"": 2021,\n        \""year_built\"": 2011,\n        \""object_type\"": \""Building\"",\n        \""object_id\"": \""PROP-9900\"",\n        \""make_model\"": \""Not specified\"",\n        \""location_address\"": \""9900 Commerce Blvd\"",\n        \""location_type\"": \""Retail Shop\"",\n        \""insured_objects\"": [\n          {\n            \""object_type\"": \""Vehicle\"",\n            \""object_id\"": \""VIN-12345678901234567\"",\n            \""make_model\"": \""Not specified\""\n          }\n        ],\n        \""insured_objects\"": [\n          {\n            \""object_type\"": \""Vehicle\"",""]"
json,JSONAdapter(),insurance-claims-0000,validation_error,ValidationError,2.3627421830024105,1,json_object,0,20,0.0,False,,header.channel;header.claim_id;header.incident_date;header.report_date;header.reported_by;incident_description.estimated_damage_amount;incident_description.incident_type;incident_description.location_type;incident_description.police_report_number;insured_objects[0].estimated_value;insured_objects[0].location_address;insured_objects[0].make_model;insured_objects[0].object_id;insured_objects[0].object_type;insured_objects[0].year;policy_details.coverage_type;policy_details.effective_date;policy_details.expiration_date;policy_details.policy_number;policy_details.policyholder_name,,3048,0,19,0.0,0,"[""{\n  \""claim\"": {\n    \""claim_id\"": \""CLM-424063\"",\n    \""incident_date\"": \""2024-04-22\"",\n    \""report_date\"": \""2024-04-22\"",\n    \""reported_by\"": \""Jennifer Garcia\"",\n    \""channel\"": \""Email\"",\n    \""incident_description\"": {\n      \""estimated_damage_amount\"": 5800,\n      \""incident_type\"": \""Property Damage\"",\n      \""location_type\"": \""Shopping Center\"",\n      \""police_report_number\"": \""PR-20250822-4864\""\n    },\n    \""insured_object\"": {\n      \""estimated_value\"": 5800,\n      \""location_address\"": \""6650 Broadway, Georgetown\"",\n      \""make_model\"": \""Not specified\"",\n      \""object_id\"": \""OBJ-12345678901234567\"",\n      \""object_type\"": \""Fence\""\n    },\n    \""policy_details\"": {\n      \""coverage_type\"": \""Property\"",\n      \""effective_date\"": \""2024-06-01\"",\n      \""expiration_date\"": \""2024-06-01\"",\n      \""policy_number\"": \""POL-787532354\"",\n      \""policyholder_name\"": \""Jennifer Garcia\""\n    },\n    \""properties\"": {\n      \""header\"": {\n        \""$ref\"": \""#/$defs/ClaimHeader\"",\n        \""description\"": \""Basic claim information\""\n      },\n      \""incident_description\"": {\n        \""$ref\"": \""#/$defs/IncidentDescription\"",\n        \""description\"": \""Property damage incident\""\n      },\n      \""insured_objects\"": {\n        \""$ref\"": \""#/$defs/InsuredObject\"",\n        \""description\"": \""List of insured objects involved\""\n      },\n      \""policy_details\"": {\n        \""$ref\"": \""#/$defs/PolicyDetails\"",\n        \""description\"": \""Policy information if available\""\n      }\n    }\n  }\n}""]"
json,JSONAdapter(),insurance-claims-0001,validation_error,ValidationError,1.4019754330220167,1,json_object,0,20,0.0,False,,header.channel;header.claim_id;header.incident_date;header.report_date;header.reported_by;incident_description.estimated_damage_amount;incident_description.incident_type;incident_description.location_type;incident_description.police_report_number;insured_objects[0].estimated_value;insured_objects[0].location_address;insured_objects[0].make_model;insured_objects[0].object_id;insured_objects[0].object_type;insured_objects[0].year;policy_details.coverage_type;policy_details.effective_date;policy_details.expiration_date;policy_details.policy_number;policy_details.policyholder_name,,2526,0,18,0.0,0,"[""{\n  \""claim\"": {\n    \""claim_id\"": \""CLM-748422\"",\n    \""incident_date\"": \""2025-08-22\"",\n    \""report_date\"": \""2025-08-22\"",\n    \""reported_by\"": \""Michael Miller\"",\n    \""channel\"": \""In-person\"",\n    \""incident_description\"": {\n      \""estimated_damage_amount\"": 9415,\n      \""incident_type\"": \""house_fire\"",\n      \""location_type\"": \""townhouse\"",\n      \""police_report_number\"": null\n    },\n    \""insured_object\"": {\n      \""estimated_value\"": null,\n      \""location_address\"": \""2850 Main St., Lexington\"",\n      \""make_model\"": null,\n      \""object_id\"": \""PROP-199807\"",\n      \""object_type\"": \""Building\"",\n      \""year\"": null\n    },\n    \""policy_details\"": {\n      \""coverage_type\"": \""Property\"",\n      \""effective_date\"": \""2026-03-02\"",\n      \""expiration_date\"": \""2026-03-02\"",\n      \""policy_number\"": \""POL-930881789\"",\n      \""policyholder_name\"": \""Joanne\""\n    }\n  }\n}""]"
json,JSONAdapter(),insurance-claims-0002,validation_error,ValidationError,2.0438854309904855,1,json_object,0,11,0.0,False,,header.channel;header.claim_id;header.incident_date;header.report_date;header.reported_by;incident_description.estimated_damage_amount;incident_description.incident_type;incident_description.location_type;incident_description.police_report_number;insured_objects;policy_details,,2903,0,8,0.0,0,"[""{\n  \""claim\"": {\n    \""claim_id\"": \""CLM-255335\"",\n    \""incident_date\"": \""2025-08-20\"",\n    \""report_date\"": \""2025-08-20\"",\n    \""reported_by\"": \""David Taylor\"",\n    \""channel\"": null,\n    \""incident_description\"": {\n      \""estimated_damage_amount\"": 423312,\n      \""incident_type\"": \""property_injury\"",\n      \""location_type\"": \""business_address\"",\n      \""police_report_number\"": null\n    },\n    \""insured_object\"": {\n      \""estimated_value\"": null,\n      \""location_address\"": \""business_address\"",\n      \""make_model\"": null,\n      \""object_id\"": \""VIN12345678901234567\"",\n      \""object_type\"": \""building\"",\n      \""year\"": null\n    },\n    \""policy_details\"": {\n      \""coverage_type\"": \""property\"",\n      \""effective_date\"": \""2025-08-20\"",\n      \""expiration_date\"": \""2025-08-20\"",\n      \""policy_number\"": \""POL-255335\"",\n      \""policyholder_name\"": \""David Taylor\""\n    },\n    \""properties\"": {\n      \""header\"": {\n        \""$ref\"": \""#/$defs/ClaimHeader\"",\n        \""description\"": \""Basic claim information\""\n      },\n      \""incident_description\"": {\n        \""$ref\"": \""#/$defs/IncidentDescription\"",\n        \""description\"": \""Structured incident details\""\n      },\n      \""insured_objects\"": {\n        \""$ref\"": \""#/$defs/InsuredObject\"",\n        \""description\"": \""List of insured objects involved, if applicable\""\n      },\n      \""policy_details\"": {\n        \""$ref\"": \""#/$defs/PolicyDetails\"",\n        \""description\"": \""Policy information if available\""\n      }\n    }\n  }\n}""]"
json,JSONAdapter(),insurance-claims-0003,validation_error,ValidationError,2.4778964320139494,1,json_object,0,26,0.0,False,,header.channel;header.claim_id;header.incident_date;header.report_date;header.reported_by;incident_description.estimated_damage_amount;incident_description.incident_type;incident_description.location_type;incident_description.police_report_number;insured_objects[0].estimated_value;insured_objects[0].location_address;insured_objects[0].make_model;insured_objects[0].object_id;insured_objects[0].object_type;insured_objects[0].year;insured_objects[1].estimated_value;insured_objects[1].location_address;insured_objects[1].make_model;insured_objects[1].object_id;insured_objects[1].object_type;insured_objects[1].year;policy_details.coverage_type;policy_details.effective_date;policy_details.expiration_date;policy_details.policy_number;policy_details.policyholder_name,,2881,0,24,0.0,0,"[""{\n  \""claim\"": {\n    \""claim_id\"": \""CLM-988147\"",\n    \""incident_date\"": \""2025-08-30\"",\n    \""report_date\"": \""2025-08-30\"",\n    \""reported_by\"": \""Jennifer Johnson\"",\n    \""channel\"": \""Portal\"",\n    \""channel_description\"": \""Submitted through the portal\"",\n    \""incident_description\"": {\n      \""estimated_damage_amount\"": 22631,\n      \""incident_type\"": \""T-bone collision\"",\n      \""location_type\"": \""Shopping center parking lot\"",\n      \""police_report_number\"": \""PR-20250830-7127\"",\n      \""location_address\"": \""Highland Avenue\"",\n      \""make_model\"": \""2019 Mercedes GLC\"",\n      \""object_type\"": \""vehicle\"",\n      \""year\"": 2019\n    },\n    \""insured_object\"": {\n      \""estimated_value\"": 20372,\n      \""location_address\"": \""2017 BMW X3\"",\n      \""make_model\"": \""2017 BMW X3\"",\n      \""object_id\"": \""VIN19157663903019200\"",\n      \""object_type\"": \""vehicle\"",\n      \""year\"": 2017\n    },\n    \""policy_details\"": {\n      \""coverage_type\"": \""Auto\"",\n      \""effective_date\"": \""2023-11-19\"",\n      \""expiration_date\"": \""2025-05-31\"",\n      \""policy_number\"": \""POL-467268181\"",\n      \""policyholder_name\"": \""Jennifer Johnson\""\n    },\n    \""properties\"": {\n      \""header\"": {\n        \""$ref\"": \""#/$defs/ClaimHeader\"",\n        \""description\"": \""Basic claim information\""\n      },\n      \""incident_description\"": {\n        \""$ref\"": \""#/$defs/IncidentDescription\"",\n        \""description\"": \""Detailed incident details\""\n      },\n      \""insured_objects\"": {\n        \""$ref\"": \""#/$defs/InsuredObject\"",\n        \""description\"": \""List of insured objects involved, if applicable\""\n      },\n      \""policy_details\"": {\n        \""$ref\"": \""#/$defs/PolicyDetails\"",\n        \""description\"": \""Policy information if available\""\n      }\n    }\n  }\n}""]"
json,JSONAdapter(),insurance-claims-0004,validation_error,ValidationError,2.087887753994437,1,json_object,0,20,0.0,False,,header.channel;header.claim_id;header.incident_date;header.report_date;header.reported_by;incident_description.estimated_damage_amount;incident_description.incident_type;incident_description.location_type;incident_description.police_report_number;insured_objects[0].estimated_value;insured_objects[0].location_address;insured_objects[0].make_model;insured_objects[0].object_id;insured_objects[0].object_type;insured_objects[0].year;policy_details.coverage_type;policy_details.effective_date;policy_details.expiration_date;policy_details.policy_number;policy_details.policyholder_name,,3068,0,17,0.0,0,"[""{\n  \""claim\"": {\n    \""claim_id\"": \""CLM-597471\"",\n    \""incident_date\"": \""2025-08-21\"",\n    \""report_date\"": \""2025-08-22\"",\n    \""reported_by\"": \""Ashley Rodriguez\"",\n    \""channel\"": \""Portal\"",\n    \""incident_description\"": {\n      \""estimated_damage_amount\"": 52000,\n      \""incident_type\"": \""fire\"",\n      \""location_type\"": \""kitchen\"",\n      \""police_report_number\"": null\n    },\n    \""insured_object\"": {\n      \""estimated_value\"": null,\n      \""location_address\"": \""7400 Pi Pi\"",\n      \""make_model\"": null,\n      \""object_id\"": \""OBJ-123456\"",\n      \""object_type\"": \""kitchen\"",\n      \""year\"": 2024\n    },\n    \""policy_details\"": {\n      \""coverage_type\"": \""property\"",\n      \""effective_date\"": \""2024-04-18\"",\n      \""expiration_date\"": \""2025-10-16\"",\n      \""policy_number\"": \""POL-998781390\"",\n      \""policyholder_name\"": \""Ashley Rodriguez\""\n    },\n    \""properties\"": {\n      \""header\"": {\n        \""$ref\"": \""#/$defs/ClaimHeader\"",\n        \""description\"": \""Basic claim information\""\n      },\n      \""incident_description\"": {\n        \""$ref\"": \""#/$defs/IncidentDescription\"",\n        \""description\"": \""Structured incident details\""\n      },\n      \""insured_objects\"": {\n        \""$ref\"": \""#/$defs/InsuredObject\"",\n        \""description\"": \""List of insured objects involved, if applicable\""\n      },\n      \""policy_details\"": {\n        \""$ref\"": \""#/$defs/PolicyDetails\"",\n        \""description\"": \""Policy information if available\""\n      }\n    }\n  }\n}""]"
json,JSONAdapter(),insurance-claims-0005,validation_error,ValidationError,2.1902836009976454,1,json_object,0,20,0.0,False,,header.channel;header.claim_id;header.incident_date;header.report_date;header.reported_by;incident_description.estimated_damage_amount;incident_description.incident_type;incident_description.location_type;incident_description.police_report_number;insured_objects[0].estimated_value;insured_objects[0].location_address;insured_objects[0].make_model;insured_objects[0].object_id;insured_objects[0].object_type;insured_objects[0].year;policy_details.coverage_type;policy_details.effective_date;policy_details.expiration_date;policy_details.policy_number;policy_details.policyholder_name,,3064,0,18,0.0,0,"[""{\n  \""claim\"": {\n    \""claim_id\"": \""CLM-509317\"",\n    \""incident_date\"": \""2025-09-01\"",\n    \""report_date\"": \""2025-09-04\"",\n    \""reported_by\"": \""Jennifer Davis\"",\n    \""channel\"": null,\n    \""incident_description\"": {\n      \""estimated_damage_amount\"": 21040,\n      \""incident_type\"": \""Slip and fall\"",\n      \""location_type\"": \""Entrance area\"",\n      \""police_report_number\"": null\n    },\n    \""insured_object\"": {\n      \""estimated_value\"": 463611,\n      \""location_address\"": \""9350 Broadway, Springfield\"",\n      \""make_model\"": null,\n      \""object_id\"": \""OBJ-123456789\"",\n      \""object_type\"": \""Building\"",\n      \""year\"": 2010\n    },\n    \""policy_details\"": {\n      \""coverage_type\"": \""Liability\"",\n      \""effective_date\"": \""2023-11-14\"",\n      \""expiration_date\"": \""2025-05-13\"",\n      \""policy_number\"": \""POL-756977389\"",\n      \""policyholder_name\"": \""Jennifer Davis\""\n    },\n    \""properties\"": {\n      \""header\"": {\n        \""$ref\"": \""#/$defs/ClaimHeader\"",\n        \""description\"": \""Basic claim information\""\n      },\n      \""incident_description\"": {\n        \""$ref\"": \""#/$defs/IncidentDescription\"",\n        \""description\"": \""Slip and fall incident at the entrance area\""\n      },\n      \""insured_objects\"": {\n        \""$ref\"": \""#/$defs/InsuredObject\"",\n        \""description\"": \""Insured object: Building at 9350 Broadway, Springfield\""\n      },\n      \""policy_details\"": {\n        \""$ref\"": \""#/$defs/PolicyDetails\"",\n        \""description\"": \""Policy information if available\""\n      }\n    }\n  }\n}""]"
json,JSONAdapter(),insurance-claims-0006,validation_error,ValidationError,1.7115496949991211,1,json_object,0,20,0.0,False,,header.channel;header.claim_id;header.incident_date;header.report_date;header.reported_by;incident_description.estimated_damage_amount;incident_description.incident_type;incident_description.location_type;incident_description.police_report_number;insured_objects[0].estimated_value;insured_objects[0].location_address;insured_objects[0].make_model;insured_objects[0].object_id;insured_objects[0].object_type;insured_objects[0].year;policy_details.coverage_type;policy_details.effective_date;policy_details.expiration_date;policy_details.policy_number;policy_details.policyholder_name,,3025,0,19,0.0,0,"[""{\n  \""claim\"": {\n    \""claim_id\"": \""CLM-860535\"",\n    \""incident_date\"": \""2025-09-02\"",\n    \""report_date\"": \""2025-09-03\"",\n    \""reported_by\"": \""Robert Thompson\"",\n    \""channel\"": \""In-person\"",\n    \""incident_description\"": {\n      \""estimated_damage_amount\"": 19400,\n      \""incident_type\"": \""Water Damage\"",\n      \""location_type\"": \""Basement\"",\n      \""police_report_number\"": null,\n      \""object_id\"": \""3150 Cedar Lane\"",\n      \""object_type\"": \""Building\"",\n      \""year\"": 1996\n    },\n    \""insured_object\"": {\n      \""estimated_value\"": 720992,\n      \""location_address\"": \""3150 Cedar Lane, Townhouse\"",\n      \""make_model\"": \""Unknown\"",\n      \""object_id\"": \""3150 Cedar Lane\"",\n      \""object_type\"": \""Building\"",\n      \""year\"": 1996\n    },\n    \""policy_details\"": {\n      \""coverage_type\"": \""Property\"",\n      \""effective_date\"": \""2025-03-28\"",\n      \""expiration_date\"": \""2025-03-27\"",\n      \""policy_number\"": \""POL-694961021\"",\n      \""policyholder_name\"": \""Robert Thompson\""\n    }\n  }\n}""]"
json,JSONAdapter(),insurance-claims-0007,validation_error,ValidationError,2.164523124025436,1,json_object,0,20,0.0,False,,header.channel;header.claim_id;header.incident_date;header.report_date;header.reported_by;incident_description.estimated_damage_amount;incident_description.incident_type;incident_description.location_type;incident_description.police_report_number;insured_objects[0].estimated_value;insured_objects[0].location_address;insured_objects[0].make_model;insured_objects[0].object_id;insured_objects[0].object_type;insured_objects[0].year;policy_details.coverage_type;policy_details.effective_date;policy_details.expiration_date;policy_details.policy_number;policy_details.policyholder_name,,3047,0,17,0.0,0,"[""{\n  \""claim\"": {\n    \""claim_id\"": \""CLM-699674\"",\n    \""incident_date\"": \""2025-08-28\"",\n    \""report_date\"": \""2025-08-30\"",\n    \""reported_by\"": \""David Johnson\"",\n    \""channel\"": \""Phone\"",\n    \""incident_description\"": {\n      \""estimated_damage_amount\"": 1500,\n      \""incident_type\"": \""Slip and fall\"",\n      \""location_type\"": \""Sidewalk\"",\n      \""police_report_number\"": null\n    },\n    \""insured_object\"": {\n      \""estimated_value\"": 372000,\n      \""location_address\"": \""Church Street, Georgetown, Georgia\"",\n      \""make_model\"": \""Not specified\"",\n      \""object_id\"": \""OBJ-123456789\"",\n      \""object_type\"": \""Building\"",\n      \""year\"": 1969\n    },\n    \""policy_details\"": {\n      \""coverage_type\"": \""Liability\"",\n      \""effective_date\"": \""2025-05-27\"",\n      \""expiration_date\"": \""2027-05-26\"",\n      \""policy_number\"": \""POL-314055462\"",\n      \""policyholder_name\"": \""David Johnson\""\n    },\n    \""properties\"": {\n      \""header\"": {\n        \""$ref\"": \""#/$defs/ClaimHeader\"",\n        \""description\"": \""Basic claim information\""\n      },\n      \""incident_description\"": {\n        \""$ref\"": \""#/$defs/IncidentDescription\"",\n        \""description\"": \""Slip and fall incident at David Johnson's property\""\n      },\n      \""insured_objects\"": {\n        \""$ref\"": \""#/$defs/InsuredObject\"",\n        \""description\"": \""Insured object details\""\n      },\n      \""policy_details\"": {\n        \""$ref\"": \""#/$defs/PolicyDetails\"",\n        \""description\"": \""Policy information if available\""\n      }\n    }\n  }\n}""]"
json,JSONAdapter(),insurance-claims-0008,validation_error,ValidationError,2.1700973020051606,1,json_object,0,11,0.0,False,,header.channel;header.claim_id;header.incident_date;header.report_date;header.reported_by;incident_description.estimated_damage_amount;incident_description.incident_type;incident_description.location_type;incident_description.police_report_number;insured_objects;policy_details,,3055,0,8,0.0,0,"[""{\n  \""claim\"": {\n    \""claim_id\"": \""CLM-531517\"",\n    \""incident_date\"": \""2025-08-22\"",\n    \""report_date\"": \""2025-08-22\"",\n    \""reported_by\"": \""David Davis\"",\n    \""channel\"": \""Phone\"",\n    \""incident_description\"": {\n      \""estimated_damage_amount\"": null,\n      \""incident_type\"": \""Slip and fall\"",\n      \""location_type\"": \""Store front\"",\n      \""police_report_number\"": null\n    },\n    \""insured_object\"": {\n      \""estimated_value\"": null,\n      \""location_address\"": \""123 Main St, Anytown, USA\"",\n      \""make_model\"": null,\n      \""object_id\"": \""OBJ-12345678901234567\"",\n      \""object_type\"": \""Bread\"",\n      \""year\"": null\n    },\n    \""policy_details\"": {\n      \""coverage_type\"": \""Property\"",\n      \""effective_date\"": \""2025-08-22\"",\n      \""expiration_date\"": \""2025-08-22\"",\n      \""policy_number\"": \""POL-12345678901234567\"",\n      \""policyholder_name\"": \""David Davis\""\n    },\n    \""properties\"": {\n      \""header\"": {\n        \""$ref\"": \""#/$defs/ClaimHeader\"",\n        \""description\"": \""Insurance claim information\""\n      },\n      \""incident_description\"": {\n        \""$ref\"": \""#/$defs/IncidentDescription\"",\n        \""description\"": \""Slip and fall incident at the store\""\n      },\n      \""insured_objects\"": {\n        \""$ref\"": \""#/$defs/InsuredObject\"",\n        \""description\"": \""Insured object details\""\n      },\n      \""policy_details\"": {\n        \""$ref\"": \""#/$defs/PolicyDetails\"",\n        \""description\"": \""Policy information if available\""\n      }\n    }\n  }\n}""]"
json,JSONAdapter(),insurance-claims-0009,validation_error,ValidationError,2.247655893996125,1,json_object,0,20,0.0,False,,header.channel;header.claim_id;header.incident_date;header.report_date;header.reported_by;incident_description.estimated_damage_amount;incident_description.incident_type;incident_description.location_type;incident_description.police_report_number;insured_objects[0].estimated_value;insured_objects[0].location_address;insured_objects[0].make_model;insured_objects[0].object_id;insured_objects[0].object_type;insured_objects[0].year;policy_details.coverage_type;policy_details.effective_date;policy_details.expiration_date;policy_details.policy_number;policy_details.policyholder_name,,3094,0,18,0.0,0,"[""{\n  \""claim\"": {\n    \""claim_id\"": \""CLM-692408\"",\n    \""incident_date\"": \""2025-08-19\"",\n    \""report_date\"": \""2025-08-19\"",\n    \""reported_by\"": \""Lisa Garcia\"",\n    \""channel\"": \""Phone\"",\n    \""incident_description\"": {\n      \""estimated_damage_amount\"": 2776,\n      \""incident_type\"": \""Rear-end collision\"",\n      \""location_type\"": \""Residential street\"",\n      \""police_report_number\"": \""PR-20250817-9170\""\n    },\n    \""insured_object\"": {\n      \""estimated_value\"": 16433,\n      \""location_address\"": \""Not specified\"",\n      \""make_model\"": \""2017 Ford Escape\"",\n      \""object_id\"": \""OBJ-12345678901234567\"",\n      \""object_type\"": \""Vehicle\"",\n      \""year\"": 2017\n    },\n    \""policy_details\"": {\n      \""coverage_type\"": \""Auto\"",\n      \""effective_date\"": \""2023-03-06\"",\n      \""expiration_date\"": \""2025-03-06\"",\n      \""policy_number\"": \""POL-575631637\"",\n      \""policyholder_name\"": \""Lisa Garcia\""\n    },\n    \""properties\"": {\n      \""header\"": {\n        \""$ref\"": \""#/$defs/ClaimHeader\"",\n        \""description\"": \""Basic claim information\""\n      },\n      \""incident_description\"": {\n        \""$ref\"": \""#/$defs/IncidentDescription\"",\n        \""description\"": \""Structured incident details\""\n      },\n      \""insured_objects\"": {\n        \""$ref\"": \""#/$defs/InsuredObject\"",\n        \""description\"": \""List of insured objects involved, if applicable\""\n      },\n      \""policy_details\"": {\n        \""$ref\"": \""#/$defs/PolicyDetails\"",\n        \""description\"": \""Policy information if available\""\n      }\n    }\n  }\n}""]"
json,JSONAdapter(),insurance-claims-0010,validation_error,ValidationError,2.156658363994211,1,json_object,0,11,0.0,False,,header.channel;header.claim_id;header.incident_date;header.report_date;header.reported_by;incident_description.estimated_damage_amount;incident_description.incident_type;incident_description.location_type;incident_description.police_report_number;insured_objects;policy_details,,2957,0,9,0.0,0,"[""{\n  \""claim\"": {\n    \""claim_id\"": \""CLM-884860\"",\n    \""incident_date\"": \""2025-09-04\"",\n    \""report_date\"": \""2025-09-04\"",\n    \""reported_by\"": \""Michelle Brown\"",\n    \""channel\"": null,\n    \""incident_description\"": {\n      \""estimated_damage_amount\"": 15672,\n      \""incident_type\"": \""Unauthorized Entry\"",\n      \""location_type\"": \""Business\"",\n      \""police_report_number\"": null\n    },\n    \""insured_object\"": {\n      \""estimated_value\"": 16000,\n      \""location_address\"": \""Not specified\"",\n      \""make_model\"": \""Not specified\"",\n      \""object_id\"": \""OBJ-12345678901234567\"",\n      \""object_type\"": \""Equipment and Display Cases\""\n    },\n    \""policy_details\"": {\n      \""coverage_type\"": \""Property\"",\n      \""effective_date\"": \""2025-09-01\"",\n      \""expiration_date\"": \""2025-09-01\"",\n      \""policy_number\"": \""POL-1234567890123456\"",\n      \""policyholder_name\"": \""Michelle Brown\""\n    },\n    \""properties\"": {\n      \""header\"": {\n        \""$ref\"": \""#/$defs/ClaimHeader\"",\n        \""description\"": \""Basic claim information\""\n      },\n      \""incident_description\"": {\n        \""$ref\"": \""#/$defs/IncidentDescription\"",\n        \""description\"": \""Unauthorized entry, equipment and display cases missing\""\n      },\n      \""insured_objects\"": {\n        \""$ref\"": \""#/$defs/InsuredObject\"",\n        \""description\"": \""Equipment and display cases\""\n      },\n      \""policy_details\"": {\n        \""$ref\"": \""#/$defs/PolicyDetails\"",\n        \""description\"": \""Property coverage, effective date, expiration date, policy number, policy holder name\""\n      }\n    }\n  }\n}""]"
json,JSONAdapter(),insurance-claims-0011,validation_error,ValidationError,2.0019775230030064,1,json_object,0,11,0.0,False,,header.channel;header.claim_id;header.incident_date;header.report_date;header.reported_by;incident_description.estimated_damage_amount;incident_description.incident_type;incident_description.location_type;incident_description.police_report_number;insured_objects;policy_details,,2893,0,8,0.0,0,"[""{\n  \""claim\"": {\n    \""claim_id\"": \""CLM-462584\"",\n    \""incident_date\"": \""2025-08-26\"",\n    \""report_date\"": \""2025-08-26\"",\n    \""reported_by\"": \""James Johnson\"",\n    \""channel\"": null,\n    \""incident_description\"": {\n      \""estimated_damage_amount\"": 3038,\n      \""incident_type\"": \""rear_end_collision\"",\n      \""location_type\"": \""shopping_center_lot\"",\n      \""police_report_number\"": null\n    },\n    \""insured_object\"": {\n      \""estimated_value\"": null,\n      \""location_address\"": \""Not specified\"",\n      \""make_model\"": null,\n      \""object_id\"": \""CLM-462584\"",\n      \""object_type\"": \""vehicle\"",\n      \""year\"": null\n    },\n    \""policy_details\"": {\n      \""coverage_type\"": \""auto\"",\n      \""effective_date\"": \""2025-08-26\"",\n      \""expiration_date\"": \""2025-08-26\"",\n      \""policy_number\"": \""POL-462584\"",\n      \""policyholder_name\"": \""James Johnson\""\n    },\n    \""properties\"": {\n      \""header\"": {\n        \""$ref\"": \""#/$defs/ClaimHeader\"",\n        \""description\"": \""Basic claim information\""\n      },\n      \""incident_description\"": {\n        \""$ref\"": \""#/$defs/IncidentDescription\"",\n        \""description\"": \""Structured incident details\""\n      },\n      \""insured_objects\"": {\n        \""$ref\"": \""#/$defs/InsuredObject\"",\n        \""description\"": \""List of insured objects involved, if applicable\""\n      },\n      \""policy_details\"": {\n        \""$ref\"": \""#/$defs/PolicyDetails\"",\n        \""description\"": \""Policy information if available\""\n      }\n    }\n  }\n}""]"
json,JSONAdapter(),insurance-claims-0012,validation_error,ValidationError,2.1499260749842506,1,json_object,0,20,0.0,False,,header.channel;header.claim_id;header.incident_date;header.report_date;header.reported_by;incident_description.estimated_damage_amount;incident_description.incident_type;incident_description.location_type;incident_description.police_report_number;insured_objects[0].estimated_value;insured_objects[0].location_address;insured_objects[0].make_model;insured_objects[0].object_id;insured_objects[0].object_type;insured_objects[0].year;policy_details.coverage_type;policy_details.effective_date;policy_details.expiration_date;policy_details.policy_number;policy_details.policyholder_name,,3077,0,18,0.0,0,"[""{\n  \""claim\"": {\n    \""claim_id\"": \""CLM-834090\"",\n    \""incident_date\"": \""2023-09-09\"",\n    \""report_date\"": \""2025-09-09\"",\n    \""reported_by\"": \""Christopher Smith\"",\n    \""channel\"": null,\n    \""incident_description\"": {\n      \""estimated_damage_amount\"": 28390,\n      \""incident_type\"": \""roof_damage\"",\n      \""location_type\"": \""roof\"",\n      \""police_report_number\"": null\n    },\n    \""insured_object\"": {\n      \""estimated_value\"": 400000,\n      \""location_address\"": \""7050 Oak Ave, Arlington\"",\n      \""make_model\"": \""Not specified\"",\n      \""object_id\"": \""OBJ-12345678901234567\"",\n      \""object_type\"": \""Building\"",\n      \""year\"": 2023\n    },\n    \""policy_details\"": {\n      \""coverage_type\"": \""Property\"",\n      \""effective_date\"": \""2024-05-01\"",\n      \""expiration_date\"": \""2025-10-29\"",\n      \""policy_number\"": \""POL-262724604\"",\n      \""policyholder_name\"": \""Christopher Smith\""\n    },\n    \""properties\"": {\n      \""header\"": {\n        \""$ref\"": \""#/$defs/ClaimHeader\"",\n        \""description\"": \""Basic claim information\""\n      },\n      \""incident_description\"": {\n        \""$ref\"": \""#/$defs/IncidentDescription\"",\n        \""description\"": \""Detailed incident details\""\n      },\n      \""insured_objects\"": {\n        \""$ref\"": \""#/$defs/InsuredObject\"",\n        \""description\"": \""List of insured objects involved\""\n      },\n      \""policy_details\"": {\n        \""$ref\"": \""#/$defs/PolicyDetails\"",\n        \""description\"": \""Policy information if available\""\n      }\n    }\n  }\n}""]"
json,JSONAdapter(),insurance-claims-0013,validation_error,ValidationError,2.436726992018521,1,json_object,0,20,0.0,False,,header.channel;header.claim_id;header.incident_date;header.report_date;header.reported_by;incident_description.estimated_damage_amount;incident_description.incident_type;incident_description.location_type;incident_description.police_report_number;insured_objects[0].estimated_value;insured_objects[0].location_address;insured_objects[0].make_model;insured_objects[0].object_id;insured_objects[0].object_type;insured_objects[0].year;policy_details.coverage_type;policy_details.effective_date;policy_details.expiration_date;policy_details.policy_number;policy_details.policyholder_name,,3134,0,18,0.0,0,"[""{\n  \""claim\"": {\n    \""claim_id\"": \""CLM-696349\"",\n    \""incident_date\"": \""2025-09-04\"",\n    \""report_date\"": \""2025-09-05\"",\n    \""reported_by\"": \""Jennifer Miller\"",\n    \""channel\"": \""Phone\"",\n    \""channel_description\"": \""Phone call\"",\n    \""incident_description\"": {\n      \""estimated_damage_amount\"": 136734,\n      \""incident_type\"": \""Fire\"",\n      \""location_type\"": \""Residential\"",\n      \""police_report_number\"": null,\n      \""location_address\"": \""7400 Second Street, Clayton\"",\n      \""make_model\"": null,\n      \""object_id\"": \""OBJ-1234567890\"",\n      \""object_type\"": \""House\"",\n      \""year\"": 2024\n    },\n    \""insured_object\"": {\n      \""estimated_value\"": null,\n      \""location_address\"": \""7400 Second Street, Clayton\"",\n      \""make_model\"": null,\n      \""object_id\"": \""OBJ-1234567890\"",\n      \""object_type\"": \""House\"",\n      \""year\"": 2024\n    },\n    \""policy_details\"": {\n      \""coverage_type\"": \""Property\"",\n      \""effective_date\"": \""2024-12-13\"",\n      \""expiration_date\"": \""2026-12-12\"",\n      \""policy_number\"": \""POL-285003271\"",\n      \""policyholder_name\"": \""Jennifer Miller\""\n    },\n    \""properties\"": {\n      \""header\"": {\n        \""$ref\"": \""#/$defs/ClaimHeader\"",\n        \""description\"": \""Basic claim information\""\n      },\n      \""incident_description\"": {\n        \""$ref\"": \""#/$defs/IncidentDescription\"",\n        \""description\"": \""Structured incident details\""\n      },\n      \""insured_objects\"": {\n        \""$ref\"": \""#/$defs/InsuredObject\"",\n        \""description\"": \""List of insured objects involved, if applicable\""\n      },\n      \""policy_details\"": {\n        \""$ref\"": \""#/$defs/PolicyDetails\"",\n        \""description\"": \""Policy information if available\""\n      }\n    }\n  }\n}""]"
json,JSONAdapter(),insurance-claims-0014,validation_error,ValidationError,2.407866464986,1,json_object,0,20,0.0,False,,header.channel;header.claim_id;header.incident_date;header.report_date;header.reported_by;incident_description.estimated_damage_amount;incident_description.incident_type;incident_description.location_type;incident_description.police_report_number;insured_objects[0].estimated_value;insured_objects[0].location_address;insured_objects[0].make_model;insured_objects[0].object_id;insured_objects[0].object_type;insured_objects[0].year;policy_details.coverage_type;policy_details.effective_date;policy_details.expiration_date;policy_details.policy_number;policy_details.policyholder_name,,2661,0,17,0.0,0,"[""{\n  \""claim\"": {\n    \""claim_id\"": \""CLM-405338\"",\n    \""incident_date\"": \""2024-09-25\"",\n    \""report_date\"": \""2024-09-25\"",\n    \""reported_by\"": \""James Smith\"",\n    \""channel\"": null,\n    \""incident_type\"": \""rear_end_collision\"",\n    \""location_type\"": \""highway\"",\n    \""police_report_number\"": null,\n    \""estimated_damage_amount\"": 37000,\n    \""estimated_value\"": null,\n    \""location_address\"": \""Harrison Avenue\"",\n    \""make_model\"": \""Honda CR-V\"",\n    \""object_id\"": \""VIN70413800966102220\"",\n    \""object_type\"": \""car\"",\n    \""year\"": 2017,\n    \""insured_object\"": {\n      \""estimated_value\"": null,\n      \""location_address\"": \""Harrison Avenue\"",\n      \""make_model\"": \""Honda CR-V\"",\n      \""object_id\"": \""VIN70413800966102220\"",\n      \""object_type\"": \""car\"",\n      \""year\"": 2017\n    },\n    \""policy_details\"": {\n      \""coverage_type\"": \""auto\"",\n      \""effective_date\"": \""2024-09-25\"",\n      \""expiration_date\"": \""2025-09-25\"",\n      \""policy_number\"": \""POL-932318703\"",\n      \""policyholder_name\"": \""James Smith\""\n    },\n    \""properties\"": {\n      \""header\"": {\n        \""$ref\"": \""#/$defs/ClaimHeader\"",\n        \""description\"": \""Insurance claim information for James Smith's car accident\""\n      },\n      \""incident_description\"": {\n        \""$ref\"": \""#/$defs/IncidentDescription\"",\n        \""description\"": \""Detailed incident description of the accident\""\n      },\n      \""insured_objects\"": {\n        \""$ref\"": \""#/$defs/InsuredObject\"",\n        \""description\"": \""List of insured objects involved in the accident\""\n      },\n      \""policy_details\"": {\n        \""$ref\"": \""#/$defs/PolicyDetails\"",\n        \""description\"": \""Policy information if available\""\n      }\n    }\n  }\n}""]"
json,JSONAdapter(),insurance-claims-0015,validation_error,ValidationError,2.1958038810116705,1,json_object,0,20,0.0,False,,header.channel;header.claim_id;header.incident_date;header.report_date;header.reported_by;incident_description.estimated_damage_amount;incident_description.incident_type;incident_description.location_type;incident_description.police_report_number;insured_objects[0].estimated_value;insured_objects[0].location_address;insured_objects[0].make_model;insured_objects[0].object_id;insured_objects[0].object_type;insured_objects[0].year;policy_details.coverage_type;policy_details.effective_date;policy_details.expiration_date;policy_details.policy_number;policy_details.policyholder_name,,3016,0,19,0.0,0,"[""{\n  \""claim\"": {\n    \""claim_id\"": \""CLM-741209\"",\n    \""incident_date\"": \""2025-09-08\"",\n    \""report_date\"": \""2025-09-10\"",\n    \""reported_by\"": \""Karen Wilson\"",\n    \""channel\"": null,\n    \""incident_description\"": {\n      \""estimated_damage_amount\"": 4821,\n      \""incident_type\"": \""rear_end_collision\"",\n      \""location_type\"": \""intersection\"",\n      \""police_report_number\"": \""PR-20250908-1289\""\n    },\n    \""insured_object\"": {\n      \""estimated_value\"": 14000,\n      \""location_address\"": \""Not specified in the provided text\"",\n      \""make_model\"": \""Toyota Camry\"",\n      \""object_id\"": \""VIN29384756109283745\"",\n      \""object_type\"": \""Vehicle\"",\n      \""year\"": 2018\n    },\n    \""policy_details\"": {\n      \""coverage_type\"": \""Property\"",\n      \""effective_date\"": \""2025-09-10\"",\n      \""expiration_date\"": \""2025-09-14\"",\n      \""policy_number\"": \""POL-811390245\"",\n      \""policyholder_name\"": \""Karen Wilson\""\n    },\n    \""properties\"": {\n      \""header\"": {\n        \""$ref\"": \""#/$defs/ClaimHeader\"",\n        \""description\"": \""Basic claim information\""\n      },\n      \""incident_description\"": {\n        \""$ref\"": \""#/$defs/IncidentDescription\"",\n        \""description\"": \""Structured incident details\""\n      },\n      \""insured_objects\"": {\n        \""$ref\"": \""#/$defs/InsuredObject\"",\n        \""description\"": \""List of insured objects involved, if applicable\""\n      },\n      \""policy_details\"": {\n        \""$ref\"": \""#/$defs/PolicyDetails\"",\n        \""description\"": \""Policy information if available\""\n      }\n    }\n  }\n}""]"
json,JSONAdapter(),insurance-claims-0016,validation_error,ValidationError,3.238885744998697,1,json_object,0,20,0.0,False,,header.channel;header.claim_id;header.incident_date;header.report_date;header.reported_by;incident_description.estimated_damage_amount;incident_description.incident_type;incident_description.location_type;incident_description.police_report_number;insured_objects[0].estimated_value;insured_objects[0].location_address;insured_objects[0].make_model;insured_objects[0].object_id;insured_objects[0].object_type;insured_objects[0].year;policy_details.coverage_type;policy_details.effective_date;policy_details.expiration_date;policy_details.policy_number;policy_details.policyholder_name,,3034,0,20,0.0,0,"[""{\n  \""claim\"": {\n    \""claim_id\"": \""CLM-512907\"",\n    \""incident_date\"": \""2025-09-09\"",\n    \""report_date\"": \""2025-09-11\"",\n    \""reported_by\"": \""Anthony Martinez\"",\n    \""channel\"": null,\n    \""incident_description\"": {\n      \""estimated_damage_amount\"": null,\n      \""incident_type\"": \""storm damage\"",\n      \""location_type\"": \""residential street\"",\n      \""police_report_number\"": null\n    },\n    \""insured_object\"": {\n      \""estimated_value\"": null,\n      \""location_address\"": \""8120 Lakeview Drive, Dayton, OH 45459\"",\n      \""make_model\"": null,\n      \""object_id\"": \""PROP-819304\"",\n      \""object_type\"": \""single family home\"",\n      \""year\"": 1985\n    },\n    \""policy_details\"": {\n      \""coverage_type\"": \""Property\"",\n      \""effective_date\"": \""2023-05-01\"",\n      \""expiration_date\"": \""2025-04-30\"",\n      \""policy_number\"": \""POL-220941678\"",\n      \""policyholder_name\"": \""Anthony Martinez\""\n    },\n    \""properties\"": {\n      \""header\"": {\n        \""$ref\"": \""#/$defs/ClaimHeader\"",\n        \""description\"": \""Basic claim information\""\n      },\n      \""incident_description\"": {\n        \""$ref\"": \""#/$defs/IncidentDescription\"",\n        \""description\"": \""Storm damage from Tuesday, September 9th. Lost sections of shingles, a large tree limb crashed onto the roof, and siding was dented on the lake-facing side.\""\n      },\n      \""insured_objects\"": [\n        {\n          \""$ref\"": \""#/$defs/InsuredObject\"",\n          \""description\"": \""My name is Anthony Martinez. I’m reporting storm damage from Tuesday, September 9th. I live at 8120 Lakeview Drive in Dayton, the tan-colored single-family house built in the mid-80s (1985, I think was the year on the county records). The house was last valued at about $356,000 when we refinanced two years ago. The storm that rolled through this week hit our street really badly. We lost sections of shingles and a large tree limb crashed onto the roof and broke part of the gutter system. Siding was dented on the lake-facing side as well. I attached several photos through the portal.\""\n        }\n      ],\n      \""policy_details\"": {\n        \""$ref\"": \""#/$defs/PolicyDetails\"",\n        \""description\"": \""This house (system id PROP-819304) is listed under my current property policy. Please confirm coverage applies; it’s the policy under my name (Anthony Martinez), property type is single family home. Coverage type is Property, as far as I understand it.\""\n      }\n    }\n  }\n}""]"
json,JSONAdapter(),insurance-claims-0017,validation_error,ValidationError,2.2202099659771193,1,json_object,0,20,0.0,False,,header.channel;header.claim_id;header.incident_date;header.report_date;header.reported_by;incident_description.estimated_damage_amount;incident_description.incident_type;incident_description.location_type;incident_description.police_report_number;insured_objects[0].estimated_value;insured_objects[0].location_address;insured_objects[0].make_model;insured_objects[0].object_id;insured_objects[0].object_type;insured_objects[0].year;policy_details.coverage_type;policy_details.effective_date;policy_details.expiration_date;policy_details.policy_number;policy_details.policyholder_name,,2760,0,19,0.0,0,"[""{\n  \""claim\"": {\n    \""claim_id\"": \""CLM-624817\"",\n    \""incident_date\"": \""2025-09-12\"",\n    \""report_date\"": \""2025-09-12\"",\n    \""reported_by\"": \""Stephanie Clark\"",\n    \""channel\"": \""Email\"",\n    \""incident_description\"": {\n      \""estimated_damage_amount\"": 3172,\n      \""incident_type\"": \""rear_end_collision\"",\n      \""location_type\"": \""parking_lot\"",\n      \""police_report_number\"": \""PR-20250911-9821\""\n    },\n    \""insured_object\"": {\n      \""estimated_value\"": 19500,\n      \""location_address\"": \""Safeway lot, row D\"",\n      \""make_model\"": \""Honda Accord (2020 model)\"",\n      \""object_id\"": \""VIN12039485762194836\"",\n      \""object_type\"": \""Vehicle\"",\n      \""year\"": 2020\n    },\n    \""policy_details\"": {\n      \""coverage_type\"": \""Auto\"",\n      \""effective_date\"": \""2025-10-01\"",\n      \""expiration_date\"": \""2025-09-09\"",\n      \""policy_number\"": \""POL-573882014\"",\n      \""policyholder_name\"": \""Stephanie Clark\""\n    },\n    \""properties\"": {\n      \""header\"": {\n        \""$ref\"": \""#/$defs/ClaimHeader\"",\n        \""description\"": \""Basic claim information\""\n      },\n      \""incident_description\"": {\n        \""$ref\"": \""#/$defs/IncidentDescription\"",\n        \""description\"": \""Structured incident details\""\n      },\n      \""insured_objects\"": {\n        \""$ref\"": \""#/$defs/InsuredObject\"",\n        \""description\"": \""List of insured objects involved, if applicable\""\n      },\n      \""policy_details\"": {\n        \""$ref\"": \""#/$defs/PolicyDetails\"",\n        \""description\"": \""Policy information if available\""\n      }\n    }\n  }\n}""]"
json,JSONAdapter(),insurance-claims-0018,validation_error,ValidationError,2.1513684790115803,1,json_object,0,20,0.0,False,,header.channel;header.claim_id;header.incident_date;header.report_date;header.reported_by;incident_description.estimated_damage_amount;incident_description.incident_type;incident_description.location_type;incident_description.police_report_number;insured_objects[0].estimated_value;insured_objects[0].location_address;insured_objects[0].make_model;insured_objects[0].object_id;insured_objects[0].object_type;insured_objects[0].year;policy_details.coverage_type;policy_details.effective_date;policy_details.expiration_date;policy_details.policy_number;policy_details.policyholder_name,,2689,0,18,0.0,0,"[""{\n  \""claim\"": {\n    \""claim_id\"": \""CLM-205311\"",\n    \""incident_date\"": \""2025-09-12\"",\n    \""report_date\"": \""2025-09-13\"",\n    \""reported_by\"": \""Brian Lewis\"",\n    \""channel\"": \""Phone\"",\n    \""incident_description\"": {\n      \""estimated_damage_amount\"": 12187,\n      \""incident_type\"": \""pipe burst\"",\n      \""location_type\"": \""upstairs bathroom\"",\n      \""police_report_number\"": null\n    },\n    \""insured_object\"": {\n      \""estimated_value\"": 389000,\n      \""location_address\"": \""441 Oakwood Avenue, Buffalo, NY\"",\n      \""make_model\"": \""not specified\"",\n      \""object_id\"": \""OBJ-12345678901234567\"",\n      \""object_type\"": \""townhouse\"",\n      \""year\"": 1978\n    },\n    \""policy_details\"": {\n      \""coverage_type\"": \""property\"",\n      \""effective_date\"": \""2023-06-10\"",\n      \""expiration_date\"": \""2024-06-09\"",\n      \""policy_number\"": \""POL-455372900\"",\n      \""policyholder_name\"": \""Brian Lewis\""\n    },\n    \""properties\"": {\n      \""header\"": {\n        \""$ref\"": \""#/$defs/ClaimHeader\"",\n        \""description\"": \""Basic claim information\""\n      },\n      \""incident_description\"": {\n        \""$ref\"": \""#/$defs/IncidentDescription\"",\n        \""description\"": \""Structured incident details\""\n      },\n      \""insured_objects\"": {\n        \""$ref\"": \""#/$defs/InsuredObject\"",\n        \""description\"": \""List of insured objects involved, if applicable\""\n      },\n      \""policy_details\"": {\n        \""$ref\"": \""#/$defs/PolicyDetails\"",\n        \""description\"": \""Policy information if available\""\n      }\n    }\n  }\n}""]"
json,JSONAdapter(),insurance-claims-0019,validation_error,ValidationError,2.0448568030260503,1,json_object,0,20,0.0,False,,header.channel;header.claim_id;header.incident_date;header.report_date;header.reported_by;incident_description.estimated_damage_amount;incident_description.incident_type;incident_description.location_type;incident_description.police_report_number;insured_objects[0].estimated_value;insured_objects[0].location_address;insured_objects[0].make_model;insured_objects[0].object_id;insured_objects[0].object_type;insured_objects[0].year;policy_details.coverage_type;policy_details.effective_date;policy_details.expiration_date;policy_details.policy_number;policy_details.policyholder_name,,2622,0,20,0.0,0,"[""{\n  \""claim\"": {\n    \""claim_id\"": \""CLM-930672\"",\n    \""incident_date\"": \""2025-09-13\"",\n    \""report_date\"": \""2025-09-14\"",\n    \""reported_by\"": \""Olivia White\"",\n    \""channel\"": null,\n    \""incident_description\"": {\n      \""estimated_damage_amount\"": 8860,\n      \""incident_type\"": \""slip_and_fall\"",\n      \""location_type\"": \""lobby\"",\n      \""police_report_number\"": null\n    },\n    \""insured_object\"": {\n      \""estimated_value\"": null,\n      \""location_address\"": \""300 Market Street, Albany, NY 12202\"",\n      \""make_model\"": null,\n      \""object_id\"": \""982311\"",\n      \""object_type\"": \""commercial_property\"",\n      \""year\"": 2005\n    },\n    \""policy_details\"": {\n      \""coverage_type\"": \""liability\"",\n      \""effective_date\"": \""2024-01-20\"",\n      \""expiration_date\"": \""2026-01-19\"",\n      \""policy_number\"": \""POL-668299345\"",\n      \""policyholder_name\"": \""Olivia White\""\n    },\n    \""properties\"": {\n      \""header\"": {\n        \""$ref\"": \""#/$defs/ClaimHeader\"",\n        \""description\"": \""Basic claim information\""\n      },\n      \""incident_description\"": {\n        \""$ref\"": \""#/$defs/IncidentDescription\"",\n        \""description\"": \""Structured incident details\""\n      },\n      \""insured_objects\"": {\n        \""$ref\"": \""#/$defs/InsuredObject\"",\n        \""description\"": \""List of insured objects involved, if applicable\""\n      },\n      \""policy_details\"": {\n        \""$ref\"": \""#/$defs/PolicyDetails\"",\n        \""description\"": \""Policy information if available\""\n      }\n    }\n  }\n}""]"
json,JSONAdapter(),insurance-claims-0020,validation_error,ValidationError,2.218826494005043,1,json_object,0,20,0.0,False,,header.channel;header.claim_id;header.incident_date;header.report_date;header.reported_by;incident_description.estimated_damage_amount;incident_description.incident_type;incident_description.location_type;incident_description.police_report_number;insured_objects[0].estimated_value;insured_objects[0].location_address;insured_objects[0].make_model;insured_objects[0].object_id;insured_objects[0].object_type;insured_objects[0].year;policy_details.coverage_type;policy_details.effective_date;policy_details.expiration_date;policy_details.policy_number;policy_details.policyholder_name,,2727,0,19,0.0,0,"[""{\n  \""claim\"": {\n    \""claim_id\"": \""CLM-144512\"",\n    \""incident_date\"": \""2025-09-15\"",\n    \""report_date\"": \""2025-09-15\"",\n    \""reported_by\"": \""Daniel Evans\"",\n    \""channel\"": \""Portal\"",\n    \""incident_description\"": {\n      \""estimated_damage_amount\"": 10322,\n      \""incident_type\"": \""Broadside collision\"",\n      \""location_type\"": \""Intersection\"",\n      \""police_report_number\"": \""PR-20250913-3344\""\n    },\n    \""insured_object\"": {\n      \""estimated_value\"": 28400,\n      \""location_address\"": \""Grant and Maple intersection, Ford F-150, 2021 model\"",\n      \""make_model\"": \""Ford\"",\n      \""object_id\"": \""VIN84930271645092834\"",\n      \""object_type\"": \""Vehicle\"",\n      \""year\"": 2021\n    },\n    \""policy_details\"": {\n      \""coverage_type\"": \""Property\"",\n      \""effective_date\"": \""2024-02-10\"",\n      \""expiration_date\"": \""2027-02-09\"",\n      \""policy_number\"": \""POL-391047522\"",\n      \""policyholder_name\"": \""Daniel Evans\""\n    },\n    \""properties\"": {\n      \""header\"": {\n        \""$ref\"": \""#/$defs/ClaimHeader\"",\n        \""description\"": \""Basic claim information\""\n      },\n      \""incident_description\"": {\n        \""$ref\"": \""#/$defs/IncidentDescription\"",\n        \""description\"": \""Structured incident details\""\n      },\n      \""insured_objects\"": {\n        \""$ref\"": \""#/$defs/InsuredObject\"",\n        \""description\"": \""List of insured objects involved, if applicable\""\n      },\n      \""policy_details\"": {\n        \""$ref\"": \""#/$defs/PolicyDetails\"",\n        \""description\"": \""Policy information if available\""\n      }\n    }\n  }\n}""]"
json,JSONAdapter(),insurance-claims-0021,validation_error,ValidationError,4.149313490983332,1,json_object,0,26,0.0,False,,header.channel;header.claim_id;header.incident_date;header.report_date;header.reported_by;incident_description.estimated_damage_amount;incident_description.incident_type;incident_description.location_type;incident_description.police_report_number;insured_objects[0].estimated_value;insured_objects[0].location_address;insured_objects[0].make_model;insured_objects[0].object_id;insured_objects[0].object_type;insured_objects[0].year;insured_objects[1].estimated_value;insured_objects[1].location_address;insured_objects[1].make_model;insured_objects[1].object_id;insured_objects[1].object_type;insured_objects[1].year;policy_details.coverage_type;policy_details.effective_date;policy_details.expiration_date;policy_details.policy_number;policy_details.policyholder_name,,3205,0,24,0.0,0,"[""{\n  \""claim\"": {\n    \""claim_id\"": \""CLM-772093\"",\n    \""incident_date\"": \""2025-09-15\"",\n    \""report_date\"": \""2025-09-16\"",\n    \""reported_by\"": \""Laura Adams\"",\n    \""channel\"": \""Email\"",\n    \""incident_description\"": {\n      \""estimated_damage_amount\"": 6321,\n      \""incident_type\"": \""rear_end_collision\"",\n      \""location_type\"": \""interstate\"",\n      \""police_report_number\"": \""PR-20250915-4419\""\n    },\n    \""insured_object\"": {\n      \""estimated_value\"": 17350,\n      \""location_address\"": \""2019 Subaru Outback\"",\n      \""make_model\"": \""Subaru\"",\n      \""object_id\"": \""VIN98123746509283746\"",\n      \""object_type\"": \""Vehicle\"",\n      \""year\"": 2019\n    },\n    \""policy_details\"": {\n      \""coverage_type\"": \""Auto\"",\n      \""effective_date\"": \""05-Nov-2023\"",\n      \""expiration_date\"": \""04-Nov-2025\"",\n      \""policy_number\"": \""POL-119384756\"",\n      \""policyholder_name\"": \""Laura Adams\"",\n      \""coverage_type\"": \""Auto\"",\n      \""effective_date\"": \""05-Nov-2023\"",\n      \""expiration_date\"": \""04-Nov-2025\"",\n      \""policy_number\"": \""POL-119384756\"",\n      \""policyholder_name\"": \""Laura Adams\"",\n      \""coverage_type\"": \""Auto\"",\n      \""effective_date\"": \""05-Nov-2023\"",\n      \""expiration_date\"": \""04-Nov-2025\"",\n      \""policy_number\"": \""POL-119384756\"",\n      \""policyholder_name\"": \""Laura Adams\"",\n      \""coverage_type\"": \""Auto\"",\n      \""effective_date\"": \""05-Nov-2023\"",\n      \""expiration_date\"": \""04-Nov-2025\"",\n      \""policy_number\"": \""POL-119384756\"",\n      \""policyholder_name\"": \""Laura Adams\"",\n      \""coverage_type\"": \""Auto\"",\n      \""effective_date\"": \""05-Nov-2023\"",\n      \""expiration_date\"": \""04-Nov-2025\"",\n      \""policy_number\"": \""POL-119384756\"",\n      \""policyholder_name\"": \""Laura Adams\"",\n      \""coverage_type\"": \""Auto\"",\n      \""effective_date\"": \""05-Nov-2023\"",\n      \""expiration_date\"": \""04-Nov-2025\"",\n      \""policy_number\"": \""POL-119384756\"",\n      \""policyholder_name\"": \""Laura Adams\"",\n      \""coverage_type\"": \""Auto\"",\n      \""effective_date\"": \""05-Nov-2023\"",\n      \""expiration_date\"": \""04-Nov-2025\"",\n      \""policy_number\"": \""POL-119384756\"",\n      \""policyholder_name\"": \""Laura Adams\"",\n      \""coverage_type\"": \""Auto\"",\n      \""effective_date\"": \""05-Nov-2023\"",\n      \""expiration_date\"": \""04-Nov-2025\"",\n      \""policy_number\"": \""POL-119384756\"",\n      \""policyholder_name\"": \""Laura Adams\"",\n      \""coverage_type\"": \""Auto\"",\n      \""effective_date\"": \""05-Nov-2023\"",\n      \""expiration_date\"": \""04-Nov-2025\"",\n      \""policy_number\"":""]"
json,JSONAdapter(),insurance-claims-0022,validation_error,ValidationError,2.5922495870036073,1,json_object,0,20,0.0,False,,header.channel;header.claim_id;header.incident_date;header.report_date;header.reported_by;incident_description.estimated_damage_amount;incident_description.incident_type;incident_description.location_type;incident_description.police_report_number;insured_objects[0].estimated_value;insured_objects[0].location_address;insured_objects[0].make_model;insured_objects[0].object_id;insured_objects[0].object_type;insured_objects[0].year;policy_details.coverage_type;policy_details.effective_date;policy_details.expiration_date;policy_details.policy_number;policy_details.policyholder_name,,2788,0,19,0.0,0,"[""{\n  \""claim\"": {\n    \""claim_id\"": \""CLM-390871\"",\n    \""incident_date\"": \""2025-09-17\"",\n    \""report_date\"": \""2025-09-17\"",\n    \""reported_by\"": \""Ethan Walker\"",\n    \""channel\"": \""In-Person\"",\n    \""required\"": [\n      \""incident_date\"",\n      \""report_date\"",\n      \""incident_date\"",\n      \""reported_by\"",\n      \""channel\""\n    ],\n    \""title\"": \""ClaimHeader\"",\n    \""IncidentDescription\"": {\n      \""estimated_damage_amount\"": null,\n      \""incident_type\"": \""fire\"",\n      \""location_type\"": \""kitchen\"",\n      \""police_report_number\"": null,\n      \""object_id\"": \""1920 Pinecrest Ln\"",\n      \""object_type\"": \""Single Family Home\"",\n      \""year\"": 1992\n    },\n    \""InsuredObject\"": {\n      \""estimated_value\"": null,\n      \""location_address\"": \""1920 Pinecrest Ln, Toledo OH\"",\n      \""make_model\"": null,\n      \""object_id\"": \""1920 Pinecrest Ln\"",\n      \""object_type\"": \""Single Family Home\"",\n      \""year\"": 1992\n    },\n    \""PolicyDetails\"": {\n      \""coverage_type\"": \""Property\"",\n      \""effective_date\"": \""2024-08-01\"",\n      \""expiration_date\"": \""2025-07-31\"",\n      \""policy_number\"": \""POL-702193847\"",\n      \""policyholder_name\"": \""Ethan Walker\"",\n      \""required\"": [\n        \""policy_number\"",\n        \""policyholder_name\"",\n        \""coverage_type\"",\n        \""effective_date\"",\n        \""expiration_date\""\n      ],\n      \""title\"": \""PolicyDetails\""\n    },\n    \""properties\"": {\n      \""header\"": {\n        \""$ref\"": \""#/$defs/ClaimHeader\"",\n        \""description\"": \""Basic claim information\""\n      },\n      \""incident_description\"": {\n        \""$ref\"": \""#/$defs/IncidentDescription\"",\n        \""description\"": \""Structured incident details\""\n      },\n      \""insured_objects\"": [\n        {\n          \""$ref\"": \""#/$defs/InsuredObject\"",\n          \""description\"": \""List of insured objects involved, if applicable\""\n        }\n      ],\n      \""policy_details\"": {\n        \""$ref\"": \""#/$defs/PolicyDetails\"",\n        \""description\"": \""Policy information if available\""\n      }\n    }\n  }\n}""]"
json,JSONAdapter(),insurance-claims-0023,validation_error,ValidationError,1.4890144459786825,1,json_object,0,20,0.0,False,,header.channel;header.claim_id;header.incident_date;header.report_date;header.reported_by;incident_description.estimated_damage_amount;incident_description.incident_type;incident_description.location_type;incident_description.police_report_number;insured_objects[0].estimated_value;insured_objects[0].location_address;insured_objects[0].make_model;insured_objects[0].object_id;insured_objects[0].object_type;insured_objects[0].year;policy_details.coverage_type;policy_details.effective_date;policy_details.expiration_date;policy_details.policy_number;policy_details.policyholder_name,,2493,0,18,0.0,0,"[""{\n  \""claim\"": {\n    \""claim_id\"": \""CLM-551092\"",\n    \""incident_date\"": \""2025-09-16\"",\n    \""report_date\"": \""2025-09-18\"",\n    \""reported_by\"": \""Rachel Green\"",\n    \""channel\"": \""Phone\"",\n    \""incident_description\"": {\n      \""estimated_damage_amount\"": 8237,\n      \""incident_type\"": \""roof_leak\"",\n      \""location_type\"": \""upstairs_bedroom\"",\n      \""police_report_number\"": null\n    },\n    \""insured_object\"": {\n      \""estimated_value\"": 314000,\n      \""location_address\"": \""621 Brookside Ct, Madison\"",\n      \""make_model\"": \""not specified\"",\n      \""object_id\"": \""OBJ-551092\"",\n      \""object_type\"": \""Building\"",\n      \""year\"": 2008\n    },\n    \""policy_details\"": {\n      \""coverage_type\"": \""Property\"",\n      \""effective_date\"": \""2024-05-12\"",\n      \""expiration_date\"": \""2026-05-12\"",\n      \""policy_number\"": \""POL-509238176\"",\n      \""policyholder_name\"": \""Rachel Green\""\n    }\n  }\n}""]"
json,JSONAdapter(),insurance-claims-0024,validation_error,ValidationError,2.179932191997068,1,json_object,0,20,0.0,False,,header.channel;header.claim_id;header.incident_date;header.report_date;header.reported_by;incident_description.estimated_damage_amount;incident_description.incident_type;incident_description.location_type;incident_description.police_report_number;insured_objects[0].estimated_value;insured_objects[0].location_address;insured_objects[0].make_model;insured_objects[0].object_id;insured_objects[0].object_type;insured_objects[0].year;policy_details.coverage_type;policy_details.effective_date;policy_details.expiration_date;policy_details.policy_number;policy_details.policyholder_name,,2678,0,19,0.0,0,"[""{\n  \""claim\"": {\n    \""claim_id\"": \""CLM-229871\"",\n    \""incident_date\"": \""2025-09-18\"",\n    \""report_date\"": \""2025-09-18\"",\n    \""reported_by\"": \""Olivia Carter\"",\n    \""channel\"": \""Email\"",\n    \""incident_description\"": {\n      \""estimated_damage_amount\"": 7800,\n      \""incident_type\"": \""side_impact_collision\"",\n      \""location_type\"": \""intersection\"",\n      \""police_report_number\"": \""PR-20250918-8821\""\n    },\n    \""insured_object\"": {\n      \""estimated_value\"": 15600,\n      \""location_address\"": \""Willow and Grant intersection\"",\n      \""make_model\"": \""2020 Mazda CX-5\"",\n      \""object_id\"": \""77889900112233445\"",\n      \""object_type\"": \""vehicle\"",\n      \""year\"": 2020\n    },\n    \""policy_details\"": {\n      \""coverage_type\"": \""Property\"",\n      \""effective_date\"": \""2025-10-10\"",\n      \""expiration_date\"": \""2026-10-10\"",\n      \""policy_number\"": \""POL-667198234\"",\n      \""policyholder_name\"": \""Olivia Carter\""\n    },\n    \""properties\"": {\n      \""header\"": {\n        \""$ref\"": \""#/$defs/ClaimHeader\"",\n        \""description\"": \""Basic claim information\""\n      },\n      \""incident_description\"": {\n        \""$ref\"": \""#/$defs/IncidentDescription\"",\n        \""description\"": \""Structured incident details\""\n      },\n      \""insured_objects\"": {\n        \""$ref\"": \""#/$defs/InsuredObject\"",\n        \""description\"": \""List of insured objects involved, if applicable\""\n      },\n      \""policy_details\"": {\n        \""$ref\"": \""#/$defs/PolicyDetails\"",\n        \""description\"": \""Policy information if available\""\n      }\n    }\n  }\n}""]"
json,JSONAdapter(),insurance-claims-0025,validation_error,ValidationError,1.4422854970034678,1,json_object,0,11,0.0,False,,header.channel;header.claim_id;header.incident_date;header.report_date;header.reported_by;incident_description.estimated_damage_amount;incident_description.incident_type;incident_description.location_type;incident_description.police_report_number;insured_objects;policy_details,,2522,0,6,0.0,0,"[""{\n  \""claim\"": {\n    \""claim_id\"": \""POL-PLO-20250921\"",\n    \""incident_date\"": \""2025-09-21\"",\n    \""report_date\"": \""2025-09-21\"",\n    \""reported_by\"": \""Mark Evans\"",\n    \""channel\"": \""Phone\"",\n    \""incident_description\"": {\n      \""estimated_damage_amount\"": null,\n      \""incident_type\"": \""Slip and fall\"",\n      \""location_type\"": \""Shop\"",\n      \""police_report_number\"": null\n    },\n    \""insured_object\"": {\n      \""estimated_value\"": null,\n      \""location_address\"": \""1220 Main Street, Bakery\"",\n      \""make_model\"": null,\n      \""object_id\"": \""OBJ-12345678901234567\"",\n      \""object_type\"": \""Shop\"",\n      \""year\"": null\n    },\n    \""policy_details\"": {\n      \""coverage_type\"": \""Property\"",\n      \""effective_date\"": \""2025-09-21\"",\n      \""expiration_date\"": \""2025-09-21\"",\n      \""policy_number\"": \""POL-PLO-20250921\"",\n      \""policyholder_name\"": \""Mark Evans\""\n    }\n  }\n}""]"
json,JSONAdapter(),insurance-claims-0026,validation_error,ValidationError,2.328958521975437,1,json_object,0,20,0.0,False,,header.channel;header.claim_id;header.incident_date;header.report_date;header.reported_by;incident_description.estimated_damage_amount;incident_description.incident_type;incident_description.location_type;incident_description.police_report_number;insured_objects[0].estimated_value;insured_objects[0].location_address;insured_objects[0].make_model;insured_objects[0].object_id;insured_objects[0].object_type;insured_objects[0].year;policy_details.coverage_type;policy_details.effective_date;policy_details.expiration_date;policy_details.policy_number;policy_details.policyholder_name,,2653,0,17,0.0,0,"[""{\n  \""claim\"": {\n    \""claim_id\"": \""CLM-320198\"",\n    \""incident_date\"": \""2025-09-21\"",\n    \""report_date\"": \""2025-09-21\"",\n    \""reported_by\"": \""Susan Lee\"",\n    \""channel\"": \""Email\"",\n    \""InsuredObject\"": {\n      \""estimated_value\"": null,\n      \""location_address\"": \""Not provided\"",\n      \""make_model\"": \""Subaru Outback\"",\n      \""object_id\"": \""88776655443322110\"",\n      \""object_type\"": \""Vehicle\"",\n      \""year\"": 2015\n    },\n    \""PolicyDetails\"": {\n      \""coverage_type\"": \""Auto\"",\n      \""effective_date\"": \""2024-09-22\"",\n      \""expiration_date\"": \""2025-09-21\"",\n      \""policy_number\"": \""POL-481992330\"",\n      \""policyholder_name\"": \""Susan Lee\""\n    },\n    \""properties\"": {\n      \""header\"": {\n        \""$ref\"": \""#/$defs/ClaimHeader\"",\n        \""description\"": \""Basic claim information\""\n      },\n      \""incident_description\"": {\n        \""$ref\"": \""#/$defs/IncidentDescription\"",\n        \""description\"": \""Sideswipe incident report\""\n      },\n      \""insured_objects\"": [\n        {\n          \""$ref\"": \""#/$defs/InsuredObject\"",\n          \""estimated_value\"": null,\n          \""location_address\"": \""Not provided\"",\n          \""make_model\"": \""Subaru Outback\"",\n          \""object_id\"": \""88776655443322110\"",\n          \""object_type\"": \""Vehicle\"",\n          \""year\"": 2015\n        }\n      ],\n      \""policy_details\"": {\n        \""$ref\"": \""#/$defs/PolicyDetails\"",\n        \""coverage_type\"": \""Auto\"",\n        \""effective_date\"": \""2024-09-22\"",\n        \""expiration_date\"": \""2025-09-21\"",\n        \""policy_number\"": \""POL-481992330\"",\n        \""policyholder_name\"": \""Susan Lee\""\n      }\n    }\n  }\n}""]"
json,JSONAdapter(),insurance-claims-0027,validation_error,ValidationError,2.1912806309992447,1,json_object,0,20,0.0,False,,header.channel;header.claim_id;header.incident_date;header.report_date;header.reported_by;incident_description.estimated_damage_amount;incident_description.incident_type;incident_description.location_type;incident_description.police_report_number;insured_objects[0].estimated_value;insured_objects[0].location_address;insured_objects[0].make_model;insured_objects[0].object_id;insured_objects[0].object_type;insured_objects[0].year;policy_details.coverage_type;policy_details.effective_date;policy_details.expiration_date;policy_details.policy_number;policy_details.policyholder_name,,2669,0,15,0.0,0,"[""{\n  \""claim\"": {\n    \""channel\"": \""Phone\"",\n    \""claim_id\"": \""CLM-440882\"",\n    \""incident_date\"": \""2025-09-22\"",\n    \""report_date\"": \""2025-09-22\"",\n    \""reported_by\"": \""George Clark\"",\n    \""required\"": [\n      \""claim_id\"",\n      \""report_date\"",\n      \""incident_date\"",\n      \""reported_by\"",\n      \""channel\""\n    ],\n    \""title\"": \""ClaimHeader\"",\n    \""IncidentDescription\"": {\n      \""estimated_damage_amount\"": null,\n      \""incident_type\"": \""rear_end_collision\"",\n      \""location_type\"": \""intersection\"",\n      \""police_report_number\"": null\n    },\n    \""InsuredObject\"": {\n      \""estimated_value\"": null,\n      \""location_address\"": \""Maple Street, Anytown, USA\"",\n      \""make_model\"": \""Ford or Mazda\"",\n      \""object_id\"": \""6554\"",\n      \""object_type\"": \""Vehicle\"",\n      \""year\"": 1999\n    },\n    \""PolicyDetails\"": {\n      \""coverage_type\"": \""Auto\"",\n      \""effective_date\"": \""2025-11-15\"",\n      \""expiration_date\"": \""2025-11-14\"",\n      \""policy_number\"": \""POL-998734221\"",\n      \""policyholder_name\"": \""George Clark\""\n    },\n    \""properties\"": {\n      \""header\"": {\n        \""$ref\"": \""#/$defs/ClaimHeader\"",\n        \""description\"": \""Basic claim information\""\n      },\n      \""incident_description\"": {\n        \""$ref\"": \""#/$defs/IncidentDescription\"",\n        \""description\"": \""Structured incident details\""\n      },\n      \""insured_objects\"": [\n        {\n          \""$ref\"": \""#/$defs/InsuredObject\"",\n          \""description\"": \""List of insured objects involved, if applicable\""\n        }\n      ],\n      \""policy_details\"": {\n        \""$ref\"": \""#/$defs/PolicyDetails\"",\n        \""description\"": \""Policy information if available\""\n      }\n    }\n  }\n}""]"
json,JSONAdapter(),insurance-claims-0028,validation_error,ValidationError,2.3206310070236214,1,json_object,0,20,0.0,False,,header.channel;header.claim_id;header.incident_date;header.report_date;header.reported_by;incident_description.estimated_damage_amount;incident_description.incident_type;incident_description.location_type;incident_description.police_report_number;insured_objects[0].estimated_value;insured_objects[0].location_address;insured_objects[0].make_model;insured_objects[0].object_id;insured_objects[0].object_type;insured_objects[0].year;policy_details.coverage_type;policy_details.effective_date;policy_details.expiration_date;policy_details.policy_number;policy_details.policyholder_name,,2627,0,19,0.0,0,"[""{\n  \""claim\"": {\n    \""claim_id\"": \""CLM-773011\"",\n    \""incident_date\"": \""19-SEP-2025\"",\n    \""report_date\"": \""19-SEP-2025\"",\n    \""reported_by\"": \""Patricia (Patricia) Adams\"",\n    \""channel\"": null,\n    \""incident_description\"": {\n      \""estimated_damage_amount\"": 13240,\n      \""incident_type\"": \""burst P!pe\"",\n      \""location_type\"": \""single family home\"",\n      \""police_report_number\"": null\n    },\n    \""insured_object\"": {\n      \""estimated_value\"": 289000,\n      \""location_address\"": \""PROP-223190, single family home @ 4501 Ashwood Dr, Salem\"",\n      \""make_model\"": \""single family home\"",\n      \""object_id\"": \""PROP-223190\"",\n      \""object_type\"": \""single family home\"",\n      \""year\"": 1975\n    },\n    \""policy_details\"": {\n      \""coverage_type\"": \""Property\"",\n      \""effective_date\"": \""01-02-2024\"",\n      \""expiration_date\"": \""31-01-2025\"",\n      \""policy_number\"": \""POL-55432I090\"",\n      \""policyholder_name\"": \""Patricia (Patricia) Adams\""\n    },\n    \""properties\"": {\n      \""header\"": {\n        \""$ref\"": \""#/$defs/ClaimHeader\"",\n        \""description\"": \""Basic claim information\""\n      },\n      \""incident_description\"": {\n        \""$ref\"": \""#/$defs/IncidentDescription\"",\n        \""description\"": \""Structured incident details\""\n      },\n      \""insured_objects\"": [\n        {\n          \""$ref\"": \""#/$defs/InsuredObject\"",\n          \""description\"": \""List of insured objects involved, if applicable\""\n        },\n        {\n          \""$ref\"": \""#/$defs/InsuredObject\"",\n          \""description\"": \""List of insured objects involved, if applicable\""\n        }\n      ],\n      \""policy_details\"": {\n        \""$ref\"": \""#/$defs/PolicyDetails\"",\n        \""description\"": \""Policy information if available\""\n      }\n    }\n  }\n}""]"
json,JSONAdapter(),insurance-claims-0029,validation_error,ValidationError,4.085201257024892,1,json_object,0,20,0.0,False,,header.channel;header.claim_id;header.incident_date;header.report_date;header.reported_by;incident_description.estimated_damage_amount;incident_description.incident_type;incident_description.location_type;incident_description.police_report_number;insured_objects[0].estimated_value;insured_objects[0].location_address;insured_objects[0].make_model;insured_objects[0].object_id;insured_objects[0].object_type;insured_objects[0].year;policy_details.coverage_type;policy_details.effective_date;policy_details.expiration_date;policy_details.policy_number;policy_details.policyholder_name,,3030,0,18,0.0,0,"[""{\n  \""claim\"": {\n    \""claim_id\"": \""CLM-664028\"",\n    \""policy\"": {\n      \""policy_number\"": \""POL-776542109\"",\n      \""effective_date\"": \""2025-09-23\"",\n      \""expiration_date\"": \""2026-09-23\"",\n      \""policy_number\"": \""POL-776542109\"",\n      \""policyholder_name\"": \""Emily Johnson\"",\n      \""coverage_type\"": \""Liability\"",\n      \""effective_date\"": \""2025-09-23\"",\n      \""expiration_date\"": \""2026-09-23\"",\n      \""policy_number\"": \""POL-776542109\"",\n      \""policyholder_name\"": \""Emily Johnson\"",\n      \""coverage_type\"": \""Liability\"",\n      \""effective_date\"": \""2025-09-23\"",\n      \""expiration_date\"": \""2026-09-23\"",\n      \""policy_number\"": \""POL-776542109\"",\n      \""policyholder_name\"": \""Emily Johnson\"",\n      \""coverage_type\"": \""Liability\"",\n      \""effective_date\"": \""2025-09-23\"",\n      \""expiration_date\"": \""2026-09-23\"",\n      \""policy_number\"": \""POL-776542109\"",\n      \""policyholder_name\"": \""Emily Johnson\"",\n      \""coverage_type\"": \""Liability\"",\n      \""effective_date\"": \""2025-09-23\"",\n      \""expiration_date\"": \""2026-09-23\"",\n      \""policy_number\"": \""POL-776542109\"",\n      \""policyholder_name\"": \""Emily Johnson\"",\n      \""coverage_type\"": \""Liability\"",\n      \""effective_date\"": \""2025-09-23\"",\n      \""expiration_date\"": \""2026-09-23\"",\n      \""policy_number\"": \""POL-776542109\"",\n      \""policyholder_name\"": \""Emily Johnson\"",\n      \""coverage_type\"": \""Liability\"",\n      \""effective_date\"": \""2025-09-23\"",\n      \""expiration_date\"": \""2026-09-23\"",\n      \""policy_number\"": \""POL-776542109\"",\n      \""policyholder_name\"": \""Emily Johnson\"",\n      \""coverage_type\"": \""Liability\"",\n      \""effective_date\"": \""2025-09-23\"",\n      \""expiration_date\"": \""2026-09-23\"",\n      \""policy_number\"": \""POL-776542109\"",\n      \""policyholder_name\"": \""Emily Johnson\"",\n      \""coverage_type\"": \""Liability\"",\n      \""effective_date\"": \""2025-09-23\"",\n      \""expiration_date\"": \""2026-09-23\"",\n      \""policy_number\"": \""POL-776542109\"",\n      \""policyholder_name\"": \""Emily Johnson\"",\n      \""coverage_type\"": \""Liability\"",\n      \""effective_date\"": \""2025-09-23\"",\n      \""expiration_date\"": \""2026-09-23\"",\n      \""policy_number\"": \""POL-776542109\"",\n      \""policyholder_name\"": \""Emily Johnson\"",\n      \""coverage_type\"": \""Liability\"",\n      \""effective_date\"": \""2025-09-23\"",\n      \""expiration_date\"": \""2026-09-23\"",\n      \""policy_number\"": \""POL-776542109\"",\n      \""policyholder_name\"": \""Emily Johnson\"",\n      \""coverage_type""]"
baml,BAMLAdapter(),insurance-claims-0000,validation_error,ValidationError,1.7080235949833877,1,json_object,0,20,0.0,False,,header.channel;header.claim_id;header.incident_date;header.report_date;header.reported_by;incident_description.estimated_damage_amount;incident_description.incident_type;incident_description.location_type;incident_description.police_report_number;insured_objects[0].estimated_value;insured_objects[0].location_address;insured_objects[0].make_model;insured_objects[0].object_id;insured_objects[0].object_type;insured_objects[0].year;policy_details.coverage_type;policy_details.effective_date;policy_details.expiration_date;policy_details.policy_number;policy_details.policyholder_name,,1986,0,19,0.0,0,"[""{\n  \""claim\"": {\n    \""header\"": {\n      \""claim_id\"": \""CLM-424063\"",\n      \""report_date\"": \""2024-04-22\"",\n      \""incident_date\"": \""2024-04-22\"",\n      \""reported_by\"": \""Jennifer Garcia\"",\n      \""channel\"": \""Email\""\n    },\n    \""policy_details\"": {\n      \""policy_number\"": \""POL-787532354\"",\n      \""policyholder_name\"": \""Jennifer Garcia\"",\n      \""coverage_type\"": \""Property\"",\n      \""effective_date\"": \""2024-06-01\"",\n      \""expiration_date\"": \""2024-06-01\""\n    },\n    \""insured_objects\"": [\n      {\n        \""object_id\"": \""6650-Broadway\"",\n        \""object_type\"": \""Residential Property\"",\n        \""make_model\"": \""Not specified\"",\n        \""year\"": 1972,\n        \""location_address\"": \""6650 Broadway, Georgetown\"",\n        \""estimated_value\"": 5800\n      }\n    ],\n    \""incident_description\"": {\n      \""incident_type\"": \""Property Damage\"",\n      \""location_type\"": \""Shopping Center\"",\n      \""estimated_damage_amount\"": 5834,\n      \""police_report_number\"": \""PR-20250822-4864\""\n    }\n  }\n}""]"
baml,BAMLAdapter(),insurance-claims-0001,validation_error,ValidationError,1.5264987650152761,1,json_object,0,20,0.0,False,,header.channel;header.claim_id;header.incident_date;header.report_date;header.reported_by;incident_description.estimated_damage_amount;incident_description.incident_type;incident_description.location_type;incident_description.police_report_number;insured_objects[0].estimated_value;insured_objects[0].location_address;insured_objects[0].make_model;insured_objects[0].object_id;insured_objects[0].object_type;insured_objects[0].year;policy_details.coverage_type;policy_details.effective_date;policy_details.expiration_date;policy_details.policy_number;policy_details.policyholder_name,,1607,0,18,0.0,0,"[""{\n  \""claim\"": {\n    \""header\"": {\n      \""claim_id\"": \""CLM-748422\"",\n      \""report_date\"": \""2025-08-22\"",\n      \""incident_date\"": \""2025-08-22\"",\n      \""reported_by\"": \""Michael Miller\"",\n      \""channel\"": \""In-person\""\n    },\n    \""policy_details\"": {\n      \""policy_number\"": \""POL-930881789\"",\n      \""policyholder_name\"": \""Joanne\"",\n      \""coverage_type\"": \""Property\"",\n      \""effective_date\"": \""2026-03-02\"",\n      \""expiration_date\"": \""2026-03-02\""\n    },\n    \""insured_objects\"": [\n      {\n        \""object_id\"": \""PROP-199807\"",\n        \""object_type\"": \""Townhouse\"",\n        \""make_model\"": \""Not specified\"",\n        \""year\"": 2014,\n        \""location_address\"": \""2850 Main St., Lexington\"",\n        \""estimated_value\"": 9415\n      }\n    ],\n    \""incident_description\"": {\n      \""incident_type\"": \""Break-in\"",\n      \""location_type\"": \""Townhouse\"",\n      \""estimated_damage_amount\"": 9415,\n      \""police_report_number\"": \""Not specified\""\n    }\n  }\n}""]"
baml,BAMLAdapter(),insurance-claims-0002,ok,,1.4973778849816881,1,json_object,5,11,0.4545,False,header.channel;incident_description.incident_type;incident_description.location_type;incident_description.estimated_damage_amount,policy_details;insured_objects,insured_objects[0].estimated_value;insured_objects[0].location_address;insured_objects[0].make_model;insured_objects[0].object_id;insured_objects[0].object_type;insured_objects[0].year;policy_details.coverage_type;policy_details.effective_date;policy_details.expiration_date;policy_details.policy_number;policy_details.policyholder_name,1852,4,8,0.5,2,"[""{\n  \""claim\"": {\n    \""header\"": {\n      \""claim_id\"": \""CLM-255335\"",\n      \""report_date\"": \""2025-08-20\"",\n      \""incident_date\"": \""2025-08-20\"",\n      \""reported_by\"": \""David Taylor\"",\n      \""channel\"": \""Email\""\n    },\n    \""policy_details\"": {\n      \""policy_number\"": \""POL-123456\"",\n      \""policyholder_name\"": \""John Doe\"",\n      \""coverage_type\"": \""Property\"",\n      \""effective_date\"": \""2025-08-20\"",\n      \""expiration_date\"": \""2026-08-20\""\n    },\n    \""insured_objects\"": [\n      {\n        \""object_id\"": \""VIN12345678901234567\"",\n        \""object_type\"": \""Vehicle\"",\n        \""make_model\"": \""Ford\"",\n        \""year\"": 2020,\n        \""location_address\"": \""123 Main St\"",\n        \""estimated_value\"": 100000\n      }\n    ],\n    \""incident_description\"": {\n      \""incident_type\"": \""rear_end_collision\"",\n      \""location_type\"": \""intersection\"",\n      \""estimated_damage_amount\"": 100000,\n      \""police_report_number\"": null\n    }\n  }\n}""]"
baml,BAMLAdapter(),insurance-claims-0003,validation_error,ValidationError,2.9215009240142535,1,json_object,0,26,0.0,False,,header.channel;header.claim_id;header.incident_date;header.report_date;header.reported_by;incident_description.estimated_damage_amount;incident_description.incident_type;incident_description.location_type;incident_description.police_report_number;insured_objects[0].estimated_value;insured_objects[0].location_address;insured_objects[0].make_model;insured_objects[0].object_id;insured_objects[0].object_type;insured_objects[0].year;insured_objects[1].estimated_value;insured_objects[1].location_address;insured_objects[1].make_model;insured_objects[1].object_id;insured_objects[1].object_type;insured_objects[1].year;policy_details.coverage_type;policy_details.effective_date;policy_details.expiration_date;policy_details.policy_number;policy_details.policyholder_name,,2047,0,24,0.0,0,"[""{\n  \""claim\"": {\n    \""header\"": {\n      \""claim_id\"": \""CLM-988147\"",\n      \""report_date\"": \""2025-08-30\"",\n      \""incident_date\"": \""2025-08-30\"",\n      \""reported_by\"": \""Jennifer Johnson\"",\n      \""channel\"": \""Portal\""\n    },\n    \""policy_details\"": {\n      \""policy_number\"": \""POL-467268181\"",\n      \""policyholder_name\"": \""Not applicable\"",\n      \""coverage_type\"": \""Auto\"",\n      \""effective_date\"": \""2023-11-19\"",\n      \""expiration_date\"": \""2025-05-31\""\n    },\n    \""insured_objects\"": [\n      {\n        \""object_id\"": \""VIN19157663903019200\"",\n        \""object_type\"": \""Mercedes GLC\"",\n        \""make_model\"": \""2019 Mercedes GLC\"",\n        \""year\"": 2019,\n        \""location_address\"": \""Shopping center parking lot, Highland Avenue\"",\n        \""estimated_value\"": 20372\n      },\n      {\n        \""object_id\"": \""VIN95384130612982136\"",\n        \""object_type\"": \""BMW X3\"",\n        \""make_model\"": \""2017 BMW X3\"",\n        \""year\"": 2017,\n        \""location_address\"": \""Not involved in incident\"",\n        \""estimated_value\"": 15265\n      }\n    ],\n    \""incident_description\"": {\n      \""incident_type\"": \""T-bone collision\"",\n      \""location_type\"": \""Shopping center parking lot\"",\n      \""estimated_damage_amount\"": 22631,\n      \""police_report_number\"": \""PR-20250830-7127\""\n    },\n    \""damage_assessment\"": {\n      \""damage\"": {\n        \""significant_side_panel_damage\"": 15265,\n        \""inoperable_doors\"": 15265,\n        \""bent_front_wheel\"": 15265,\n        \""broken_windows\"": 15265\n      },\n      \""estimated_repair_cost\"": 22631,\n      \""damage_include\"": [\n        \""Significant side panel damage\"",\n        \""Inoperable doors\"",\n        \""Bent front wheel\"",\n        \""Broken windows\""\n      ],\n      \""vehicle_required_towing\"": true\n    },\n    \""additional_notes\"": {\n      \""submitted_same_day_as_incident\"": true,\n      \""photos_and_documentation_uploaded_to_portal\"": true,\n      \""available_for_follow-up\"": true\n    }\n  }\n}""]"
baml,BAMLAdapter(),insurance-claims-0004,validation_error,ValidationError,1.555057104997104,1,json_object,0,20,0.0,False,,header.channel;header.claim_id;header.incident_date;header.report_date;header.reported_by;incident_description.estimated_damage_amount;incident_description.incident_type;incident_description.location_type;incident_description.police_report_number;insured_objects[0].estimated_value;insured_objects[0].location_address;insured_objects[0].make_model;insured_objects[0].object_id;insured_objects[0].object_type;insured_objects[0].year;policy_details.coverage_type;policy_details.effective_date;policy_details.expiration_date;policy_details.policy_number;policy_details.policyholder_name,,2004,0,17,0.0,0,"[""{\n  \""claim\"": {\n    \""header\"": {\n      \""claim_id\"": \""CLM-597471\"",\n      \""report_date\"": \""2025-08-22\"",\n      \""incident_date\"": \""2025-08-21\"",\n      \""reported_by\"": \""Ashley Rodriguez\"",\n      \""channel\"": \""Portal\""\n    },\n    \""policy_details\"": {\n      \""policy_number\"": \""POL-998781390\"",\n      \""policyholder_name\"": \""Ashley Rodriguez\"",\n      \""coverage_type\"": \""Property\"",\n      \""effective_date\"": \""2024-04-18\"",\n      \""expiration_date\"": \""2024-10-16\""\n    },\n    \""insured_objects\"": [\n      {\n        \""object_id\"": \""7400\"",\n        \""object_type\"": \""House\"",\n        \""make_model\"": \""Not specified\"",\n        \""year\"": 1959,\n        \""location_address\"": \""7400 Pi\"",\n        \""estimated_value\"": null\n      }\n    ],\n    \""incident_description\"": {\n      \""incident_type\"": \""Fire in kitchen\"",\n      \""location_type\"": \""Kitchen\"",\n      \""estimated_damage_amount\"": 52774,\n      \""police_report_number\"": null\n    }\n  }\n}""]"
baml,BAMLAdapter(),insurance-claims-0005,validation_error,ValidationError,1.5935994829924311,1,json_object,0,20,0.0,False,,header.channel;header.claim_id;header.incident_date;header.report_date;header.reported_by;incident_description.estimated_damage_amount;incident_description.incident_type;incident_description.location_type;incident_description.police_report_number;insured_objects[0].estimated_value;insured_objects[0].location_address;insured_objects[0].make_model;insured_objects[0].object_id;insured_objects[0].object_type;insured_objects[0].year;policy_details.coverage_type;policy_details.effective_date;policy_details.expiration_date;policy_details.policy_number;policy_details.policyholder_name,,1991,0,18,0.0,0,"[""{\n  \""claim\"": {\n    \""header\"": {\n      \""claim_id\"": \""CLM-509317\"",\n      \""report_date\"": \""2025-09-04\"",\n      \""incident_date\"": \""2025-09-01\"",\n      \""reported_by\"": \""Jennifer Davis\"",\n      \""channel\"": \""Email\""\n    },\n    \""policy_details\"": {\n      \""policy_number\"": \""POL-756977389\"",\n      \""policyholder_name\"": \""Jennifer Davis\"",\n      \""coverage_type\"": \""Liability\"",\n      \""effective_date\"": \""2023-11-14\"",\n      \""expiration_date\"": \""2024-11-13\""\n    },\n    \""insured_objects\"": [\n      {\n        \""object_id\"": \""9350-Broadway-9350\"",\n        \""object_type\"": \""Building\"",\n        \""make_model\"": \""Not specified\"",\n        \""year\"": 2010,\n        \""location_address\"": \""9350 Broadway, Springfield\"",\n        \""estimated_value\"": 463611\n      }\n    ],\n    \""incident_description\"": {\n      \""incident_type\"": \""Slip and fall\"",\n      \""location_type\"": \""Entrance area\"",\n      \""estimated_damage_amount\"": 21040,\n      \""police_report_number\"": null\n    }\n  }\n}""]"
baml,BAMLAdapter(),insurance-claims-0006,validation_error,ValidationError,1.629173114983132,1,json_object,0,20,0.0,False,,header.channel;header.claim_id;header.incident_date;header.report_date;header.reported_by;incident_description.estimated_damage_amount;incident_description.incident_type;incident_description.location_type;incident_description.police_report_number;insured_objects[0].estimated_value;insured_objects[0].location_address;insured_objects[0].make_model;insured_objects[0].object_id;insured_objects[0].object_type;insured_objects[0].year;policy_details.coverage_type;policy_details.effective_date;policy_details.expiration_date;policy_details.policy_number;policy_details.policyholder_name,,2060,0,19,0.0,0,"[""{\n  \""claim\"": {\n    \""header\"": {\n      \""claim_id\"": \""CLM-860535\"",\n      \""report_date\"": \""2025-09-03\"",\n      \""incident_date\"": \""2025-09-02\"",\n      \""reported_by\"": \""Robert Thompson\"",\n      \""channel\"": \""In-Person\""\n    },\n    \""policy_details\"": {\n      \""policy_number\"": \""POL-694961021\"",\n      \""policyholder_name\"": \""Robert Thompson\"",\n      \""coverage_type\"": \""Property\"",\n      \""effective_date\"": \""2024-03-28\"",\n      \""expiration_date\"": \""2025-03-27\""\n    },\n    \""insured_objects\"": [\n      {\n        \""object_id\"": \""3150 Cedar Lane\"",\n        \""object_type\"": \""Townhouse\"",\n        \""make_model\"": \""Built in '96\"",\n        \""year\"": 1996,\n        \""location_address\"": \""3150 Cedar Lane\"",\n        \""estimated_value\"": 720992\n      }\n    ],\n    \""incident_description\"": {\n      \""incident_type\"": \""Water Damage\"",\n      \""location_type\"": \""Basement\"",\n      \""estimated_damage_amount\"": 19400,\n      \""police_report_number\"": \""Not provided\""\n    }\n  }\n}""]"
baml,BAMLAdapter(),insurance-claims-0007,validation_error,ValidationError,1.5023136800155044,1,json_object,0,20,0.0,False,,header.channel;header.claim_id;header.incident_date;header.report_date;header.reported_by;incident_description.estimated_damage_amount;incident_description.incident_type;incident_description.location_type;incident_description.police_report_number;insured_objects[0].estimated_value;insured_objects[0].location_address;insured_objects[0].make_model;insured_objects[0].object_id;insured_objects[0].object_type;insured_objects[0].year;policy_details.coverage_type;policy_details.effective_date;policy_details.expiration_date;policy_details.policy_number;policy_details.policyholder_name,,1968,0,17,0.0,0,"[""{\n  \""claim\"": {\n    \""header\"": {\n      \""claim_id\"": \""CLM-699674\"",\n      \""report_date\"": \""2025-08-30\"",\n      \""incident_date\"": \""2025-08-28\"",\n      \""reported_by\"": \""David Johnson\"",\n      \""channel\"": \""Phone\""\n    },\n    \""policy_details\"": {\n      \""policy_number\"": \""POL-314055462\"",\n      \""policyholder_name\"": \""David Johnson\"",\n      \""coverage_type\"": \""Property\"",\n      \""effective_date\"": \""2025-05-27\"",\n      \""expiration_date\"": \""2027-05-26\""\n    },\n    \""insured_objects\"": [\n      {\n        \""object_id\"": \""9600\"",\n        \""object_type\"": \""House\"",\n        \""make_model\"": \""Yellow House\"",\n        \""year\"": 1969,\n        \""location_address\"": \""Church Street, Georgetown, Georgia\"",\n        \""estimated_value\"": null\n      }\n    ],\n    \""incident_description\"": {\n      \""incident_type\"": \""Slip and fall\"",\n      \""location_type\"": \""Sidewalk\"",\n      \""estimated_damage_amount\"": null,\n      \""police_report_number\"": null\n    },\n    \""completed\"": true\n  }\n}""]"
baml,BAMLAdapter(),insurance-claims-0008,validation_error,ValidationError,1.5266302509990055,1,json_object,0,11,0.0,False,,header.channel;header.claim_id;header.incident_date;header.report_date;header.reported_by;incident_description.estimated_damage_amount;incident_description.incident_type;incident_description.location_type;incident_description.police_report_number;insured_objects;policy_details,,1977,0,8,0.0,0,"[""{\n  \""claim\"": {\n    \""header\"": {\n      \""claim_id\"": \""CLM-531517\"",\n      \""report_date\"": \""2025-08-22\"",\n      \""incident_date\"": \""2025-08-22\"",\n      \""reported_by\"": \""David Davis\"",\n      \""channel\"": \""Phone\""\n    },\n    \""policy_details\"": {\n      \""policy_number\"": \""PR-20250822-6127\"",\n      \""policyholder_name\"": \""Not specified\"",\n      \""coverage_type\"": \""Liability\"",\n      \""effective_date\"": \""2025-08-22\"",\n      \""expiration_date\"": \""Not specified\""\n    },\n    \""insured_objects\"": [\n      {\n        \""object_id\"": \""CLM-531517\"",\n        \""object_type\"": \""Store\"",\n        \""make_model\"": \""Not specified\"",\n        \""year\"": \""Not specified\"",\n        \""location_address\"": \""Store location\"",\n        \""estimated_value\"": \""Not specified\""\n      }\n    ],\n    \""incident_description\"": {\n      \""incident_type\"": \""Slip and fall\"",\n      \""location_type\"": \""Store front\"",\n      \""estimated_damage_amount\"": \""Not specified\"",\n      \""police_report_number\"": \""Not specified\""\n    },\n    \""completed\"": true\n  }\n}""]"
baml,BAMLAdapter(),insurance-claims-0009,ok,,1.6795166740193963,1,json_object,13,20,0.65,False,header.incident_date;policy_details.effective_date;policy_details.expiration_date;insured_objects[0].object_id;insured_objects[0].make_model;insured_objects[0].location_address;incident_description.location_type,,,2034,13,18,0.7222,2,"[""{\n  \""claim\"": {\n    \""header\"": {\n      \""claim_id\"": \""CLM-692408\"",\n      \""report_date\"": \""2025-08-19\"",\n      \""incident_date\"": \""2025-08-19\"",\n      \""reported_by\"": \""Lisa Garcia\"",\n      \""channel\"": \""Phone\""\n    },\n    \""policy_details\"": {\n      \""policy_number\"": \""POL-575631637\"",\n      \""policyholder_name\"": \""William Garcia\"",\n      \""coverage_type\"": \""Auto\"",\n      \""effective_date\"": \""2023-03-06\"",\n      \""expiration_date\"": \""2024-03-06\""\n    },\n    \""insured_objects\"": [\n      {\n        \""object_id\"": \""VIN12345678901234567\"",\n        \""object_type\"": \""Vehicle\"",\n        \""make_model\"": \""Ford\"",\n        \""year\"": 2017,\n        \""location_address\"": \""Birchwood Lane, Suburban Area\"",\n        \""estimated_value\"": 16433\n      }\n    ],\n    \""incident_description\"": {\n      \""incident_type\"": \""rear_end_collision\"",\n      \""location_type\"": \""driveway\"",\n      \""estimated_damage_amount\"": 2776,\n      \""police_report_number\"": \""PR-20250817-9170\""\n    }\n  }\n}""]"
baml,BAMLAdapter(),insurance-claims-0010,validation_error,ValidationError,2.0836189490219112,1,json_object,0,11,0.0,False,,header.channel;header.claim_id;header.incident_date;header.report_date;header.reported_by;incident_description.estimated_damage_amount;incident_description.incident_type;incident_description.location_type;incident_description.police_report_number;insured_objects;policy_details,,1994,0,9,0.0,0,"[""{\n  \""claim\"": {\n    \""header\"": {\n      \""claim_id\"": \""CLM-884860\"",\n      \""report_date\"": \""2025-09-04\"",\n      \""incident_date\"": \""2025-09-04\"",\n      \""reported_by\"": \""Michelle Brown\"",\n      \""channel\"": \""Email\""\n    },\n    \""policy_details\"": {\n      \""policy_number\"": \""POL-12345678901234567\"",\n      \""policyholder_name\"": \""Michelle Brown\"",\n      \""coverage_type\"": \""Property\"",\n      \""effective_date\"": \""2025-09-01\"",\n      \""expiration_date\"": \""2025-09-01\""\n    },\n    \""insured_objects\"": [\n      {\n        \""object_id\"": \""VIN12345678901234567\"",\n        \""object_type\"": \""Vehicle\"",\n        \""make_model\"": \""Unknown\"",\n        \""year\"": 2025,\n        \""location_address\"": \""Unknown\"",\n        \""estimated_value\"": 15672\n      }\n    ],\n    \""incident_description\"": {\n      \""incident_type\"": \""Unauthorized entry\"",\n      \""location_type\"": \""Highway\"",\n      \""estimated_damage_amount\"": 16000,\n      \""police_report_number\"": \""PR-20250902-7037\""\n    },\n    \""insured_objects\"": [\n      {\n        \""object_id\"": \""VIN12345678901234567\"",\n        \""object_type\"": \""Vehicle\"",\n        \""make_model\"": \""Unknown\"",\n        \""year\"": 2025,\n        \""location_address\"": \""Unknown\"",\n        \""estimated_value\"": 15672\n      }\n    ]\n  }\n}""]"
baml,BAMLAdapter(),insurance-claims-0011,ok,,1.548481568985153,1,json_object,8,11,0.7273,False,incident_description.location_type,policy_details;insured_objects,insured_objects[0].estimated_value;insured_objects[0].location_address;insured_objects[0].make_model;insured_objects[0].object_id;insured_objects[0].object_type;insured_objects[0].year;policy_details.coverage_type;policy_details.effective_date;policy_details.expiration_date;policy_details.policy_number;policy_details.policyholder_name,1849,7,8,0.875,2,"[""{\n  \""claim\"": {\n    \""header\"": {\n      \""claim_id\"": \""CLM-462584\"",\n      \""report_date\"": \""2025-08-26\"",\n      \""incident_date\"": \""2025-08-25\"",\n      \""reported_by\"": \""James Johnson\"",\n      \""channel\"": \""Email\""\n    },\n    \""policy_details\"": {\n      \""policy_number\"": \""POL-462584\"",\n      \""policyholder_name\"": \""James Johnson\"",\n      \""coverage_type\"": \""Liability\"",\n      \""effective_date\"": \""2025-08-26\"",\n      \""expiration_date\"": \""2025-08-26\""\n    },\n    \""insured_objects\"": [\n      {\n        \""object_id\"": \""VIN12345678901234567\"",\n        \""object_type\"": \""Vehicle\"",\n        \""make_model\"": \""Ford\"",\n        \""year\"": 2025,\n        \""location_address\"": \""Shopping Center Lot\"",\n        \""estimated_value\"": 3038\n      }\n    ],\n    \""incident_description\"": {\n      \""incident_type\"": \""rear_end_collision\"",\n      \""location_type\"": \""intersection\"",\n      \""estimated_damage_amount\"": 3038,\n      \""police_report_number\"": null\n    }\n  }\n}""]"
baml,BAMLAdapter(),insurance-claims-0012,validation_error,ValidationError,1.9197646889952011,1,json_object,0,20,0.0,False,,header.channel;header.claim_id;header.incident_date;header.report_date;header.reported_by;incident_description.estimated_damage_amount;incident_description.incident_type;incident_description.location_type;incident_description.police_report_number;insured_objects[0].estimated_value;insured_objects[0].location_address;insured_objects[0].make_model;insured_objects[0].object_id;insured_objects[0].object_type;insured_objects[0].year;policy_details.coverage_type;policy_details.effective_date;policy_details.expiration_date;policy_details.policy_number;policy_details.policyholder_name,,2090,0,18,0.0,0,"[""{\n  \""claim\"": {\n    \""header\"": {\n      \""claim_id\"": \""CLM-834090\"",\n      \""report_date\"": \""2025-09-09\"",\n      \""incident_date\"": \""2023-09-09\"",\n      \""reported_by\"": \""Christopher Smith\"",\n      \""channel\"": \""Phone\""\n    },\n    \""policy_details\"": {\n      \""policy_number\"": \""POL-262724604\"",\n      \""policyholder_name\"": \""Christopher Smith\"",\n      \""coverage_type\"": \""Property\"",\n      \""effective_date\"": \""2024-05-29\"",\n      \""expiration_date\"": \""2025-10-29\""\n    },\n    \""insured_objects\"": [\n      {\n        \""object_id\"": \""7050 Oak Ave\"",\n        \""object_type\"": \""Townhouse\"",\n        \""make_model\"": \""Not specified\"",\n        \""year\"": 2023,\n        \""location_address\"": \""7050 Oak Ave, Arlington\"",\n        \""estimated_value\"": null\n      }\n    ],\n    \""incident_description\"": {\n      \""incident_type\"": \""Storm Damage\"",\n      \""location_type\"": \""Yard\"",\n      \""estimated_damage_amount\"": 28390,\n      \""police_report_number\"": null\n    },\n    \""insured_objects\"": [\n      {\n        \""object_id\"": \""7050 Oak Ave\"",\n        \""object_type\"": \""Townhouse\"",\n        \""make_model\"": \""Not specified\"",\n        \""year\"": 2023,\n        \""location_address\"": \""7050 Oak Ave, Arlington\"",\n        \""estimated_value\"": null\n      }\n    ]\n  }\n}""]"
baml,BAMLAdapter(),insurance-claims-0013,validation_error,ValidationError,1.5688839479989838,1,json_object,0,20,0.0,False,,header.channel;header.claim_id;header.incident_date;header.report_date;header.reported_by;incident_description.estimated_damage_amount;incident_description.incident_type;incident_description.location_type;incident_description.police_report_number;insured_objects[0].estimated_value;insured_objects[0].location_address;insured_objects[0].make_model;insured_objects[0].object_id;insured_objects[0].object_type;insured_objects[0].year;policy_details.coverage_type;policy_details.effective_date;policy_details.expiration_date;policy_details.policy_number;policy_details.policyholder_name,,1994,0,18,0.0,0,"[""{\n  \""claim\"": {\n    \""header\"": {\n      \""claim_id\"": \""CLM-696349\"",\n      \""report_date\"": \""2025-09-05\"",\n      \""incident_date\"": \""2025-09-04\"",\n      \""reported_by\"": \""Jennifer Miller\"",\n      \""channel\"": \""Phone\""\n    },\n    \""policy_details\"": {\n      \""policy_number\"": \""POL-285003271\"",\n      \""policyholder_name\"": \""Jennifer Miller\"",\n      \""coverage_type\"": \""Property\"",\n      \""effective_date\"": \""2024-12-13\"",\n      \""expiration_date\"": \""2026-12-12\""\n    },\n    \""insured_objects\"": [\n      {\n        \""object_id\"": \""7400 Second Street\"",\n        \""object_type\"": \""Single Family Home\"",\n        \""make_model\"": \""Greenish\"",\n        \""year\"": 2013,\n        \""location_address\"": \""Clayton\"",\n        \""estimated_value\"": 411865\n      }\n    ],\n    \""incident_description\"": {\n      \""incident_type\"": \""Fire\"",\n      \""location_type\"": \""Living Room Wall\"",\n      \""estimated_damage_amount\"": 136734,\n      \""police_report_number\"": null\n    }\n  }\n}""]"
baml,BAMLAdapter(),insurance-claims-0014,validation_error,ValidationError,1.5250396469782572,1,json_object,0,20,0.0,False,,header.channel;header.claim_id;header.incident_date;header.report_date;header.reported_by;incident_description.estimated_damage_amount;incident_description.incident_type;incident_description.location_type;incident_description.police_report_number;insured_objects[0].estimated_value;insured_objects[0].location_address;insured_objects[0].make_model;insured_objects[0].object_id;insured_objects[0].object_type;insured_objects[0].year;policy_details.coverage_type;policy_details.effective_date;policy_details.expiration_date;policy_details.policy_number;policy_details.policyholder_name,,1522,0,17,0.0,0,"[""{\n  \""claim\"": {\n    \""header\"": {\n      \""claim_id\"": \""CLM-405338\"",\n      \""report_date\"": \""2025-08-16\"",\n      \""incident_date\"": \""2024-09-25\"",\n      \""reported_by\"": \""James Smith\"",\n      \""channel\"": \""Email\""\n    },\n    \""policy_details\"": {\n      \""policy_number\"": \""POL-932318703\"",\n      \""policyholder_name\"": \""Honda\"",\n      \""coverage_type\"": \""Auto\"",\n      \""effective_date\"": \""2024-09-25\"",\n      \""expiration_date\"": \""2025-09-25\""\n    },\n    \""insured_objects\"": [\n      {\n        \""object_id\"": \""VIN70413800966102220\"",\n        \""object_type\"": \""Honda CR-V\"",\n        \""make_model\"": \""Honda\"",\n        \""year\"": 2017,\n        \""location_address\"": \""Harrison Avenue\"",\n        \""estimated_value\"": 5000\n      }\n    ],\n    \""incident_description\"": {\n      \""incident_type\"": \""rear_end_collision\"",\n      \""location_type\"": \""highway\"",\n      \""estimated_damage_amount\"": 37000,\n      \""police_report_number\"": null\n    }\n  }\n}""]"
baml,BAMLAdapter(),insurance-claims-0015,validation_error,ValidationError,1.985565706010675,1,json_object,0,20,0.0,False,,header.channel;header.claim_id;header.incident_date;header.report_date;header.reported_by;incident_description.estimated_damage_amount;incident_description.incident_type;incident_description.location_type;incident_description.police_report_number;insured_objects[0].estimated_value;insured_objects[0].location_address;insured_objects[0].make_model;insured_objects[0].object_id;insured_objects[0].object_type;insured_objects[0].year;policy_details.coverage_type;policy_details.effective_date;policy_details.expiration_date;policy_details.policy_number;policy_details.policyholder_name,,2046,0,19,0.0,0,"[""{\n  \""claim\"": {\n    \""header\"": {\n      \""claim_id\"": \""CLM-741209\"",\n      \""report_date\"": \""2025-09-10\"",\n      \""incident_date\"": \""2025-09-08\"",\n      \""reported_by\"": \""Karen Wilson\"",\n      \""channel\"": \""Phone\""\n    },\n    \""policy_details\"": {\n      \""policy_number\"": \""POL-811390245\"",\n      \""policyholder_name\"": \""Karen Wilson\"",\n      \""coverage_type\"": \""Car Insurance\"",\n      \""effective_date\"": \""2025-07-15\"",\n      \""expiration_date\"": \""2025-09-14\""\n    },\n    \""insured_objects\"": [\n      {\n        \""object_id\"": \""VIN29384756109283745\"",\n        \""object_type\"": \""Car\"",\n        \""make_model\"": \""Toyota\"",\n        \""year\"": 2018,\n        \""location_address\"": \""Main & Fifth\"",\n        \""estimated_value\"": 14000\n      }\n    ],\n    \""incident_description\"": {\n      \""incident_type\"": \""Rear-end collision\"",\n      \""location_type\"": \""Intersection\"",\n      \""estimated_damage_amount\"": 4800,\n      \""police_report_number\"": \""PR-20250908-1289\""\n    },\n    \""insured_objects\"": [\n      {\n        \""object_id\"": \""VIN29384756109283745\"",\n        \""object_type\"": \""Car\"",\n        \""make_model\"": \""Toyota\"",\n        \""year\"": 2018,\n        \""location_address\"": \""Main & Fifth\"",\n        \""estimated_value\"": 14000\n      }\n    ]\n  }\n}""]"
baml,BAMLAdapter(),insurance-claims-0016,validation_error,ValidationError,1.4964073520095553,1,json_object,0,20,0.0,False,,header.channel;header.claim_id;header.incident_date;header.report_date;header.reported_by;incident_description.estimated_damage_amount;incident_description.incident_type;incident_description.location_type;incident_description.police_report_number;insured_objects[0].estimated_value;insured_objects[0].location_address;insured_objects[0].make_model;insured_objects[0].object_id;insured_objects[0].object_type;insured_objects[0].year;policy_details.coverage_type;policy_details.effective_date;policy_details.expiration_date;policy_details.policy_number;policy_details.policyholder_name,,1699,0,20,0.0,0,"[""{\n  \""claim\"": {\n    \""header\"": {\n      \""claim_id\"": \""CLM-512907\"",\n      \""reported_by\"": \""Anthony Martinez\"",\n      \""channel\"": \""Portal\""\n    },\n    \""policy_details\"": {\n      \""policy_number\"": \""POL-220941678\"",\n      \""policyholder_name\"": \""Anthony Martinez\"",\n      \""coverage_type\"": \""Property\"",\n      \""effective_date\"": \""2023-05-01\"",\n      \""expiration_date\"": \""2025-04-30\""\n    },\n    \""insured_objects\"": [\n      {\n        \""object_id\"": \""PROP-819304\"",\n        \""object_type\"": \""Single Family Home\"",\n        \""make_model\"": \""Tan-colored\"",\n        \""year\"": 1985,\n        \""location_address\"": \""8120 Lakeview Drive, Dayton, OH\"",\n        \""estimated_value\"": 356000\n      }\n    ],\n    \""incident_description\"": {\n      \""incident_type\"": \""Storm Damage\"",\n      \""location_type\"": \""Street\"",\n      \""estimated_damage_amount\"": 18742,\n      \""police_report_number\"": \""PR-20250909-4432\""\n    }\n  }\n}""]"
baml,BAMLAdapter(),insurance-claims-0017,ok,,1.54887837098795,1,json_object,14,20,0.7,False,header.incident_date;policy_details.effective_date;policy_details.expiration_date;insured_objects[0].make_model;insured_objects[0].location_address;incident_description.incident_type,,,1689,14,19,0.7368,1,"[""{\n  \""claim\"": {\n    \""header\"": {\n      \""claim_id\"": \""CLM-624817\"",\n      \""report_date\"": \""2025-09-12\"",\n      \""incident_date\"": \""2025-09-12\"",\n      \""reported_by\"": \""Stephanie Clark\"",\n      \""channel\"": \""Email\""\n    },\n    \""policy_details\"": {\n      \""policy_number\"": \""POL-573882014\"",\n      \""policyholder_name\"": \""Stephanie Clark\"",\n      \""coverage_type\"": \""Auto\"",\n      \""effective_date\"": \""2020-10-01\"",\n      \""expiration_date\"": \""2020-09-30\""\n    },\n    \""insured_objects\"": [\n      {\n        \""object_id\"": \""VIN12039485762194836\"",\n        \""object_type\"": \""Vehicle\"",\n        \""make_model\"": \""Honda\"",\n        \""year\"": 2020,\n        \""location_address\"": \""Safeway lot, row D\"",\n        \""estimated_value\"": 19500\n      }\n    ],\n    \""incident_description\"": {\n      \""incident_type\"": \""rear_end_collision\"",\n      \""location_type\"": \""parking_lot\"",\n      \""estimated_damage_amount\"": 3172,\n      \""police_report_number\"": \""PR-20250911-9821\""\n    }\n  }\n}""]"
baml,BAMLAdapter(),insurance-claims-0018,validation_error,ValidationError,1.340942422975786,1,json_object,0,20,0.0,False,,header.channel;header.claim_id;header.incident_date;header.report_date;header.reported_by;incident_description.estimated_damage_amount;incident_description.incident_type;incident_description.location_type;incident_description.police_report_number;insured_objects[0].estimated_value;insured_objects[0].location_address;insured_objects[0].make_model;insured_objects[0].object_id;insured_objects[0].object_type;insured_objects[0].year;policy_details.coverage_type;policy_details.effective_date;policy_details.expiration_date;policy_details.policy_number;policy_details.policyholder_name,,1583,0,18,0.0,0,"[""{\n  \""claim\"": {\n    \""header\"": {\n      \""claim_id\"": \""CLM-205311\"",\n      \""reported_by\"": \""Brian Lewis\"",\n      \""channel\"": \""Phone\""\n    },\n    \""policy_details\"": {\n      \""policy_number\"": \""POL-455372900\"",\n      \""policyholder_name\"": \""Brian Lewis\"",\n      \""coverage_type\"": \""property\"",\n      \""effective_date\"": \""2023-06-10\"",\n      \""expiration_date\"": \""2024-06-09\""\n    },\n    \""insured_objects\"": [\n      {\n        \""object_id\"": \""441 Oakwood Avenue\"",\n        \""object_type\"": \""Townhouse\"",\n        \""make_model\"": \""Built in the late 1970s\"",\n        \""year\"": 1978,\n        \""location_address\"": \""441 Oakwood Avenue, Buffalo, NY\"",\n        \""estimated_value\"": 389000\n      }\n    ],\n    \""incident_description\"": {\n      \""incident_type\"": \""pipe burst\"",\n      \""location_type\"": \""basement\"",\n      \""estimated_damage_amount\"": 12187,\n      \""police_report_number\"": null\n    }\n  }\n}""]"
baml,BAMLAdapter(),insurance-claims-0019,validation_error,ValidationError,1.4799309120280668,1,json_object,0,20,0.0,False,,header.channel;header.claim_id;header.incident_date;header.report_date;header.reported_by;incident_description.estimated_damage_amount;incident_description.incident_type;incident_description.location_type;incident_description.police_report_number;insured_objects[0].estimated_value;insured_objects[0].location_address;insured_objects[0].make_model;insured_objects[0].object_id;insured_objects[0].object_type;insured_objects[0].year;policy_details.coverage_type;policy_details.effective_date;policy_details.expiration_date;policy_details.policy_number;policy_details.policyholder_name,,1572,0,20,0.0,0,"[""{\n  \""claim\"": {\n    \""header\"": {\n      \""claim_id\"": \""CLM-930672\"",\n      \""report_date\"": \""2025-09-14\"",\n      \""incident_date\"": \""2025-09-13\"",\n      \""reported_by\"": \""Olivia White\"",\n      \""channel\"": \""In-Person\""\n    },\n    \""policy_details\"": {\n      \""policy_number\"": \""POL-668299345\"",\n      \""policyholder_name\"": \""Olivia White\"",\n      \""coverage_type\"": \""Liability\"",\n      \""effective_date\"": \""2024-01-20\"",\n      \""expiration_date\"": \""2026-01-19\""\n    },\n    \""insured_objects\"": [\n      {\n        \""object_id\"": \""982311\"",\n        \""object_type\"": \""Building\"",\n        \""make_model\"": \""Not specified\"",\n        \""year\"": 2005,\n        \""location_address\"": \""300 Market Street, Albany\"",\n        \""estimated_value\"": null\n      }\n    ],\n    \""incident_description\"": {\n      \""incident_type\"": \""Slip and fall\"",\n      \""location_type\"": \""Lobby\"",\n      \""estimated_damage_amount\"": 8860,\n      \""police_report_number\"": \""PR-20250913-5507\""\n    },\n    \""completed\"": true\n  }\n}""]"
baml,BAMLAdapter(),insurance-claims-0020,validation_error,ValidationError,1.4335592180141248,1,json_object,0,20,0.0,False,,header.channel;header.claim_id;header.incident_date;header.report_date;header.reported_by;incident_description.estimated_damage_amount;incident_description.incident_type;incident_description.location_type;incident_description.police_report_number;insured_objects[0].estimated_value;insured_objects[0].location_address;insured_objects[0].make_model;insured_objects[0].object_id;insured_objects[0].object_type;insured_objects[0].year;policy_details.coverage_type;policy_details.effective_date;policy_details.expiration_date;policy_details.policy_number;policy_details.policyholder_name,,1632,0,19,0.0,0,"[""{\n  \""claim\"": {\n    \""header\"": {\n      \""claim_id\"": \""CLM-144512\"",\n      \""reported_by\"": \""Daniel Evans\"",\n      \""channel\"": \""Portal\""\n    },\n    \""policy_details\"": {\n      \""policy_number\"": \""POL-391047522\"",\n      \""policyholder_name\"": \""Daniel Evans\"",\n      \""coverage_type\"": \""Property\"",\n      \""effective_date\"": \""2024-02-10\"",\n      \""expiration_date\"": \""2027-02-09\""\n    },\n    \""insured_objects\"": [\n      {\n        \""object_id\"": \""VIN84930271645092834\"",\n        \""object_type\"": \""Vehicle\"",\n        \""make_model\"": \""Ford\"",\n        \""year\"": 2021,\n        \""location_address\"": \""Grant and Maple intersection\"",\n        \""estimated_value\"": 28400\n      }\n    ],\n    \""incident_description\"": {\n      \""incident_type\"": \""rear_end_collision\"",\n      \""location_type\"": \""intersection\"",\n      \""estimated_damage_amount\"": 10322,\n      \""police_report_number\"": \""PR-20250913-3344\""\n    },\n    \""claim_reference\"": \""CLM-144512\""\n  }\n}""]"
baml,BAMLAdapter(),insurance-claims-0021,validation_error,ValidationError,2.647801918006735,1,json_object,0,26,0.0,False,,header.channel;header.claim_id;header.incident_date;header.report_date;header.reported_by;incident_description.estimated_damage_amount;incident_description.incident_type;incident_description.location_type;incident_description.police_report_number;insured_objects[0].estimated_value;insured_objects[0].location_address;insured_objects[0].make_model;insured_objects[0].object_id;insured_objects[0].object_type;insured_objects[0].year;insured_objects[1].estimated_value;insured_objects[1].location_address;insured_objects[1].make_model;insured_objects[1].object_id;insured_objects[1].object_type;insured_objects[1].year;policy_details.coverage_type;policy_details.effective_date;policy_details.expiration_date;policy_details.policy_number;policy_details.policyholder_name,,1965,0,24,0.0,0,"[""{\n  \""claim\"": {\n    \""header\"": {\n      \""claim_id\"": \""CLM-772093\"",\n      \""report_date\"": \""2025-09-16\"",\n      \""incident_date\"": \""2025-09-15\"",\n      \""reported_by\"": \""Email\"",\n      \""channel\"": \""Email\""\n    },\n    \""policy_details\"": {\n      \""policy_number\"": \""POL-119384756\"",\n      \""policyholder_name\"": \""Laura Adams\"",\n      \""coverage_type\"": \""Auto\"",\n      \""effective_date\"": \""05-Nov-2023\"",\n      \""expiration_date\"": \""04-Nov-2025\""\n    },\n    \""insured_objects\"": [\n      {\n        \""object_id\"": \""VIN98123746509283746\"",\n        \""object_type\"": \""Vehicle\"",\n        \""make_model\"": \""Subaru\"",\n        \""year\"": 2019,\n        \""location_address\"": \""Not specified\"",\n        \""estimated_value\"": 17350\n      },\n      {\n        \""object_id\"": \""VIN29384756109283744\"",\n        \""object_type\"": \""Vehicle\"",\n        \""make_model\"": \""Toyota\"",\n        \""year\"": 2017,\n        \""location_address\"": \""Not specified\"",\n        \""estimated_value\"": 11200\n      },\n      {\n        \""object_id\"": \""PROP-98123746509283746\"",\n        \""object_type\"": \""Vehicle\"",\n        \""make_model\"": \""Subaru\"",\n        \""year\"": 2019,\n        \""location_address\"": \""Not specified\"",\n        \""estimated_value\"": 20000\n      },\n      {\n        \""object_id\"": \""OBJ-98123746509283746\"",\n        \""object_type\"": \""Vehicle\"",\n        \""make_model\"": \""Mazda\"",\n        \""year\"": 2020,\n        \""location_address\"": \""Not specified\"",\n        \""estimated_value\"": 20000\n      }\n    ],\n    \""incident_description\"": {\n      \""incident_type\"": \""rear_end_collision\"",\n      \""location_type\"": \""interstate\"",\n      \""estimated_damage_amount\"": 6321,\n      \""police_report_number\"": \""PR-20250915-4419\""\n    },\n    \""attached_pdf\"": {\n      \""policy_printout\"": \""Policy Printout\""\n    }\n  }\n}""]"
baml,BAMLAdapter(),insurance-claims-0022,validation_error,ValidationError,1.7383180059841834,1,json_object,0,20,0.0,False,,header.channel;header.claim_id;header.incident_date;header.report_date;header.reported_by;incident_description.estimated_damage_amount;incident_description.incident_type;incident_description.location_type;incident_description.police_report_number;insured_objects[0].estimated_value;insured_objects[0].location_address;insured_objects[0].make_model;insured_objects[0].object_id;insured_objects[0].object_type;insured_objects[0].year;policy_details.coverage_type;policy_details.effective_date;policy_details.expiration_date;policy_details.policy_number;policy_details.policyholder_name,,1648,0,19,0.0,0,"[""{\n  \""claim\"": {\n    \""header\"": {\n      \""claim_id\"": \""CLM-390871\"",\n      \""report_date\"": \""2025-09-17\"",\n      \""incident_date\"": \""2025-09-14\"",\n      \""reported_by\"": \""Ethan Walker\"",\n      \""channel\"": \""In-Person\""\n    },\n    \""policy_details\"": {\n      \""policy_number\"": \""POL-702193847\"",\n      \""policyholder_name\"": \""Ethan Walker\"",\n      \""coverage_type\"": \""Property\"",\n      \""effective_date\"": \""2024-08-01\"",\n      \""expiration_date\"": \""2025-07-31\""\n    },\n    \""insured_objects\"": [\n      {\n        \""object_id\"": \""1920 Pinecrest Ln\"",\n        \""object_type\"": \""Single Family Home\"",\n        \""make_model\"": \""Built 1992\"",\n        \""year\"": 1992,\n        \""location_address\"": \""1920 Pinecrest Ln, Toledo OH\"",\n        \""estimated_value\"": 268900\n      }\n    ],\n    \""incident_description\"": {\n      \""incident_type\"": \""Fire\"",\n      \""location_type\"": \""Kitchen\"",\n      \""location_address\"": \""1920 Pinecrest Ln, Toledo OH\"",\n      \""estimated_damage_amount\"": null,\n      \""police_report_number\"": \""PR-20250914-2291\""\n    }\n  }\n}""]"
baml,BAMLAdapter(),insurance-claims-0023,validation_error,ValidationError,1.5185724160110112,1,json_object,0,20,0.0,False,,header.channel;header.claim_id;header.incident_date;header.report_date;header.reported_by;incident_description.estimated_damage_amount;incident_description.incident_type;incident_description.location_type;incident_description.police_report_number;insured_objects[0].estimated_value;insured_objects[0].location_address;insured_objects[0].make_model;insured_objects[0].object_id;insured_objects[0].object_type;insured_objects[0].year;policy_details.coverage_type;policy_details.effective_date;policy_details.expiration_date;policy_details.policy_number;policy_details.policyholder_name,,1579,0,18,0.0,0,"[""{\n  \""claim\"": {\n    \""header\"": {\n      \""claim_id\"": \""CLM-551092\"",\n      \""report_date\"": \""2025-09-18\"",\n      \""incident_date\"": \""2025-09-16\"",\n      \""reported_by\"": \""Rachel Green\"",\n      \""channel\"": \""Phone\""\n    },\n    \""policy_details\"": {\n      \""policy_number\"": \""POL-509238176\"",\n      \""policyholder_name\"": \""POL-509238176\"",\n      \""coverage_type\"": \""Property\"",\n      \""effective_date\"": \""2024-05-12\"",\n      \""expiration_date\"": \""2026-05-12\""\n    },\n    \""insured_objects\"": [\n      {\n        \""object_id\"": \""PROP-12345678901234567\"",\n        \""object_type\"": \""Building\"",\n        \""make_model\"": \""2008\"",\n        \""year\"": 2008,\n        \""location_address\"": \""621 Brookside Ct, Madison\"",\n        \""estimated_value\"": 314000\n      }\n    ],\n    \""incident_description\"": {\n      \""incident_type\"": \""roof_leak\"",\n      \""location_type\"": \""upstairs bedroom\"",\n      \""estimated_damage_amount\"": 8237,\n      \""police_report_number\"": null\n    }\n  }\n}""]"
baml,BAMLAdapter(),insurance-claims-0024,ok,,1.5483876500220504,1,json_object,17,20,0.85,False,policy_details.coverage_type;insured_objects[0].make_model;insured_objects[0].location_address,,,1610,17,19,0.8947,1,"[""{\n  \""claim\"": {\n    \""header\"": {\n      \""claim_id\"": \""CLM-229871\"",\n      \""report_date\"": \""2025-09-20\"",\n      \""incident_date\"": \""2025-09-18\"",\n      \""reported_by\"": \""Olivia Carter\"",\n      \""channel\"": \""Email\""\n    },\n    \""policy_details\"": {\n      \""policy_number\"": \""POL-667198234\"",\n      \""policyholder_name\"": \""Olivia Carter\"",\n      \""coverage_type\"": \""Property\"",\n      \""effective_date\"": \""2024-10-10\"",\n      \""expiration_date\"": \""2025-10-09\""\n    },\n    \""insured_objects\"": [\n      {\n        \""object_id\"": \""VIN77889900112233445\"",\n        \""object_type\"": \""Vehicle\"",\n        \""make_model\"": \""Mazda\"",\n        \""year\"": 2020,\n        \""location_address\"": \""Willow and Grant intersection\"",\n        \""estimated_value\"": 15600\n      }\n    ],\n    \""incident_description\"": {\n      \""incident_type\"": \""side_impact_collision\"",\n      \""location_type\"": \""intersection\"",\n      \""estimated_damage_amount\"": 7800,\n      \""police_report_number\"": \""PR-20250918-8821\""\n    }\n  }\n}""]"
baml,BAMLAdapter(),insurance-claims-0025,validation_error,ValidationError,1.3648567160125822,1,json_object,0,11,0.0,False,,header.channel;header.claim_id;header.incident_date;header.report_date;header.reported_by;incident_description.estimated_damage_amount;incident_description.incident_type;incident_description.location_type;incident_description.police_report_number;insured_objects;policy_details,,1566,0,6,0.0,0,"[""{\n  \""claim\"": {\n    \""header\"": {\n      \""claim_id\"": \""CLM-20250921\"",\n      \""reported_by\"": \""Mark Evans\"",\n      \""channel\"": \""Phone\""\n    },\n    \""policy_details\"": {\n      \""policy_number\"": \""POL-12345678901234567\"",\n      \""policyholder_name\"": \""Mark Evans\"",\n      \""coverage_type\"": \""Liability\"",\n      \""effective_date\"": \""2025-09-21\"",\n      \""expiration_date\"": \""2025-12-31\""\n    },\n    \""insured_objects\"": [\n      {\n        \""object_id\"": \""PROP-12345678901234567\"",\n        \""object_type\"": \""Building\"",\n        \""year\"": 2025,\n        \""location_address\"": \""1220 Main Street, Bakery\"",\n        \""estimated_value\"": 100000\n      }\n    ],\n    \""incident_description\"": {\n      \""incident_type\"": \""slip_and_fall\"",\n      \""location_type\"": \""Shop\"",\n      \""estimated_damage_amount\"": 1000,\n      \""police_report_number\"": null\n    }\n  }\n}""]"
baml,BAMLAdapter(),insurance-claims-0026,ok,,1.4383581310103182,1,json_object,15,20,0.75,False,insured_objects[0].object_id;insured_objects[0].make_model;insured_objects[0].location_address;insured_objects[0].estimated_value;incident_description.incident_type,,,1527,14,17,0.8235,2,"[""{\n  \""claim\"": {\n    \""header\"": {\n      \""claim_id\"": \""CLM-320198\"",\n      \""report_date\"": \""2025-09-21\"",\n      \""incident_date\"": \""2025-09-20\"",\n      \""reported_by\"": \""Susan Lee\"",\n      \""channel\"": \""Email\""\n    },\n    \""policy_details\"": {\n      \""policy_number\"": \""POL-481992330\"",\n      \""policyholder_name\"": \""Susan Lee\"",\n      \""coverage_type\"": \""Auto\"",\n      \""effective_date\"": \""2024-09-22\"",\n      \""expiration_date\"": \""2025-09-21\""\n    },\n    \""insured_objects\"": [\n      {\n        \""object_id\"": \""VIN12345678901234567\"",\n        \""object_type\"": \""Vehicle\"",\n        \""make_model\"": \""Subaru\"",\n        \""year\"": 2015,\n        \""location_address\"": \""Grocery Store\"",\n        \""estimated_value\"": 2100\n      }\n    ],\n    \""incident_description\"": {\n      \""incident_type\"": \""side_impact_collision\"",\n      \""location_type\"": \""parking_lot\"",\n      \""estimated_damage_amount\"": 2100,\n      \""police_report_number\"": null\n    }\n  }\n}""]"
baml,BAMLAdapter(),insurance-claims-0027,ok,,1.4473834310192615,1,json_object,14,20,0.7,False,header.incident_date;policy_details.effective_date;insured_objects[0].object_id;insured_objects[0].make_model;insured_objects[0].location_address;incident_description.location_type,,,1576,12,15,0.8,3,"[""{\n  \""claim\"": {\n    \""header\"": {\n      \""claim_id\"": \""CLM-440882\"",\n      \""report_date\"": \""2025-09-22\"",\n      \""incident_date\"": \""2025-09-22\"",\n      \""reported_by\"": \""George Clark\"",\n      \""channel\"": \""Phone\""\n    },\n    \""policy_details\"": {\n      \""policy_number\"": \""POL-998734221\"",\n      \""policyholder_name\"": \""George Clark\"",\n      \""coverage_type\"": \""Auto\"",\n      \""effective_date\"": \""2025-11-14\"",\n      \""expiration_date\"": \""2025-11-14\""\n    },\n    \""insured_objects\"": [\n      {\n        \""object_id\"": \""VIN6554\"",\n        \""object_type\"": \""Vehicle\"",\n        \""make_model\"": \""Unknown\"",\n        \""year\"": 1999,\n        \""location_address\"": \""Maple Street, Anytown, USA\"",\n        \""estimated_value\"": null\n      }\n    ],\n    \""incident_description\"": {\n      \""incident_type\"": \""rear_end_collision\"",\n      \""location_type\"": \""intersection\"",\n      \""estimated_damage_amount\"": null,\n      \""police_report_number\"": \""PR-20250921-2234\""\n    }\n  }\n}""]"
baml,BAMLAdapter(),insurance-claims-0028,validation_error,ValidationError,1.4636059099866543,1,json_object,0,20,0.0,False,,header.channel;header.claim_id;header.incident_date;header.report_date;header.reported_by;incident_description.estimated_damage_amount;incident_description.incident_type;incident_description.location_type;incident_description.police_report_number;insured_objects[0].estimated_value;insured_objects[0].location_address;insured_objects[0].make_model;insured_objects[0].object_id;insured_objects[0].object_type;insured_objects[0].year;policy_details.coverage_type;policy_details.effective_date;policy_details.expiration_date;policy_details.policy_number;policy_details.policyholder_name,,1512,0,19,0.0,0,"[""{\n  \""claim\"": {\n    \""header\"": {\n      \""claim_id\"": \""CLM-773011\"",\n      \""report_date\"": \""19-SEP-2025\"",\n      \""incident_date\"": \""17-SEP\"",\n      \""reported_by\"": \""Patricia (Patricia) Adams\"",\n      \""channel\"": \""Email\""\n    },\n    \""policy_details\"": {\n      \""policy_number\"": \""POL-55432I090\"",\n      \""policyholder_name\"": \""PROP-223190\"",\n      \""coverage_type\"": \""Property\"",\n      \""effective_date\"": \""01-02-2024\"",\n      \""expiration_date\"": \""31-01-2025\""\n    },\n    \""insured_objects\"": [\n      {\n        \""object_id\"": \""PROP-223190\"",\n        \""object_type\"": \""Single family home\"",\n        \""make_model\"": \""Built 1975\"",\n        \""year\"": 1975,\n        \""location_address\"": \""4501 Ashwood Dr, Salem\"",\n        \""estimated_value\"": 289000\n      }\n    ],\n    \""incident_description\"": {\n      \""incident_type\"": \""burst P!pe\"",\n      \""location_type\"": \""Residential street\"",\n      \""estimated_damage_amount\"": 13240,\n      \""police_report_number\"": null\n    }\n  }\n}""]"
baml,BAMLAdapter(),insurance-claims-0029,validation_error,ValidationError,1.3888378359843045,1,json_object,0,20,0.0,False,,header.channel;header.claim_id;header.incident_date;header.report_date;header.reported_by;incident_description.estimated_damage_amount;incident_description.incident_type;incident_description.location_type;incident_description.police_report_number;insured_objects[0].estimated_value;insured_objects[0].location_address;insured_objects[0].make_model;insured_objects[0].object_id;insured_objects[0].object_type;insured_objects[0].year;policy_details.coverage_type;policy_details.effective_date;policy_details.expiration_date;policy_details.policy_number;policy_details.policyholder_name,,1499,0,18,0.0,0,"[""{\n  \""claim\"": {\n    \""header\"": {\n      \""claim_id\"": \""CLM-664028\"",\n      \""report_date\"": \""2025-09-23\"",\n      \""incident_date\"": \""2025-09-22\"",\n      \""reported_by\"": \""Emily Johnson\"",\n      \""channel\"": \""Portal\""\n    },\n    \""policy_details\"": {\n      \""policy_number\"": \""POL-776542109\"",\n      \""policyholder_name\"": \""Emily Johnson\"",\n      \""coverage_type\"": \""Liability\"",\n      \""effective_date\"": \""2023-09-06\"",\n      \""expiration_date\"": \""2026-09-06\""\n    },\n    \""insured_objects\"": [\n      {\n        \""object_id\"": \""9900 Commerce Blvd\"",\n        \""object_type\"": \""Building\"",\n        \""make_model\"": \""Not specified\"",\n        \""year\"": 2011,\n        \""location_address\"": \""9900 Commerce Blvd\"",\n        \""estimated_value\"": null\n      }\n    ],\n    \""incident_description\"": {\n      \""incident_type\"": \""slip and fall\"",\n      \""location_type\"": \""back entrance\"",\n      \""estimated_damage_amount\"": null,\n      \""police_report_number\"": null\n    }\n  }\n}""]"
sola-json-sections,"StructuredOutputAdapter(output_mode=JSON, prompt_layout=SECTIONS)",insurance-claims-0000,validation_error,ValidationError,2.6799703130091075,1,json_object,0,20,0.0,False,,header.channel;header.claim_id;header.incident_date;header.report_date;header.reported_by;incident_description.estimated_damage_amount;incident_description.incident_type;incident_description.location_type;incident_description.police_report_number;insured_objects[0].estimated_value;insured_objects[0].location_address;insured_objects[0].make_model;insured_objects[0].object_id;insured_objects[0].object_type;insured_objects[0].year;policy_details.coverage_type;policy_details.effective_date;policy_details.expiration_date;policy_details.policy_number;policy_details.policyholder_name,,2956,0,19,0.0,0,"[""{\n  \""claim\"": {\n    \""claim_id\"": \""CLM-424063\"",\n    \""report_date\"": \""2024-04-22\"",\n    \""incident_date\"": \""2024-04-22\"",\n    \""reported_by\"": \""Jennifer Garcia\"",\n    \""channel\"": \""Email\"",\n    \""title\"": \""Property Claim from Jennifer Garcia\"",\n    \""IncidentDescription\"": {\n      \""incident_type\"": \""Property Damage\"",\n      \""location_type\"": \""Shopping Center\"",\n      \""estimated_damage_amount\"": 5800,\n      \""police_report_number\"": \""PR-20250822-4864\"",\n      \""title\"": \""Incident Description\""\n    },\n    \""InsuredObject\"": {\n      \""object_id\"": \""6650 Broadway\"",\n      \""object_type\"": \""Residential Property\"",\n      \""make_model\"": \""Not specified\"",\n      \""year\"": 1972,\n      \""location_address\"": \""6650 Broadway, Georgetown\"",\n      \""estimated_value\"": 5834,\n      \""title\"": \""Insured Object\""\n    },\n    \""PolicyDetails\"": {\n      \""policy_number\"": \""POL-787532354\"",\n      \""policyholder_name\"": \""Jennifer Garcia\"",\n      \""coverage_type\"": \""Property\"",\n      \""effective_date\"": \""2024-06-01\"",\n      \""expiration_date\"": \""2024-06-01\"",\n      \""title\"": \""Policy Details\""\n    },\n    \""InsuredObjects\"": [\n      {\n        \""object_id\"": \""6650 Broadway\"",\n        \""object_type\"": \""Residential Property\"",\n        \""make_model\"": \""Not specified\"",\n        \""year\"": 1972,\n        \""location_address\"": \""6650 Broadway, Georgetown\"",\n        \""estimated_value\"": 5834,\n        \""title\"": \""Insured Object\""\n      }\n    ],\n    \""IncidentDescription\"": {\n      \""incident_type\"": \""Property Damage\"",\n      \""location_type\"": \""Shopping Center\"",\n      \""estimated_damage_amount\"": 5800,\n      \""police_report_number\"": \""PR-20250822-4864\"",\n      \""title\"": \""Incident Description\""\n    }\n  }\n}""]"
sola-json-sections,"StructuredOutputAdapter(output_mode=JSON, prompt_layout=SECTIONS)",insurance-claims-0001,validation_error,ValidationError,2.403590741014341,1,json_object,0,20,0.0,False,,header.channel;header.claim_id;header.incident_date;header.report_date;header.reported_by;incident_description.estimated_damage_amount;incident_description.incident_type;incident_description.location_type;incident_description.police_report_number;insured_objects[0].estimated_value;insured_objects[0].location_address;insured_objects[0].make_model;insured_objects[0].object_id;insured_objects[0].object_type;insured_objects[0].year;policy_details.coverage_type;policy_details.effective_date;policy_details.expiration_date;policy_details.policy_number;policy_details.policyholder_name,,2583,0,18,0.0,0,"[""{\n  \""claim\"": {\n    \""claim_id\"": \""CLM-748422\"",\n    \""report_date\"": \""2025-08-22\"",\n    \""incident_date\"": \""2025-08-21\"",\n    \""reported_by\"": \""Joanne\"",\n    \""channel\"": \""In-person\"",\n    \""title\"": \""Incident Description\"",\n    \""InsuredObject\"": {\n      \""object_id\"": \""PROP-199807\"",\n      \""object_type\"": \""Townhouse\"",\n      \""make_model\"": \""Not specified\"",\n      \""year\"": \""2014\"",\n      \""location_address\"": \""2850 Main St., Lexington\"",\n      \""estimated_value\"": null,\n      \""estimated_damage_amount\"": 9415\n    },\n    \""IncidentDescription\"": {\n      \""incident_type\"": \""Break-in\"",\n      \""location_type\"": \""Townhouse\"",\n      \""police_report_number\"": null,\n      \""title\"": \""Incident Description\""\n    },\n    \""PolicyDetails\"": {\n      \""policy_number\"": \""POL-930881789\"",\n      \""policyholder_name\"": \""Michael Miller\"",\n      \""coverage_type\"": \""Property\"",\n      \""effective_date\"": \""2026-03-02\"",\n      \""expiration_date\"": \""2026-03-02\"",\n      \""title\"": \""Policy Details\""\n    },\n    \""InsuredObjects\"": [\n      {\n        \""object_id\"": \""PROP-199807\"",\n        \""object_type\"": \""Townhouse\"",\n        \""make_model\"": \""Not specified\"",\n        \""year\"": \""2014\"",\n        \""location_address\"": \""2850 Main St., Lexington\"",\n        \""estimated_value\"": null,\n        \""estimated_damage_amount\"": 9415\n      }\n    ],\n    \""header\"": {\n      \""claim_id\"": \""CLM-748422\"",\n      \""report_date\"": \""2025-08-22\"",\n      \""incident_date\"": \""2025-08-21\"",\n      \""reported_by\"": \""Joanne\"",\n      \""channel\"": \""In-person\"",\n      \""title\"": \""Incident Description\""\n    },\n    \""title\"": \""InsuranceClaim\"",\n    \""type\"": \""object\""\n  }\n}""]"
sola-json-sections,"StructuredOutputAdapter(output_mode=JSON, prompt_layout=SECTIONS)",insurance-claims-0002,parse_error,AdapterParseError,4.19981010700576,1,json_object,0,11,0.0,False,,header.channel;header.claim_id;header.incident_date;header.report_date;header.reported_by;incident_description.estimated_damage_amount;incident_description.incident_type;incident_description.location_type;incident_description.police_report_number;insured_objects;policy_details,,3200,0,8,0.0,0,"[""{\n  \""claim\"": {\n    \""claim_id\"": \""CLM-255335\"",\n    \""report_date\"": \""2025-08-20\"",\n    \""incident_date\"": \""2025-08-20\"",\n    \""reported_by\"": \""David Taylor\"",\n    \""channel\"": \""Email\"",\n    \""InsuredObject\"": {\n      \""object_id\"": \""VIN12345678901234567\"",\n      \""object_type\"": \""Vehicle\"",\n      \""make_model\"": \""Unknown\"",\n      \""year\"": \""Unknown\"",\n      \""location_address\"": \""123 Main St, Anytown, USA\"",\n      \""estimated_value\"": null\n    },\n    \""IncidentDescription\"": {\n      \""incident_type\"": \""Product Malfunction\"",\n      \""location_type\"": \""Workplace\"",\n      \""estimated_damage_amount\"": 423312,\n      \""police_report_number\"": null,\n      \""title\"": \""Product Malfunction at Workplace\""\n    }\n  },\n  \""PolicyDetails\"": {\n    \""policy_number\"": \""POL-12345678901234567\"",\n    \""policyholder_name\"": \""Unknown\"",\n    \""coverage_type\"": \""Property\"",\n    \""effective_date\"": \""2025-08-20\"",\n    \""expiration_date\"": \""2026-08-20\""\n  },\n  \""InsuredObjects\"": [\n    {\n      \""object_id\"": \""VIN12345678901234567\"",\n      \""object_type\"": \""Vehicle\"",\n      \""make_model\"": \""Unknown\"",\n      \""year\"": \""Unknown\"",\n      \""location_address\"": \""123 Main St, Anytown, USA\"",\n      \""estimated_value\"": null\n    }\n  ],\n  \""properties\"": {\n    \""header\"": {\n      \""$ref\"": \""#/$defs/ClaimHeader\"",\n      \""description\"": \""Basic claim information\""\n    },\n    \""policy_details\"": {\n      \""$ref\"": \""#/$defs/PolicyDetails\"",\n      \""description\"": \""Policy information if available\""\n    },\n    \""insured_objects\"": {\n      \""items\"": [\n        {\n          \""item_id\"": \""VIN12345678901234567\"",\n          \""item_type\"": \""Vehicle\"",\n          \""make_model\"": \""Unknown\"",\n          \""year\"": \""Unknown\"",\n          \""location_address\"": \""123 Main St, Anytown, USA\"",\n          \""estimated_value\"": null\n        }\n      ],\n      \""type\"": \""array\""\n    },\n    \""incident_description\"": {\n      \""properties\"": {\n        \""incident_type\"": {\n          \""description\"": \""Specific standardized incident type\"",\n          \""enum\"": [\n            \""Product Malfunction\"",\n            \""Vandalism\"",\n            \""Theft Burglary\"",\n            \""Property Damage\"",\n            \""Property Injury\"",\n            \""Product Liability\"",\n            \""Burglary\"",\n            \""Theft\"",\n            \""Slip and Fall\"",\n            \""Property Injury\"",\n            \""Product Liability\"",\n            \""Burglary\"",\n            \""Theft\"",\n            \""Property Damage\"",\n            \""Property Injury\"",\n            \""Product Liability\"",\n            \""Burglary\"",\n            \""Theft\"",\n            \""Property Damage\"",\n            \""Property Injury\"",\n            \""Product Liability\"",\n            \""Burglary\"",\n            \""Theft\"",\n            \""Property Damage\"",\n            \""Property Injury\"",\n            \""Product Liability\"",\n            \""Burglary\"",\n            \""Theft\"",\n            \""Property Damage\"",\n            \""Property Injury\"",\n            \""Product Liability\"",\n            \""Burglary\"",\n            \""Theft\"",\n            \""Property Damage\"",\n            \""Property Injury\"",\n            \""Product Liability\"",\n            \""Burglary\"",\n            \""Theft\"",\n            \""Property Damage\"",\n            \""Property Injury\"",\n            \""Product Liability\"",\n            \""Burglary\"",\n            \""Theft\"",\n            \""Property Damage\"",\n            \""Property Injury\"",\n            \""Product Liability\"",\n            \""Burglary\"",\n            \""Theft\"",\n           ""]"
sola-json-sections,"StructuredOutputAdapter(output_mode=JSON, prompt_layout=SECTIONS)",insurance-claims-0003,validation_error,ValidationError,3.2083831659983844,1,json_object,0,26,0.0,False,,header.channel;header.claim_id;header.incident_date;header.report_date;header.reported_by;incident_description.estimated_damage_amount;incident_description.incident_type;incident_description.location_type;incident_description.police_report_number;insured_objects[0].estimated_value;insured_objects[0].location_address;insured_objects[0].make_model;insured_objects[0].object_id;insured_objects[0].object_type;insured_objects[0].year;insured_objects[1].estimated_value;insured_objects[1].location_address;insured_objects[1].make_model;insured_objects[1].object_id;insured_objects[1].object_type;insured_objects[1].year;policy_details.coverage_type;policy_details.effective_date;policy_details.expiration_date;policy_details.policy_number;policy_details.policyholder_name,,2872,0,24,0.0,0,"[""{\n  \""claim\"": {\n    \""claim_id\"": \""CLM-988147\"",\n    \""report_date\"": \""2025-08-30\"",\n    \""incident_date\"": \""2025-08-30\"",\n    \""reported_by\"": \""Jennifer Johnson\"",\n    \""channel\"": \""Portal\"",\n    \""title\"": \""Incident Description\"",\n    \""IncidentDescription\"": {\n      \""incident_type\"": \""T-bone collision\"",\n      \""location_type\"": \""Shopping center parking lot\"",\n      \""estimated_damage_amount\"": 22631,\n      \""police_report_number\"": \""PR-20250830-7127\"",\n      \""title\"": \""Incident Description\""\n    },\n    \""InsuredObject\"": {\n      \""object_id\"": \""VIN19157663903019200\"",\n      \""object_type\"": \""Mercedes GLC\"",\n      \""make_model\"": \""2019 Mercedes GLC\"",\n      \""year\"": 2019,\n      \""location_address\"": \""Highland Avenue, Shopping center\"",\n      \""estimated_value\"": 20372,\n      \""title\"": \""Insured Object\""\n    },\n    \""PolicyDetails\"": {\n      \""policy_number\"": \""POL-467268181\"",\n      \""policyholder_name\"": \""Jennifer Johnson\"",\n      \""coverage_type\"": \""Auto\"",\n      \""effective_date\"": \""2023-11-19\"",\n      \""expiration_date\"": \""2025-05-31\"",\n      \""title\"": \""Policy Details\""\n    },\n    \""InsuredObjects\"": [\n      {\n        \""object_id\"": \""VIN95384130612982136\"",\n        \""object_type\"": \""BMW X3\"",\n        \""make_model\"": \""2017 BMW X3\"",\n        \""year\"": 2017,\n        \""location_address\"": \""Not involved in incident\"",\n        \""estimated_value\"": 15265,\n        \""title\"": \""Insured Object\""\n      },\n      {\n        \""object_id\"": \""VIN19157663903019200\"",\n        \""object_type\"": \""Mercedes GLC\"",\n        \""make_model\"": \""2019 Mercedes GLC\"",\n        \""year\"": 2019,\n        \""location_address\"": \""Highland Avenue, Shopping center\"",\n        \""estimated_value\"": 20372,\n        \""title\"": \""Insured Object\""\n      }\n    ],\n    \""IncidentDescription\"": {\n      \""description\"": \""I was driving my 2019 Mercedes GLC (VIN: VIN19157663903019200) when another vehicle struck the driver's side in a T-bone collision. The impact occurred as I was navigating through the parking lot near the intersection by the new coffee shop. I was not involved in the incident.\""\n    }\n  }\n}""]"
sola-json-sections,"StructuredOutputAdapter(output_mode=JSON, prompt_layout=SECTIONS)",insurance-claims-0004,validation_error,ValidationError,2.314972124993801,1,json_object,0,20,0.0,False,,header.channel;header.claim_id;header.incident_date;header.report_date;header.reported_by;incident_description.estimated_damage_amount;incident_description.incident_type;incident_description.location_type;incident_description.police_report_number;insured_objects[0].estimated_value;insured_objects[0].location_address;insured_objects[0].make_model;insured_objects[0].object_id;insured_objects[0].object_type;insured_objects[0].year;policy_details.coverage_type;policy_details.effective_date;policy_details.expiration_date;policy_details.policy_number;policy_details.policyholder_name,,2946,0,17,0.0,0,"[""{\n  \""claim\"": {\n    \""claim_id\"": \""CLM-597471\"",\n    \""report_date\"": \""2025-08-22\"",\n    \""incident_date\"": \""2025-08-21\"",\n    \""reported_by\"": \""Ashley Rodriguez\"",\n    \""channel\"": \""Portal\"",\n    \""title\"": \""Fire in Kitchen\"",\n    \""incident_description\"": {\n      \""incident_type\"": \""grease fire\"",\n      \""location_type\"": \""kitchen\"",\n      \""estimated_damage_amount\"": 52000,\n      \""police_report_number\"": null,\n      \""title\"": \""IncidentDescription\""\n    },\n    \""InsuredObject\"": {\n      \""object_id\"": \""7400PI\"",\n      \""object_type\"": \""House\"",\n      \""make_model\"": \""Not specified\"",\n      \""year\"": 2024,\n      \""location_address\"": \""7400 Pi\"",\n      \""estimated_value\"": null,\n      \""title\"": \""InsuredObject\""\n    },\n    \""PolicyDetails\"": {\n      \""policy_number\"": \""POL-998781390\"",\n      \""policyholder_name\"": \""Ashley Rodriguez\"",\n      \""coverage_type\"": \""Property\"",\n      \""effective_date\"": \""2024-04-18\"",\n      \""expiration_date\"": \""2025-10-16\"",\n      \""title\"": \""PolicyDetails\""\n    },\n    \""InsuredObjects\"": [\n      {\n        \""object_id\"": \""7400PI\"",\n        \""object_type\"": \""House\"",\n        \""make_model\"": \""Not specified\"",\n        \""year\"": 2024,\n        \""location_address\"": \""7400 Pi\"",\n        \""estimated_value\"": null,\n        \""title\"": \""InsuredObject\""\n      }\n    ],\n    \""IncidentDescription\"": {\n      \""incident_type\"": \""grease fire\"",\n      \""location_type\"": \""kitchen\"",\n      \""estimated_damage_amount\"": 52000,\n      \""police_report_number\"": null,\n      \""title\"": \""IncidentDescription\""\n    }\n  }\n}""]"
sola-json-sections,"StructuredOutputAdapter(output_mode=JSON, prompt_layout=SECTIONS)",insurance-claims-0005,validation_error,ValidationError,2.3156503109785262,1,json_object,0,20,0.0,False,,header.channel;header.claim_id;header.incident_date;header.report_date;header.reported_by;incident_description.estimated_damage_amount;incident_description.incident_type;incident_description.location_type;incident_description.police_report_number;insured_objects[0].estimated_value;insured_objects[0].location_address;insured_objects[0].make_model;insured_objects[0].object_id;insured_objects[0].object_type;insured_objects[0].year;policy_details.coverage_type;policy_details.effective_date;policy_details.expiration_date;policy_details.policy_number;policy_details.policyholder_name,,2914,0,18,0.0,0,"[""{\n  \""claim\"": {\n    \""claim_id\"": \""CLM-509317\"",\n    \""report_date\"": \""2025-09-04\"",\n    \""incident_date\"": \""2025-09-01\"",\n    \""reported_by\"": \""Jennifer Davis\"",\n    \""channel\"": \""Email\"",\n    \""title\"": \""Incident Description\"",\n    \""incident_type\"": \""Slip and Fall\"",\n    \""location_type\"": \""Entrance Area\"",\n    \""estimated_damage_amount\"": 21040,\n    \""police_report_number\"": null,\n    \""insured_object\"": {\n      \""object_id\"": \""9350-Broadway-9350\"",\n      \""object_type\"": \""Residential Property\"",\n      \""make_model\"": \""Built in 2010\"",\n      \""year\"": 2010,\n      \""location_address\"": \""9350 Broadway, Springfield\"",\n      \""estimated_value\"": 463611\n    },\n    \""policy_details\"": {\n      \""policy_number\"": \""POL-756977389\"",\n      \""policyholder_name\"": \""Jennifer Davis\"",\n      \""coverage_type\"": \""Liability\"",\n      \""effective_date\"": \""2023-11-14\"",\n      \""expiration_date\"": \""2025-05-13\""\n    },\n    \""insured_objects\"": [\n      {\n        \""object_id\"": \""9350-Broadway-9350\"",\n        \""object_type\"": \""Residential Property\"",\n        \""make_model\"": \""Built in 2010\"",\n        \""year\"": 2010,\n        \""location_address\"": \""9350 Broadway, Springfield\"",\n        \""estimated_value\"": 463611\n      }\n    ],\n    \""incident_description\"": {\n      \""incident_type\"": \""Slip and Fall\"",\n      \""location_type\"": \""Entrance Area\"",\n      \""estimated_damage_amount\"": 21040,\n      \""police_report_number\"": null\n    }\n  }\n}""]"
sola-json-sections,"StructuredOutputAdapter(output_mode=JSON, prompt_layout=SECTIONS)",insurance-claims-0006,validation_error,ValidationError,2.471253058000002,1,json_object,0,20,0.0,False,,header.channel;header.claim_id;header.incident_date;header.report_date;header.reported_by;incident_description.estimated_damage_amount;incident_description.incident_type;incident_description.location_type;incident_description.police_report_number;insured_objects[0].estimated_value;insured_objects[0].location_address;insured_objects[0].make_model;insured_objects[0].object_id;insured_objects[0].object_type;insured_objects[0].year;policy_details.coverage_type;policy_details.effective_date;policy_details.expiration_date;policy_details.policy_number;policy_details.policyholder_name,,3019,0,19,0.0,0,"[""{\n  \""claim\"": {\n    \""claim_id\"": \""CLM-860535\"",\n    \""report_date\"": \""2025-09-03\"",\n    \""incident_date\"": \""2025-09-02\"",\n    \""reported_by\"": \""Robert Thompson\"",\n    \""channel\"": \""In-person\"",\n    \""title\"": \""Incident Description\"",\n    \""IncidentDescription\"": {\n      \""incident_type\"": \""water damage\"",\n      \""location_type\"": \""basement\"",\n      \""estimated_damage_amount\"": 19400,\n      \""police_report_number\"": \""Not provided\"",\n      \""title\"": \""Incident Description\""\n    },\n    \""InsuredObject\"": {\n      \""object_id\"": \""3150 Cedar Lane\"",\n      \""object_type\"": \""Townhouse\"",\n      \""make_model\"": \""Not specified\"",\n      \""year\"": 1996,\n      \""location_address\"": \""3150 Cedar Lane, Townhouse\"",\n      \""estimated_value\"": 720992,\n      \""title\"": \""InsuredObject\""\n    },\n    \""PolicyDetails\"": {\n      \""policy_number\"": \""POL-694961021\"",\n      \""policyholder_name\"": \""Robert Thompson\"",\n      \""coverage_type\"": \""Property\"",\n      \""effective_date\"": \""2025-03-28\"",\n      \""expiration_date\"": \""2026-03-27\"",\n      \""title\"": \""Policy Details\""\n    },\n    \""InsuredObjects\"": [\n      {\n        \""object_id\"": \""3150 Cedar Lane\"",\n        \""object_type\"": \""Townhouse\"",\n        \""make_model\"": \""Not specified\"",\n        \""year\"": 1996,\n        \""location_address\"": \""3150 Cedar Lane, Townhouse\"",\n        \""estimated_value\"": 720992,\n        \""title\"": \""InsuredObject\""\n      }\n    ],\n    \""IncidentDescription\"": {\n      \""incident_type\"": \""water damage\"",\n      \""location_type\"": \""basement\"",\n      \""estimated_damage_amount\"": 19400,\n      \""police_report_number\"": \""Not provided\"",\n      \""title\"": \""Incident Description\""\n    }\n  }\n}""]"
sola-json-sections,"StructuredOutputAdapter(output_mode=JSON, prompt_layout=SECTIONS)",insurance-claims-0007,validation_error,ValidationError,2.934829045989318,1,json_object,0,20,0.0,False,,header.channel;header.claim_id;header.incident_date;header.report_date;header.reported_by;incident_description.estimated_damage_amount;incident_description.incident_type;incident_description.location_type;incident_description.police_report_number;insured_objects[0].estimated_value;insured_objects[0].location_address;insured_objects[0].make_model;insured_objects[0].object_id;insured_objects[0].object_type;insured_objects[0].year;policy_details.coverage_type;policy_details.effective_date;policy_details.expiration_date;policy_details.policy_number;policy_details.policyholder_name,,3047,0,17,0.0,0,"[""{\n  \""claim\"": {\n    \""claim_id\"": \""CLM-699674\"",\n    \""report_date\"": \""2025-08-30\"",\n    \""incident_date\"": \""2025-08-28\"",\n    \""reported_by\"": \""David Johnson\"",\n    \""channel\"": \""Phone\"",\n    \""incident_description\"": {\n      \""incident_type\"": \""Slip and fall\"",\n      \""location_type\"": \""Sidewalk\"",\n      \""estimated_damage_amount\"": null,\n      \""police_report_number\"": null,\n      \""title\"": \""Incident Description\""\n    },\n    \""insured_object\"": {\n      \""object_id\"": \""9600\"",\n      \""object_type\"": \""Residential Property\"",\n      \""make_model\"": null,\n      \""year\"": 1969,\n      \""location_address\"": \""Church Street, Georgetown, Georgia\"",\n      \""estimated_value\"": null,\n      \""title\"": \""Insured Object\""\n    },\n    \""policy_details\"": {\n      \""policy_number\"": \""POL-314055462\"",\n      \""policyholder_name\"": \""David Johnson\"",\n      \""coverage_type\"": \""Property\"",\n      \""effective_date\"": \""2025-05-27\"",\n      \""expiration_date\"": \""2027-05-26\"",\n      \""title\"": \""Policy Details\""\n    },\n    \""insured_objects\"": [\n      {\n        \""object_id\"": \""9600\"",\n        \""object_type\"": \""Residential Property\"",\n        \""make_model\"": null,\n        \""year\"": 1969,\n        \""location_address\"": \""Church Street, Georgetown, Georgia\"",\n        \""estimated_value\"": null,\n        \""title\"": \""Insured Object\""\n      }\n    ],\n    \""policy_details\"": {\n      \""header\"": {\n        \""$ref\"": \""#/$defs/ClaimHeader\"",\n        \""description\"": \""Basic claim information\""\n      },\n      \""policy_details\"": {\n        \""$ref\"": \""#/$defs/PolicyDetails\"",\n        \""description\"": \""Policy information if available\"",\n        \""title\"": \""Policy Details\""\n      },\n      \""insured_objects\"": {\n        \""$ref\"": \""#/$defs/InsuredObject\"",\n        \""description\"": \""List of insured objects involved, if applicable\"",\n        \""title\"": \""Insured Objects\""\n      },\n      \""incident_description\"": {\n        \""$ref\"": \""#/$defs/IncidentDescription\"",\n        \""description\"": \""Structured incident details\""\n      }\n    },\n    \""required\"": [\n      \""claim_id\"",\n      \""report_date\"",\n      \""incident_date\"",\n      \""reported_by\"",\n      \""channel\"",\n      \""incident_description\""\n    ],\n    \""title\"": \""InsuranceClaim\"",\n    \""type\"": \""object\""\n  }\n}""]"
sola-json-sections,"StructuredOutputAdapter(output_mode=JSON, prompt_layout=SECTIONS)",insurance-claims-0008,validation_error,ValidationError,2.620221038989257,1,json_object,0,11,0.0,False,,header.channel;header.claim_id;header.incident_date;header.report_date;header.reported_by;incident_description.estimated_damage_amount;incident_description.incident_type;incident_description.location_type;incident_description.police_report_number;insured_objects;policy_details,,2997,0,8,0.0,0,"[""{\n  \""claim\"": {\n    \""claim_id\"": \""CLM-531517\"",\n    \""report_date\"": \""2025-08-22\"",\n    \""incident_date\"": \""2025-08-22\"",\n    \""reported_by\"": \""David Davis\"",\n    \""channel\"": \""Email\"",\n    \""InsuredObject\"": {\n      \""object_id\"": \""CLM-531517\"",\n      \""object_type\"": \""Store\"",\n      \""make_model\"": \""Not specified\"",\n      \""year\"": \""Not specified\"",\n      \""location_address\"": \""Not specified\"",\n      \""estimated_value\"": \""Not specified\"",\n      \""estimated_damage_amount\"": \""Not specified\""\n    },\n    \""IncidentDescription\"": {\n      \""incident_type\"": \""Slip and fall\"",\n      \""location_type\"": \""Store\"",\n      \""estimated_damage_amount\"": \""Not specified\"",\n      \""police_report_number\"": \""PR-20250822-6127\"",\n      \""title\"": \""Incident Description\""\n    },\n    \""InsuredObject\"": {\n      \""object_id\"": \""CLM-531517\"",\n      \""object_type\"": \""Store\"",\n      \""make_model\"": \""Not specified\"",\n      \""year\"": \""Not specified\"",\n      \""location_address\"": \""Not specified\"",\n      \""estimated_value\"": \""Not specified\"",\n      \""estimated_damage_amount\"": \""Not specified\""\n    },\n    \""PolicyDetails\"": {\n      \""policy_number\"": \""Not specified\"",\n      \""policyholder_name\"": \""David Davis\"",\n      \""coverage_type\"": \""Not specified\"",\n      \""effective_date\"": \""2025-08-22\"",\n      \""expiration_date\"": \""Not specified\""\n    },\n    \""InsuredObjects\"": [\n      {\n        \""object_id\"": \""CLM-531517\"",\n        \""object_type\"": \""Store\"",\n        \""make_model\"": \""Not specified\"",\n        \""year\"": \""Not specified\"",\n        \""location_address\"": \""Not specified\"",\n        \""estimated_value\"": \""Not specified\"",\n        \""estimated_damage_amount\"": \""Not specified\""\n      }\n    ],\n    \""IncidentDescription\"": {\n      \""incident_type\"": \""Slip and fall\"",\n      \""location_type\"": \""Store\"",\n      \""estimated_damage_amount\"": \""Not specified\"",\n      \""police_report_number\"": \""PR-20250822-6127\"",\n      \""title\"": \""Incident Description\""\n    }\n  }\n}""]"
sola-json-sections,"StructuredOutputAdapter(output_mode=JSON, prompt_layout=SECTIONS)",insurance-claims-0009,parse_error,AdapterParseError,4.223949885985348,1,json_object,0,20,0.0,False,,header.channel;header.claim_id;header.incident_date;header.report_date;header.reported_by;incident_description.estimated_damage_amount;incident_description.incident_type;incident_description.location_type;incident_description.police_report_number;insured_objects[0].estimated_value;insured_objects[0].location_address;insured_objects[0].make_model;insured_objects[0].object_id;insured_objects[0].object_type;insured_objects[0].year;policy_details.coverage_type;policy_details.effective_date;policy_details.expiration_date;policy_details.policy_number;policy_details.policyholder_name,,3352,0,18,0.0,0,"[""{\n  \""claim\"": {\n    \""claim_id\"": \""CLM-692408\"",\n    \""report_date\"": \""2025-08-19\"",\n    \""incident_date\"": \""2025-08-19\"",\n    \""reported_by\"": \""Lisa Garcia\"",\n    \""channel\"": \""Phone\"",\n    \""InsuredObject\"": {\n      \""object_id\"": \""PROP-12345678901234567\"",\n      \""object_type\"": \""Vehicle\"",\n      \""make_model\"": \""Ford\"",\n      \""year\"": 2017,\n      \""location_address\"": \""Birchwood Lane, Neighborhood\"",\n      \""estimated_value\"": 16433,\n      \""estimated_damage_amount\"": null\n    },\n    \""IncidentDescription\"": {\n      \""incident_type\"": \""Collision\"",\n      \""location_type\"": \""Road\"",\n      \""estimated_damage_amount\"": 2776,\n      \""police_report_number\"": \""PR-20250817-9170\"",\n      \""title\"": \""Incident Description\""\n    },\n    \""PolicyDetails\"": {\n      \""policy_number\"": \""POL-575631637\"",\n      \""policyholder_name\"": \""William Garcia\"",\n      \""coverage_type\"": \""Auto\"",\n      \""effective_date\"": \""2023-03-06\"",\n      \""expiration_date\"": \""2025-03-06\"",\n      \""InsuredObject\"": {\n        \""object_id\"": \""PROP-12345678901234567\"",\n        \""object_type\"": \""Vehicle\"",\n        \""make_model\"": \""Ford\"",\n        \""year\"": 2017,\n        \""location_address\"": \""Birchwood Lane, Neighborhood\"",\n        \""estimated_value\"": 16433,\n        \""estimated_damage_amount\"": null\n      },\n      \""InsuredObjects\"": [\n        {\n          \""object_id\"": \""PROP-12345678901234567\"",\n          \""object_type\"": \""Vehicle\"",\n          \""make_model\"": \""Ford\"",\n          \""year\"": 2017,\n          \""location_address\"": \""Birchwood Lane, Neighborhood\"",\n          \""estimated_value\"": 16433,\n          \""estimated_damage_amount\"": null\n        }\n      ],\n      \""PolicyDetails\"": {\n        \""policy_number\"": \""POL-575631637\"",\n        \""policyholder_name\"": \""William Garcia\"",\n        \""coverage_type\"": \""Auto\"",\n        \""effective_date\"": \""2023-03-06\"",\n        \""expiration_date\"": \""2025-03-06\"",\n        \""InsuredObject\"": {\n          \""object_id\"": \""PROP-12345678901234567\"",\n          \""object_type\"": \""Vehicle\"",\n          \""make_model\"": \""Ford\"",\n          \""year\"": 2017,\n          \""location_address\"": \""Birchwood Lane, Neighborhood\"",\n          \""estimated_value\"": 16433,\n          \""estimated_damage_amount\"": null\n        },\n        \""InsuredObjects\"": [\n          {\n            \""object_id\"": \""PROP-12345678901234567\"",\n            \""object_type\"": \""Vehicle\"",\n            \""make_model\"": \""Ford\"",\n            \""year\"": 2017,\n            \""location_address\"": \""Birchwood Lane, Neighborhood\"",\n            \""estimated_value\"": 16433,\n            \""estimated_damage_amount\"": null\n          }\n        ],\n        \""PolicyDetails\"": {\n          \""policy_number\"": \""POL-575631637\"",\n          \""policyholder_name\"": \""William Garcia\"",\n          \""coverage_type\"": \""Auto\"",\n          \""effective""]"
sola-json-sections,"StructuredOutputAdapter(output_mode=JSON, prompt_layout=SECTIONS)",insurance-claims-0010,parse_error,AdapterParseError,4.159611669980222,1,json_object,0,11,0.0,False,,header.channel;header.claim_id;header.incident_date;header.report_date;header.reported_by;incident_description.estimated_damage_amount;incident_description.incident_type;incident_description.location_type;incident_description.police_report_number;insured_objects;policy_details,,3230,0,9,0.0,0,"[""{\n  \""claim\"": {\n    \""claim_id\"": \""CLM-884860\"",\n    \""report_date\"": \""2025-09-04\"",\n    \""incident_date\"": \""2025-09-02\"",\n    \""reported_by\"": \""Michelle Brown\"",\n    \""channel\"": \""Email\"",\n    \""title\"": \""Incident Description\"",\n    \""IncidentDescription\"": {\n      \""incident_type\"": \""Unauthorized Entry\"",\n      \""location_type\"": \""Residential\"",\n      \""estimated_damage_amount\"": 15672,\n      \""police_report_number\"": \""PR-20250902-7037\"",\n      \""title\"": \""Incident Description\""\n    },\n    \""InsuredObject\"": {\n      \""object_id\"": \""OBJ-12345678901234567\"",\n      \""object_type\"": \""Equipment\"",\n      \""make_model\"": \""Not specified\"",\n      \""year\"": 2025,\n      \""location_address\"": \""123 Main St, Anytown, USA\"",\n      \""estimated_value\"": 16000\n    },\n    \""PolicyDetails\"": {\n      \""policy_number\"": \""POL-884860\"",\n      \""policyholder_name\"": \""Michelle Brown\"",\n      \""coverage_type\"": \""Property\"",\n      \""effective_date\"": \""2025-09-04\"",\n      \""expiration_date\"": \""2025-12-04\""\n    },\n    \""InsuredObjects\"": [\n      {\n        \""object_id\"": \""OBJ-12345678901234567\"",\n        \""object_type\"": \""Equipment\"",\n        \""make_model\"": \""Not specified\"",\n        \""year\"": 2025,\n        \""location_address\"": \""123 Main St, Anytown, USA\"",\n        \""estimated_value\"": 16000\n      }\n    ],\n    \""IncidentDescription\"": {\n      \""incident_type\"": \""Unauthorized Entry\"",\n      \""location_type\"": \""Residential\"",\n      \""estimated_damage_amount\"": 15672,\n      \""police_report_number\"": \""PR-20250902-7037\"",\n      \""title\"": \""Incident Description\""\n    },\n    \""PolicyDetails\"": {\n      \""policy_number\"": \""POL-884860\"",\n      \""policyholder_name\"": \""Michelle Brown\"",\n      \""coverage_type\"": \""Property\"",\n      \""effective_date\"": \""2025-09-04\"",\n      \""expiration_date\"": \""2025-12-04\""\n    },\n    \""InsuredObjects\"": [\n      {\n        \""object_id\"": \""OBJ-12345678901234567\"",\n        \""object_type\"": \""Equipment\"",\n        \""make_model\"": \""Not specified\"",\n        \""year\"": 2025,\n        \""location_address\"": \""123 Main St, Anytown, USA\"",\n        \""estimated_value\"": 16000\n      }\n    ],\n    \""PolicyDetails\"": {\n      \""policy_number\"": \""POL-884860\"",\n      \""policyholder_name\"": \""Michelle Brown\"",\n      \""coverage_type\"": \""Property\"",\n      \""effective_date\"": \""2025-09-04\"",\n      \""expiration_date\"": \""2025-12-04\""\n    },\n    \""InsuredObjects\"": [\n      {\n        \""object_id\"": \""OBJ-12345678901234567\"",\n        \""object_type\"": \""Equipment\"",\n        \""make_model\"": \""Not specified\"",\n        \""year\"": 2025,\n        \""location_address\"": \""123 Main St, Anytown, USA\"",\n        \""estimated_value\"": 16000\n      }\n    ],\n    \""PolicyDetails\"": {\n      \""policy_number\"": \""POL-884860\"",""]"
sola-json-sections,"StructuredOutputAdapter(output_mode=JSON, prompt_layout=SECTIONS)",insurance-claims-0011,validation_error,ValidationError,2.376018884999212,1,json_object,0,11,0.0,False,,header.channel;header.claim_id;header.incident_date;header.report_date;header.reported_by;incident_description.estimated_damage_amount;incident_description.incident_type;incident_description.location_type;incident_description.police_report_number;insured_objects;policy_details,,2803,0,8,0.0,0,"[""{\n  \""claim\"": {\n    \""claim_id\"": \""CLM-462584\"",\n    \""report_date\"": \""2025-08-26\"",\n    \""incident_date\"": \""2025-08-25\"",\n    \""reported_by\"": \""James Johnson\"",\n    \""channel\"": \""Email\"",\n    \""title\"": \""Incident Description\"",\n    \""IncidentDescription\"": {\n      \""incident_type\"": \""rear_end_collision\"",\n      \""location_type\"": \""shopping_center_lot\"",\n      \""estimated_damage_amount\"": 3038,\n      \""police_report_number\"": null,\n      \""title\"": \""Incident Description\""\n    },\n    \""InsuredObject\"": {\n      \""object_id\"": \""VIN12345678901234567\"",\n      \""object_type\"": \""vehicle\"",\n      \""make_model\"": \""unknown\"",\n      \""year\"": 2025,\n      \""location_address\"": \""shopping_center lot\"",\n      \""estimated_value\"": null,\n      \""title\"": \""InsuredObject\""\n    },\n    \""PolicyDetails\"": {\n      \""policy_number\"": \""POL-462584\"",\n      \""policyholder_name\"": \""James Johnson\"",\n      \""coverage_type\"": \""auto\"",\n      \""effective_date\"": \""2025-08-26\"",\n      \""expiration_date\"": \""2025-08-26\"",\n      \""title\"": \""PolicyDetails\""\n    },\n    \""InsuredObjects\"": [\n      {\n        \""object_id\"": \""VIN12345678901234567\"",\n        \""object_type\"": \""vehicle\"",\n        \""make_model\"": \""unknown\"",\n        \""year\"": 2025,\n        \""location_address\"": \""shopping_center lot\"",\n        \""estimated_value\"": null,\n        \""title\"": \""InsuredObject\""\n      }\n    ],\n    \""IncidentDescription\"": {\n      \""incident_type\"": \""rear_end_collision\"",\n      \""location_type\"": \""shopping_center_lot\"",\n      \""estimated_damage_amount\"": 3038,\n      \""police_report_number\"": null,\n      \""title\"": \""Incident Description\""\n    }\n  }\n}""]"
sola-json-sections,"StructuredOutputAdapter(output_mode=JSON, prompt_layout=SECTIONS)",insurance-claims-0012,validation_error,ValidationError,2.437703920993954,1,json_object,0,20,0.0,False,,header.channel;header.claim_id;header.incident_date;header.report_date;header.reported_by;incident_description.estimated_damage_amount;incident_description.incident_type;incident_description.location_type;incident_description.police_report_number;insured_objects[0].estimated_value;insured_objects[0].location_address;insured_objects[0].make_model;insured_objects[0].object_id;insured_objects[0].object_type;insured_objects[0].year;policy_details.coverage_type;policy_details.effective_date;policy_details.expiration_date;policy_details.policy_number;policy_details.policyholder_name,,2962,0,18,0.0,0,"[""{\n  \""claim\"": {\n    \""claim_id\"": \""CLM-834090\"",\n    \""report_date\"": \""2025-09-09\"",\n    \""incident_date\"": \""2023-09-09\"",\n    \""reported_by\"": \""Christopher Smith\"",\n    \""channel\"": \""Email\"",\n    \""title\"": \""Incident Description\"",\n    \""IncidentDescription\"": {\n      \""incident_type\"": \""roof damage\"",\n      \""location_type\"": \""roof\"",\n      \""estimated_damage_amount\"": 28390,\n      \""police_report_number\"": null,\n      \""title\"": \""Incident Description\""\n    },\n    \""InsuredObject\"": {\n      \""object_id\"": \""7050 Oak Ave\"",\n      \""object_type\"": \""Townhouse\"",\n      \""make_model\"": \""Not specified\"",\n      \""year\"": 2023,\n      \""location_address\"": \""7050 Oak Ave, Arlington\"",\n      \""estimated_value\"": 392607,\n      \""title\"": \""Insured Object\""\n    },\n    \""PolicyDetails\"": {\n      \""policy_number\"": \""POL-262724604\"",\n      \""policyholder_name\"": \""Christopher Smith\"",\n      \""coverage_type\"": \""Property\"",\n      \""effective_date\"": \""2024-05-01\"",\n      \""expiration_date\"": \""2025-10-29\"",\n      \""title\"": \""Policy Details\""\n    },\n    \""InsuredObjects\"": [\n      {\n        \""object_id\"": \""7050 Oak Ave\"",\n        \""object_type\"": \""Townhouse\"",\n        \""make_model\"": \""Not specified\"",\n        \""year\"": 2023,\n        \""location_address\"": \""7050 Oak Ave, Arlington\"",\n        \""estimated_value\"": 392607,\n        \""title\"": \""Insured Object\""\n      }\n    ],\n    \""IncidentDescription\"": {\n      \""incident_type\"": \""roof damage\"",\n      \""location_type\"": \""roof\"",\n      \""estimated_damage_amount\"": 28390,\n      \""police_report_number\"": null,\n      \""title\"": \""Incident Description\""\n    }\n  }\n}""]"
sola-json-sections,"StructuredOutputAdapter(output_mode=JSON, prompt_layout=SECTIONS)",insurance-claims-0013,validation_error,ValidationError,2.346275678020902,1,json_object,0,20,0.0,False,,header.channel;header.claim_id;header.incident_date;header.report_date;header.reported_by;incident_description.estimated_damage_amount;incident_description.incident_type;incident_description.location_type;incident_description.police_report_number;insured_objects[0].estimated_value;insured_objects[0].location_address;insured_objects[0].make_model;insured_objects[0].object_id;insured_objects[0].object_type;insured_objects[0].year;policy_details.coverage_type;policy_details.effective_date;policy_details.expiration_date;policy_details.policy_number;policy_details.policyholder_name,,2946,0,18,0.0,0,"[""{\n  \""claim\"": {\n    \""claim_id\"": \""CLM-696349\"",\n    \""report_date\"": \""2025-09-05\"",\n    \""incident_date\"": \""2025-09-04\"",\n    \""reported_by\"": \""Jennifer Miller\"",\n    \""channel\"": \""Phone\"",\n    \""title\"": \""Phone Call Log\"",\n    \""type\"": \""InsuranceClaim\""\n  },\n  \""IncidentDescription\"": {\n    \""incident_type\"": \""fire\"",\n    \""location_type\"": \""house\"",\n    \""estimated_damage_amount\"": 136734,\n    \""police_report_number\"": null,\n    \""title\"": \""IncidentDescription\""\n  },\n  \""InsuredObject\"": {\n    \""object_id\"": \""7400 Second Street\"",\n    \""object_type\"": \""residential_street\"",\n    \""make_model\"": null,\n    \""year\"": 2013,\n    \""location_address\"": \""7400 Second Street, Clayton\"",\n    \""estimated_value\"": null,\n    \""title\"": \""InsuredObject\""\n  },\n  \""PolicyDetails\"": {\n    \""policy_number\"": \""POL-285003271\"",\n    \""policyholder_name\"": \""Jennifer Miller\"",\n    \""coverage_type\"": \""Property\"",\n    \""effective_date\"": \""2024-12-13\"",\n    \""expiration_date\"": \""2026-12-12\"",\n    \""title\"": \""PolicyDetails\""\n  },\n  \""InsuredObjects\"": [\n    {\n      \""object_id\"": \""7400 Second Street\"",\n      \""object_type\"": \""residential_street\"",\n      \""make_model\"": null,\n      \""year\"": 2013,\n      \""location_address\"": \""7400 Second Street, Clayton\"",\n      \""estimated_value\"": null,\n      \""title\"": \""InsuredObject\""\n    }\n  ],\n  \""IncidentDescription\"": {\n    \""incident_type\"": \""fire\"",\n    \""location_type\"": \""house\"",\n    \""estimated_damage_amount\"": 136734,\n    \""police_report_number\"": null,\n    \""title\"": \""IncidentDescription\""\n  }\n}""]"
sola-json-sections,"StructuredOutputAdapter(output_mode=JSON, prompt_layout=SECTIONS)",insurance-claims-0014,validation_error,ValidationError,4.134185644012177,1,json_object,0,20,0.0,False,,header.channel;header.claim_id;header.incident_date;header.report_date;header.reported_by;incident_description.estimated_damage_amount;incident_description.incident_type;incident_description.location_type;incident_description.police_report_number;insured_objects[0].estimated_value;insured_objects[0].location_address;insured_objects[0].make_model;insured_objects[0].object_id;insured_objects[0].object_type;insured_objects[0].year;policy_details.coverage_type;policy_details.effective_date;policy_details.expiration_date;policy_details.policy_number;policy_details.policyholder_name,,2865,0,17,0.0,0,"[""{\n  \""claim\"": {\n    \""claim_id\"": \""CLM-405338\"",\n    \""report_date\"": \""2025-08-16\"",\n    \""incident_date\"": \""2024-09-25\"",\n    \""reported_by\"": \""James Smith\"",\n    \""channel\"": \""Email\"",\n    \""InsuredObject\"": {\n      \""object_id\"": \""VIN70413800966102220\"",\n      \""object_type\"": \""Honda CR-V\"",\n      \""year\"": 2017,\n      \""location_address\"": \""Harrison Avenue\"",\n      \""estimated_value\"": null,\n      \""make_model\"": \""Honda\"",\n      \""year\"": 2017,\n      \""location_address\"": \""Harrison Avenue\"",\n      \""estimated_value\"": null,\n      \""object_type\"": \""Vehicle\"",\n      \""make_model\"": \""Honda\"",\n      \""year\"": 2017,\n      \""location_address\"": \""Harrison Avenue\"",\n      \""estimated_value\"": null,\n      \""object_type\"": \""Vehicle\"",\n      \""make_model\"": \""Honda\"",\n      \""year\"": 2017,\n      \""location_address\"": \""Harrison Avenue\"",\n      \""estimated_value\"": null,\n      \""object_type\"": \""Vehicle\"",\n      \""make_model\"": \""Honda\"",\n      \""year\"": 2017,\n      \""location_address\"": \""Harrison Avenue\"",\n      \""estimated_value\"": null,\n      \""object_type\"": \""Vehicle\"",\n      \""make_model\"": \""Honda\"",\n      \""year\"": 2017,\n      \""location_address\"": \""Harrison Avenue\"",\n      \""estimated_value\"": null,\n      \""object_type\"": \""Vehicle\"",\n      \""make_model\"": \""Honda\"",\n      \""year\"": 2017,\n      \""location_address\"": \""Harrison Avenue\"",\n      \""estimated_value\"": null,\n      \""object_type\"": \""Vehicle\"",\n      \""make_model\"": \""Honda\"",\n      \""year\"": 2017,\n      \""location_address\"": \""Harrison Avenue\"",\n      \""estimated_value\"": null,\n      \""object_type\"": \""Vehicle\"",\n      \""make_model\"": \""Honda\"",\n      \""year\"": 2017,\n      \""location_address\"": \""Harrison Avenue\"",\n      \""estimated_value\"": null,\n      \""object_type\"": \""Vehicle\"",\n      \""make_model\"": \""Honda\"",\n      \""year\"": 2017,\n      \""location_address\"": \""Harrison Avenue\"",\n      \""estimated_value\"": null,\n      \""object_type\"": \""Vehicle\"",\n      \""make_model\"": \""Honda\"",\n      \""year\"": 2017,\n      \""location_address\"": \""Harrison Avenue\"",\n      \""estimated_value\"": null,\n      \""object_type\"": \""Vehicle\"",\n      \""make_model\"": \""Honda\"",\n      \""year\"": 2017,\n      \""location_address\"": \""Harrison Avenue\"",\n      \""estimated_value\"": null,\n      \""object_type\"": \""Vehicle\"",\n      \""make_model\"": \""Honda\"",\n      \""year\"": 2017,\n      \""location_address\"": \""Harrison Avenue\"",\n      \""estimated_value\"": null,\n      \""object_type\"": \""Vehicle\"",\n      \""make_model\"": \""Honda\"",\n      \""year\"": 2017,\n      \""location_address\"": \""Harrison Avenue\"",\n      \""estimated_value\"": null,\n      \""object_type\"": \""Vehicle\"",\n      \""make_model\"": \""Honda\"",\n      \""year\"": 2017,\n      \""location_address\"": \""Harrison Avenue\"",\n      \""estimated_value\"": null,\n      \""object_type\"": \""Vehicle\"",\n      \""make_model\"": \""Honda\"",\n      \""year\"": 2017,\n      \""location_address\"": \""Harrison Avenue\"",\n      \""estimated_value\"": null,\n      \""object_type""]"
sola-json-sections,"StructuredOutputAdapter(output_mode=JSON, prompt_layout=SECTIONS)",insurance-claims-0015,parse_error,AdapterParseError,4.243955078010913,1,json_object,0,20,0.0,False,,header.channel;header.claim_id;header.incident_date;header.report_date;header.reported_by;incident_description.estimated_damage_amount;incident_description.incident_type;incident_description.location_type;incident_description.police_report_number;insured_objects[0].estimated_value;insured_objects[0].location_address;insured_objects[0].make_model;insured_objects[0].object_id;insured_objects[0].object_type;insured_objects[0].year;policy_details.coverage_type;policy_details.effective_date;policy_details.expiration_date;policy_details.policy_number;policy_details.policyholder_name,,3278,0,19,0.0,0,"[""{\n  \""claim\"": {\n    \""claim_id\"": \""CLM-741209\"",\n    \""report_date\"": \""2025-09-08\"",\n    \""incident_date\"": \""2025-09-08\"",\n    \""reported_by\"": \""Karen Wilson\"",\n    \""channel\"": \""Email\"",\n    \""title\"": \""Incident Description\"",\n    \""IncidentDescription\"": {\n      \""incident_type\"": \""rear_end_collision\"",\n      \""location_type\"": \""intersection\"",\n      \""estimated_damage_amount\"": 4821,\n      \""police_report_number\"": \""PR-20250908-1289\"",\n      \""title\"": \""Incident Description\""\n    },\n    \""InsuredObject\"": {\n      \""object_id\"": \""VIN29384756109283745\"",\n      \""object_type\"": \""Vehicle\"",\n      \""make_model\"": \""Toyota\"",\n      \""year\"": 2018,\n      \""location_address\"": \""Main & Fifth\"",\n      \""estimated_value\"": 14000,\n      \""title\"": \""InsuredObject\""\n    },\n    \""PolicyDetails\"": {\n      \""policy_number\"": \""POL-811390245\"",\n      \""policyholder_name\"": \""Karen Wilson\"",\n      \""coverage_type\"": \""Car Insurance\"",\n      \""effective_date\"": \""2025-07-15\"",\n      \""expiration_date\"": \""2025-09-14\"",\n      \""title\"": \""PolicyDetails\""\n    },\n    \""InsuredObjects\"": [\n      {\n        \""object_id\"": \""VIN29384756109283745\"",\n        \""object_type\"": \""Vehicle\"",\n        \""make_model\"": \""Toyota\"",\n        \""year\"": 2018,\n        \""location_address\"": \""Main & Fifth\"",\n        \""estimated_value\"": 14000,\n        \""title\"": \""InsuredObject\""\n      }\n    ],\n    \""IncidentDescription\"": {\n      \""incident_type\"": \""rear_end_collision\"",\n      \""location_type\"": \""intersection\"",\n      \""estimated_damage_amount\"": 4821,\n      \""police_report_number\"": \""PR-20250908-1289\"",\n      \""title\"": \""Incident Description\""\n    },\n    \""PolicyDetails\"": {\n      \""policy_number\"": \""POL-811390245\"",\n      \""policyholder_name\"": \""Karen Wilson\"",\n      \""coverage_type\"": \""Car Insurance\"",\n      \""effective_date\"": \""2025-07-15\"",\n      \""expiration_date\"": \""2025-09-14\"",\n      \""title\"": \""PolicyDetails\""\n    },\n    \""InsuredObjects\"": [\n      {\n        \""object_id\"": \""VIN29384756109283745\"",\n        \""object_type\"": \""Vehicle\"",\n        \""make_model\"": \""Toyota\"",\n        \""year\"": 2018,\n        \""location_address\"": \""Main & Fifth\"",\n        \""estimated_value\"": 14000,\n        \""title\"": \""InsuredObject\""\n      }\n    ],\n    \""PolicyDetails\"": {\n      \""policy_number\"": \""POL-811390245\"",\n      \""policyholder_name\"": \""Karen Wilson\"",\n      \""coverage_type\"": \""Car Insurance\"",\n      \""effective_date\"": \""2025-07-15\"",\n      \""expiration_date\"": \""2025-09-14\"",\n      \""title\"": \""PolicyDetails\""\n    },\n    \""InsuredObjects\"": [\n      {\n        \""object_id\"": \""VIN29384756109283745\"",\n        \""object_type\"": \""Vehicle\"",\n        \""make_model\"": \""Toyota\"",\n        \""year\"": 2018""]"
sola-json-sections,"StructuredOutputAdapter(output_mode=JSON, prompt_layout=SECTIONS)",insurance-claims-0016,validation_error,ValidationError,3.367538318998413,1,json_object,0,20,0.0,False,,header.channel;header.claim_id;header.incident_date;header.report_date;header.reported_by;incident_description.estimated_damage_amount;incident_description.incident_type;incident_description.location_type;incident_description.police_report_number;insured_objects[0].estimated_value;insured_objects[0].location_address;insured_objects[0].make_model;insured_objects[0].object_id;insured_objects[0].object_type;insured_objects[0].year;policy_details.coverage_type;policy_details.effective_date;policy_details.expiration_date;policy_details.policy_number;policy_details.policyholder_name,,2883,0,20,0.0,0,"[""{\n  \""claim\"": {\n    \""claim_id\"": \""CLM-512907\"",\n    \""report_date\"": \""2025-09-11\"",\n    \""incident_date\"": \""2025-09-09\"",\n    \""reported_by\"": \""Anthony Martinez\"",\n    \""channel\"": \""Portal\"",\n    \""title\"": \""Storm Damage Claim\"",\n    \""IncidentDescription\"": {\n      \""incident_type\"": \""Storm Damage\"",\n      \""location_type\"": \""Residential Street\"",\n      \""estimated_damage_amount\"": null,\n      \""police_report_number\"": null,\n      \""title\"": \""Storm Damage Details\""\n    },\n    \""InsuredObject\"": {\n      \""object_id\"": \""8120 Lakeview Drive\"",\n      \""object_type\"": \""Residential Property\"",\n      \""make_model\"": null,\n      \""year\"": 1985,\n      \""location_address\"": \""8120 Lakeview Drive, Dayton, OH 45459\"",\n      \""estimated_value\"": null,\n      \""title\"": \""Insured Object\""\n    },\n    \""PolicyDetails\"": {\n      \""policy_number\"": \""POL-220941678\"",\n      \""policyholder_name\"": \""Anthony Martinez\"",\n      \""coverage_type\"": \""Property\"",\n      \""effective_date\"": \""2023-05-01\"",\n      \""expiration_date\"": \""2025-04-30\"",\n      \""title\"": \""Policy Details\""\n    },\n    \""InsuredObjects\"": [\n      {\n        \""object_id\"": \""PROP-819304\"",\n        \""object_type\"": \""Residential Property\"",\n        \""make_model\"": null,\n        \""year\"": 1985,\n        \""location_address\"": \""8120 Lakeview Drive, Dayton, OH 45459\"",\n        \""estimated_value\"": null,\n        \""title\"": \""Insured Object\""\n      }\n    ],\n    \""PolicyDetails\"": {\n      \""policy_number\"": \""POL-220941678\"",\n      \""policyholder_name\"": \""Anthony Martinez\"",\n      \""coverage_type\"": \""Property\"",\n      \""effective_date\"": \""2023-05-01\"",\n      \""expiration_date\"": \""2025-04-30\"",\n      \""title\"": \""Policy Details\""\n    },\n    \""InsuredObjects\"": [\n      {\n        \""object_id\"": \""PROP-819304\"",\n        \""object_type\"": \""Residential Property\"",\n        \""make_model\"": null,\n        \""year\"": 1985,\n        \""location_address\"": \""8120 Lakeview Drive, Dayton, OH 45459\"",\n        \""estimated_value\"": null,\n        \""title\"": \""Insured Object\""\n      }\n    ],\n    \""IncidentDescription\"": {\n      \""incident_type\"": \""Storm Damage\"",\n      \""location_type\"": \""Residential Street\"",\n      \""estimated_damage_amount\"": 18742,\n      \""police_report_number\"": \""PR-20250909-4432\"",\n      \""title\"": \""Storm Damage Details\""\n    }\n  }\n}""]"
sola-json-sections,"StructuredOutputAdapter(output_mode=JSON, prompt_layout=SECTIONS)",insurance-claims-0017,validation_error,ValidationError,2.9037994160025846,1,json_object,0,20,0.0,False,,header.channel;header.claim_id;header.incident_date;header.report_date;header.reported_by;incident_description.estimated_damage_amount;incident_description.incident_type;incident_description.location_type;incident_description.police_report_number;insured_objects[0].estimated_value;insured_objects[0].location_address;insured_objects[0].make_model;insured_objects[0].object_id;insured_objects[0].object_type;insured_objects[0].year;policy_details.coverage_type;policy_details.effective_date;policy_details.expiration_date;policy_details.policy_number;policy_details.policyholder_name,,2742,0,19,0.0,0,"[""{\n  \""claim\"": {\n    \""claim_id\"": \""CLM-624817\"",\n    \""report_date\"": \""2025-09-12\"",\n    \""incident_date\"": \""2025-09-12\"",\n    \""reported_by\"": \""Stephanie Clark\"",\n    \""channel\"": \""Email\"",\n    \""title\"": \""ClaimCLM-624817\"",\n    \""IncidentDescription\"": {\n      \""incident_type\"": \""rear_end_collision\"",\n      \""location_type\"": \""parking_lot\"",\n      \""estimated_damage_amount\"": 3172,\n      \""police_report_number\"": \""PR-20250911-9821\""\n    },\n    \""InsuredObject\"": {\n      \""object_id\"": \""12039485762194836\"",\n      \""object_type\"": \""Honda Accord\"",\n      \""make_model\"": \""2020\"",\n      \""year\"": 2020,\n      \""location_address\"": \""Safeway lot, row D\"",\n      \""estimated_value\"": 19500\n    },\n    \""PolicyDetails\"": {\n      \""policy_number\"": \""POL-573882014\"",\n      \""policyholder_name\"": \""Stephanie Clark\"",\n      \""coverage_type\"": \""Auto\"",\n      \""effective_date\"": \""2020-10-01\"",\n      \""expiration_date\"": \""2020-09-01\""\n    },\n    \""InsuredObjects\"": [\n      {\n        \""object_id\"": \""12039485762194836\"",\n        \""object_type\"": \""Honda Accord\"",\n        \""make_model\"": \""2020\"",\n        \""year\"": 2020,\n        \""location_address\"": \""Safeway lot, row D\"",\n        \""estimated_value\"": 19500\n      }\n    ],\n    \""IncidentDescription\"": {\n      \""incident_type\"": \""rear_end_collision\"",\n      \""location_type\"": \""parking_lot\"",\n      \""estimated_damage_amount\"": 3172,\n      \""police_report_number\"": \""PR-20250911-9821\""\n    }\n  },\n  \""claim_header\"": {\n    \""claim_id\"": \""CLM-624817\"",\n    \""report_date\"": \""2025-09-12\"",\n    \""incident_date\"": \""2025-09-12\"",\n    \""reported_by\"": \""Stephanie Clark\"",\n    \""channel\"": \""Email\"",\n    \""title\"": \""ClaimCLM-624817\"",\n    \""type\"": \""object\""\n  }\n}""]"
sola-json-sections,"StructuredOutputAdapter(output_mode=JSON, prompt_layout=SECTIONS)",insurance-claims-0018,validation_error,ValidationError,3.753930151986424,1,json_object,0,20,0.0,False,,header.channel;header.claim_id;header.incident_date;header.report_date;header.reported_by;incident_description.estimated_damage_amount;incident_description.incident_type;incident_description.location_type;incident_description.police_report_number;insured_objects[0].estimated_value;insured_objects[0].location_address;insured_objects[0].make_model;insured_objects[0].object_id;insured_objects[0].object_type;insured_objects[0].year;policy_details.coverage_type;policy_details.effective_date;policy_details.expiration_date;policy_details.policy_number;policy_details.policyholder_name,,2876,0,18,0.0,0,"[""{\n  \""claim\"": {\n    \""claim_id\"": \""CLM-205311\"",\n    \""report_date\"": \""2025-09-13\"",\n    \""incident_date\"": \""2025-09-12\"",\n    \""reported_by\"": \""Brian Lewis\"",\n    \""channel\"": \""Phone\"",\n    \""incident_description\"": {\n      \""incident_type\"": \""pipe burst\"",\n      \""location_type\"": \""upstairs bathroom\"",\n      \""estimated_damage_amount\"": 12187,\n      \""police_report_number\"": null,\n      \""title\"": \""Incident Description\""\n    },\n    \""insured_object\"": {\n      \""object_id\"": \""441 Oakwood Avenue\"",\n      \""object_type\"": \""Townhouse\"",\n      \""make_model\"": null,\n      \""year\"": 1978,\n      \""location_address\"": \""441 Oakwood Avenue, Buffalo, NY\"",\n      \""estimated_value\"": 389000,\n      \""title\"": \""Insured Object\""\n    },\n    \""policy_details\"": {\n      \""policy_number\"": \""POL-455372900\"",\n      \""policyholder_name\"": \""Brian Lewis\"",\n      \""coverage_type\"": \""property\"",\n      \""effective_date\"": \""2023-06-10\"",\n      \""expiration_date\"": \""2024-06-09\"",\n      \""title\"": \""Policy Details\""\n    },\n    \""insured_objects\"": [\n      {\n        \""object_id\"": \""441 Oakwood Avenue\"",\n        \""object_type\"": \""Townhouse\"",\n        \""make_model\"": null,\n        \""year\"": 1978,\n        \""location_address\"": \""441 Oakwood Avenue, Buffalo, NY\"",\n        \""estimated_value\"": 389000,\n        \""title\"": \""Insured Object\""\n      }\n    ],\n    \""properties\"": {\n      \""header\"": {\n        \""claim_id\"": \""CLM-205311\"",\n        \""report_date\"": \""2025-09-13\"",\n        \""incident_date\"": \""2025-09-12\"",\n        \""reported_by\"": \""Brian Lewis\"",\n        \""channel\"": \""Phone\"",\n        \""title\"": \""ClaimHeader\"",\n        \""type\"": \""object\""\n      },\n      \""policy_details\"": {\n        \""policy_number\"": \""POL-455372900\"",\n        \""policyholder_name\"": \""Brian Lewis\"",\n        \""coverage_type\"": \""property\"",\n        \""effective_date\"": \""2023-06-10\"",\n        \""expiration_date\"": \""2024-06-09\"",\n        \""title\"": \""PolicyDetails\"",\n        \""type\"": \""object\""\n      },\n      \""insured_objects\"": [\n        {\n          \""object_id\"": \""441 Oakwood Avenue\"",\n          \""object_type\"": \""Townhouse\"",\n          \""make_model\"": null,\n          \""year\"": 1978,\n          \""location_address\"": \""441 Oakwood Avenue, Buffalo, NY\"",\n          \""estimated_value\"": 389000,\n          \""title\"": \""Insured Object\""\n        }\n      ],\n      \""incident_description\"": {\n        \""incident_type\"": \""pipe burst\"",\n        \""location_type\"": \""upstairs bathroom\"",\n        \""estimated_damage_amount\"": 12187,\n        \""police_report_number\"": null,\n        \""title\"": \""IncidentDescription\""\n      }\n    }\n  }\n}""]"
sola-json-sections,"StructuredOutputAdapter(output_mode=JSON, prompt_layout=SECTIONS)",insurance-claims-0019,validation_error,ValidationError,1.4658591159968637,1,json_object,0,20,0.0,False,,header.channel;header.claim_id;header.incident_date;header.report_date;header.reported_by;incident_description.estimated_damage_amount;incident_description.incident_type;incident_description.location_type;incident_description.police_report_number;insured_objects[0].estimated_value;insured_objects[0].location_address;insured_objects[0].make_model;insured_objects[0].object_id;insured_objects[0].object_type;insured_objects[0].year;policy_details.coverage_type;policy_details.effective_date;policy_details.expiration_date;policy_details.policy_number;policy_details.policyholder_name,,2323,0,20,0.0,0,"[""{\n  \""claim\"": {\n    \""claim_id\"": \""CLM-930672\"",\n    \""report_date\"": \""2025-09-14\"",\n    \""incident_date\"": \""2025-09-13\"",\n    \""reported_by\"": \""Olivia White\"",\n    \""channel\"": \""In-Person\"",\n    \""InsuredObject\"": {\n      \""object_id\"": \""OBJ-982311\"",\n      \""object_type\"": \""Building\"",\n      \""make_model\"": \""982311\"",\n      \""year\"": 2005,\n      \""location_address\"": \""300 Market Street, Albany\"",\n      \""estimated_value\"": null,\n      \""estimated_damage_amount\"": null\n    },\n    \""PolicyDetails\"": {\n      \""policy_number\"": \""POL-668299345\"",\n      \""policyholder_name\"": \""Olivia White\"",\n      \""coverage_type\"": \""Liability\"",\n      \""effective_date\"": \""2024-01-20\"",\n      \""expiration_date\"": \""2026-01-19\""\n    },\n    \""IncidentDescription\"": {\n      \""incident_type\"": \""Slip and fall\"",\n      \""location_type\"": \""Lobby\"",\n      \""estimated_damage_amount\"": 8860,\n      \""police_report_number\"": null\n    }\n  }\n}""]"
sola-json-sections,"StructuredOutputAdapter(output_mode=JSON, prompt_layout=SECTIONS)",insurance-claims-0020,validation_error,ValidationError,2.736382107017562,1,json_object,0,20,0.0,False,,header.channel;header.claim_id;header.incident_date;header.report_date;header.reported_by;incident_description.estimated_damage_amount;incident_description.incident_type;incident_description.location_type;incident_description.police_report_number;insured_objects[0].estimated_value;insured_objects[0].location_address;insured_objects[0].make_model;insured_objects[0].object_id;insured_objects[0].object_type;insured_objects[0].year;policy_details.coverage_type;policy_details.effective_date;policy_details.expiration_date;policy_details.policy_number;policy_details.policyholder_name,,2677,0,19,0.0,0,"[""{\n  \""claim\"": {\n    \""claim_id\"": \""CLM-144512\"",\n    \""report_date\"": \""2025-09-15\"",\n    \""incident_date\"": \""2025-09-13\"",\n    \""reported_by\"": \""Daniel Evans\"",\n    \""channel\"": \""Portal\"",\n    \""incident_description\"": {\n      \""incident_type\"": \""Broadside collision\"",\n      \""location_type\"": \""Intersection\"",\n      \""estimated_damage_amount\"": 10322,\n      \""police_report_number\"": \""PR-20250913-3344\""\n    },\n    \""insured_object\"": {\n      \""object_id\"": \""VIN84930271645092834\"",\n      \""object_type\"": \""Truck\"",\n      \""make_model\"": \""Ford\"",\n      \""year\"": 2021,\n      \""location_address\"": \""Grant and Maple intersection\"",\n      \""estimated_value\"": 28400\n    },\n    \""policy_details\"": {\n      \""policy_number\"": \""POL-391047522\"",\n      \""policyholder_name\"": \""Daniel Evans\"",\n      \""coverage_type\"": \""Auto\"",\n      \""effective_date\"": \""2024-02-10\"",\n      \""expiration_date\"": \""2027-02-09\""\n    },\n    \""insured_objects\"": [\n      {\n        \""object_id\"": \""VIN84930271645092834\"",\n        \""object_type\"": \""Truck\"",\n        \""make_model\"": \""Ford\"",\n        \""year\"": 2021,\n        \""location_address\"": \""Grant and Maple intersection\"",\n        \""estimated_value\"": 28400\n      }\n    ],\n    \""policy_number\"": \""POL-391047522\"",\n    \""policyholder_name\"": \""Daniel Evans\"",\n    \""coverage_type\"": \""Auto\"",\n    \""effective_date\"": \""2024-02-10\"",\n    \""expiration_date\"": \""2027-02-09\""\n  },\n  \""claim_header\"": {\n    \""claim_id\"": \""CLM-144512\"",\n    \""report_date\"": \""2025-09-15\"",\n    \""incident_date\"": \""2025-09-13\"",\n    \""reported_by\"": \""Daniel Evans\"",\n    \""channel\"": \""Portal\"",\n    \""title\"": \""Incident Description\"",\n    \""type\"": \""object\""\n  }\n}""]"
sola-json-sections,"StructuredOutputAdapter(output_mode=JSON, prompt_layout=SECTIONS)",insurance-claims-0021,validation_error,ValidationError,2.6187029010034166,1,json_object,0,26,0.0,False,,header.channel;header.claim_id;header.incident_date;header.report_date;header.reported_by;incident_description.estimated_damage_amount;incident_description.incident_type;incident_description.location_type;incident_description.police_report_number;insured_objects[0].estimated_value;insured_objects[0].location_address;insured_objects[0].make_model;insured_objects[0].object_id;insured_objects[0].object_type;insured_objects[0].year;insured_objects[1].estimated_value;insured_objects[1].location_address;insured_objects[1].make_model;insured_objects[1].object_id;insured_objects[1].object_type;insured_objects[1].year;policy_details.coverage_type;policy_details.effective_date;policy_details.expiration_date;policy_details.policy_number;policy_details.policyholder_name,,2703,0,24,0.0,0,"[""{\n  \""claim\"": {\n    \""claim_id\"": \""CLM-772093\"",\n    \""report_date\"": \""2025-09-16\"",\n    \""incident_date\"": \""2025-09-15\"",\n    \""reported_by\"": \""Laura Adams\"",\n    \""channel\"": \""Email\"",\n    \""title\"": \""Accident Report\"",\n    \""IncidentDescription\"": {\n      \""incident_type\"": \""rear_end_collision\"",\n      \""location_type\"": \""interstate\"",\n      \""estimated_damage_amount\"": 6321,\n      \""police_report_number\"": \""PR-20250915-4419\"",\n      \""title\"": \""Incident Description\""\n    },\n    \""InsuredObject\"": {\n      \""object_id\"": \""VIN98123746509283746\"",\n      \""object_type\"": \""Vehicle\"",\n      \""make_model\"": \""Subaru\"",\n      \""year\"": 2019,\n      \""location_address\"": \""Interstate 80\"",\n      \""estimated_value\"": 17350,\n      \""title\"": \""Insured Object\""\n    },\n    \""PolicyDetails\"": {\n      \""policy_number\"": \""POL-119384756\"",\n      \""policyholder_name\"": \""Laura Adams\"",\n      \""coverage_type\"": \""Auto\"",\n      \""effective_date\"": \""05-Nov-2023\"",\n      \""expiration_date\"": \""04-Nov-2025\"",\n      \""title\"": \""Policy Details\"",\n      \""type\"": \""Policy Details\""\n    },\n    \""InsuredObjects\"": [\n      {\n        \""object_id\"": \""VIN29384756109283744\"",\n        \""object_type\"": \""Vehicle\"",\n        \""make_model\"": \""Toyota\"",\n        \""year\"": 2017,\n        \""location_address\"": \""Home\"",\n        \""estimated_value\"": 11200,\n        \""title\"": \""Insured Object\""\n      }\n    ],\n    \""PolicyPrintout\"": {\n      \""policy_number\"": \""POLICY-119384756\"",\n      \""holder_name\"": \""Laura Adams\"",\n      \""coverage_type\"": \""Auto\"",\n      \""effective_date\"": \""05-Nov-2023\"",\n      \""expiration_date\"": \""04-Nov-2025\"",\n      \""title\"": \""Policy Printout\"",\n      \""type\"": \""Policy Printout\""\n    }\n  }\n}""]"
sola-json-sections,"StructuredOutputAdapter(output_mode=JSON, prompt_layout=SECTIONS)",insurance-claims-0022,validation_error,ValidationError,2.892653335002251,1,json_object,0,20,0.0,False,,header.channel;header.claim_id;header.incident_date;header.report_date;header.reported_by;incident_description.estimated_damage_amount;incident_description.incident_type;incident_description.location_type;incident_description.police_report_number;insured_objects[0].estimated_value;insured_objects[0].location_address;insured_objects[0].make_model;insured_objects[0].object_id;insured_objects[0].object_type;insured_objects[0].year;policy_details.coverage_type;policy_details.effective_date;policy_details.expiration_date;policy_details.policy_number;policy_details.policyholder_name,,2689,0,19,0.0,0,"[""{\n  \""claim\"": {\n    \""claim_id\"": \""CLM-390871\"",\n    \""report_date\"": \""2025-09-17\"",\n    \""incident_date\"": \""2025-09-14\"",\n    \""reported_by\"": \""Ethan Walker\"",\n    \""channel\"": \""In-Person\"",\n    \""title\"": \""Front Desk Intake Log — 2025-09-17\"",\n    \""IncidentDescription\"": {\n      \""incident_type\"": \""fire\"",\n      \""location_type\"": \""kitchen\"",\n      \""estimated_damage_amount\"": null,\n      \""police_report_number\"": null,\n      \""title\"": \""IncidentDescription\""\n    },\n    \""InsuredObject\"": {\n      \""object_id\"": \""1920 Pinecrest Ln\"",\n      \""object_type\"": \""Single Family Home\"",\n      \""make_model\"": null,\n      \""year\"": 1992,\n      \""location_address\"": \""1920 Pinecrest Ln, Toledo OH\"",\n      \""estimated_value\"": null,\n      \""title\"": \""InsuredObject\""\n    },\n    \""PolicyDetails\"": {\n      \""policy_number\"": \""POL-702193847\"",\n      \""policyholder_name\"": \""Ethan Walker\"",\n      \""coverage_type\"": \""Property\"",\n      \""effective_date\"": \""2024-08-01\"",\n      \""expiration_date\"": \""2025-07-31\"",\n      \""title\"": \""PolicyDetails\""\n    },\n    \""InsuredObjects\"": [\n      {\n        \""object_id\"": \""1920 Pinecrest Ln\"",\n        \""object_type\"": \""Single Family Home\"",\n        \""make_model\"": null,\n        \""year\"": 1992,\n        \""location_address\"": \""1920 Pinecrest Ln, Toledo OH\"",\n        \""estimated_value\"": null,\n        \""title\"": \""InsuredObject\""\n      }\n    ],\n    \""PolicySummary\"": {\n      \""policy_number\"": \""12345678901234567\"",\n      \""policyholder_name\"": \""Ethan Walker\"",\n      \""coverage_type\"": \""Property\"",\n      \""effective_date\"": \""2024-08-01\"",\n      \""expiration_date\"": \""2025-07-31\"",\n      \""title\"": \""PolicySummary\""\n    },\n    \""IntakeOfficerComments\"": {\n      \""claim_reported_in_person\"": true,\n      \""policyholder_appears_nervous\"": true,\n      \""provided_insurance_documents\"": true,\n      \""provided_receipts_and_fire_department_incident_summary\"": true,\n      \""will_upload_scan\"": true,\n      \""title\"": \""Intake Officer Comments\""\n    }\n  }\n}""]"
sola-json-sections,"StructuredOutputAdapter(output_mode=JSON, prompt_layout=SECTIONS)",insurance-claims-0023,validation_error,ValidationError,3.4054814809933305,1,json_object,0,20,0.0,False,,header.channel;header.claim_id;header.incident_date;header.report_date;header.reported_by;incident_description.estimated_damage_amount;incident_description.incident_type;incident_description.location_type;incident_description.police_report_number;insured_objects[0].estimated_value;insured_objects[0].location_address;insured_objects[0].make_model;insured_objects[0].object_id;insured_objects[0].object_type;insured_objects[0].year;policy_details.coverage_type;policy_details.effective_date;policy_details.expiration_date;policy_details.policy_number;policy_details.policyholder_name,,2754,0,18,0.0,0,"[""{\n  \""claim\"": {\n    \""claim_id\"": \""CLM-551092\"",\n    \""report_date\"": \""2025-09-18\"",\n    \""incident_date\"": \""2025-09-16\"",\n    \""reported_by\"": \""Rachel Green\"",\n    \""channel\"": \""Phone\"",\n    \""incident_description\"": {\n      \""incident_type\"": \""roof collapse\"",\n      \""location_type\"": \""upstairs bedroom\"",\n      \""estimated_damage_amount\"": 8237,\n      \""police_report_number\"": null\n    },\n    \""insured_object\"": {\n      \""object_id\"": \""PROP-551092\"",\n      \""object_type\"": \""Building\"",\n      \""make_model\"": \""2008 townhouse\"",\n      \""year\"": 2008,\n      \""location_address\"": \""621 Brookside Ct, Madison\"",\n      \""estimated_value\"": 314000\n    },\n    \""policy_details\"": {\n      \""policy_number\"": \""POL-509238176\"",\n      \""policyholder_name\"": \""Rachel Green\"",\n      \""coverage_type\"": \""Property\"",\n      \""effective_date\"": \""2024-05-12\"",\n      \""expiration_date\"": \""2026-05-12\""\n    },\n    \""insured_objects\"": [\n      {\n        \""object_id\"": \""PROP-551092\"",\n        \""object_type\"": \""Building\"",\n        \""make_model\"": \""2008 townhouse\"",\n        \""year\"": 2008,\n        \""location_address\"": \""621 Brookside Ct, Madison\"",\n        \""estimated_value\"": 314000\n      }\n    ],\n    \""properties\"": {\n      \""header\"": {\n        \""claim_id\"": \""CLM-551092\"",\n        \""report_date\"": \""2025-09-18\"",\n        \""incident_date\"": \""2025-09-16\"",\n        \""reported_by\"": \""Rachel Green\"",\n        \""channel\"": \""Phone\"",\n        \""title\"": \""Phone log\"",\n        \""type\"": \""object\""\n      },\n      \""policy_details\"": {\n        \""policy_number\"": \""POL-509238176\"",\n        \""policyholder_name\"": \""Rachel Green\"",\n        \""coverage_type\"": \""Property\"",\n        \""effective_date\"": \""2024-05-12\"",\n        \""expiration_date\"": \""2026-05-12\""\n      },\n      \""insured_objects\"": [\n        {\n          \""object_id\"": \""PROP-551092\"",\n          \""object_type\"": \""Building\"",\n          \""make_model\"": \""2008 townhouse\"",\n          \""year\"": 2008,\n          \""location_address\"": \""621 Brookside Ct, Madison\"",\n          \""estimated_value\"": 314000\n        }\n      ],\n      \""incident_description\"": {\n        \""incident_type\"": \""roof collapse\"",\n        \""location_type\"": \""upstairs bedroom\"",\n        \""estimated_damage_amount\"": 8237,\n        \""police_report_number\"": null\n      }\n    }\n  }\n}""]"
sola-json-sections,"StructuredOutputAdapter(output_mode=JSON, prompt_layout=SECTIONS)",insurance-claims-0024,validation_error,ValidationError,2.331427541008452,1,json_object,0,20,0.0,False,,header.channel;header.claim_id;header.incident_date;header.report_date;header.reported_by;incident_description.estimated_damage_amount;incident_description.incident_type;incident_description.location_type;incident_description.police_report_number;insured_objects[0].estimated_value;insured_objects[0].location_address;insured_objects[0].make_model;insured_objects[0].object_id;insured_objects[0].object_type;insured_objects[0].year;policy_details.coverage_type;policy_details.effective_date;policy_details.expiration_date;policy_details.policy_number;policy_details.policyholder_name,,2540,0,19,0.0,0,"[""{\n  \""claim\"": {\n    \""claim_id\"": \""CLM-229871\"",\n    \""report_date\"": \""2025-09-20\"",\n    \""incident_date\"": \""2025-09-18\"",\n    \""reported_by\"": \""Olivia Carter\"",\n    \""channel\"": \""Email\"",\n    \""title\"": \""Phone Call\"",\n    \""InsuredObject\"": {\n      \""object_id\"": \""77889900112233445\"",\n      \""object_type\"": \""2020 Mazda CX-5\"",\n      \""make_model\"": \""Mazda\"",\n      \""year\"": \""2020\"",\n      \""location_address\"": \""Willow and Grant intersection\"",\n      \""estimated_value\"": null\n    },\n    \""IncidentDescription\"": {\n      \""incident_type\"": \""side impact collision\"",\n      \""location_type\"": \""intersection\"",\n      \""estimated_damage_amount\"": 7800,\n      \""police_report_number\"": \""PR-20250918-8821\""\n    },\n    \""PolicyDetails\"": {\n      \""policy_number\"": \""POL-667198234\"",\n      \""policyholder_name\"": \""Olivia Carter\"",\n      \""coverage_type\"": \""Property\"",\n      \""effective_date\"": \""2025-10-10\"",\n      \""expiration_date\"": \""2026-10-10\""\n    },\n    \""InsuredObjects\"": [\n      {\n        \""object_id\"": \""77889900112233445\"",\n        \""object_type\"": \""2020 Mazda CX-5\"",\n        \""make_model\"": \""Mazda\"",\n        \""year\"": \""2020\"",\n        \""location_address\"": \""Willow and Grant intersection\"",\n        \""estimated_value\"": null\n      }\n    ],\n    \""IncidentDescription\"": {\n      \""incident_type\"": \""side impact collision\"",\n      \""location_type\"": \""intersection\"",\n      \""estimated_damage_amount\"": 7800,\n      \""police_report_number\"": \""PR-20250918-8821\""\n    }\n  }\n}""]"
sola-json-sections,"StructuredOutputAdapter(output_mode=JSON, prompt_layout=SECTIONS)",insurance-claims-0025,validation_error,ValidationError,2.2935185540118255,1,json_object,0,11,0.0,False,,header.channel;header.claim_id;header.incident_date;header.report_date;header.reported_by;incident_description.estimated_damage_amount;incident_description.incident_type;incident_description.location_type;incident_description.police_report_number;insured_objects;policy_details,,2535,0,6,0.0,0,"[""{\n  \""claim\"": {\n    \""claim_id\"": \""POL-12345678901234567\"",\n    \""report_date\"": \""2025-09-21\"",\n    \""incident_date\"": \""2025-09-20\"",\n    \""reported_by\"": \""Mark Evans\"",\n    \""channel\"": \""Phone\"",\n    \""incident_description\"": {\n      \""incident_type\"": \""Slip and Fall\"",\n      \""location_type\"": \""Shop\"",\n      \""estimated_damage_amount\"": null,\n      \""police_report_number\"": null,\n      \""title\"": \""Slip and Fall Incident\""\n    },\n    \""insured_object\"": {\n      \""object_id\"": \""12345678901234567\"",\n      \""object_type\"": \""Shop\"",\n      \""make_model\"": null,\n      \""year\"": null,\n      \""location_address\"": \""1220 Main Street, Bakery\"",\n      \""estimated_value\"": null,\n      \""title\"": \""Shop\""\n    },\n    \""policy_details\"": {\n      \""policy_number\"": \""POL-12345678901234567\"",\n      \""policyholder_name\"": \""Mark Evans\"",\n      \""coverage_type\"": \""Property\"",\n      \""effective_date\"": \""2025-09-21\"",\n      \""expiration_date\"": null,\n      \""title\"": \""Policy Details\""\n    },\n    \""insured_objects\"": [\n      {\n        \""object_id\"": \""12345678901234567\"",\n        \""object_type\"": \""Shop\"",\n        \""make_model\"": null,\n        \""year\"": null,\n        \""location_address\"": \""1220 Main Street, Bakery\"",\n        \""estimated_value\"": null,\n        \""title\"": \""Shop\""\n      }\n    ],\n    \""incident_description\"": {\n      \""incident_type\"": \""Slip and Fall\"",\n      \""location_type\"": \""Shop\"",\n      \""estimated_damage_amount\"": null,\n      \""police_report_number\"": null,\n      \""title\"": \""Slip and Fall Incident\""\n    }\n  }\n}""]"
sola-json-sections,"StructuredOutputAdapter(output_mode=JSON, prompt_layout=SECTIONS)",insurance-claims-0026,validation_error,ValidationError,2.3611395320040174,1,json_object,0,20,0.0,False,,header.channel;header.claim_id;header.incident_date;header.report_date;header.reported_by;incident_description.estimated_damage_amount;incident_description.incident_type;incident_description.location_type;incident_description.police_report_number;insured_objects[0].estimated_value;insured_objects[0].location_address;insured_objects[0].make_model;insured_objects[0].object_id;insured_objects[0].object_type;insured_objects[0].year;policy_details.coverage_type;policy_details.effective_date;policy_details.expiration_date;policy_details.policy_number;policy_details.policyholder_name,,2488,0,17,0.0,0,"[""{\n  \""claim\"": {\n    \""claim_id\"": \""CLM-320198\"",\n    \""report_date\"": \""2025-09-21\"",\n    \""incident_date\"": \""2025-09-20\"",\n    \""reported_by\"": \""Susan Lee\"",\n    \""channel\"": \""Email\"",\n    \""incident_description\"": {\n      \""incident_type\"": \""side_impact_collision\"",\n      \""location_type\"": \""parking_lot\"",\n      \""estimated_damage_amount\"": 2100,\n      \""police_report_number\"": null,\n      \""title\"": \""Incident Description\""\n    },\n    \""insured_object\"": {\n      \""object_id\"": \""88776655443322110\"",\n      \""object_type\"": \""Vehicle\"",\n      \""make_model\"": \""Subaru\"",\n      \""year\"": 2015,\n      \""location_address\"": \""Grocery Store\"",\n      \""estimated_value\"": null,\n      \""title\"": \""Insured Object\""\n    },\n    \""policy_details\"": {\n      \""policy_number\"": \""POL-481992330\"",\n      \""policyholder_name\"": \""Susan Lee\"",\n      \""coverage_type\"": \""Auto\"",\n      \""effective_date\"": \""2024-09-22\"",\n      \""expiration_date\"": \""2025-09-21\"",\n      \""title\"": \""Policy Details\""\n    },\n    \""insured_objects\"": [\n      {\n        \""object_id\"": \""88776655443322110\"",\n        \""object_type\"": \""Vehicle\"",\n        \""make_model\"": \""Subaru\"",\n        \""year\"": 2015,\n        \""location_address\"": \""Grocery Store\"",\n        \""estimated_value\"": null,\n        \""title\"": \""Insured Object\""\n      }\n    ],\n    \""policy_number\"": \""POL-481992330\"",\n    \""policyholder_name\"": \""Susan Lee\"",\n    \""coverage_type\"": \""Auto\"",\n    \""effective_date\"": \""2024-09-22\"",\n    \""expiration_date\"": \""2025-09-21\"",\n    \""title\"": \""Policy Details\""\n  }\n}""]"
sola-json-sections,"StructuredOutputAdapter(output_mode=JSON, prompt_layout=SECTIONS)",insurance-claims-0027,validation_error,ValidationError,3.5929851309920195,1,json_object,0,20,0.0,False,,header.channel;header.claim_id;header.incident_date;header.report_date;header.reported_by;incident_description.estimated_damage_amount;incident_description.incident_type;incident_description.location_type;incident_description.police_report_number;insured_objects[0].estimated_value;insured_objects[0].location_address;insured_objects[0].make_model;insured_objects[0].object_id;insured_objects[0].object_type;insured_objects[0].year;policy_details.coverage_type;policy_details.effective_date;policy_details.expiration_date;policy_details.policy_number;policy_details.policyholder_name,,2817,0,15,0.0,0,"[""{\n  \""claim\"": {\n    \""claim_id\"": \""CLM-440882\"",\n    \""report_date\"": \""2025-09-22\"",\n    \""incident_date\"": \""2025-09-22\"",\n    \""reported_by\"": \""George Clark\"",\n    \""channel\"": \""Phone\"",\n    \""incident_description\"": {\n      \""incident_type\"": \""rear_end_collision\"",\n      \""location_type\"": \""intersection\"",\n      \""estimated_damage_amount\"": null,\n      \""police_report_number\"": null,\n      \""title\"": \""Incident Description\""\n    },\n    \""insured_object\"": {\n      \""object_id\"": \""VIN6554\"",\n      \""object_type\"": \""Vehicle\"",\n      \""make_model\"": \""Ford or Mazda\"",\n      \""year\"": 1999,\n      \""location_address\"": \""Maple Street, near George Clark's house\"",\n      \""estimated_value\"": null,\n      \""title\"": \""Insured Object\""\n    },\n    \""policy_details\"": {\n      \""policy_number\"": \""POL-998734221\"",\n      \""policyholder_name\"": \""George Clark\"",\n      \""coverage_type\"": \""Auto\"",\n      \""effective_date\"": \""2025-11-15\"",\n      \""expiration_date\"": \""2025-11-14\"",\n      \""title\"": \""Policy Details\""\n    },\n    \""insured_objects\"": [\n      {\n        \""object_id\"": \""VIN6554\"",\n        \""object_type\"": \""Vehicle\"",\n        \""make_model\"": \""Ford or Mazda\"",\n        \""year\"": 1999,\n        \""location_address\"": \""Maple Street, near George Clark's house\"",\n        \""estimated_value\"": null,\n        \""title\"": \""Insured Object\""\n      }\n    ],\n    \""properties\"": {\n      \""header\"": {\n        \""claim_id\"": \""CLM-440882\"",\n        \""report_date\"": \""2025-09-22\"",\n        \""incident_date\"": \""2025-09-22\"",\n        \""reported_by\"": \""George Clark\"",\n        \""channel\"": \""Phone\"",\n        \""title\"": \""Claim Header\"",\n        \""type\"": \""object\""\n      },\n      \""policy_details\"": {\n        \""policy_number\"": \""POL-998734221\"",\n        \""policyholder_name\"": \""George Clark\"",\n        \""coverage_type\"": \""Auto\"",\n        \""effective_date\"": \""2025-11-15\"",\n        \""expiration_date\"": \""2025-11-14\"",\n        \""title\"": \""Policy Details\"",\n        \""type\"": \""object\""\n      },\n      \""insured_objects\"": {\n        \""object_id\"": \""VIN6554\"",\n        \""object_type\"": \""Vehicle\"",\n        \""make_model\"": \""Ford or Mazda\"",\n        \""year\"": 1999,\n        \""location_address\"": \""Maple Street, near George Clark's house\"",\n        \""estimated_value\"": null,\n        \""title\"": \""Insured Objects\"",\n        \""type\"": \""object\""\n      },\n      \""incident_description\"": {\n        \""incident_type\"": \""rear_end_collision\"",\n        \""location_type\"": \""intersection\"",\n        \""estimated_damage_amount\"": null,\n        \""police_report_number\"": null,\n        \""title\"": \""Incident Description\"",\n        \""type\"": \""object\""\n      }\n    }\n  }\n}""]"
sola-json-sections,"StructuredOutputAdapter(output_mode=JSON, prompt_layout=SECTIONS)",insurance-claims-0028,validation_error,ValidationError,1.988492414006032,1,json_object,0,20,0.0,False,,header.channel;header.claim_id;header.incident_date;header.report_date;header.reported_by;incident_description.estimated_damage_amount;incident_description.incident_type;incident_description.location_type;incident_description.police_report_number;insured_objects[0].estimated_value;insured_objects[0].location_address;insured_objects[0].make_model;insured_objects[0].object_id;insured_objects[0].object_type;insured_objects[0].year;policy_details.coverage_type;policy_details.effective_date;policy_details.expiration_date;policy_details.policy_number;policy_details.policyholder_name,,2396,0,19,0.0,0,"[""{\n  \""claim\"": {\n    \""claim_id\"": \""CLM-773011\"",\n    \""report_date\"": \""19-SEP-2025\"",\n    \""incident_date\"": \""17-SEP-2025\"",\n    \""reported_by\"": \""Patricia (Patricia) Adams\"",\n    \""channel\"": \""Email\"",\n    \""InsuredObject\"": {\n      \""object_id\"": \""PROP-223190\"",\n      \""object_type\"": \""Single Family Home\"",\n      \""make_model\"": \""Built 1975\"",\n      \""year\"": 1975,\n      \""location_address\"": \""4501 Ashwood Dr, Salem\"",\n      \""estimated_value\"": 289000,\n      \""estimated_damage_amount\"": 13240\n    },\n    \""Insured\"": {\n      \""object_id\"": \""PROP-223190\"",\n      \""object_type\"": \""Single Family Home\"",\n      \""make_model\"": \""Built 1975\"",\n      \""year\"": 1975,\n      \""location_address\"": \""4501 Ashwood Dr, Salem\"",\n      \""estimated_value\"": 289000,\n      \""estimated_damage_amount\"": 13240\n    },\n    \""PolicyDetails\"": {\n      \""policy_number\"": \""POL-55432I090\"",\n      \""policyholder_name\"": \""Patricia (Patricia) Adams\"",\n      \""coverage_type\"": \""Property\"",\n      \""effective_date\"": \""01-02-2024\"",\n      \""expiration_date\"": \""31-01-2025\""\n    },\n    \""IncidentDescription\"": {\n      \""incident_type\"": \""burst P!pe\"",\n      \""location_type\"": \""Burst Pipe\"",\n      \""estimated_damage_amount\"": 13240,\n      \""police_report_number\"": null\n    }\n  }\n}""]"
sola-json-sections,"StructuredOutputAdapter(output_mode=JSON, prompt_layout=SECTIONS)",insurance-claims-0029,parse_error,AdapterParseError,4.016416637983639,1,json_object,0,20,0.0,False,,header.channel;header.claim_id;header.incident_date;header.report_date;header.reported_by;incident_description.estimated_damage_amount;incident_description.incident_type;incident_description.location_type;incident_description.police_report_number;insured_objects[0].estimated_value;insured_objects[0].location_address;insured_objects[0].make_model;insured_objects[0].object_id;insured_objects[0].object_type;insured_objects[0].year;policy_details.coverage_type;policy_details.effective_date;policy_details.expiration_date;policy_details.policy_number;policy_details.policyholder_name,,2856,0,18,0.0,0,"[""{\n  \""claim\"": {\n    \""claim_id\"": \""CLM-664028\"",\n    \""report_date\"": \""2025-09-23\"",\n    \""incident_date\"": \""2025-09-22\"",\n    \""reported_by\"": \""Emily Johnson\"",\n    \""channel\"": \""Portal\"",\n    \""title\"": \""Portal claim form auto-generated: 2025-09-23\"",\n    \""IncidentDescription\"": {\n      \""incident_type\"": \""Slip and fall\"",\n      \""location_type\"": \""Retail shop\"",\n      \""estimated_damage_amount\"": null,\n      \""police_report_number\"": null,\n      \""title\"": \""IncidentDescription\""\n    },\n    \""InsuredObject\"": {\n      \""object_id\"": \""9900 Commerce Blvd\"",\n      \""object_type\"": \""Building\"",\n      \""make_model\"": null,\n      \""year\"": 2011,\n      \""location_address\"": \""9900 Commerce Blvd\"",\n      \""estimated_value\"": null,\n      \""title\"": \""InsuredObject\""\n    },\n    \""PolicyDetails\"": {\n      \""policy_number\"": \""POL-776542109\"",\n      \""policyholder_name\"": \""Not specified\"",\n      \""coverage_type\"": \""Liability\"",\n      \""effective_date\"": \""2023-10-06\"",\n      \""expiration_date\"": \""2026-09-06\"",\n      \""title\"": \""PolicyDetails\""\n    },\n    \""InsuredObjects\"": [\n      {\n        \""object_id\"": \""9900 Commerce Blvd\"",\n        \""object_type\"": \""Building\"",\n        \""make_model\"": null,\n        \""year\"": 2011,\n        \""location_address\"": \""9900 Commerce Blvd\"",\n        \""estimated_value\"": null,\n        \""title\"": \""InsuredObject\""\n      }\n    ],\n    \""PolicyDetails\"": {\n      \""policy_number\"": \""POL-776542109\"",\n      \""policyholder_name\"": \""Not specified\"",\n      \""coverage_type\"": \""Liability\"",\n      \""effective_date\"": \""2023-10-06\"",\n      \""expiration_date\"": \""2026-09-06\"",\n      \""title\"": \""PolicyDetails\""\n    },\n    \""InsuredObjects\"": [\n      {\n        \""object_id\"": \""9900 Commerce Blvd\"",\n        \""object_type\"": \""Building\"",\n        \""make_model\"": null,\n        \""year\"": 2011,\n        \""location_address\"": \""9900 Commerce Blvd\"",\n        \""estimated_value\"": null,\n        \""title\"": \""InsuredObject\""\n      }\n    ],\n    \""PolicyDetails\"": {\n      \""policy_number\"": \""POL-776542109\"",\n      \""policyholder_name\"": \""Not specified\"",\n      \""coverage_type\"": \""Liability\"",\n      \""effective_date\"": \""2023-10-06\"",\n      \""expiration_date\"": \""2026-09-06\"",\n      \""title\"": \""PolicyDetails\""\n    },\n    \""InsuredObjects\"": [\n      {\n        \""object_id\"": \""9900 Commerce Blvd\"",\n        \""object_type\"": \""Building\"",\n        \""make_model\"": null,\n        \""year\"": 2011,\n        \""location_address\"": \""9900 Commerce Blvd\"",\n        \""estimated_value\"": null,\n        \""title\"": \""InsuredObject\""\n      }\n    ],\n    \""PolicyDetails\"": {\n      \""policy_number\"": \""POL-776542109\"",\n      \""policyholder_name\"": \""Not specified\"",\n      \""coverage_type\"": \""Liability\"",\n      \""effective_date\"": \""2023-10-06\"",\n      \""expiration_date\"": \""2026-09-06\"",\n      \""title\"": \""PolicyDetails\""\n    },\n    \""InsuredObjects\"": [\n      {\n       ""]"
sola-jsonish-sections,"StructuredOutputAdapter(output_mode=JSONISH, prompt_layout=SECTIONS)",insurance-claims-0000,validation_error,ValidationError,1.705469009000808,1,json_object,0,20,0.0,False,,header.channel;header.claim_id;header.incident_date;header.report_date;header.reported_by;incident_description.estimated_damage_amount;incident_description.incident_type;incident_description.location_type;incident_description.police_report_number;insured_objects[0].estimated_value;insured_objects[0].location_address;insured_objects[0].make_model;insured_objects[0].object_id;insured_objects[0].object_type;insured_objects[0].year;policy_details.coverage_type;policy_details.effective_date;policy_details.expiration_date;policy_details.policy_number;policy_details.policyholder_name,,2049,0,19,0.0,0,"[""{\n  \""claim\"": {\n    \""header\"": {\n      \""claim_id\"": \""CLM-424063\"",\n      \""report_date\"": \""2024-04-22\"",\n      \""incident_date\"": \""2024-04-22\"",\n      \""reported_by\"": \""Jennifer Garcia\"",\n      \""channel\"": \""Email\""\n    },\n    \""policy_details\"": {\n      \""policy_number\"": \""POL-787532354\"",\n      \""policyholder_name\"": \""Jennifer Garcia\"",\n      \""coverage_type\"": \""Property\"",\n      \""effective_date\"": \""2024-06-01\"",\n      \""expiration_date\"": \""2024-06-01\""\n    },\n    \""insured_objects\"": [\n      {\n        \""object_id\"": \""VIN12345678901234567\"",\n        \""object_type\"": \""Vehicle\"",\n        \""make_model\"": \""Unknown\"",\n        \""year\"": \""Unknown\"",\n        \""location_address\"": \""6650 Broadway, Georgetown\"",\n        \""estimated_value\"": null\n      }\n    ],\n    \""incident_description\"": {\n      \""incident_type\"": \""Property damage\"",\n      \""location_type\"": \""Shopping center\"",\n      \""estimated_damage_amount\"": 5800,\n      \""police_report_number\"": \""PR-20250822-4864\""\n    }\n  }\n}""]"
sola-jsonish-sections,"StructuredOutputAdapter(output_mode=JSONISH, prompt_layout=SECTIONS)",insurance-claims-0001,validation_error,ValidationError,1.4556541180063505,1,json_object,0,20,0.0,False,,header.channel;header.claim_id;header.incident_date;header.report_date;header.reported_by;incident_description.estimated_damage_amount;incident_description.incident_type;incident_description.location_type;incident_description.police_report_number;insured_objects[0].estimated_value;insured_objects[0].location_address;insured_objects[0].make_model;insured_objects[0].object_id;insured_objects[0].object_type;insured_objects[0].year;policy_details.coverage_type;policy_details.effective_date;policy_details.expiration_date;policy_details.policy_number;policy_details.policyholder_name,,1650,0,18,0.0,0,"[""{\n  \""claim\"": {\n    \""header\"": {\n      \""claim_id\"": \""CLM-748422\"",\n      \""report_date\"": \""2025-08-22\"",\n      \""incident_date\"": \""2025-08-22\"",\n      \""reported_by\"": \""Michael Miller\"",\n      \""channel\"": \""In-person\""\n    },\n    \""policy_details\"": {\n      \""policy_number\"": \""POL-930881789\"",\n      \""policyholder_name\"": \""Joanne\"",\n      \""coverage_type\"": \""Property\"",\n      \""effective_date\"": \""2026-03-02\"",\n      \""expiration_date\"": \""2026-03-02\""\n    },\n    \""insured_objects\"": [\n      {\n        \""object_id\"": \""PROP-199807\"",\n        \""object_type\"": \""Townhouse\"",\n        \""make_model\"": null,\n        \""year\"": null,\n        \""location_address\"": \""2850 Main St.\"",\n        \""estimated_value\"": null\n      }\n    ],\n    \""incident_description\"": {\n      \""incident_type\"": \""Break-in\"",\n      \""location_type\"": \""Business\"",\n      \""estimated_damage_amount\"": 9415,\n      \""police_report_number\"": null\n    }\n  }\n}""]"
sola-jsonish-sections,"StructuredOutputAdapter(output_mode=JSONISH, prompt_layout=SECTIONS)",insurance-claims-0002,validation_error,ValidationError,1.8857328510202933,1,json_object,0,11,0.0,False,,header.channel;header.claim_id;header.incident_date;header.report_date;header.reported_by;incident_description.estimated_damage_amount;incident_description.incident_type;incident_description.location_type;incident_description.police_report_number;insured_objects;policy_details,,2010,0,8,0.0,0,"[""{\n  \""claim\"": {\n    \""header\"": {\n      \""claim_id\"": \""CLM-255335\"",\n      \""report_date\"": \""2025-08-20\"",\n      \""incident_date\"": \""2025-08-20\"",\n      \""reported_by\"": \""David Taylor\"",\n      \""channel\"": \""Email\""\n    },\n    \""policy_details\"": {\n      \""policy_number\"": \""POL-123456\"",\n      \""policyholder_name\"": \""John Doe\"",\n      \""coverage_type\"": \""Property\"",\n      \""effective_date\"": \""2025-08-20\"",\n      \""expiration_date\"": \""2026-08-20\""\n    },\n    \""insured_objects\"": [\n      {\n        \""object_id\"": \""VIN12345678901234567\"",\n        \""object_type\"": \""Vehicle\"",\n        \""make_model\"": \""Ford\"",\n        \""year\"": 2020,\n        \""location_address\"": \""123 Main St, Anytown, USA\"",\n        \""estimated_value\"": 100000\n      },\n      {\n        \""object_id\"": \""PROP-12345678901234567\"",\n        \""object_type\"": \""Building\"",\n        \""make_model\"": \""New York Building\"",\n        \""year\"": 2020,\n        \""location_address\"": \""456 Elm St, Anytown, USA\"",\n        \""estimated_value\"": 500000\n      }\n    ],\n    \""incident_description\"": {\n      \""incident_type\"": \""Product malfunction\"",\n      \""location_type\"": \""Workplace\"",\n      \""estimated_damage_amount\"": 423312,\n      \""police_report_number\"": null\n    }\n  }\n}""]"
sola-jsonish-sections,"StructuredOutputAdapter(output_mode=JSONISH, prompt_layout=SECTIONS)",insurance-claims-0003,validation_error,ValidationError,2.5851767720014323,1,json_object,0,26,0.0,False,,header.channel;header.claim_id;header.incident_date;header.report_date;header.reported_by;incident_description.estimated_damage_amount;incident_description.incident_type;incident_description.location_type;incident_description.police_report_number;insured_objects[0].estimated_value;insured_objects[0].location_address;insured_objects[0].make_model;insured_objects[0].object_id;insured_objects[0].object_type;insured_objects[0].year;insured_objects[1].estimated_value;insured_objects[1].location_address;insured_objects[1].make_model;insured_objects[1].object_id;insured_objects[1].object_type;insured_objects[1].year;policy_details.coverage_type;policy_details.effective_date;policy_details.expiration_date;policy_details.policy_number;policy_details.policyholder_name,,2021,0,24,0.0,0,"[""{\n  \""claim\"": {\n    \""header\"": {\n      \""claim_id\"": \""CLM-988147\"",\n      \""report_date\"": \""2025-08-30\"",\n      \""incident_date\"": \""2025-08-30\"",\n      \""reported_by\"": \""Jennifer Johnson\"",\n      \""channel\"": \""Portal\""\n    },\n    \""policy_details\"": {\n      \""policy_number\"": \""POL-467268181\"",\n      \""policyholder_name\"": \""Jennifer Johnson\"",\n      \""coverage_type\"": \""Auto\"",\n      \""effective_date\"": \""2023-11-19\"",\n      \""expiration_date\"": \""2025-05-31\""\n    },\n    \""insured_objects\"": [\n      {\n        \""object_id\"": \""VIN19157663903019200\"",\n        \""object_type\"": \""Mercedes GLC\"",\n        \""make_model\"": \""2019 Mercedes GLC\"",\n        \""year\"": 2019,\n        \""location_address\"": \""Shopping center parking lot, Highland Avenue\"",\n        \""estimated_value\"": 20372\n      },\n      {\n        \""object_id\"": \""VIN95384130612982136\"",\n        \""object_type\"": \""BMW X3\"",\n        \""make_model\"": \""2017 BMW X3\"",\n        \""year\"": 2017,\n        \""location_address\"": \""Not involved in incident\"",\n        \""estimated_value\"": 15265\n      }\n    ],\n    \""incident_description\"": {\n      \""incident_type\"": \""T-bone collision\"",\n      \""location_type\"": \""Shopping center parking lot\"",\n      \""estimated_damage_amount\"": 22631,\n      \""police_report_number\"": \""PR-20250830-7127\""\n    },\n    \""damage_assessment\"": {\n      \""estimated_repair_cost\"": 22631,\n      \""damage_include\"": [\n        \""Significant side panel damage\"",\n        \""Inoperable doors\"",\n        \""Bent front wheel\"",\n        \""Broken windows\""\n      ],\n      \""vehicle_required_towing\"": true\n    },\n    \""additional_notes\"": \""Submitted same day as incident. Photos and documentation uploaded to portal. Available for follow-up as needed.\""\n  }\n}""]"
sola-jsonish-sections,"StructuredOutputAdapter(output_mode=JSONISH, prompt_layout=SECTIONS)",insurance-claims-0004,validation_error,ValidationError,1.944473877985729,1,json_object,0,20,0.0,False,,header.channel;header.claim_id;header.incident_date;header.report_date;header.reported_by;incident_description.estimated_damage_amount;incident_description.incident_type;incident_description.location_type;incident_description.police_report_number;insured_objects[0].estimated_value;insured_objects[0].location_address;insured_objects[0].make_model;insured_objects[0].object_id;insured_objects[0].object_type;insured_objects[0].year;policy_details.coverage_type;policy_details.effective_date;policy_details.expiration_date;policy_details.policy_number;policy_details.policyholder_name,,2158,0,17,0.0,0,"[""{\n  \""claim\"": {\n    \""header\"": {\n      \""claim_id\"": \""CLM-597471\"",\n      \""report_date\"": \""2025-08-22\"",\n      \""incident_date\"": \""2025-08-21\"",\n      \""reported_by\"": \""Ashley Rodriguez\"",\n      \""channel\"": \""Portal\""\n    },\n    \""policy_details\"": {\n      \""policy_number\"": \""POL-998781390\"",\n      \""policyholder_name\"": \""Ashley Rodriguez\"",\n      \""coverage_type\"": \""Property\"",\n      \""effective_date\"": \""2024-10-16\"",\n      \""expiration_date\"": \""2025-10-16\""\n    },\n    \""insured_objects\"": [\n      {\n        \""object_id\"": \""VIN12345678901234567\"",\n        \""object_type\"": \""Vehicle\"",\n        \""make_model\"": \""Unknown\"",\n        \""year\"": \""Unknown\"",\n        \""location_address\"": \""7400 Pi\"",\n        \""estimated_value\"": null\n      },\n      {\n        \""object_id\"": \""PROP-12345678901234567\"",\n        \""object_type\"": \""Building\"",\n        \""make_model\"": \""Unknown\"",\n        \""year\"": \""Unknown\"",\n        \""location_address\"": \""7400 Pi\"",\n        \""estimated_value\"": null\n      }\n    ],\n    \""incident_description\"": {\n      \""incident_type\"": \""Fire\"",\n      \""location_type\"": \""Kitchen\"",\n      \""estimated_damage_amount\"": 52774,\n      \""police_report_number\"": null\n    },\n    \""claim_status\"": \""Pending\""\n  }\n}""]"
sola-jsonish-sections,"StructuredOutputAdapter(output_mode=JSONISH, prompt_layout=SECTIONS)",insurance-claims-0005,validation_error,ValidationError,1.6341436859802343,1,json_object,0,20,0.0,False,,header.channel;header.claim_id;header.incident_date;header.report_date;header.reported_by;incident_description.estimated_damage_amount;incident_description.incident_type;incident_description.location_type;incident_description.police_report_number;insured_objects[0].estimated_value;insured_objects[0].location_address;insured_objects[0].make_model;insured_objects[0].object_id;insured_objects[0].object_type;insured_objects[0].year;policy_details.coverage_type;policy_details.effective_date;policy_details.expiration_date;policy_details.policy_number;policy_details.policyholder_name,,2046,0,18,0.0,0,"[""{\n  \""claim\"": {\n    \""header\"": {\n      \""claim_id\"": \""CLM-509317\"",\n      \""report_date\"": \""2025-09-04\"",\n      \""incident_date\"": \""2025-09-01\"",\n      \""reported_by\"": \""Jennifer Davis\"",\n      \""channel\"": \""Email\""\n    },\n    \""policy_details\"": {\n      \""policy_number\"": \""POL-756977389\"",\n      \""policyholder_name\"": \""Jennifer Davis\"",\n      \""coverage_type\"": \""Liability\"",\n      \""effective_date\"": \""2023-11-14\"",\n      \""expiration_date\"": \""2025-05-13\""\n    },\n    \""insured_objects\"": [\n      {\n        \""object_id\"": \""9350-Broadway-9350\"",\n        \""object_type\"": \""Building\"",\n        \""make_model\"": \""Not specified\"",\n        \""year\"": 2010,\n        \""location_address\"": \""9350 Broadway, Springfield\"",\n        \""estimated_value\"": null\n      }\n    ],\n    \""incident_description\"": {\n      \""incident_type\"": \""Slip and fall\"",\n      \""location_type\"": \""Entrance area\"",\n      \""estimated_damage_amount\"": 21000,\n      \""police_report_number\"": null\n    }\n  }\n}""]"
sola-jsonish-sections,"StructuredOutputAdapter(output_mode=JSONISH, prompt_layout=SECTIONS)",insurance-claims-0006,validation_error,ValidationError,2.016228410997428,1,json_object,0,20,0.0,False,,header.channel;header.claim_id;header.incident_date;header.report_date;header.reported_by;incident_description.estimated_damage_amount;incident_description.incident_type;incident_description.location_type;incident_description.police_report_number;insured_objects[0].estimated_value;insured_objects[0].location_address;insured_objects[0].make_model;insured_objects[0].object_id;insured_objects[0].object_type;insured_objects[0].year;policy_details.coverage_type;policy_details.effective_date;policy_details.expiration_date;policy_details.policy_number;policy_details.policyholder_name,,2211,0,19,0.0,0,"[""{\n  \""claim\"": {\n    \""header\"": {\n      \""claim_id\"": \""CLM-860535\"",\n      \""report_date\"": \""2025-09-03\"",\n      \""incident_date\"": \""2025-09-02\"",\n      \""reported_by\"": \""Robert Thompson\"",\n      \""channel\"": \""In-Person\""\n    },\n    \""policy_details\"": {\n      \""policy_number\"": \""POL-694961021\"",\n      \""policyholder_name\"": \""Robert Thompson\"",\n      \""coverage_type\"": \""Property\"",\n      \""effective_date\"": \""2024-03-28\"",\n      \""expiration_date\"": \""2025-03-27\""\n    },\n    \""insured_objects\"": [\n      {\n        \""object_id\"": \""VIN12345678901234567\"",\n        \""object_type\"": \""Vehicle\"",\n        \""make_model\"": \""Unknown\"",\n        \""year\"": \""1996\"",\n        \""location_address\"": \""3150 Cedar Lane, Townhouse\"",\n        \""estimated_value\"": null\n      },\n      {\n        \""object_id\"": \""PROP-12345678901234567\"",\n        \""object_type\"": \""Building\"",\n        \""make_model\"": \""Unknown\"",\n        \""year\"": \""1996\"",\n        \""location_address\"": \""3150 Cedar Lane, Townhouse\"",\n        \""estimated_value\"": null\n      }\n    ],\n    \""incident_description\"": {\n      \""incident_type\"": \""Water Damage\"",\n      \""location_type\"": \""Basement\"",\n      \""estimated_damage_amount\"": 19400,\n      \""police_report_number\"": \""Not provided\""\n    }\n  }\n}""]"
sola-jsonish-sections,"StructuredOutputAdapter(output_mode=JSONISH, prompt_layout=SECTIONS)",insurance-claims-0007,validation_error,ValidationError,1.6048129799892195,1,json_object,0,20,0.0,False,,header.channel;header.claim_id;header.incident_date;header.report_date;header.reported_by;incident_description.estimated_damage_amount;incident_description.incident_type;incident_description.location_type;incident_description.police_report_number;insured_objects[0].estimated_value;insured_objects[0].location_address;insured_objects[0].make_model;insured_objects[0].object_id;insured_objects[0].object_type;insured_objects[0].year;policy_details.coverage_type;policy_details.effective_date;policy_details.expiration_date;policy_details.policy_number;policy_details.policyholder_name,,2044,0,17,0.0,0,"[""{\n  \""claim\"": {\n    \""header\"": {\n      \""claim_id\"": \""CLM-699674\"",\n      \""report_date\"": \""2025-08-30\"",\n      \""incident_date\"": \""2025-08-28\"",\n      \""reported_by\"": \""David Johnson\"",\n      \""channel\"": \""Phone\""\n    },\n    \""policy_details\"": {\n      \""policy_number\"": \""POL-314055462\"",\n      \""policyholder_name\"": \""David Johnson\"",\n      \""coverage_type\"": \""Property\"",\n      \""effective_date\"": \""2025-05-27\"",\n      \""expiration_date\"": \""2027-05-26\""\n    },\n    \""insured_objects\"": [\n      {\n        \""object_id\"": \""VIN12345678901234567\"",\n        \""object_type\"": \""Vehicle\"",\n        \""make_model\"": \""Unknown\"",\n        \""year\"": \""Unknown\"",\n        \""location_address\"": \""Church Street, Georgetown, Georgia\"",\n        \""estimated_value\"": null\n      }\n    ],\n    \""incident_description\"": {\n      \""incident_type\"": \""Slip and fall\"",\n      \""location_type\"": \""Sidewalk\"",\n      \""estimated_damage_amount\"": null,\n      \""police_report_number\"": null\n    },\n    \""claim_status\"": \""Pending\""\n  }\n}""]"
sola-jsonish-sections,"StructuredOutputAdapter(output_mode=JSONISH, prompt_layout=SECTIONS)",insurance-claims-0008,validation_error,ValidationError,2.1642946710053366,1,json_object,0,11,0.0,False,,header.channel;header.claim_id;header.incident_date;header.report_date;header.reported_by;incident_description.estimated_damage_amount;incident_description.incident_type;incident_description.location_type;incident_description.police_report_number;insured_objects;policy_details,,2176,0,8,0.0,0,"[""{\n  \""claim\"": {\n    \""header\"": {\n      \""claim_id\"": \""CLM-531517\"",\n      \""report_date\"": \""2025-08-22\"",\n      \""incident_date\"": \""2025-08-22\"",\n      \""reported_by\"": \""David Davis\"",\n      \""channel\"": \""Phone\""\n    },\n    \""policy_details\"": {\n      \""policy_number\"": \""PR-20250822-6127\"",\n      \""policyholder_name\"": \""David Davis\"",\n      \""coverage_type\"": \""Property\"",\n      \""effective_date\"": \""2025-08-22\"",\n      \""expiration_date\"": \""2025-08-22\""\n    },\n    \""insured_objects\"": [\n      {\n        \""object_id\"": \""VIN12345678901234567\"",\n        \""object_type\"": \""Vehicle\"",\n        \""make_model\"": \""Unknown\"",\n        \""year\"": \""Unknown\"",\n        \""location_address\"": \""Unknown\"",\n        \""estimated_value\"": \""Unknown\""\n      },\n      {\n        \""object_id\"": \""PROP-12345678901234567\"",\n        \""object_type\"": \""Building\"",\n        \""make_model\"": \""Unknown\"",\n        \""year\"": \""Unknown\"",\n        \""location_address\"": \""Unknown\"",\n        \""estimated_value\"": \""Unknown\""\n      }\n    ],\n    \""incident_description\"": {\n      \""incident_type\"": \""Slip and fall\"",\n      \""location_type\"": \""Front by the display with plants and birthday cards\"",\n      \""estimated_damage_amount\"": \""Unknown\"",\n      \""police_report_number\"": \""PR-20250822-6127\""\n    },\n    \""insurance\"": {\n      \""insurance_company\"": \""Unknown\"",\n      \""claim_number\"": \""CLM-531517\""\n    }\n  }\n}""]"
sola-jsonish-sections,"StructuredOutputAdapter(output_mode=JSONISH, prompt_layout=SECTIONS)",insurance-claims-0009,validation_error,ValidationError,1.7166660189977847,1,json_object,0,20,0.0,False,,header.channel;header.claim_id;header.incident_date;header.report_date;header.reported_by;incident_description.estimated_damage_amount;incident_description.incident_type;incident_description.location_type;incident_description.police_report_number;insured_objects[0].estimated_value;insured_objects[0].location_address;insured_objects[0].make_model;insured_objects[0].object_id;insured_objects[0].object_type;insured_objects[0].year;policy_details.coverage_type;policy_details.effective_date;policy_details.expiration_date;policy_details.policy_number;policy_details.policyholder_name,,2095,0,18,0.0,0,"[""{\n  \""claim\"": {\n    \""header\"": {\n      \""claim_id\"": \""CLM-692408\"",\n      \""report_date\"": \""2025-08-19\"",\n      \""incident_date\"": \""2025-08-19\"",\n      \""reported_by\"": \""Lisa Garcia\"",\n      \""channel\"": \""Phone\""\n    },\n    \""policy_details\"": {\n      \""policy_number\"": \""POL-575631637\"",\n      \""policyholder_name\"": \""William\"",\n      \""coverage_type\"": \""Auto\"",\n      \""effective_date\"": \""2024-03-06\"",\n      \""expiration_date\"": \""2025-03-06\""\n    },\n    \""insured_objects\"": [\n      {\n        \""object_id\"": \""VIN12345678901234567\"",\n        \""object_type\"": \""Vehicle\"",\n        \""make_model\"": \""Ford\"",\n        \""year\"": 2017,\n        \""location_address\"": \""Birchwood Lane, Suburban Area\"",\n        \""estimated_value\"": 16433\n      }\n    ],\n    \""incident_description\"": {\n      \""incident_type\"": \""Slamming into the back of a car\"",\n      \""location_type\"": \""Residential area\"",\n      \""estimated_damage_amount\"": 2776,\n      \""police_report_number\"": \""PR-20250817-9170\""\n    }\n  }\n}""]"
sola-jsonish-sections,"StructuredOutputAdapter(output_mode=JSONISH, prompt_layout=SECTIONS)",insurance-claims-0010,validation_error,ValidationError,3.0941692880005576,1,json_object,0,11,0.0,False,,header.channel;header.claim_id;header.incident_date;header.report_date;header.reported_by;incident_description.estimated_damage_amount;incident_description.incident_type;incident_description.location_type;incident_description.police_report_number;insured_objects;policy_details,,2301,0,9,0.0,0,"[""{\n  \""claim\"": {\n    \""header\"": {\n      \""claim_id\"": \""CLM-884860\"",\n      \""report_date\"": \""2025-09-04\"",\n      \""incident_date\"": \""2025-09-04\"",\n      \""reported_by\"": \""Michelle Brown\"",\n      \""channel\"": \""Email\""\n    },\n    \""policy_details\"": {\n      \""policy_number\"": \""POL-12345678901234567\"",\n      \""policyholder_name\"": \""Michelle Brown\"",\n      \""coverage_type\"": \""Property\"",\n      \""effective_date\"": \""2025-09-01\"",\n      \""expiration_date\"": \""2026-09-01\""\n    },\n    \""insured_objects\"": [\n      {\n        \""object_id\"": \""VIN12345678901234567\"",\n        \""object_type\"": \""Vehicle\"",\n        \""make_model\"": \""Unknown\"",\n        \""year\"": \""2025\"",\n        \""location_address\"": \""Unknown\"",\n        \""estimated_value\"": \""Unknown\""\n      },\n      {\n        \""object_id\"": \""PROP-12345678901234567\"",\n        \""object_type\"": \""Building\"",\n        \""make_model\"": \""Unknown\"",\n        \""year\"": \""2025\"",\n        \""location_address\"": \""Unknown\"",\n        \""estimated_value\"": \""Unknown\""\n      }\n    ],\n    \""incident_description\"": {\n      \""incident_type\"": \""Unauthorized entry\"",\n      \""location_type\"": \""Residential\"",\n      \""estimated_damage_amount\"": \""Unknown\"",\n      \""police_report_number\"": \""PR-20250902-7037\""\n    },\n    \""incident_description_photos\"": [\n      {\n        \""photo_url\"": \""https://example.com/incident_photos/photo1.jpg\"",\n        \""description\"": \""Photo of the smashed window\""\n      },\n      {\n        \""photo_url\"": \""https://example.com/incident_photos/photo2.jpg\"",\n        \""description\"": \""Photo of the boarded-up window\""\n      }\n    ],\n    \""insured_objects_photos\"": [\n      {\n        \""photo_url\"": \""https://example.com/insured_objects_photos/photo1.jpg\"",\n        \""description\"": \""Photo of the missing equipment\""\n      },\n      {\n        \""photo_url\"": \""https://example.com/insured_objects_photos/photo2.jpg\"",\n        \""description\"": \""Photo of the missing display cases\""\n      }\n    ],\n    \""insured_objects_serial_numbers\"": [\n      \""VIN12345678901234567\"",\n      \""PROP-12345678901234567\""\n    ],\n    \""insured_objects_location\"": \""Unknown\"",\n    \""insured_objects_estimated_value\"": \""Unknown\""\n  }\n}""]"
sola-jsonish-sections,"StructuredOutputAdapter(output_mode=JSONISH, prompt_layout=SECTIONS)",insurance-claims-0011,validation_error,ValidationError,2.0167362749925815,1,json_object,0,11,0.0,False,,header.channel;header.claim_id;header.incident_date;header.report_date;header.reported_by;incident_description.estimated_damage_amount;incident_description.incident_type;incident_description.location_type;incident_description.police_report_number;insured_objects;policy_details,,1988,0,8,0.0,0,"[""{\n  \""claim\"": {\n    \""header\"": {\n      \""claim_id\"": \""CLM-462584\"",\n      \""report_date\"": \""2025-08-26\"",\n      \""incident_date\"": \""2025-08-25\"",\n      \""reported_by\"": \""James Johnson\"",\n      \""channel\"": \""Email\""\n    },\n    \""policy_details\"": {\n      \""policy_number\"": \""POL-462584\"",\n      \""policyholder_name\"": \""James Johnson\"",\n      \""coverage_type\"": \""Liability\"",\n      \""effective_date\"": \""2025-08-26\"",\n      \""expiration_date\"": \""2025-08-26\""\n    },\n    \""insured_objects\"": [\n      {\n        \""object_id\"": \""VIN12345678901234567\"",\n        \""object_type\"": \""Vehicle\"",\n        \""make_model\"": \""Ford\"",\n        \""year\"": 2025,\n        \""location_address\"": \""Shopping Center Lot\"",\n        \""estimated_value\"": null\n      },\n      {\n        \""object_id\"": \""PROP-12345678901234567\"",\n        \""object_type\"": \""Building\"",\n        \""make_model\"": \""Shopping Center\"",\n        \""year\"": 2025,\n        \""location_address\"": \""Shopping Center Lot\"",\n        \""estimated_value\"": null\n      }\n    ],\n    \""incident_description\"": {\n      \""incident_type\"": \""Rear-end collision\"",\n      \""location_type\"": \""Shopping Center Lot\"",\n      \""estimated_damage_amount\"": 3038,\n      \""police_report_number\"": null\n    }\n  }\n}""]"
sola-jsonish-sections,"StructuredOutputAdapter(output_mode=JSONISH, prompt_layout=SECTIONS)",insurance-claims-0012,validation_error,ValidationError,2.584268806996988,1,json_object,0,20,0.0,False,,header.channel;header.claim_id;header.incident_date;header.report_date;header.reported_by;incident_description.estimated_damage_amount;incident_description.incident_type;incident_description.location_type;incident_description.police_report_number;insured_objects[0].estimated_value;insured_objects[0].location_address;insured_objects[0].make_model;insured_objects[0].object_id;insured_objects[0].object_type;insured_objects[0].year;policy_details.coverage_type;policy_details.effective_date;policy_details.expiration_date;policy_details.policy_number;policy_details.policyholder_name,,2279,0,18,0.0,0,"[""{\n  \""claim\"": {\n    \""header\"": {\n      \""claim_id\"": \""CLM-834090\"",\n      \""report_date\"": \""2025-09-09\"",\n      \""incident_date\"": \""2023-09-09\"",\n      \""reported_by\"": \""Christopher Smith\"",\n      \""channel\"": \""Phone\""\n    },\n    \""policy_details\"": {\n      \""policy_number\"": \""POL-262724604\"",\n      \""policyholder_name\"": \""Christopher Smith\"",\n      \""coverage_type\"": \""Property\"",\n      \""effective_date\"": \""2024-05-01\"",\n      \""expiration_date\"": \""2025-10-29\""\n    },\n    \""insured_objects\"": [\n      {\n        \""object_id\"": \""7050 Oak Ave\"",\n        \""object_type\"": \""Residential\"",\n        \""make_model\"": \""Not specified\"",\n        \""year\"": 2023,\n        \""location_address\"": \""7050 Oak Ave, Arlington\"",\n        \""estimated_value\"": null\n      },\n      {\n        \""object_id\"": \""grill\"",\n        \""object_type\"": \""Other\"",\n        \""make_model\"": \""Not specified\"",\n        \""year\"": 2023,\n        \""location_address\"": \""7050 Oak Ave, Arlington\"",\n        \""estimated_value\"": null\n      },\n      {\n        \""object_id\"": \""deck rail\"",\n        \""object_type\"": \""Other\"",\n        \""make_model\"": \""Not specified\"",\n        \""year\"": 2023,\n        \""location_address\"": \""7050 Oak Ave, Arlington\"",\n        \""estimated_value\"": null\n      },\n      {\n        \""object_id\"": \""busted window frame\"",\n        \""object_type\"": \""Other\"",\n        \""make_model\"": \""Not specified\"",\n        \""year\"": 2023,\n        \""location_address\"": \""7050 Oak Ave, Arlington\"",\n        \""estimated_value\"": null\n      }\n    ],\n    \""incident_description\"": {\n      \""incident_type\"": \""Storm Damage\"",\n      \""location_type\"": \""Residential\"",\n      \""estimated_damage_amount\"": 28390,\n      \""police_report_number\"": null\n    }\n  }\n}""]"
sola-jsonish-sections,"StructuredOutputAdapter(output_mode=JSONISH, prompt_layout=SECTIONS)",insurance-claims-0013,validation_error,ValidationError,1.754981117992429,1,json_object,0,20,0.0,False,,header.channel;header.claim_id;header.incident_date;header.report_date;header.reported_by;incident_description.estimated_damage_amount;incident_description.incident_type;incident_description.location_type;incident_description.police_report_number;insured_objects[0].estimated_value;insured_objects[0].location_address;insured_objects[0].make_model;insured_objects[0].object_id;insured_objects[0].object_type;insured_objects[0].year;policy_details.coverage_type;policy_details.effective_date;policy_details.expiration_date;policy_details.policy_number;policy_details.policyholder_name,,2065,0,18,0.0,0,"[""{\n  \""claim\"": {\n    \""header\"": {\n      \""claim_id\"": \""CLM-696349\"",\n      \""report_date\"": \""2025-09-05\"",\n      \""incident_date\"": \""2025-09-04\"",\n      \""reported_by\"": \""Jennifer Miller\"",\n      \""channel\"": \""Phone\""\n    },\n    \""policy_details\"": {\n      \""policy_number\"": \""POL-285003271\"",\n      \""policyholder_name\"": \""Jennifer Miller\"",\n      \""coverage_type\"": \""Property\"",\n      \""effective_date\"": \""2024-12-13\"",\n      \""expiration_date\"": \""2026-12-12\""\n    },\n    \""insured_objects\"": [\n      {\n        \""object_id\"": \""VIN12345678901234567\"",\n        \""object_type\"": \""Vehicle\"",\n        \""make_model\"": \""Unknown\"",\n        \""year\"": \""2013\"",\n        \""location_address\"": \""7400 Second Street, Clayton\"",\n        \""estimated_value\"": null\n      }\n    ],\n    \""incident_description\"": {\n      \""incident_type\"": \""Fire\"",\n      \""location_type\"": \""Living Room\"",\n      \""estimated_damage_amount\"": 136734,\n      \""police_report_number\"": null\n    }\n  }\n}""]"
sola-jsonish-sections,"StructuredOutputAdapter(output_mode=JSONISH, prompt_layout=SECTIONS)",insurance-claims-0014,validation_error,ValidationError,1.487715636001667,1,json_object,0,20,0.0,False,,header.channel;header.claim_id;header.incident_date;header.report_date;header.reported_by;incident_description.estimated_damage_amount;incident_description.incident_type;incident_description.location_type;incident_description.police_report_number;insured_objects[0].estimated_value;insured_objects[0].location_address;insured_objects[0].make_model;insured_objects[0].object_id;insured_objects[0].object_type;insured_objects[0].year;policy_details.coverage_type;policy_details.effective_date;policy_details.expiration_date;policy_details.policy_number;policy_details.policyholder_name,,1582,0,17,0.0,0,"[""{\n  \""claim\"": {\n    \""header\"": {\n      \""claim_id\"": \""CLM-405338\"",\n      \""report_date\"": \""2025-08-16\"",\n      \""incident_date\"": \""2024-09-25\"",\n      \""reported_by\"": \""James Smith\"",\n      \""channel\"": \""Email\""\n    },\n    \""policy_details\"": {\n      \""policy_number\"": \""POL-932318703\"",\n      \""policyholder_name\"": \""James Smith\"",\n      \""coverage_type\"": \""Car Insurance\"",\n      \""effective_date\"": \""2024-09-25\"",\n      \""expiration_date\"": \""2025-09-25\""\n    },\n    \""insured_objects\"": [\n      {\n        \""object_id\"": \""VIN70413800966102220\"",\n        \""object_type\"": \""Honda CR-V\"",\n        \""make_model\"": \""Honda\"",\n        \""year\"": 2017,\n        \""location_address\"": \""Harrison Avenue\"",\n        \""estimated_value\"": null\n      }\n    ],\n    \""incident_description\"": {\n      \""incident_type\"": \""Rear-end collision\"",\n      \""location_type\"": \""Highway\"",\n      \""estimated_damage_amount\"": 37000,\n      \""police_report_number\"": null\n    }\n  }\n}""]"
sola-jsonish-sections,"StructuredOutputAdapter(output_mode=JSONISH, prompt_layout=SECTIONS)",insurance-claims-0015,validation_error,ValidationError,2.281398273014929,1,json_object,0,20,0.0,False,,header.channel;header.claim_id;header.incident_date;header.report_date;header.reported_by;incident_description.estimated_damage_amount;incident_description.incident_type;incident_description.location_type;incident_description.police_report_number;insured_objects[0].estimated_value;insured_objects[0].location_address;insured_objects[0].make_model;insured_objects[0].object_id;insured_objects[0].object_type;insured_objects[0].year;policy_details.coverage_type;policy_details.effective_date;policy_details.expiration_date;policy_details.policy_number;policy_details.policyholder_name,,2178,0,19,0.0,0,"[""{\n  \""claim\"": {\n    \""header\"": {\n      \""claim_id\"": \""CLM-741209\"",\n      \""report_date\"": \""2025-09-08\"",\n      \""incident_date\"": \""2025-09-08\"",\n      \""reported_by\"": \""Karen Wilson\"",\n      \""channel\"": \""Phone\""\n    },\n    \""policy_details\"": {\n      \""policy_number\"": \""POL-811390245\"",\n      \""policyholder_name\"": \""Karen Wilson\"",\n      \""coverage_type\"": \""Car Insurance\"",\n      \""effective_date\"": \""2025-07-15\"",\n      \""expiration_date\"": \""2026-07-14\""\n    },\n    \""insured_objects\"": [\n      {\n        \""object_id\"": \""VIN29384756109283745\"",\n        \""object_type\"": \""Vehicle\"",\n        \""make_model\"": \""Toyota\"",\n        \""year\"": 2018,\n        \""location_address\"": \""Main & Fifth\"",\n        \""estimated_value\"": 14000\n      }\n    ],\n    \""incident_description\"": {\n      \""incident_type\"": \""Rear-end collision\"",\n      \""location_type\"": \""Intersection\"",\n      \""estimated_damage_amount\"": 4800,\n      \""police_report_number\"": \""PR-20250908-1289\""\n    },\n    \""insured_objects\"": [\n      {\n        \""object_id\"": \""VIN29384756109283745\"",\n        \""object_type\"": \""Vehicle\"",\n        \""make_model\"": \""Toyota\"",\n        \""year\"": 2018,\n        \""location_address\"": \""Main & Fifth\"",\n        \""estimated_value\"": 14000\n      }\n    ],\n    \""incident_details\"": {\n      \""incident_type\"": \""Rear-end collision\"",\n      \""location_type\"": \""Intersection\"",\n      \""estimated_damage_amount\"": 4800,\n      \""police_report_number\"": \""PR-20250908-1289\""\n    }\n  }\n}""]"
sola-jsonish-sections,"StructuredOutputAdapter(output_mode=JSONISH, prompt_layout=SECTIONS)",insurance-claims-0016,validation_error,ValidationError,1.7221991299884394,1,json_object,0,20,0.0,False,,header.channel;header.claim_id;header.incident_date;header.report_date;header.reported_by;incident_description.estimated_damage_amount;incident_description.incident_type;incident_description.location_type;incident_description.police_report_number;insured_objects[0].estimated_value;insured_objects[0].location_address;insured_objects[0].make_model;insured_objects[0].object_id;insured_objects[0].object_type;insured_objects[0].year;policy_details.coverage_type;policy_details.effective_date;policy_details.expiration_date;policy_details.policy_number;policy_details.policyholder_name,,1796,0,20,0.0,0,"[""{\n  \""claim\"": {\n    \""header\"": {\n      \""claim_id\"": \""CLM-512907\"",\n      \""report_date\"": \""2025-09-11\"",\n      \""incident_date\"": \""2025-09-09\"",\n      \""reported_by\"": \""Anthony Martinez\"",\n      \""channel\"": \""Portal\""\n    },\n    \""policy_details\"": {\n      \""policy_number\"": \""POL-220941678\"",\n      \""policyholder_name\"": \""Anthony Martinez\"",\n      \""coverage_type\"": \""Property\"",\n      \""effective_date\"": \""2023-05-01\"",\n      \""expiration_date\"": \""2025-04-30\""\n    },\n    \""insured_objects\"": [\n      {\n        \""object_id\"": \""PROP-819304\"",\n        \""object_type\"": \""Single Family Home\"",\n        \""make_model\"": \""Tan-colored\"",\n        \""year\"": 1985,\n        \""location_address\"": \""8120 Lakeview Drive, Dayton, OH\"",\n        \""estimated_value\"": 356000\n      }\n    ],\n    \""incident_description\"": {\n      \""incident_type\"": \""Storm Damage\"",\n      \""location_type\"": \""Street\"",\n      \""estimated_damage_amount\"": 18742,\n      \""police_report_number\"": \""PR-20250909-4432\""\n    }\n  }\n}""]"
sola-jsonish-sections,"StructuredOutputAdapter(output_mode=JSONISH, prompt_layout=SECTIONS)",insurance-claims-0017,validation_error,ValidationError,1.8655219239881262,1,json_object,0,20,0.0,False,,header.channel;header.claim_id;header.incident_date;header.report_date;header.reported_by;incident_description.estimated_damage_amount;incident_description.incident_type;incident_description.location_type;incident_description.police_report_number;insured_objects[0].estimated_value;insured_objects[0].location_address;insured_objects[0].make_model;insured_objects[0].object_id;insured_objects[0].object_type;insured_objects[0].year;policy_details.coverage_type;policy_details.effective_date;policy_details.expiration_date;policy_details.policy_number;policy_details.policyholder_name,,1822,0,19,0.0,0,"[""{\n  \""claim\"": {\n    \""header\"": {\n      \""claim_id\"": \""CLM-624817\"",\n      \""report_date\"": \""2025-09-12\"",\n      \""incident_date\"": \""2025-09-12\"",\n      \""reported_by\"": \""Stephanie Clark\"",\n      \""channel\"": \""Email\""\n    },\n    \""policy_details\"": {\n      \""policy_number\"": \""POL-573882014\"",\n      \""policyholder_name\"": \""Stephanie Clark\"",\n      \""coverage_type\"": \""Auto\"",\n      \""effective_date\"": \""2020-10-01\"",\n      \""expiration_date\"": \""2020-09-30\""\n    },\n    \""insured_objects\"": [\n      {\n        \""object_id\"": \""VIN12039485762194836\"",\n        \""object_type\"": \""Vehicle\"",\n        \""make_model\"": \""Honda\"",\n        \""year\"": 2020,\n        \""location_address\"": \""Safeway lot, row D\"",\n        \""estimated_value\"": 19500\n      },\n      {\n        \""object_id\"": \""PR-20250911-9821\"",\n        \""object_type\"": \""Police Report\"",\n        \""year\"": 2025,\n        \""location_address\"": \""Safeway lot, row D\"",\n        \""estimated_value\"": 3172\n      }\n    ],\n    \""incident_description\"": {\n      \""incident_type\"": \""Accident\"",\n      \""location_type\"": \""Parking Lot\"",\n      \""estimated_damage_amount\"": 3172,\n      \""police_report_number\"": \""PR-20250911-9821\""\n    }\n  }\n}""]"
sola-jsonish-sections,"StructuredOutputAdapter(output_mode=JSONISH, prompt_layout=SECTIONS)",insurance-claims-0018,validation_error,ValidationError,1.8974280749971513,1,json_object,0,20,0.0,False,,header.channel;header.claim_id;header.incident_date;header.report_date;header.reported_by;incident_description.estimated_damage_amount;incident_description.incident_type;incident_description.location_type;incident_description.police_report_number;insured_objects[0].estimated_value;insured_objects[0].location_address;insured_objects[0].make_model;insured_objects[0].object_id;insured_objects[0].object_type;insured_objects[0].year;policy_details.coverage_type;policy_details.effective_date;policy_details.expiration_date;policy_details.policy_number;policy_details.policyholder_name,,1783,0,18,0.0,0,"[""{\n  \""claim\"": {\n    \""header\"": {\n      \""claim_id\"": \""CLM-205311\"",\n      \""report_date\"": \""2025-09-13\"",\n      \""incident_date\"": \""2025-09-12\"",\n      \""reported_by\"": \""Brian Lewis\"",\n      \""channel\"": \""Phone\""\n    },\n    \""policy_details\"": {\n      \""policy_number\"": \""POL-455372900\"",\n      \""policyholder_name\"": \""Brian Lewis\"",\n      \""coverage_type\"": \""property\"",\n      \""effective_date\"": \""2023-06-09\"",\n      \""expiration_date\"": \""2024-06-09\""\n    },\n    \""insured_objects\"": [\n      {\n        \""object_id\"": \""441 Oakwood Avenue\"",\n        \""object_type\"": \""Townhouse\"",\n        \""make_model\"": \""Built in the late 1970s\"",\n        \""year\"": 1978,\n        \""location_address\"": \""441 Oakwood Avenue, Buffalo, NY\"",\n        \""estimated_value\"": 389000\n      }\n    ],\n    \""incident_description\"": {\n      \""incident_type\"": \""Pipe burst\"",\n      \""location_type\"": \""Basement\"",\n      \""estimated_damage_amount\"": 12187,\n      \""police_report_number\"": null\n    },\n    \""insured_objects\"": [\n      {\n        \""object_id\"": \""441 Oakwood Avenue\"",\n        \""object_type\"": \""Townhouse\"",\n        \""make_model\"": \""Built in the late 1970s\"",\n        \""year\"": 1978,\n        \""location_address\"": \""441 Oakwood Avenue, Buffalo, NY\"",\n        \""estimated_value\"": 389000\n      }\n    ]\n  }\n}""]"
sola-jsonish-sections,"StructuredOutputAdapter(output_mode=JSONISH, prompt_layout=SECTIONS)",insurance-claims-0019,validation_error,ValidationError,1.6421600159956142,1,json_object,0,20,0.0,False,,header.channel;header.claim_id;header.incident_date;header.report_date;header.reported_by;incident_description.estimated_damage_amount;incident_description.incident_type;incident_description.location_type;incident_description.police_report_number;insured_objects[0].estimated_value;insured_objects[0].location_address;insured_objects[0].make_model;insured_objects[0].object_id;insured_objects[0].object_type;insured_objects[0].year;policy_details.coverage_type;policy_details.effective_date;policy_details.expiration_date;policy_details.policy_number;policy_details.policyholder_name,,1669,0,20,0.0,0,"[""{\n  \""claim\"": {\n    \""header\"": {\n      \""claim_id\"": \""CLM-930672\"",\n      \""report_date\"": \""2025-09-14\"",\n      \""incident_date\"": \""2025-09-13\"",\n      \""reported_by\"": \""Olivia White\"",\n      \""channel\"": \""In-Person\""\n    },\n    \""policy_details\"": {\n      \""policy_number\"": \""POL-668299345\"",\n      \""policyholder_name\"": \""Olivia White\"",\n      \""coverage_type\"": \""Liability\"",\n      \""effective_date\"": \""2024-01-20\"",\n      \""expiration_date\"": \""2026-01-19\""\n    },\n    \""insured_objects\"": [\n      {\n        \""object_id\"": \""VIN12345678901234567\"",\n        \""object_type\"": \""Vehicle\"",\n        \""make_model\"": \""Unknown\"",\n        \""year\"": 2005,\n        \""location_address\"": \""300 Market Street, Albany\"",\n        \""estimated_value\"": null\n      }\n    ],\n    \""incident_description\"": {\n      \""incident_type\"": \""Slip and fall\"",\n      \""location_type\"": \""Lobby\"",\n      \""estimated_damage_amount\"": 8860,\n      \""police_report_number\"": \""PR-20250913-5507\""\n    },\n    \""filed_at\"": \""2025-09-14\"",\n    \""signed\"": \""Olivia White\""\n  }\n}""]"
sola-jsonish-sections,"StructuredOutputAdapter(output_mode=JSONISH, prompt_layout=SECTIONS)",insurance-claims-0020,validation_error,ValidationError,1.930703583988361,1,json_object,0,20,0.0,False,,header.channel;header.claim_id;header.incident_date;header.report_date;header.reported_by;incident_description.estimated_damage_amount;incident_description.incident_type;incident_description.location_type;incident_description.police_report_number;insured_objects[0].estimated_value;insured_objects[0].location_address;insured_objects[0].make_model;insured_objects[0].object_id;insured_objects[0].object_type;insured_objects[0].year;policy_details.coverage_type;policy_details.effective_date;policy_details.expiration_date;policy_details.policy_number;policy_details.policyholder_name,,1722,0,19,0.0,0,"[""{\n  \""claim\"": {\n    \""header\"": {\n      \""claim_id\"": \""CLM-144512\"",\n      \""report_date\"": \""2025-09-15\"",\n      \""incident_date\"": \""2025-09-13\"",\n      \""reported_by\"": \""Daniel Evans\"",\n      \""channel\"": \""Portal\""\n    },\n    \""policy_details\"": {\n      \""policy_number\"": \""POL-391047522\"",\n      \""policyholder_name\"": \""Daniel Evans\"",\n      \""coverage_type\"": \""Property\"",\n      \""effective_date\"": \""2024-02-10\"",\n      \""expiration_date\"": \""2027-02-09\""\n    },\n    \""insured_objects\"": [\n      {\n        \""object_id\"": \""VIN84930271645092834\"",\n        \""object_type\"": \""Vehicle\"",\n        \""make_model\"": \""Ford\"",\n        \""year\"": 2021,\n        \""location_address\"": \""Grant and Maple intersection\"",\n        \""estimated_value\"": null\n      }\n    ],\n    \""incident_description\"": {\n      \""incident_type\"": \""Broadside collision\"",\n      \""location_type\"": \""Intersection\"",\n      \""estimated_damage_amount\"": 10322,\n      \""police_report_number\"": \""PR-20250913-3344\""\n    },\n    \""claim_reference\"": \""CLM-144512\""\n  }\n}""]"
sola-jsonish-sections,"StructuredOutputAdapter(output_mode=JSONISH, prompt_layout=SECTIONS)",insurance-claims-0021,validation_error,ValidationError,2.854565724992426,1,json_object,0,26,0.0,False,,header.channel;header.claim_id;header.incident_date;header.report_date;header.reported_by;incident_description.estimated_damage_amount;incident_description.incident_type;incident_description.location_type;incident_description.police_report_number;insured_objects[0].estimated_value;insured_objects[0].location_address;insured_objects[0].make_model;insured_objects[0].object_id;insured_objects[0].object_type;insured_objects[0].year;insured_objects[1].estimated_value;insured_objects[1].location_address;insured_objects[1].make_model;insured_objects[1].object_id;insured_objects[1].object_type;insured_objects[1].year;policy_details.coverage_type;policy_details.effective_date;policy_details.expiration_date;policy_details.policy_number;policy_details.policyholder_name,,2029,0,24,0.0,0,"[""{\n  \""claim\"": {\n    \""header\"": {\n      \""claim_id\"": \""CLM-772093\"",\n      \""report_date\"": \""2025-09-16\"",\n      \""incident_date\"": \""2025-09-15\"",\n      \""reported_by\"": \""Laura Adams\"",\n      \""channel\"": \""Email\""\n    },\n    \""policy_details\"": {\n      \""policy_number\"": \""POL-119384756\"",\n      \""policyholder_name\"": \""Laura Adams\"",\n      \""coverage_type\"": \""Auto\"",\n      \""effective_date\"": \""05-Nov-2023\"",\n      \""expiration_date\"": \""04-Nov-2025\""\n    },\n    \""insured_objects\"": [\n      {\n        \""object_id\"": \""VIN98123746509283746\"",\n        \""object_type\"": \""Vehicle\"",\n        \""make_model\"": \""Subaru\"",\n        \""year\"": 2019,\n        \""location_address\"": \""Not specified\"",\n        \""estimated_value\"": 17350\n      },\n      {\n        \""object_id\"": \""VIN29384756109283744\"",\n        \""object_type\"": \""Vehicle\"",\n        \""make_model\"": \""Toyota\"",\n        \""year\"": 2017,\n        \""location_address\"": \""Not specified\"",\n        \""estimated_value\"": 11200\n      },\n      {\n        \""object_id\"": \""PROP-98123746509283746\"",\n        \""object_type\"": \""Vehicle\"",\n        \""make_model\"": \""Subaru\"",\n        \""year\"": 2019,\n        \""location_address\"": \""Not specified\"",\n        \""estimated_value\"": 20000\n      },\n      {\n        \""object_id\"": \""OBJ-98123746509283746\"",\n        \""object_type\"": \""Vehicle\"",\n        \""make_model\"": \""Mazda\"",\n        \""year\"": 2020,\n        \""location_address\"": \""Not specified\"",\n        \""estimated_value\"": 20000\n      }\n    ],\n    \""incident_description\"": {\n      \""incident_type\"": \""Rear-end collision\"",\n      \""location_type\"": \""Highway\"",\n      \""estimated_damage_amount\"": 6321,\n      \""police_report_number\"": \""PR-20250915-4419\""\n    },\n    \""attached_pdf\"": {\n      \""policy_printout\"": \""Policy Printout\""\n    }\n  }\n}""]"
sola-jsonish-sections,"StructuredOutputAdapter(output_mode=JSONISH, prompt_layout=SECTIONS)",insurance-claims-0022,validation_error,ValidationError,1.7421019559842534,1,json_object,0,20,0.0,False,,header.channel;header.claim_id;header.incident_date;header.report_date;header.reported_by;incident_description.estimated_damage_amount;incident_description.incident_type;incident_description.location_type;incident_description.police_report_number;insured_objects[0].estimated_value;insured_objects[0].location_address;insured_objects[0].make_model;insured_objects[0].object_id;insured_objects[0].object_type;insured_objects[0].year;policy_details.coverage_type;policy_details.effective_date;policy_details.expiration_date;policy_details.policy_number;policy_details.policyholder_name,,1691,0,19,0.0,0,"[""{\n  \""claim\"": {\n    \""header\"": {\n      \""claim_id\"": \""CLM-390871\"",\n      \""report_date\"": \""2025-09-17\"",\n      \""incident_date\"": \""2025-09-14\"",\n      \""reported_by\"": \""Ethan Walker\"",\n      \""channel\"": \""In-Person\""\n    },\n    \""policy_details\"": {\n      \""policy_number\"": \""POL-702193847\"",\n      \""policyholder_name\"": \""Ethan Walker\"",\n      \""coverage_type\"": \""Property\"",\n      \""effective_date\"": \""2024-08-01\"",\n      \""expiration_date\"": \""2025-07-31\""\n    },\n    \""insured_objects\"": [\n      {\n        \""object_id\"": \""1920 Pinecrest Ln\"",\n        \""object_type\"": \""Single Family Home\"",\n        \""make_model\"": \""Built 1992\"",\n        \""year\"": 1992,\n        \""location_address\"": \""1920 Pinecrest Ln, Toledo OH\"",\n        \""estimated_value\"": 268900\n      }\n    ],\n    \""incident_description\"": {\n      \""incident_type\"": \""Fire\"",\n      \""location_type\"": \""Kitchen\"",\n      \""estimated_damage_amount\"": 44215,\n      \""police_report_number\"": \""PR-20250914-2291\""\n    }\n  }\n}""]"
sola-jsonish-sections,"StructuredOutputAdapter(output_mode=JSONISH, prompt_layout=SECTIONS)",insurance-claims-0023,validation_error,ValidationError,1.5623319159785751,1,json_object,0,20,0.0,False,,header.channel;header.claim_id;header.incident_date;header.report_date;header.reported_by;incident_description.estimated_damage_amount;incident_description.incident_type;incident_description.location_type;incident_description.police_report_number;insured_objects[0].estimated_value;insured_objects[0].location_address;insured_objects[0].make_model;insured_objects[0].object_id;insured_objects[0].object_type;insured_objects[0].year;policy_details.coverage_type;policy_details.effective_date;policy_details.expiration_date;policy_details.policy_number;policy_details.policyholder_name,,1629,0,18,0.0,0,"[""{\n  \""claim\"": {\n    \""header\"": {\n      \""claim_id\"": \""CLM-551092\"",\n      \""report_date\"": \""2025-09-18\"",\n      \""incident_date\"": \""2025-09-16\"",\n      \""reported_by\"": \""Rachel Green\"",\n      \""channel\"": \""Phone\""\n    },\n    \""policy_details\"": {\n      \""policy_number\"": \""POL-509238176\"",\n      \""policyholder_name\"": \""Rachel Green\"",\n      \""coverage_type\"": \""Property\"",\n      \""effective_date\"": \""2024-05-12\"",\n      \""expiration_date\"": \""2026-05-12\""\n    },\n    \""insured_objects\"": [\n      {\n        \""object_id\"": \""VIN12345678901234567\"",\n        \""object_type\"": \""Vehicle\"",\n        \""make_model\"": \""Ford\"",\n        \""year\"": 2008,\n        \""location_address\"": \""621 Brookside Ct, Madison\"",\n        \""estimated_value\"": 314000\n      }\n    ],\n    \""incident_description\"": {\n      \""incident_type\"": \""roof collapse\"",\n      \""location_type\"": \""upstairs bedroom\"",\n      \""estimated_damage_amount\"": 8237,\n      \""police_report_number\"": null\n    }\n  }\n}""]"
sola-jsonish-sections,"StructuredOutputAdapter(output_mode=JSONISH, prompt_layout=SECTIONS)",insurance-claims-0024,ok,,1.5545455350074917,1,json_object,17,20,0.85,False,policy_details.coverage_type;insured_objects[0].make_model;insured_objects[0].location_address,,,1671,17,19,0.8947,1,"[""{\n  \""claim\"": {\n    \""header\"": {\n      \""claim_id\"": \""CLM-229871\"",\n      \""report_date\"": \""2025-09-20\"",\n      \""incident_date\"": \""2025-09-18\"",\n      \""reported_by\"": \""Olivia Carter\"",\n      \""channel\"": \""Email\""\n    },\n    \""policy_details\"": {\n      \""policy_number\"": \""POL-667198234\"",\n      \""policyholder_name\"": \""Olivia Carter\"",\n      \""coverage_type\"": \""Property\"",\n      \""effective_date\"": \""2024-10-10\"",\n      \""expiration_date\"": \""2025-10-09\""\n    },\n    \""insured_objects\"": [\n      {\n        \""object_id\"": \""VIN77889900112233445\"",\n        \""object_type\"": \""Vehicle\"",\n        \""make_model\"": \""Mazda\"",\n        \""year\"": 2020,\n        \""location_address\"": \""Willow and Grant intersection\"",\n        \""estimated_value\"": 15600\n      }\n    ],\n    \""incident_description\"": {\n      \""incident_type\"": \""side_impact_collision\"",\n      \""location_type\"": \""intersection\"",\n      \""estimated_damage_amount\"": 7800,\n      \""police_report_number\"": \""PR-20250918-8821\""\n    }\n  }\n}""]"
sola-jsonish-sections,"StructuredOutputAdapter(output_mode=JSONISH, prompt_layout=SECTIONS)",insurance-claims-0025,validation_error,ValidationError,1.547492529003648,1,json_object,0,11,0.0,False,,header.channel;header.claim_id;header.incident_date;header.report_date;header.reported_by;incident_description.estimated_damage_amount;incident_description.incident_type;incident_description.location_type;incident_description.police_report_number;insured_objects;policy_details,,1676,0,6,0.0,0,"[""{\n  \""claim\"": {\n    \""header\"": {\n      \""claim_id\"": \""CLM-20250921\"",\n      \""report_date\"": \""2025-09-21\"",\n      \""incident_date\"": \""2025-09-20\"",\n      \""reported_by\"": \""Mark Evans\"",\n      \""channel\"": \""Phone\""\n    },\n    \""policy_details\"": {\n      \""policy_number\"": \""POL-12345678901234567\"",\n      \""policyholder_name\"": \""Mark Evans\"",\n      \""coverage_type\"": \""Liability\"",\n      \""effective_date\"": \""2025-09-21\"",\n      \""expiration_date\"": \""2026-09-20\""\n    },\n    \""insured_objects\"": [\n      {\n        \""object_id\"": \""VIN12345678901234567\"",\n        \""object_type\"": \""Vehicle\"",\n        \""make_model\"": \""ABC Bakery\"",\n        \""year\"": 2025,\n        \""location_address\"": \""1220 Main Street, Anytown, USA\"",\n        \""estimated_value\"": null\n      }\n    ],\n    \""incident_description\"": {\n      \""incident_type\"": \""Slip and fall\"",\n      \""location_type\"": \""Shop\"",\n      \""estimated_damage_amount\"": null,\n      \""police_report_number\"": null\n    },\n    \""insured_name\"": \""Mark Evans\""\n  }\n}""]"
sola-jsonish-sections,"StructuredOutputAdapter(output_mode=JSONISH, prompt_layout=SECTIONS)",insurance-claims-0026,validation_error,ValidationError,1.3968468880048022,1,json_object,0,20,0.0,False,,header.channel;header.claim_id;header.incident_date;header.report_date;header.reported_by;incident_description.estimated_damage_amount;incident_description.incident_type;incident_description.location_type;incident_description.police_report_number;insured_objects[0].estimated_value;insured_objects[0].location_address;insured_objects[0].make_model;insured_objects[0].object_id;insured_objects[0].object_type;insured_objects[0].year;policy_details.coverage_type;policy_details.effective_date;policy_details.expiration_date;policy_details.policy_number;policy_details.policyholder_name,,1581,0,17,0.0,0,"[""{\n  \""claim\"": {\n    \""header\"": {\n      \""claim_id\"": \""CLM-320198\"",\n      \""report_date\"": \""2025-09-21\"",\n      \""incident_date\"": \""2025-09-20\"",\n      \""reported_by\"": \""Susan Lee\"",\n      \""channel\"": \""Email\""\n    },\n    \""policy_details\"": {\n      \""policy_number\"": \""POL-481992330\"",\n      \""policyholder_name\"": \""Susan Lee\"",\n      \""coverage_type\"": \""Auto\"",\n      \""effective_date\"": \""2024-09-22\"",\n      \""expiration_date\"": \""2025-09-21\""\n    },\n    \""insured_objects\"": [\n      {\n        \""object_id\"": \""VIN12345678901234567\"",\n        \""object_type\"": \""Vehicle\"",\n        \""make_model\"": \""Subaru\"",\n        \""year\"": 2015,\n        \""location_address\"": \""Grocery Store\"",\n        \""estimated_value\"": null\n      }\n    ],\n    \""incident_description\"": {\n      \""incident_type\"": \""Sideswipe\"",\n      \""location_type\"": \""Parking Lot\"",\n      \""estimated_damage_amount\"": 2100,\n      \""police_report_number\"": null\n    }\n  }\n}""]"
sola-jsonish-sections,"StructuredOutputAdapter(output_mode=JSONISH, prompt_layout=SECTIONS)",insurance-claims-0027,validation_error,ValidationError,1.4785090000077616,1,json_object,0,20,0.0,False,,header.channel;header.claim_id;header.incident_date;header.report_date;header.reported_by;incident_description.estimated_damage_amount;incident_description.incident_type;incident_description.location_type;incident_description.police_report_number;insured_objects[0].estimated_value;insured_objects[0].location_address;insured_objects[0].make_model;insured_objects[0].object_id;insured_objects[0].object_type;insured_objects[0].year;policy_details.coverage_type;policy_details.effective_date;policy_details.expiration_date;policy_details.policy_number;policy_details.policyholder_name,,1647,0,15,0.0,0,"[""{\n  \""claim\"": {\n    \""header\"": {\n      \""claim_id\"": \""CLM-440882\"",\n      \""report_date\"": \""2025-09-22\"",\n      \""incident_date\"": \""2025-09-22\"",\n      \""reported_by\"": \""George Clark\"",\n      \""channel\"": \""Phone\""\n    },\n    \""policy_details\"": {\n      \""policy_number\"": \""POL-998734221\"",\n      \""policyholder_name\"": \""George Clark\"",\n      \""coverage_type\"": \""Auto\"",\n      \""effective_date\"": \""2025-11-14\"",\n      \""expiration_date\"": \""2025-11-14\""\n    },\n    \""insured_objects\"": [\n      {\n        \""object_id\"": \""VIN12345678901234567\"",\n        \""object_type\"": \""Vehicle\"",\n        \""make_model\"": \""Unknown\"",\n        \""year\"": 1999,\n        \""location_address\"": \""Maple Street, Anytown, USA\"",\n        \""estimated_value\"": null\n      }\n    ],\n    \""incident_description\"": {\n      \""incident_type\"": \""Tapping\"",\n      \""location_type\"": \""Street\"",\n      \""estimated_damage_amount\"": null,\n      \""police_report_number\"": \""PR-20250921-2234\""\n    }\n  }\n}""]"
sola-jsonish-sections,"StructuredOutputAdapter(output_mode=JSONISH, prompt_layout=SECTIONS)",insurance-claims-0028,validation_error,ValidationError,1.9534265520051122,1,json_object,0,20,0.0,False,,header.channel;header.claim_id;header.incident_date;header.report_date;header.reported_by;incident_description.estimated_damage_amount;incident_description.incident_type;incident_description.location_type;incident_description.police_report_number;insured_objects[0].estimated_value;insured_objects[0].location_address;insured_objects[0].make_model;insured_objects[0].object_id;insured_objects[0].object_type;insured_objects[0].year;policy_details.coverage_type;policy_details.effective_date;policy_details.expiration_date;policy_details.policy_number;policy_details.policyholder_name,,1683,0,19,0.0,0,"[""{\n  \""claim\"": {\n    \""header\"": {\n      \""claim_id\"": \""CLM-773011\"",\n      \""report_date\"": \""19-SEP-2025\"",\n      \""incident_date\"": \""17-SEP-2025\"",\n      \""reported_by\"": \""Patricia (Patricia) Adams\"",\n      \""channel\"": \""Phone\""\n    },\n    \""policy_details\"": {\n      \""policy_number\"": \""POL-55432I090\"",\n      \""policyholder_name\"": \""PROP-223190\"",\n      \""coverage_type\"": \""Property\"",\n      \""effective_date\"": \""01-02-2024\"",\n      \""expiration_date\"": \""31-01-2025\""\n    },\n    \""insured_objects\"": [\n      {\n        \""object_id\"": \""PROP-223190\"",\n        \""object_type\"": \""Single family home\"",\n        \""make_model\"": \""Built 1975\"",\n        \""year\"": 1975,\n        \""location_address\"": \""4501 Ashwood Dr, Salem\"",\n        \""estimated_value\"": 289000\n      },\n      {\n        \""object_id\"": \""car\"",\n        \""object_type\"": \""Car\"",\n        \""make_model\"": \""Not specified\"",\n        \""year\"": null,\n        \""location_address\"": null,\n        \""estimated_value\"": null\n      }\n    ],\n    \""incident_description\"": {\n      \""incident_type\"": \""burst P!pe\"",\n      \""location_type\"": \""Residential street\"",\n      \""estimated_damage_amount\"": 13240,\n      \""police_report_number\"": null\n    },\n    \""notes\"": {\n      \""ceiling_collapsed\"": true,\n      \""carpets_ruined\"": true,\n      \""estimated_damage\"": 13240,\n      \""contracTOR_note\"": \""Not specified\""\n    }\n  }\n}""]"
sola-jsonish-sections,"StructuredOutputAdapter(output_mode=JSONISH, prompt_layout=SECTIONS)",insurance-claims-0029,validation_error,ValidationError,1.6939839889819268,1,json_object,0,20,0.0,False,,header.channel;header.claim_id;header.incident_date;header.report_date;header.reported_by;incident_description.estimated_damage_amount;incident_description.incident_type;incident_description.location_type;incident_description.police_report_number;insured_objects[0].estimated_value;insured_objects[0].location_address;insured_objects[0].make_model;insured_objects[0].object_id;insured_objects[0].object_type;insured_objects[0].year;policy_details.coverage_type;policy_details.effective_date;policy_details.expiration_date;policy_details.policy_number;policy_details.policyholder_name,,1630,0,18,0.0,0,"[""{\n  \""claim\"": {\n    \""header\"": {\n      \""claim_id\"": \""CLM-664028\"",\n      \""report_date\"": \""2025-09-23\"",\n      \""incident_date\"": \""2025-09-22\"",\n      \""reported_by\"": \""Emily Johnson\"",\n      \""channel\"": \""Portal\""\n    },\n    \""policy_details\"": {\n      \""policy_number\"": \""POL-776542109\"",\n      \""policyholder_name\"": \""Emily Johnson\"",\n      \""coverage_type\"": \""Liability\"",\n      \""effective_date\"": \""2023-09-06\"",\n      \""expiration_date\"": \""2023-09-06\""\n    },\n    \""insured_objects\"": [\n      {\n        \""object_id\"": \""9900 Commerce Blvd\"",\n        \""object_type\"": \""Building\"",\n        \""make_model\"": null,\n        \""year\"": 2011,\n        \""location_address\"": \""9900 Commerce Blvd\"",\n        \""estimated_value\"": null\n      },\n      {\n        \""object_id\"": \""9900 Commerce Blvd\"",\n        \""object_type\"": \""Building\"",\n        \""make_model\"": null,\n        \""year\"": 2011,\n        \""location_address\"": \""9900 Commerce Blvd\"",\n        \""estimated_value\"": null\n      }\n    ],\n    \""incident_description\"": {\n      \""incident_type\"": \""Slip and fall\"",\n      \""location_type\"": \""Retail shop\"",\n      \""estimated_damage_amount\"": null,\n      \""police_report_number\"": null\n    }\n  }\n}""]"
sola-yaml-sections,"StructuredOutputAdapter(output_mode=YAML, prompt_layout=SECTIONS)",insurance-claims-0000,parse_error,AdapterParseError,4.534044682979584,1,none,0,20,0.0,False,,header.channel;header.claim_id;header.incident_date;header.report_date;header.reported_by;incident_description.estimated_damage_amount;incident_description.incident_type;incident_description.location_type;incident_description.police_report_number;insured_objects[0].estimated_value;insured_objects[0].location_address;insured_objects[0].make_model;insured_objects[0].object_id;insured_objects[0].object_type;insured_objects[0].year;policy_details.coverage_type;policy_details.effective_date;policy_details.expiration_date;policy_details.policy_number;policy_details.policyholder_name,,2611,0,19,0.0,0,"[""```yaml\nclaim:\n  header:\n    claim_id: CLM-424063\n    report_date: '2024-04-22'\n    incident_date: '2024-04-22'\n    reported_by: Jennifer Garcia\n    channel: Email\n  policy_details:\n    policy_number: POL-787532354\n    policyholder_name: Jennifer Garcia\n    coverage_type: Property\n    effective_date: '2024-06-30'\n    expiration_date: '2024-06-30'\n  insured_objects:\n    object_id: 6650\n    object_type: Building\n    make_model: 'Single-family home'\n    year: 1972\n    location_address: '6650 Broadway, Georgetown'\n    estimated_value: 5800\n  incident_description:\n    incident_type: Property damage\n    location_type: Shopping center\n    estimated_damage_amount: 5834\n    police_report_number: PR-20250822-4864\n  claim_status: Pending\n  claim_status_update_date: '2024-04-22'\n  claim_status_update_method: Email\n  claim_status_update_method_description: 'I've sent an email confirmation back when I called in too.'\n  claim_status_update_method_description_alternative: 'I've also sent an email confirmation back when I called in too.'\n  claim_status_update_method_description_alternative_alternative: 'I've also sent an email confirmation back when I called in too.'\n  claim_status_update_method_description_alternative_alternative: 'I've also sent an email confirmation back when I called in too.'\n  claim_status_update_method_description_alternative_alternative_alternative: 'I've also sent an email confirmation back when I called in too.'\n  claim_status_update_method_description_alternative_alternative_alternative_alternative: 'I've also sent an email confirmation back when I called in too.'\n  claim_status_update_method_description_alternative_alternative_alternative_alternative_alternative: 'I've also sent an email confirmation back when I called in too.'\n  claim_status_update_method_description_alternative_alternative_alternative_alternative_alternative_alternative: 'I've also sent an email confirmation back when I called in too.'\n  claim_status_update_method_description_alternative_alternative_alternative_alternative_alternative_alternative_alternative: 'I've also sent an email confirmation back when I called in too.'\n  claim_status_update_method_description_alternative_alternative_alternative_alternative_alternative_alternative_alternative_alternative: 'I've also sent an email confirmation back when I called in too.'\n  claim_status_update_method_description_alternative_alternative_alternative_alternative_alternative_alternative_alternative_alternative_alternative: 'I've also sent an email confirmation back when I called in too.'\n  claim_status_update_method_description_alternative_alternative_alternative_alternative_alternative_alternative_alternative_alternative_alternative_alternative: 'I've also sent an email confirmation back when I called in too.'\n  claim_status_update_method_description_alternative_alternative_alternative_alternative_alternative_alternative_alternative_alternative_alternative_alternative_alternative: 'I've also sent an email confirmation back when I called in too.'\n  claim_status_update_method_description_alternative_alternative_alternative_alternative_alternative_alternative_alternative_alternative_alternative_alternative_alternative_alternative: 'I've also sent an email confirmation back when I called in too.'\n  claim_status_update_method_description_alternative_alternative_alternative_alternative_alternative_alternative_alternative_alternative_alternative_alternative_alternative_alternative_alternative: 'I've also sent an email confirmation back when I called in too.'\n  claim_status_update_method_description_alternative_alternative_alternative_alternative_alternative""]"
sola-yaml-sections,"StructuredOutputAdapter(output_mode=YAML, prompt_layout=SECTIONS)",insurance-claims-0001,validation_error,ValidationError,1.563825060002273,1,none,0,20,0.0,False,,header.channel;header.claim_id;header.incident_date;header.report_date;header.reported_by;incident_description.estimated_damage_amount;incident_description.incident_type;incident_description.location_type;incident_description.police_report_number;insured_objects[0].estimated_value;insured_objects[0].location_address;insured_objects[0].make_model;insured_objects[0].object_id;insured_objects[0].object_type;insured_objects[0].year;policy_details.coverage_type;policy_details.effective_date;policy_details.expiration_date;policy_details.policy_number;policy_details.policyholder_name,,1617,0,18,0.0,0,"[""```yaml\nclaim:\n  claim_id: CLM-748422\n  report_date: '2025-08-22'\n  incident_date: '2025-08-22'\n  reported_by: 'Joanne'\n  channel: 'In-Person'\n\npolicy_details:\n  policy_number: POL-930881789\n  policyholder_name: 'Unknown'\n  coverage_type: 'Property'\n  effective_date: '2026-03-02'\n  expiration_date: '2026-03-02'\n\ninsured_objects:\n  - object_id: 'PROP-199807'\n    object_type: 'Townhouse'\n    make_model: 'Unknown'\n    year: '2014'\n    location_address: '2850 Main St., Lexington'\n    estimated_value: 'Unknown'\n\nincident_description:\n  incident_type: 'Break-in'\n  location_type: 'Business'\n  estimated_damage_amount: 'Almost ten grand'\n  police_report_number: 'Unknown'\n```""]"
sola-yaml-sections,"StructuredOutputAdapter(output_mode=YAML, prompt_layout=SECTIONS)",insurance-claims-0002,validation_error,ValidationError,1.2461722019943409,1,none,0,11,0.0,False,,header.channel;header.claim_id;header.incident_date;header.report_date;header.reported_by;incident_description.estimated_damage_amount;incident_description.incident_type;incident_description.location_type;incident_description.police_report_number;insured_objects;policy_details,,1843,0,8,0.0,0,"[""```yaml\nclaim:\n  claim_id: CLM-255335\n  report_date: '2025-08-20'\n  incident_date: '2025-08-20'\n  reported_by: 'David Taylor'\n  channel: 'Email'\n\npolicy_details:\n  policy_number: POL-255335\n  policyholder_name: 'Unknown'\n  coverage_type: 'Property'\n  effective_date: '2025-08-20'\n  expiration_date: '2025-08-20'\n\ninsured_objects:\n  object_id: 'CLM-255335'\n  object_type: 'Vehicle'\n  make_model: 'Unknown'\n  year: 'Unknown'\n  location_address: 'Unknown'\n  estimated_value: 'Unknown'\n\nincident_description:\n  incident_type: 'Product Malfunction'\n  location_type: 'Workplace'\n  estimated_damage_amount: 'Unknown'\n  police_report_number: 'Unknown'\n```""]"
sola-yaml-sections,"StructuredOutputAdapter(output_mode=YAML, prompt_layout=SECTIONS)",insurance-claims-0003,validation_error,ValidationError,2.3808557309967,1,none,0,26,0.0,False,,header.channel;header.claim_id;header.incident_date;header.report_date;header.reported_by;incident_description.estimated_damage_amount;incident_description.incident_type;incident_description.location_type;incident_description.police_report_number;insured_objects[0].estimated_value;insured_objects[0].location_address;insured_objects[0].make_model;insured_objects[0].object_id;insured_objects[0].object_type;insured_objects[0].year;insured_objects[1].estimated_value;insured_objects[1].location_address;insured_objects[1].make_model;insured_objects[1].object_id;insured_objects[1].object_type;insured_objects[1].year;policy_details.coverage_type;policy_details.effective_date;policy_details.expiration_date;policy_details.policy_number;policy_details.policyholder_name,,1954,0,24,0.0,0,"[""```yaml\nclaim:\n  header:\n    claim_id: CLM-988147\n    report_date: \""2025-08-30\""\n    incident_date: \""2025-08-30\""\n    reported_by: \""Jennifer Johnson\""\n    channel: \""Portal\""\n  policy_details:\n    policy_number: POL-467268181\n    policyholder_name: \""Jennifer Johnson\""\n    coverage_type: \""Auto\""\n    effective_date: \""2023-11-19\""\n    expiration_date: \""2025-05-31\""\n  insured_objects:\n    - object_id: \""2017 BMW X3\""\n      object_type: \""Vehicle\""\n      make_model: \""2017 BMW X3\""\n      year: \""2017\""\n      location_address: \""Not involved in incident\""\n      estimated_value: \""$15,265\""\n    - object_id: \""2019 Mercedes GLC\""\n      object_type: \""Vehicle\""\n      make_model: \""2019 Mercedes GLC\""\n      year: \""2019\""\n      location_address: \""Not involved in incident\""\n      estimated_value: \""$20,372\""\n  incident_description:\n    incident_type: \""T-bone collision\""\n    location_type: \""Shopping center parking lot\""\n    estimated_damage_amount: \""$22,631\""\n    police_report_number: \""PR-20250830-7127\""\n  damage_assessment:\n    estimated_repair_cost: \""$22,631\""\n    damage_includes:\n      - \""Significant side panel damage\""\n      - \""Inoperable doors\""\n      - \""Bent front wheel\""\n      - \""Broken windows\""\n    vehicle_required_towing: \""Yes\""\n  additional_notes:\n    submitted_same_day_as_incident: \""Yes\""\n    photos_and_documentation_uploaded_to_portal: \""Yes\""\n    available_for_follow-up: \""Yes\""\n```""]"
sola-yaml-sections,"StructuredOutputAdapter(output_mode=YAML, prompt_layout=SECTIONS)",insurance-claims-0004,validation_error,ValidationError,1.7055892729840707,1,none,0,20,0.0,False,,header.channel;header.claim_id;header.incident_date;header.report_date;header.reported_by;incident_description.estimated_damage_amount;incident_description.incident_type;incident_description.location_type;incident_description.police_report_number;insured_objects[0].estimated_value;insured_objects[0].location_address;insured_objects[0].make_model;insured_objects[0].object_id;insured_objects[0].object_type;insured_objects[0].year;policy_details.coverage_type;policy_details.effective_date;policy_details.expiration_date;policy_details.policy_number;policy_details.policyholder_name,,2098,0,17,0.0,0,"[""```yaml\nclaim:\n  header:\n    claim_id: CLM-597471\n    report_date: '2025-08-22'\n    incident_date: '2025-08-21'\n    reported_by: Ashley Rodriguez\n    channel: 'Portal'\n  policy_details:\n    policy_number: POL-998781390\n    policyholder_name: Ashley Rodriguez\n    coverage_type: Property\n    effective_date: '2024-10-16'\n    expiration_date: '2025-10-16'\n  insured_objects:\n    object_id: '7400'\n    object_type: 'Kitchen'\n    make_model: 'Unknown'\n    year: 'Unknown'\n    location_address: '7400 Pi'\n    estimated_value: 'Unknown'\n  incident_description:\n    incident_type: 'Fire'\n    location_type: 'Kitchen'\n    estimated_damage_amount: 'Unknown'\n    police_report_number: 'Unknown'\n  claim_status: 'Pending'\n  claim_date: '2025-08-22'\n  claim_number: 'CLM-597471'\n  claim_description: 'A grease fire in the kitchen caused damage to the cooking area, cabinets, backsplash, and ceiling. The contractor estimated repairs at $52,774.'\n```""]"
sola-yaml-sections,"StructuredOutputAdapter(output_mode=YAML, prompt_layout=SECTIONS)",insurance-claims-0005,validation_error,ValidationError,1.5740791889838874,1,none,0,20,0.0,False,,header.channel;header.claim_id;header.incident_date;header.report_date;header.reported_by;incident_description.estimated_damage_amount;incident_description.incident_type;incident_description.location_type;incident_description.police_report_number;insured_objects[0].estimated_value;insured_objects[0].location_address;insured_objects[0].make_model;insured_objects[0].object_id;insured_objects[0].object_type;insured_objects[0].year;policy_details.coverage_type;policy_details.effective_date;policy_details.expiration_date;policy_details.policy_number;policy_details.policyholder_name,,1995,0,18,0.0,0,"[""```yaml\nclaim:\n  claim_id: CLM-509317\n  report_date: '2025-09-04'\n  incident_date: '2025-09-01'\n  reported_by: Jennifer Davis\n  channel: 'Email'\n\npolicy_details:\n  policy_number: POL-756977389\n  policyholder_name: Jennifer Davis\n  coverage_type: Liability\n  effective_date: '2023-11-14'\n  expiration_date: '2024-11-13'\n\ninsured_objects:\n  - object_id: '9350-Broadway'\n    object_type: Building\n    make_model: '9350 Broadway'\n    year: 2010\n    location_address: '9350 Broadway, Springfield'\n    estimated_value: 463611\n\nincident_description:\n  incident_type: Slip and Fall\n  location_type: Entrance\n  estimated_damage_amount: 21040\n  police_report_number: Not provided\n```""]"
sola-yaml-sections,"StructuredOutputAdapter(output_mode=YAML, prompt_layout=SECTIONS)",insurance-claims-0006,validation_error,ValidationError,2.23004536901135,1,none,0,20,0.0,False,,header.channel;header.claim_id;header.incident_date;header.report_date;header.reported_by;incident_description.estimated_damage_amount;incident_description.incident_type;incident_description.location_type;incident_description.police_report_number;insured_objects[0].estimated_value;insured_objects[0].location_address;insured_objects[0].make_model;insured_objects[0].object_id;insured_objects[0].object_type;insured_objects[0].year;policy_details.coverage_type;policy_details.effective_date;policy_details.expiration_date;policy_details.policy_number;policy_details.policyholder_name,,2220,0,19,0.0,0,"[""```yaml\nclaim:\n  claim_id: CLM-860535\n  report_date: '2025-09-03'\n  incident_date: '2025-09-02'\n  reported_by: Robert Thompson\n  channel: 'In-Person'\n\npolicy_details:\n  policy_number: POL-694961021\n  policyholder_name: POL-694961021\n  coverage_type: Property\n  effective_date: '2025-03-28'\n  expiration_date: '2025-03-27'\n\ninsured_objects:\n  - object_id: VIN12345678901234567\n    object_type: Vehicle\n    make_model: 1996\n    year: 1996\n    location_address: 3150 Cedar Lane\n    estimated_value: 720992\n\nincident_description:\n  incident_type:\n    - rear_end_collision\n    - side_impact_collision\n    - head_on_collision\n    - parking_lot_collision\n    - house_fire\n    - kitchen_fire\n    - electrical_fire\n    - burst_pipe_flood\n    - storm_damage\n    - roof_leak\n    - slip_and_fall\n    - property_injury\n    - product_liability\n    - theft_burglary\n    - vandalism\n  location_type:\n    - intersection\n    - highway\n    - parking_lot\n    - driveway\n    - residential_street\n    - residence_interior\n    - residence_exterior\n    - commercial_property\n    - public_property\n  estimated_damage_amount: 19400\n\npolice_report_number: 12345\n```""]"
sola-yaml-sections,"StructuredOutputAdapter(output_mode=YAML, prompt_layout=SECTIONS)",insurance-claims-0007,validation_error,ValidationError,1.5692321019887459,1,none,0,20,0.0,False,,header.channel;header.claim_id;header.incident_date;header.report_date;header.reported_by;incident_description.estimated_damage_amount;incident_description.incident_type;incident_description.location_type;incident_description.police_report_number;insured_objects[0].estimated_value;insured_objects[0].location_address;insured_objects[0].make_model;insured_objects[0].object_id;insured_objects[0].object_type;insured_objects[0].year;policy_details.coverage_type;policy_details.effective_date;policy_details.expiration_date;policy_details.policy_number;policy_details.policyholder_name,,1993,0,17,0.0,0,"[""```yaml\nclaim:\n  header:\n    claim_id: CLM-699674\n    report_date: '2025-08-30'\n    incident_date: '2025-08-28'\n    reported_by: David Johnson\n    channel: 'Phone'\n  policy_details:\n    policy_number: POL-314055462\n    policyholder_name: David Johnson\n    coverage_type: 'Property'\n    effective_date: '2025-05-27'\n    expiration_date: '2027-05-26'\n  insured_objects:\n    object_id: '9600'\n    object_type: 'House'\n    make_model: 'Yellow House'\n    year: 1969\n    location_address: 'Church Street, Georgetown, Georgia'\n    estimated_value: '372000'\n  incident_description:\n    incident_type: 'Slip and fall'\n    location_type: 'Sidewalk'\n    estimated_damage_amount: 'Unknown'\n    police_report_number: 'CLM-699674'\n```""]"
sola-yaml-sections,"StructuredOutputAdapter(output_mode=YAML, prompt_layout=SECTIONS)",insurance-claims-0008,validation_error,ValidationError,1.5284481779963244,1,none,0,11,0.0,False,,header.channel;header.claim_id;header.incident_date;header.report_date;header.reported_by;incident_description.estimated_damage_amount;incident_description.incident_type;incident_description.location_type;incident_description.police_report_number;insured_objects;policy_details,,1999,0,8,0.0,0,"[""```yaml\nclaim:\n  claim_id: CLM-531517\n  report_date: \""2025-08-22\""\n  incident_date: \""2025-08-22\""\n  reported_by: \""David Davis\""\n  channel: \""Phone\""\n\npolicy_details:\n  policy_number: POL-531517\n  policyholder_name: \""David Davis\""\n  coverage_type: \""Other\""\n  effective_date: \""2025-08-22\""\n  expiration_date: \""2025-08-22\""\n\ninsured_objects:\n  - object_id: \""CLM-531517\""\n    object_type: \""Other\""\n    make_model: \""Unknown\""\n    year: \""Unknown\""\n    location_address: \""Unknown\""\n    estimated_value: \""Unknown\""\n\nincident_description:\n  incident_type: \""Slip and fall\""\n  location_type: \""Front door\""\n  estimated_damage_amount: \""Unknown\""\n  police_report_number: \""PR-20250822-6127\""\n```""]"
sola-yaml-sections,"StructuredOutputAdapter(output_mode=YAML, prompt_layout=SECTIONS)",insurance-claims-0009,validation_error,ValidationError,1.4915238080138806,1,none,0,20,0.0,False,,header.channel;header.claim_id;header.incident_date;header.report_date;header.reported_by;incident_description.estimated_damage_amount;incident_description.incident_type;incident_description.location_type;incident_description.police_report_number;insured_objects[0].estimated_value;insured_objects[0].location_address;insured_objects[0].make_model;insured_objects[0].object_id;insured_objects[0].object_type;insured_objects[0].year;policy_details.coverage_type;policy_details.effective_date;policy_details.expiration_date;policy_details.policy_number;policy_details.policyholder_name,,2023,0,18,0.0,0,"[""```yaml\nclaim:\n  claim_id: CLM-692408\n  report_date: '2025-08-19'\n  incident_date: '2025-08-19'\n  reported_by: Lisa Garcia\n  channel: 'Phone'\n\npolicy_details:\n  policy_number: POL-575631637\n  policyholder_name: William\n  coverage_type: Auto\n  effective_date: '2024-03-06'\n  expiration_date: '2025-03-06'\n\ninsured_objects:\n  object_id: '2017-03-07'\n  object_type: 'Vehicle'\n  make_model: 'Ford'\n  year: 2017\n  location_address: 'Birchwood Lane'\n  estimated_value: 16433\n\nincident_description:\n  incident_type: 'Rear-end collision'\n  location_type: 'Residential street'\n  estimated_damage_amount: 2776\n  police_report_number: PR-20250817-9170\n```""]"
sola-yaml-sections,"StructuredOutputAdapter(output_mode=YAML, prompt_layout=SECTIONS)",insurance-claims-0010,validation_error,ValidationError,1.9005613459739834,1,none,0,11,0.0,False,,header.channel;header.claim_id;header.incident_date;header.report_date;header.reported_by;incident_description.estimated_damage_amount;incident_description.incident_type;incident_description.location_type;incident_description.police_report_number;insured_objects;policy_details,,1975,0,9,0.0,0,"[""```yaml\nclaim:\n  header:\n    claim_id: CLM-884860\n    report_date: '2025-09-04'\n    incident_date: '2025-09-04'\n    reported_by: Michelle Brown\n    channel: 'Email'\n  policy_details:\n    policy_number: POL-884860\n    policyholder_name: Michelle Brown\n    coverage_type: 'Property'\n    effective_date: '2025-09-04'\n    expiration_date: '2025-09-04'\n  insured_objects:\n    object_id: VIN12345678901234567\n    object_type: 'Vehicle'\n    make_model: 'Unknown'\n    year: 'Unknown'\n    location_address: '123 Main St, Anytown, USA'\n    estimated_value: 'Unknown'\n  incident_description:\n    incident_type: 'Unauthorized entry'\n    location_type: 'Residential'\n    estimated_damage_amount: 'Unknown'\n    police_report_number: 'PR-20250902-7037'\n  indemnity_amount: 'Unknown'\n  indemnity_date: '2025-09-04'\n  indemnity_notes:\n    'Junk folder has been eating emails': 'Please copy my other address just in case you try replying and don’t hear back.'\n```""]"
sola-yaml-sections,"StructuredOutputAdapter(output_mode=YAML, prompt_layout=SECTIONS)",insurance-claims-0011,validation_error,ValidationError,1.3939424800046254,1,none,0,11,0.0,False,,header.channel;header.claim_id;header.incident_date;header.report_date;header.reported_by;incident_description.estimated_damage_amount;incident_description.incident_type;incident_description.location_type;incident_description.police_report_number;insured_objects;policy_details,,1856,0,8,0.0,0,"[""```yaml\nclaim:\n  claim_id: CLM-462584\n  report_date: '2025-08-26'\n  incident_date: '2025-08-25'\n  reported_by: James Johnson\n  channel: 'Email'\n\npolicy_details:\n  policy_number: POL-462584\n  policyholder_name: Johnson, James\n  coverage_type: 'Liability'\n  effective_date: '2025-08-26'\n  expiration_date: '2025-08-26'\n\ninsured_objects:\n  - object_id: VIN12345678901234567\n    object_type: 'Vehicle'\n    make_model: 'Ford'\n    year: 2025\n    location_address: '123 Main St'\n    estimated_value: 1500\n\nincident_description:\n  incident_type: 'rear_end_collision'\n  location_type: 'shopping_center_lot'\n  estimated_damage_amount: 3038\n```""]"
sola-yaml-sections,"StructuredOutputAdapter(output_mode=YAML, prompt_layout=SECTIONS)",insurance-claims-0012,validation_error,ValidationError,1.3945203380135354,1,none,0,20,0.0,False,,header.channel;header.claim_id;header.incident_date;header.report_date;header.reported_by;incident_description.estimated_damage_amount;incident_description.incident_type;incident_description.location_type;incident_description.police_report_number;insured_objects[0].estimated_value;insured_objects[0].location_address;insured_objects[0].make_model;insured_objects[0].object_id;insured_objects[0].object_type;insured_objects[0].year;policy_details.coverage_type;policy_details.effective_date;policy_details.expiration_date;policy_details.policy_number;policy_details.policyholder_name,,2024,0,18,0.0,0,"[""```yaml\nclaim:\n  header:\n    claim_id: CLM-834090\n    report_date: '2025-09-09'\n    incident_date: '2023-09-09'\n    reported_by: Christopher Smith\n    channel: 'Phone'\n  policy_details:\n    policy_number: POL-262724604\n    policyholder_name: 'Christopher Smith'\n    coverage_type: 'Property'\n    effective_date: '2024-05-29'\n    expiration_date: '2025-10-29'\n  insured_objects:\n    object_id: '7050'\n    object_type: 'Townhouse'\n    make_model: 'Built in 2023'\n    year: '2023'\n    location_address: '7050 Oak Ave, Arlington'\n    estimated_value: 'Not specified'\n  incident_description:\n    incident_type: 'Hail and wind damage'\n    location_type: 'Yard'\n    estimated_damage_amount: 'Not specified'\n    police_report_number: 'Not specified'\n```""]"
sola-yaml-sections,"StructuredOutputAdapter(output_mode=YAML, prompt_layout=SECTIONS)",insurance-claims-0013,validation_error,ValidationError,1.4834688740083948,1,none,0,20,0.0,False,,header.channel;header.claim_id;header.incident_date;header.report_date;header.reported_by;incident_description.estimated_damage_amount;incident_description.incident_type;incident_description.location_type;incident_description.police_report_number;insured_objects[0].estimated_value;insured_objects[0].location_address;insured_objects[0].make_model;insured_objects[0].object_id;insured_objects[0].object_type;insured_objects[0].year;policy_details.coverage_type;policy_details.effective_date;policy_details.expiration_date;policy_details.policy_number;policy_details.policyholder_name,,2010,0,18,0.0,0,"[""```yaml\nclaim:\n  claim_id: CLM-696349\n  report_date: '2025-09-05'\n  incident_date: '2025-09-04'\n  reported_by: Jennifer Miller\n  channel: 'Phone'\n\npolicy_details:\n  policy_number: POL-285003271\n  policyholder_name: Jennifer Miller\n  coverage_type: 'Property'\n  effective_date: '2024-12-13'\n  expiration_date: '2026-12-12'\n\ninsured_objects:\n  - object_id: '7400 Second Street'\n    object_type: 'Single Family Home'\n    make_model: 'Greenish'\n    year: 2013\n    location_address: 'Clayton'\n    estimated_value: '411865'\n\nincident_description:\n  incident_type: 'Fire'\n  location_type: 'Living Room'\n  estimated_damage_amount: '136734'\n  police_report_number: 'Not provided'\n```""]"
sola-yaml-sections,"StructuredOutputAdapter(output_mode=YAML, prompt_layout=SECTIONS)",insurance-claims-0014,validation_error,ValidationError,1.4135162519814912,1,none,0,20,0.0,False,,header.channel;header.claim_id;header.incident_date;header.report_date;header.reported_by;incident_description.estimated_damage_amount;incident_description.incident_type;incident_description.location_type;incident_description.police_report_number;insured_objects[0].estimated_value;insured_objects[0].location_address;insured_objects[0].make_model;insured_objects[0].object_id;insured_objects[0].object_type;insured_objects[0].year;policy_details.coverage_type;policy_details.effective_date;policy_details.expiration_date;policy_details.policy_number;policy_details.policyholder_name,,1541,0,17,0.0,0,"[""```yaml\nclaim:\n  header:\n    claim_id: CLM-405338\n    report_date: '2025-08-16'\n    incident_date: '2024-09-25'\n    reported_by: James Smith\n    channel: 'Email'\n  policy_details:\n    policy_number: POL-932318703\n    policyholder_name: Honda\n    coverage_type: 'Auto'\n    effective_date: '2024-09-25'\n    expiration_date: '2025-09-25'\n  insured_objects:\n    - object_id: VIN70413800966102220\n      object_type: 'Honda CR-V'\n      make_model: 'Honda'\n      year: 2017\n      location_address: 'Harrison Avenue'\n      estimated_value: 5000\n  incident_description:\n    incident_type: 'rear_end_collision'\n    location_type: 'highway'\n    estimated_damage_amount: 37000\n    police_report_number: null\n  claim_status: 'Pending'\n```""]"
sola-yaml-sections,"StructuredOutputAdapter(output_mode=YAML, prompt_layout=SECTIONS)",insurance-claims-0015,validation_error,ValidationError,4.339452893997077,1,none,0,20,0.0,False,,header.channel;header.claim_id;header.incident_date;header.report_date;header.reported_by;incident_description.estimated_damage_amount;incident_description.incident_type;incident_description.location_type;incident_description.police_report_number;insured_objects[0].estimated_value;insured_objects[0].location_address;insured_objects[0].make_model;insured_objects[0].object_id;insured_objects[0].object_type;insured_objects[0].year;policy_details.coverage_type;policy_details.effective_date;policy_details.expiration_date;policy_details.policy_number;policy_details.policyholder_name,,2572,0,19,0.0,0,"[""```yaml\nclaim:\n  claim_id: CLM-741209\n  report_date: '2025-09-10'\n  incident_date: '2025-09-08'\n  reported_by: 'Karen Wilson'\n  channel: 'Phone'\n\npolicy_details:\n  policy_number: POL-811390245\n  policyholder_name: 'Karen Wilson'\n  coverage_type: 'Car Insurance'\n  effective_date: '2025-07-15'\n  expiration_date: '2025-09-14'\n\ninsured_objects:\n  object_id: VIN29384756109283745\n  object_type: 'Toyota Camry'\n  make_model: '2018'\n  year: '2018'\n  location_address: 'Main & Fifth'\n  estimated_value: '14000'\n\nincident_description:\n  incident_type: 'Rear-end collision'\n  location_type: 'Intersection'\n  estimated_damage_amount: '4800'\n  police_report_number: 'PR-20250908-1289'\n\ninsured_objects:\n  object_id: VIN29384756109283745\n  object_type: 'Toyota Camry'\n  make_model: '2018'\n  year: '2018'\n  location_address: 'Main & Fifth'\n  estimated_value: '14000'\n\nincident_description:\n  incident_type: 'Rear-end collision'\n  location_type: 'Intersection'\n  estimated_damage_amount: '4800'\n  police_report_number: 'PR-20250908-1289'\n\ninsured_objects:\n  object_id: VIN29384756109283745\n  object_type: 'Toyota Camry'\n  make_model: '2018'\n  year: '2018'\n  location_address: 'Main & Fifth'\n  estimated_value: '14000'\n\nincident_description:\n  incident_type: 'Rear-end collision'\n  location_type: 'Intersection'\n  estimated_damage_amount: '4800'\n  police_report_number: 'PR-20250908-1289'\n\ninsured_objects:\n  object_id: VIN29384756109283745\n  object_type: 'Toyota Camry'\n  make_model: '2018'\n  year: '2018'\n  location_address: 'Main & Fifth'\n  estimated_value: '14000'\n\nincident_description:\n  incident_type: 'Rear-end collision'\n  location_type: 'Intersection'\n  estimated_damage_amount: '4800'\n  police_report_number: 'PR-20250908-1289'\n\ninsured_objects:\n  object_id: VIN29384756109283745\n  object_type: 'Toyota Camry'\n  make_model: '2018'\n  year: '2018'\n  location_address: 'Main & Fifth'\n  estimated_value: '14000'\n\nincident_description:\n  incident_type: 'Rear-end collision'\n  location_type: 'Intersection'\n  estimated_damage_amount: '4800'\n  police_report_number: 'PR-20250908-1289'\n\ninsured_objects""]"
sola-yaml-sections,"StructuredOutputAdapter(output_mode=YAML, prompt_layout=SECTIONS)",insurance-claims-0016,validation_error,ValidationError,1.676706122001633,1,none,0,20,0.0,False,,header.channel;header.claim_id;header.incident_date;header.report_date;header.reported_by;incident_description.estimated_damage_amount;incident_description.incident_type;incident_description.location_type;incident_description.police_report_number;insured_objects[0].estimated_value;insured_objects[0].location_address;insured_objects[0].make_model;insured_objects[0].object_id;insured_objects[0].object_type;insured_objects[0].year;policy_details.coverage_type;policy_details.effective_date;policy_details.expiration_date;policy_details.policy_number;policy_details.policyholder_name,,1727,0,20,0.0,0,"[""```yaml\nclaim:\n  claim_id: CLM-512907\n  report_date: '2025-09-11'\n  incident_date: '2025-09-09'\n  reported_by: Anthony Martinez\n  channel: 'Portal'\n\npolicy_details:\n  policy_number: POL-220941678\n  policyholder_name: Anthony Martinez\n  coverage_type: Property\n  effective_date: '2023-05-01'\n  expiration_date: '2025-04-30'\n\ninsured_objects:\n  - object_id: PROP-819304\n    object_type: Single Family Home\n    make_model: tan-colored\n    year: 1985\n    location_address: 8120 Lakeview Drive\n    estimated_value: $356000\n\nincident_description:\n  incident_type: Storm Damage\n  location_type: Street\n  estimated_damage_amount: $18742\n  police_report_number: PR-20250909-4432\n```""]"
sola-yaml-sections,"StructuredOutputAdapter(output_mode=YAML, prompt_layout=SECTIONS)",insurance-claims-0017,validation_error,ValidationError,1.3908921219990589,1,none,0,20,0.0,False,,header.channel;header.claim_id;header.incident_date;header.report_date;header.reported_by;incident_description.estimated_damage_amount;incident_description.incident_type;incident_description.location_type;incident_description.police_report_number;insured_objects[0].estimated_value;insured_objects[0].location_address;insured_objects[0].make_model;insured_objects[0].object_id;insured_objects[0].object_type;insured_objects[0].year;policy_details.coverage_type;policy_details.effective_date;policy_details.expiration_date;policy_details.policy_number;policy_details.policyholder_name,,1685,0,19,0.0,0,"[""```yaml\nclaim:\n  claim_id: CLM-624817\n  report_date: '2025-09-12'\n  incident_date: '2025-09-12'\n  reported_by: Stephanie Clark\n  channel: Email\n\npolicy_details:\n  policy_number: POL-573882014\n  policyholder_name: Stephanie Clark\n  coverage_type: Auto\n  effective_date: '2025-10-01'\n  expiration_date: '2025-09-30'\n\ninsured_objects:\n  - object_id: VIN12039485762194836\n    object_type: Vehicle\n    make_model: Honda\n    year: 2020\n    location_address: 'Safeway lot, row D'\n    estimated_value: 19500\n\nincident_description:\n  incident_type: Rear-end collision\n  location_type: Parking lot\n  estimated_damage_amount: 3172\n  police_report_number: PR-20250911-9821\n```""]"
sola-yaml-sections,"StructuredOutputAdapter(output_mode=YAML, prompt_layout=SECTIONS)",insurance-claims-0018,validation_error,ValidationError,1.3208777180116158,1,none,0,20,0.0,False,,header.channel;header.claim_id;header.incident_date;header.report_date;header.reported_by;incident_description.estimated_damage_amount;incident_description.incident_type;incident_description.location_type;incident_description.police_report_number;insured_objects[0].estimated_value;insured_objects[0].location_address;insured_objects[0].make_model;insured_objects[0].object_id;insured_objects[0].object_type;insured_objects[0].year;policy_details.coverage_type;policy_details.effective_date;policy_details.expiration_date;policy_details.policy_number;policy_details.policyholder_name,,1619,0,18,0.0,0,"[""```yaml\nclaim:\n  claim_id: CLM-205311\n  report_date: '2025-09-13'\n  incident_date: '2023-09-12'\n  reported_by: 'Brian Lewis'\n  channel: 'Phone'\n\npolicy_details:\n  policy_number: POL-455372900\n  policyholder_name: 'Brian Lewis'\n  coverage_type: 'Property'\n  effective_date: '2023-06-09'\n  expiration_date: '2024-06-09'\n\ninsured_objects:\n  - object_id: '441'\n    object_type: 'Townhouse'\n    make_model: '1978'\n    year: 1978\n    location_address: '441 Oakwood Avenue'\n    estimated_value: 389000\n\nincident_description:\n  incident_type: 'Pipe burst'\n  location_type: 'Basement'\n  estimated_damage_amount: 12187\n\npolice_report_number: null\n```""]"
sola-yaml-sections,"StructuredOutputAdapter(output_mode=YAML, prompt_layout=SECTIONS)",insurance-claims-0019,validation_error,ValidationError,1.3590628660167567,1,none,0,20,0.0,False,,header.channel;header.claim_id;header.incident_date;header.report_date;header.reported_by;incident_description.estimated_damage_amount;incident_description.incident_type;incident_description.location_type;incident_description.police_report_number;insured_objects[0].estimated_value;insured_objects[0].location_address;insured_objects[0].make_model;insured_objects[0].object_id;insured_objects[0].object_type;insured_objects[0].year;policy_details.coverage_type;policy_details.effective_date;policy_details.expiration_date;policy_details.policy_number;policy_details.policyholder_name,,1580,0,20,0.0,0,"[""```yaml\nclaim:\n  claim_id: CLM-930672\n  report_date: '2025-09-14'\n  incident_date: '2025-09-13'\n  reported_by: Olivia White\n  channel: 'In-Person'\n\npolicy_details:\n  policy_number: POL-668299345\n  policyholder_name: Olivia White\n  coverage_type: Liability\n  effective_date: '2024-01-20'\n  expiration_date: '2026-01-19'\n\ninsured_objects:\n  - object_id: VIN12345678901234567\n    object_type: Vehicle\n    make_model: Not specified\n    year: 2005\n    location_address: 300 Market Street, Albany\n    estimated_value: Not specified\n\nincident_description:\n  incident_type: Slip and fall\n  location_type: Lobby\n  estimated_damage_amount: $8,860\n  police_report_number: PR-20250913-5507\n```""]"
sola-yaml-sections,"StructuredOutputAdapter(output_mode=YAML, prompt_layout=SECTIONS)",insurance-claims-0020,validation_error,ValidationError,1.4584045280062128,1,none,0,20,0.0,False,,header.channel;header.claim_id;header.incident_date;header.report_date;header.reported_by;incident_description.estimated_damage_amount;incident_description.incident_type;incident_description.location_type;incident_description.police_report_number;insured_objects[0].estimated_value;insured_objects[0].location_address;insured_objects[0].make_model;insured_objects[0].object_id;insured_objects[0].object_type;insured_objects[0].year;policy_details.coverage_type;policy_details.effective_date;policy_details.expiration_date;policy_details.policy_number;policy_details.policyholder_name,,1671,0,19,0.0,0,"[""```yaml\nclaim:\n  claim_id: CLM-144512\n  report_date: '2025-09-15'\n  incident_date: '2025-09-13'\n  reported_by: Daniel Evans\n  channel: 'Portal'\n\npolicy_details:\n  policy_number: POL-391047522\n  policyholder_name: Daniel Evans\n  coverage_type: 'Property'\n  effective_date: '2024-02-10'\n  expiration_date: '2027-02-09'\n\ninsured_objects:\n  - object_id: VIN84930271645092834\n    object_type: 'Vehicle'\n    make_model: 'Ford'\n    year: 2021\n    location_address: 'Grant and Maple'\n    estimated_value: 28400\n\nincident_description:\n  incident_type: 'Rear-end collision'\n  location_type: 'Intersection'\n  estimated_damage_amount: 10322\n  police_report_number: PR-20250913-3344\n\nclaim_reference: CLM-144512\n```""]"
sola-yaml-sections,"StructuredOutputAdapter(output_mode=YAML, prompt_layout=SECTIONS)",insurance-claims-0021,validation_error,ValidationError,4.238658264017431,1,none,0,26,0.0,False,,header.channel;header.claim_id;header.incident_date;header.report_date;header.reported_by;incident_description.estimated_damage_amount;incident_description.incident_type;incident_description.location_type;incident_description.police_report_number;insured_objects[0].estimated_value;insured_objects[0].location_address;insured_objects[0].make_model;insured_objects[0].object_id;insured_objects[0].object_type;insured_objects[0].year;insured_objects[1].estimated_value;insured_objects[1].location_address;insured_objects[1].make_model;insured_objects[1].object_id;insured_objects[1].object_type;insured_objects[1].year;policy_details.coverage_type;policy_details.effective_date;policy_details.expiration_date;policy_details.policy_number;policy_details.policyholder_name,,2301,0,24,0.0,0,"[""```yaml\nclaim:\n  claim_id: CLM-772093\n  report_date: '2025-09-16'\n  incident_date: '2025-09-15'\n  reported_by: 'Laura Adams'\n  channel: 'Email'\n\npolicy_details:\n  policy_number: POL-119384756\n  policyholder_name: Laura Adams\n  coverage_type: Auto\n  effective_date: '05-Nov-2023'\n  expiration_date: '04-Nov-2025'\n  insured_objects:\n    - object_id: VIN98123746509283746\n      object_type: Vehicle\n      make_model: Subaru\n      year: 2019\n      location_address: 'Interstate 8'\n      estimated_value: 17350\n    - object_id: VIN29384756109283744\n      object_type: Vehicle\n      make_model: Toyota\n      year: 2017\n      location_address: 'Residence'\n      estimated_value: 11200\n    - object_id: VIN29384756109283744\n      object_type: Vehicle\n      make_model: Toyota\n      year: 2017\n      location_address: 'Residence'\n      estimated_value: 20000\n    - object_id: VIN29384756109283744\n      object_type: Other\n      make_model: Mazda\n      year: 2020\n      location_address: 'Mazda CX-5'\n      estimated_value: 20000\n\ninsured_objects:\n  - object_id: VIN98123746509283746\n    object_type: Vehicle\n    make_model: Subaru\n    year: 2019\n    location_address: 'Interstate 8'\n    estimated_value: 17350\n  - object_id: VIN29384756109283744\n    object_type: Vehicle\n    make_model: Toyota\n    year: 2017\n    location_address: 'Residence'\n    estimated_value: 11200\n  - object_id: VIN29384756109283744\n    object_type: Vehicle\n    make_model: Toyota\n    year: 2017\n    location_address: 'Residence'\n    estimated_value: 20000\n  - object_id: VIN29384756109283744\n    object_type: Other\n    make_model: Mazda\n    year: 2020\n    location_address: 'Mazda CX-5'\n    estimated_value: 20000\n\nincident_description:\n  incident_type: rear_end_collision\n  location_type: highway\n  estimated_damage_amount: 6321\n  police_report_number: PR-20250915-4419\n\npolicy_printout:\n  policy_number: POL-119384756\n  holder: Laura Adams\n  coverage: Auto\n  effective: 05-Nov-2023\n  expires: 04-Nov-2025\n  insured_vehicles:\n    - Subaru Outback 2019\n    - Toyota Corolla 2017\n    - Toyota Corolla 2017\n    - Mazda CX-5 2020\n```""]"
sola-yaml-sections,"StructuredOutputAdapter(output_mode=YAML, prompt_layout=SECTIONS)",insurance-claims-0022,validation_error,ValidationError,1.571583468990866,1,none,0,20,0.0,False,,header.channel;header.claim_id;header.incident_date;header.report_date;header.reported_by;incident_description.estimated_damage_amount;incident_description.incident_type;incident_description.location_type;incident_description.police_report_number;insured_objects[0].estimated_value;insured_objects[0].location_address;insured_objects[0].make_model;insured_objects[0].object_id;insured_objects[0].object_type;insured_objects[0].year;policy_details.coverage_type;policy_details.effective_date;policy_details.expiration_date;policy_details.policy_number;policy_details.policyholder_name,,1640,0,19,0.0,0,"[""```yaml\nclaim:\n  claim_id: CLM-390871\n  report_date: \""2025-09-17\""\n  incident_date: \""2025-09-14\""\n  reported_by: \""Ethan Walker\""\n  channel: \""In-Person\""\n\npolicy_details:\n  policy_number: POL-702193847\n  policyholder_name: Ethan Walker\n  coverage_type: Property\n  effective_date: \""2024-08-01\""\n  expiration_date: \""2025-07-31\""\n  insured_objects:\n    object_id: \""1920 Pinecrest Ln\""\n    object_type: \""Single Family Home\""\n    make_model: \""Built 1992\""\n    year: 1992\n    location_address: \""1920 Pinecrest Ln, Toledo OH\""\n    estimated_value: 268900\n\nincident_description:\n  incident_type: \""Fire\""\n  location_type: \""Kitchen\""\n  estimated_damage_amount: 44215\n  police_report_number: \""PR-20250914-2291\""\n```""]"
sola-yaml-sections,"StructuredOutputAdapter(output_mode=YAML, prompt_layout=SECTIONS)",insurance-claims-0023,validation_error,ValidationError,1.3966834190068766,1,none,0,20,0.0,False,,header.channel;header.claim_id;header.incident_date;header.report_date;header.reported_by;incident_description.estimated_damage_amount;incident_description.incident_type;incident_description.location_type;incident_description.police_report_number;insured_objects[0].estimated_value;insured_objects[0].location_address;insured_objects[0].make_model;insured_objects[0].object_id;insured_objects[0].object_type;insured_objects[0].year;policy_details.coverage_type;policy_details.effective_date;policy_details.expiration_date;policy_details.policy_number;policy_details.policyholder_name,,1583,0,18,0.0,0,"[""```yaml\nclaim:\n  header:\n    claim_id: CLM-551092\n    report_date: '2025-09-18'\n    incident_date: '2025-09-16'\n    reported_by: Rachel Green\n    channel: 'Phone'\n  policy_details:\n    policy_number: POL-509238176\n    policyholder_name: POL-509238176\n    coverage_type: 'Property'\n    effective_date: '2024-05-12'\n    expiration_date: '2024-05-12'\n  insured_objects:\n    object_id: CLM-551092\n    object_type: 'Townhouse'\n    make_model: '2008'\n    year: 2008\n    location_address: '621 Brookside Ct'\n    estimated_value: 314000\n  incident_description:\n    incident_type: 'roof collapse'\n    location_type: 'upstairs bedroom'\n    estimated_damage_amount: 8237\n    police_report_number: null\n  claim_status: 'Pending'\n```""]"
sola-yaml-sections,"StructuredOutputAdapter(output_mode=YAML, prompt_layout=SECTIONS)",insurance-claims-0024,validation_error,ValidationError,1.4570292840071488,1,none,0,20,0.0,False,,header.channel;header.claim_id;header.incident_date;header.report_date;header.reported_by;incident_description.estimated_damage_amount;incident_description.incident_type;incident_description.location_type;incident_description.police_report_number;insured_objects[0].estimated_value;insured_objects[0].location_address;insured_objects[0].make_model;insured_objects[0].object_id;insured_objects[0].object_type;insured_objects[0].year;policy_details.coverage_type;policy_details.effective_date;policy_details.expiration_date;policy_details.policy_number;policy_details.policyholder_name,,1625,0,19,0.0,0,"[""```yaml\nclaim:\n  claim_id: CLM-229871\n  report_date: '2025-09-20'\n  incident_date: '2025-09-18'\n  reported_by: 'Olivia Carter'\n  channel: 'Email'\n  policy_details:\n    policy_number: POL-667198234\n    policyholder_name: 'Olivia Carter'\n    coverage_type: 'Property'\n    effective_date: '2024-10-10'\n    expiration_date: '2025-10-09'\n  insured_objects:\n    object_id: '77889900112233445'\n    object_type: 'Vehicle'\n    make_model: 'Mazda CX-5'\n    year: '2020'\n    location_address: 'Willow and Grant'\n    estimated_value: '15600'\n  incident_description:\n    incident_type: 'rear_end_collision'\n    location_type: 'intersection'\n    estimated_damage_amount: '7800'\n    police_report_number: 'PR-20250918-8821'\n```""]"
sola-yaml-sections,"StructuredOutputAdapter(output_mode=YAML, prompt_layout=SECTIONS)",insurance-claims-0025,validation_error,ValidationError,1.395826333988225,1,none,0,11,0.0,False,,header.channel;header.claim_id;header.incident_date;header.report_date;header.reported_by;incident_description.estimated_damage_amount;incident_description.incident_type;incident_description.location_type;incident_description.police_report_number;insured_objects;policy_details,,1621,0,6,0.0,0,"[""```yaml\nclaim:\n  header:\n    claim_id: \""CLM-12345678901234567\""\n    report_date: \""2025-09-21\""\n    incident_date: \""2025-09-20\""\n    reported_by: \""Mark Evans\""\n    channel: \""Phone\""\n  policy_details:\n    policy_number: \""POL-1234567890123456\""\n    policyholder_name: \""Mark Evans\""\n    coverage_type: \""Liability\""\n    effective_date: \""2025-09-21\""\n    expiration_date: \""2025-09-21\""\n  insured_objects:\n    object_id: \""1234567890123456\""\n    object_type: \""Building\""\n    make_model: \""Bakery\""\n    year: 2025\n    location_address: \""1220 Main Street\""\n    estimated_value: null\n  incident_description:\n    incident_type: \""Slip and fall\""\n    location_type: \""Shop\""\n    estimated_damage_amount: null\n    police_report_number: null\n```""]"
sola-yaml-sections,"StructuredOutputAdapter(output_mode=YAML, prompt_layout=SECTIONS)",insurance-claims-0026,validation_error,ValidationError,1.2877344689914025,1,none,0,20,0.0,False,,header.channel;header.claim_id;header.incident_date;header.report_date;header.reported_by;incident_description.estimated_damage_amount;incident_description.incident_type;incident_description.location_type;incident_description.police_report_number;insured_objects[0].estimated_value;insured_objects[0].location_address;insured_objects[0].make_model;insured_objects[0].object_id;insured_objects[0].object_type;insured_objects[0].year;policy_details.coverage_type;policy_details.effective_date;policy_details.expiration_date;policy_details.policy_number;policy_details.policyholder_name,,1533,0,17,0.0,0,"[""```yaml\nclaim:\n  header:\n    claim_id: CLM-320198\n    report_date: '2025-09-21'\n    incident_date: '2025-09-20'\n    reported_by: Susan Lee\n    channel: 'Email'\n  policy_details:\n    policy_number: POL-481992330\n    policyholder_name: Susan Lee\n    coverage_type: 'Auto'\n    effective_date: '2024-09-22'\n    expiration_date: '2025-09-21'\n  insured_objects:\n    object_id: '88776655443322110'\n    object_type: 'Vehicle'\n    make_model: 'Subaru Outback'\n    year: 2015\n    location_address: 'Grocery Store'\n    estimated_value: null\n  incident_description:\n    incident_type: 'Sideswipe'\n    location_type: 'Parking Lot'\n    estimated_damage_amount: 2100\n    police_report_number: null\n```""]"
sola-yaml-sections,"StructuredOutputAdapter(output_mode=YAML, prompt_layout=SECTIONS)",insurance-claims-0027,validation_error,ValidationError,1.3016542149998713,1,none,0,20,0.0,False,,header.channel;header.claim_id;header.incident_date;header.report_date;header.reported_by;incident_description.estimated_damage_amount;incident_description.incident_type;incident_description.location_type;incident_description.police_report_number;insured_objects[0].estimated_value;insured_objects[0].location_address;insured_objects[0].make_model;insured_objects[0].object_id;insured_objects[0].object_type;insured_objects[0].year;policy_details.coverage_type;policy_details.effective_date;policy_details.expiration_date;policy_details.policy_number;policy_details.policyholder_name,,1583,0,15,0.0,0,"[""```yaml\nclaim:\n  claim_id: CLM-440882\n  report_date: '2025-09-22'\n  incident_date: '2025-09-22'\n  reported_by: George Clark\n  channel: 'Phone'\n\npolicy_details:\n  policy_number: POL-998734221\n  policyholder_name: George Clark\n  coverage_type: 'Auto'\n  effective_date: '2025-11-14'\n  expiration_date: '2025-11-14'\n  insured_objects:\n    object_id: 'VIN6554'\n    object_type: 'Vehicle'\n    make_model: 'Ford'\n    year: '1999'\n    location_address: 'Maple Street'\n    estimated_value: null\n\nincident_description:\n  incident_type: 'T-bone collision'\n  location_type: 'Parking lot'\n  estimated_damage_amount: null\n  police_report_number: 'PR-20250921-2234'\n```""]"
sola-yaml-sections,"StructuredOutputAdapter(output_mode=YAML, prompt_layout=SECTIONS)",insurance-claims-0028,validation_error,ValidationError,1.6625448659760877,1,none,0,20,0.0,False,,header.channel;header.claim_id;header.incident_date;header.report_date;header.reported_by;incident_description.estimated_damage_amount;incident_description.incident_type;incident_description.location_type;incident_description.police_report_number;insured_objects[0].estimated_value;insured_objects[0].location_address;insured_objects[0].make_model;insured_objects[0].object_id;insured_objects[0].object_type;insured_objects[0].year;policy_details.coverage_type;policy_details.effective_date;policy_details.expiration_date;policy_details.policy_number;policy_details.policyholder_name,,1565,0,19,0.0,0,"[""```yaml\nclaim:\n  claim_id: CLM-773011\n  report_date: 19-SEP-2025\n  incident_date: 17-SEP-2025\n  reported_by: Patricia (Patricia) Adams\n  channel: Email\n\npolicy_details:\n  policy_number: POL-55432I090\n  policyholder_name: PROP-223190\n  coverage_type: Property\n  effective_date: 01-02-2024\n  expiration_date: 31-01-2025\n\ninsured_objects:\n  - object_id: PROP-223190\n    object_type: Family Home\n    make_model: Single Famly Home\n    year: 1975\n    location_address: 4501 Ashwood Dr, Salem\n    estimated_value: $289,000\n\nincident_description:\n  incident_type: burst P!pe\n  location_type: Burst Pipe Flood\n  estimated_damage_amount: $13,240\n  police_report_number: Not provided\n\nnotes:\n  ceiling_collapsed: True\n  carpets_ruined: True\n  estimated_damage: $13,240\n  contractor_note: $13,240\n  no_police: True\n```""]"
sola-yaml-sections,"StructuredOutputAdapter(output_mode=YAML, prompt_layout=SECTIONS)",insurance-claims-0029,validation_error,ValidationError,1.3698708419979084,1,none,0,20,0.0,False,,header.channel;header.claim_id;header.incident_date;header.report_date;header.reported_by;incident_description.estimated_damage_amount;incident_description.incident_type;incident_description.location_type;incident_description.police_report_number;insured_objects[0].estimated_value;insured_objects[0].location_address;insured_objects[0].make_model;insured_objects[0].object_id;insured_objects[0].object_type;insured_objects[0].year;policy_details.coverage_type;policy_details.effective_date;policy_details.expiration_date;policy_details.policy_number;policy_details.policyholder_name,,1533,0,18,0.0,0,"[""```yaml\nclaim:\n  header:\n    claim_id: CLM-664028\n    report_date: '2025-09-23'\n    incident_date: '2025-09-22'\n    reported_by: 'Emily Johnson'\n    channel: 'Portal'\n  policy_details:\n    policy_number: POL-776542109\n    policyholder_name: 'Emily Johnson'\n    coverage_type: 'Liability'\n    effective_date: '2023-09-06'\n    expiration_date: '2026-06-06'\n  insured_objects:\n    object_id: '9900 Commerce Blvd'\n    object_type: 'Retail Shop'\n    make_model: '9900 Commerce Blvd'\n    year: 2011\n    location_address: '9900 Commerce Blvd'\n    estimated_value: '502k'\n  incident_description:\n    incident_type: 'Slip and fall'\n    location_type: 'Back entrance'\n    estimated_damage_amount: 'Unknown'\n    police_report_number: 'Not provided'\n```""]"
sola-jsonish-rescue,"StructuredOutputAdapter(output_mode=JSONISH, prompt_layout=SECTIONS, parse_config=ParseConfig())",insurance-claims-0000,validation_error,ValidationError,2.3357469979964662,1,json_object,0,20,0.0,False,,header.channel;header.claim_id;header.incident_date;header.report_date;header.reported_by;incident_description.estimated_damage_amount;incident_description.incident_type;incident_description.location_type;incident_description.police_report_number;insured_objects[0].estimated_value;insured_objects[0].location_address;insured_objects[0].make_model;insured_objects[0].object_id;insured_objects[0].object_type;insured_objects[0].year;policy_details.coverage_type;policy_details.effective_date;policy_details.expiration_date;policy_details.policy_number;policy_details.policyholder_name,,2137,0,19,0.0,0,"[""{\n  \""claim\"": {\n    \""header\"": {\n      \""claim_id\"": \""CLM-424063\"",\n      \""report_date\"": \""2024-04-22\"",\n      \""incident_date\"": \""2024-04-22\"",\n      \""reported_by\"": \""Jennifer Garcia\"",\n      \""channel\"": \""Email\""\n    },\n    \""policy_details\"": {\n      \""policy_number\"": \""POL-787532354\"",\n      \""policyholder_name\"": \""Jennifer Garcia\"",\n      \""coverage_type\"": \""Property\"",\n      \""effective_date\"": \""2024-06-01\"",\n      \""expiration_date\"": \""2024-06-01\""\n    },\n    \""insured_objects\"": [\n      {\n        \""object_id\"": \""VIN12345678901234567\"",\n        \""object_type\"": \""Vehicle\"",\n        \""make_model\"": \""Unknown\"",\n        \""year\"": 1972,\n        \""location_address\"": \""6650 Broadway, Georgetown\"",\n        \""estimated_value\"": null\n      },\n      {\n        \""object_id\"": \""PROP-12345678901234567\"",\n        \""object_type\"": \""Building\"",\n        \""make_model\"": \""Unknown\"",\n        \""year\"": 1972,\n        \""location_address\"": \""6650 Broadway, Georgetown\"",\n        \""estimated_value\"": null\n      }\n    ],\n    \""incident_description\"": {\n      \""incident_type\"": \""Property damage\"",\n      \""location_type\"": \""Shopping Center\"",\n      \""estimated_damage_amount\"": 5800,\n      \""police_report_number\"": \""PR-20250822-4864\""\n    }\n  }\n}""]"
sola-jsonish-rescue,"StructuredOutputAdapter(output_mode=JSONISH, prompt_layout=SECTIONS, parse_config=ParseConfig())",insurance-claims-0001,validation_error,ValidationError,1.5972776910057291,1,json_object,0,20,0.0,False,,header.channel;header.claim_id;header.incident_date;header.report_date;header.reported_by;incident_description.estimated_damage_amount;incident_description.incident_type;incident_description.location_type;incident_description.police_report_number;insured_objects[0].estimated_value;insured_objects[0].location_address;insured_objects[0].make_model;insured_objects[0].object_id;insured_objects[0].object_type;insured_objects[0].year;policy_details.coverage_type;policy_details.effective_date;policy_details.expiration_date;policy_details.policy_number;policy_details.policyholder_name,,1650,0,18,0.0,0,"[""{\n  \""claim\"": {\n    \""header\"": {\n      \""claim_id\"": \""CLM-748422\"",\n      \""report_date\"": \""2025-08-22\"",\n      \""incident_date\"": \""2025-08-22\"",\n      \""reported_by\"": \""Michael Miller\"",\n      \""channel\"": \""In-person\""\n    },\n    \""policy_details\"": {\n      \""policy_number\"": \""POL-930881789\"",\n      \""policyholder_name\"": \""Joanne\"",\n      \""coverage_type\"": \""Property\"",\n      \""effective_date\"": \""2026-03-02\"",\n      \""expiration_date\"": \""2026-03-02\""\n    },\n    \""insured_objects\"": [\n      {\n        \""object_id\"": \""PROP-199807\"",\n        \""object_type\"": \""Townhouse\"",\n        \""make_model\"": null,\n        \""year\"": null,\n        \""location_address\"": \""2850 Main St.\"",\n        \""estimated_value\"": null\n      }\n    ],\n    \""incident_description\"": {\n      \""incident_type\"": \""Break-in\"",\n      \""location_type\"": \""Business\"",\n      \""estimated_damage_amount\"": 9415,\n      \""police_report_number\"": null\n    }\n  }\n}""]"
sola-jsonish-rescue,"StructuredOutputAdapter(output_mode=JSONISH, prompt_layout=SECTIONS, parse_config=ParseConfig())",insurance-claims-0002,validation_error,ValidationError,2.1080778210016433,1,json_object,0,11,0.0,False,,header.channel;header.claim_id;header.incident_date;header.report_date;header.reported_by;incident_description.estimated_damage_amount;incident_description.incident_type;incident_description.location_type;incident_description.police_report_number;insured_objects;policy_details,,2010,0,8,0.0,0,"[""{\n  \""claim\"": {\n    \""header\"": {\n      \""claim_id\"": \""CLM-255335\"",\n      \""report_date\"": \""2025-08-20\"",\n      \""incident_date\"": \""2025-08-20\"",\n      \""reported_by\"": \""David Taylor\"",\n      \""channel\"": \""Email\""\n    },\n    \""policy_details\"": {\n      \""policy_number\"": \""POL-123456\"",\n      \""policyholder_name\"": \""John Doe\"",\n      \""coverage_type\"": \""Property\"",\n      \""effective_date\"": \""2025-08-20\"",\n      \""expiration_date\"": \""2026-08-20\""\n    },\n    \""insured_objects\"": [\n      {\n        \""object_id\"": \""VIN12345678901234567\"",\n        \""object_type\"": \""Vehicle\"",\n        \""make_model\"": \""Ford\"",\n        \""year\"": 2020,\n        \""location_address\"": \""123 Main St, Anytown, USA\"",\n        \""estimated_value\"": 100000\n      },\n      {\n        \""object_id\"": \""PROP-12345678901234567\"",\n        \""object_type\"": \""Building\"",\n        \""make_model\"": \""New York Building\"",\n        \""year\"": 2020,\n        \""location_address\"": \""456 Elm St, Anytown, USA\"",\n        \""estimated_value\"": 500000\n      }\n    ],\n    \""incident_description\"": {\n      \""incident_type\"": \""Product malfunction\"",\n      \""location_type\"": \""Workplace\"",\n      \""estimated_damage_amount\"": 423312,\n      \""police_report_number\"": null\n    }\n  }\n}""]"
sola-jsonish-rescue,"StructuredOutputAdapter(output_mode=JSONISH, prompt_layout=SECTIONS, parse_config=ParseConfig())",insurance-claims-0003,validation_error,ValidationError,2.7513757690030616,1,json_object,0,26,0.0,False,,header.channel;header.claim_id;header.incident_date;header.report_date;header.reported_by;incident_description.estimated_damage_amount;incident_description.incident_type;incident_description.location_type;incident_description.police_report_number;insured_objects[0].estimated_value;insured_objects[0].location_address;insured_objects[0].make_model;insured_objects[0].object_id;insured_objects[0].object_type;insured_objects[0].year;insured_objects[1].estimated_value;insured_objects[1].location_address;insured_objects[1].make_model;insured_objects[1].object_id;insured_objects[1].object_type;insured_objects[1].year;policy_details.coverage_type;policy_details.effective_date;policy_details.expiration_date;policy_details.policy_number;policy_details.policyholder_name,,1966,0,24,0.0,0,"[""{\n  \""claim\"": {\n    \""header\"": {\n      \""claim_id\"": \""CLM-988147\"",\n      \""report_date\"": \""2025-08-30\"",\n      \""incident_date\"": \""2025-08-30\"",\n      \""reported_by\"": \""Jennifer Johnson\"",\n      \""channel\"": \""Portal\""\n    },\n    \""policy_details\"": {\n      \""policy_number\"": \""POL-467268181\"",\n      \""policyholder_name\"": \""Jennifer Johnson\"",\n      \""coverage_type\"": \""Auto\"",\n      \""effective_date\"": \""2023-11-19\"",\n      \""expiration_date\"": \""2025-05-31\""\n    },\n    \""insured_objects\"": [\n      {\n        \""object_id\"": \""1\"",\n        \""object_type\"": \""Vehicle\"",\n        \""make_model\"": \""2019 Mercedes GLC\"",\n        \""year\"": 2019,\n        \""location_address\"": \""Shopping center parking lot, Highland Avenue\"",\n        \""estimated_value\"": 20372\n      },\n      {\n        \""object_id\"": \""2\"",\n        \""object_type\"": \""Vehicle\"",\n        \""make_model\"": \""2017 BMW X3\"",\n        \""year\"": 2017,\n        \""location_address\"": \""Not involved in incident\"",\n        \""estimated_value\"": 15265\n      }\n    ],\n    \""incident_description\"": {\n      \""incident_type\"": \""T-bone collision\"",\n      \""location_type\"": \""Shopping center parking lot\"",\n      \""estimated_damage_amount\"": 22631,\n      \""police_report_number\"": \""PR-20250830-7127\""\n    },\n    \""damage_assessment\"": {\n      \""damage_amount\"": 22631,\n      \""damage_type\"": \""Significant side panel damage, inoperable doors, bent front wheel, broken windows\"",\n      \""vehicle_required_towing\"": true\n    },\n    \""additional_notes\"": \""Submitted same day as incident. Photos and documentation uploaded to portal. Available for follow-up as needed.\""\n  }\n}""]"
sola-jsonish-rescue,"StructuredOutputAdapter(output_mode=JSONISH, prompt_layout=SECTIONS, parse_config=ParseConfig())",insurance-claims-0004,validation_error,ValidationError,1.597796713002026,1,json_object,0,20,0.0,False,,header.channel;header.claim_id;header.incident_date;header.report_date;header.reported_by;incident_description.estimated_damage_amount;incident_description.incident_type;incident_description.location_type;incident_description.police_report_number;insured_objects[0].estimated_value;insured_objects[0].location_address;insured_objects[0].make_model;insured_objects[0].object_id;insured_objects[0].object_type;insured_objects[0].year;policy_details.coverage_type;policy_details.effective_date;policy_details.expiration_date;policy_details.policy_number;policy_details.policyholder_name,,2085,0,17,0.0,0,"[""{\n  \""claim\"": {\n    \""header\"": {\n      \""claim_id\"": \""CLM-597471\"",\n      \""report_date\"": \""2025-08-22\"",\n      \""incident_date\"": \""2025-08-21\"",\n      \""reported_by\"": \""Ashley Rodriguez\"",\n      \""channel\"": \""Portal\""\n    },\n    \""policy_details\"": {\n      \""policy_number\"": \""POL-998781390\"",\n      \""policyholder_name\"": \""Ashley Rodriguez\"",\n      \""coverage_type\"": \""Property\"",\n      \""effective_date\"": \""2024-04-18\"",\n      \""expiration_date\"": \""2025-10-16\""\n    },\n    \""insured_objects\"": [\n      {\n        \""object_id\"": \""VIN12345678901234567\"",\n        \""object_type\"": \""Vehicle\"",\n        \""make_model\"": \""Unknown\"",\n        \""year\"": \""Unknown\"",\n        \""location_address\"": \""7400 Pi\"",\n        \""estimated_value\"": null\n      }\n    ],\n    \""incident_description\"": {\n      \""incident_type\"": \""Fire in kitchen\"",\n      \""location_type\"": \""Kitchen\"",\n      \""estimated_damage_amount\"": 52774,\n      \""police_report_number\"": null\n    },\n    \""claim_status\"": \""Pending\""\n  }\n}""]"
sola-jsonish-rescue,"StructuredOutputAdapter(output_mode=JSONISH, prompt_layout=SECTIONS, parse_config=ParseConfig())",insurance-claims-0005,validation_error,ValidationError,1.735462873999495,1,json_object,0,20,0.0,False,,header.channel;header.claim_id;header.incident_date;header.report_date;header.reported_by;incident_description.estimated_damage_amount;incident_description.incident_type;incident_description.location_type;incident_description.police_report_number;insured_objects[0].estimated_value;insured_objects[0].location_address;insured_objects[0].make_model;insured_objects[0].object_id;insured_objects[0].object_type;insured_objects[0].year;policy_details.coverage_type;policy_details.effective_date;policy_details.expiration_date;policy_details.policy_number;policy_details.policyholder_name,,2046,0,18,0.0,0,"[""{\n  \""claim\"": {\n    \""header\"": {\n      \""claim_id\"": \""CLM-509317\"",\n      \""report_date\"": \""2025-09-04\"",\n      \""incident_date\"": \""2025-09-01\"",\n      \""reported_by\"": \""Jennifer Davis\"",\n      \""channel\"": \""Email\""\n    },\n    \""policy_details\"": {\n      \""policy_number\"": \""POL-756977389\"",\n      \""policyholder_name\"": \""Jennifer Davis\"",\n      \""coverage_type\"": \""Liability\"",\n      \""effective_date\"": \""2023-11-14\"",\n      \""expiration_date\"": \""2025-05-13\""\n    },\n    \""insured_objects\"": [\n      {\n        \""object_id\"": \""9350-Broadway-9350\"",\n        \""object_type\"": \""Building\"",\n        \""make_model\"": \""Not specified\"",\n        \""year\"": 2010,\n        \""location_address\"": \""9350 Broadway, Springfield\"",\n        \""estimated_value\"": null\n      }\n    ],\n    \""incident_description\"": {\n      \""incident_type\"": \""Slip and fall\"",\n      \""location_type\"": \""Entrance area\"",\n      \""estimated_damage_amount\"": 21000,\n      \""police_report_number\"": null\n    }\n  }\n}""]"
sola-jsonish-rescue,"StructuredOutputAdapter(output_mode=JSONISH, prompt_layout=SECTIONS, parse_config=ParseConfig())",insurance-claims-0006,validation_error,ValidationError,1.994887825974729,1,json_object,0,20,0.0,False,,header.channel;header.claim_id;header.incident_date;header.report_date;header.reported_by;incident_description.estimated_damage_amount;incident_description.incident_type;incident_description.location_type;incident_description.police_report_number;insured_objects[0].estimated_value;insured_objects[0].location_address;insured_objects[0].make_model;insured_objects[0].object_id;insured_objects[0].object_type;insured_objects[0].year;policy_details.coverage_type;policy_details.effective_date;policy_details.expiration_date;policy_details.policy_number;policy_details.policyholder_name,,2211,0,19,0.0,0,"[""{\n  \""claim\"": {\n    \""header\"": {\n      \""claim_id\"": \""CLM-860535\"",\n      \""report_date\"": \""2025-09-03\"",\n      \""incident_date\"": \""2025-09-02\"",\n      \""reported_by\"": \""Robert Thompson\"",\n      \""channel\"": \""In-Person\""\n    },\n    \""policy_details\"": {\n      \""policy_number\"": \""POL-694961021\"",\n      \""policyholder_name\"": \""Robert Thompson\"",\n      \""coverage_type\"": \""Property\"",\n      \""effective_date\"": \""2024-03-28\"",\n      \""expiration_date\"": \""2025-03-27\""\n    },\n    \""insured_objects\"": [\n      {\n        \""object_id\"": \""VIN12345678901234567\"",\n        \""object_type\"": \""Vehicle\"",\n        \""make_model\"": \""Unknown\"",\n        \""year\"": \""1996\"",\n        \""location_address\"": \""3150 Cedar Lane, Townhouse\"",\n        \""estimated_value\"": null\n      },\n      {\n        \""object_id\"": \""PROP-12345678901234567\"",\n        \""object_type\"": \""Building\"",\n        \""make_model\"": \""Unknown\"",\n        \""year\"": \""1996\"",\n        \""location_address\"": \""3150 Cedar Lane, Townhouse\"",\n        \""estimated_value\"": null\n      }\n    ],\n    \""incident_description\"": {\n      \""incident_type\"": \""Water Damage\"",\n      \""location_type\"": \""Basement\"",\n      \""estimated_damage_amount\"": 19400,\n      \""police_report_number\"": \""Not provided\""\n    }\n  }\n}""]"
sola-jsonish-rescue,"StructuredOutputAdapter(output_mode=JSONISH, prompt_layout=SECTIONS, parse_config=ParseConfig())",insurance-claims-0007,validation_error,ValidationError,1.5524906050122809,1,json_object,0,20,0.0,False,,header.channel;header.claim_id;header.incident_date;header.report_date;header.reported_by;incident_description.estimated_damage_amount;incident_description.incident_type;incident_description.location_type;incident_description.police_report_number;insured_objects[0].estimated_value;insured_objects[0].location_address;insured_objects[0].make_model;insured_objects[0].object_id;insured_objects[0].object_type;insured_objects[0].year;policy_details.coverage_type;policy_details.effective_date;policy_details.expiration_date;policy_details.policy_number;policy_details.policyholder_name,,2047,0,17,0.0,0,"[""{\n  \""claim\"": {\n    \""header\"": {\n      \""claim_id\"": \""CLM-699674\"",\n      \""report_date\"": \""2025-08-30\"",\n      \""incident_date\"": \""2025-08-28\"",\n      \""reported_by\"": \""David Johnson\"",\n      \""channel\"": \""Phone\""\n    },\n    \""policy_details\"": {\n      \""policy_number\"": \""POL-314055462\"",\n      \""policyholder_name\"": \""David Johnson\"",\n      \""coverage_type\"": \""Property\"",\n      \""effective_date\"": \""2025-05-27\"",\n      \""expiration_date\"": \""2027-05-26\""\n    },\n    \""insured_objects\"": [\n      {\n        \""object_id\"": \""VIN12345678901234567\"",\n        \""object_type\"": \""Vehicle\"",\n        \""make_model\"": \""Unknown\"",\n        \""year\"": 1969,\n        \""location_address\"": \""Church Street, Georgetown, Georgia\"",\n        \""estimated_value\"": null\n      }\n    ],\n    \""incident_description\"": {\n      \""incident_type\"": \""Slip and fall\"",\n      \""location_type\"": \""Sidewalk\"",\n      \""estimated_damage_amount\"": null,\n      \""police_report_number\"": null\n    },\n    \""claim_status\"": \""Pending\""\n  }\n}""]"
sola-jsonish-rescue,"StructuredOutputAdapter(output_mode=JSONISH, prompt_layout=SECTIONS, parse_config=ParseConfig())",insurance-claims-0008,validation_error,ValidationError,2.6629378910001833,1,json_object,0,11,0.0,False,,header.channel;header.claim_id;header.incident_date;header.report_date;header.reported_by;incident_description.estimated_damage_amount;incident_description.incident_type;incident_description.location_type;incident_description.police_report_number;insured_objects;policy_details,,2317,0,8,0.0,0,"[""{\n  \""claim\"": {\n    \""header\"": {\n      \""claim_id\"": \""CLM-531517\"",\n      \""report_date\"": \""2025-08-22\"",\n      \""incident_date\"": \""2025-08-22\"",\n      \""reported_by\"": \""David Davis\"",\n      \""channel\"": \""Phone\""\n    },\n    \""policy_details\"": {\n      \""policy_number\"": \""PR-20250822-6127\"",\n      \""policyholder_name\"": \""David Davis\"",\n      \""coverage_type\"": \""Property\"",\n      \""effective_date\"": \""2025-08-22\"",\n      \""expiration_date\"": \""2025-08-22\""\n    },\n    \""insured_objects\"": [\n      {\n        \""object_id\"": \""VIN12345678901234567\"",\n        \""object_type\"": \""Vehicle\"",\n        \""make_model\"": \""Unknown\"",\n        \""year\"": null,\n        \""location_address\"": \""Unknown\"",\n        \""estimated_value\"": null\n      },\n      {\n        \""object_id\"": \""PROP-12345678901234567\"",\n        \""object_type\"": \""Building\"",\n        \""make_model\"": \""Unknown\"",\n        \""year\"": null,\n        \""location_address\"": \""Unknown\"",\n        \""estimated_value\"": null\n      }\n    ],\n    \""incident_description\"": {\n      \""incident_type\"": \""Slip and fall\"",\n      \""location_type\"": \""Front by the display with plants and birthday cards\"",\n      \""estimated_damage_amount\"": null,\n      \""police_report_number\"": \""PR-20250822-6127\""\n    },\n    \""claim_number\"": \""CLM-531517\"",\n    \""claim_status\"": \""Open\"",\n    \""claim_date\"": \""2025-08-22\"",\n    \""claim_description\"": \""A customer slipped in the front by the display with plants and birthday cards near the big window, causing her to go down hard. The incident was reported to the police, and the bread delivery showed up shortly after. The officer sent a copy of the report to the appropriate parties.\"",\n    \""claim_status_description\"": \""Open\"",\n    \""claim_status_date\"": \""2025-08-22\"",\n    \""claim_status_notes\"": \""The claim is still being processed and is open.\"",\n    \""claim_status_notes_description\"": \""The claim is still being processed and is open.\""\n  }\n}""]"
sola-jsonish-rescue,"StructuredOutputAdapter(output_mode=JSONISH, prompt_layout=SECTIONS, parse_config=ParseConfig())",insurance-claims-0009,validation_error,ValidationError,2.1280273119919,1,json_object,0,20,0.0,False,,header.channel;header.claim_id;header.incident_date;header.report_date;header.reported_by;incident_description.estimated_damage_amount;incident_description.incident_type;incident_description.location_type;incident_description.police_report_number;insured_objects[0].estimated_value;insured_objects[0].location_address;insured_objects[0].make_model;insured_objects[0].object_id;insured_objects[0].object_type;insured_objects[0].year;policy_details.coverage_type;policy_details.effective_date;policy_details.expiration_date;policy_details.policy_number;policy_details.policyholder_name,,2190,0,18,0.0,0,"[""{\n  \""claim\"": {\n    \""header\"": {\n      \""claim_id\"": \""CLM-692408\"",\n      \""report_date\"": \""2025-08-19\"",\n      \""incident_date\"": \""2025-08-19\"",\n      \""reported_by\"": \""Lisa Garcia\"",\n      \""channel\"": \""Phone\""\n    },\n    \""policy_details\"": {\n      \""policy_number\"": \""POL-575631637\"",\n      \""policyholder_name\"": \""William Garcia\"",\n      \""coverage_type\"": \""Auto\"",\n      \""effective_date\"": \""2024-03-06\"",\n      \""expiration_date\"": \""2025-03-06\""\n    },\n    \""insured_objects\"": [\n      {\n        \""object_id\"": \""VIN12345678901234567\"",\n        \""object_type\"": \""Vehicle\"",\n        \""make_model\"": \""Ford\"",\n        \""year\"": 2017,\n        \""location_address\"": \""Birchwood Lane, Suburbia, USA\"",\n        \""estimated_value\"": 16433\n      },\n      {\n        \""object_id\"": \""PROP-12345678901234567\"",\n        \""object_type\"": \""Vehicle\"",\n        \""make_model\"": \""Ford\"",\n        \""year\"": 2017,\n        \""location_address\"": \""Birchwood Lane, Suburbia, USA\"",\n        \""estimated_value\"": 16433\n      }\n    ],\n    \""incident_description\"": {\n      \""incident_type\"": \""Slamming into the back of a car\"",\n      \""location_type\"": \""Residential street\"",\n      \""estimated_damage_amount\"": 2776,\n      \""police_report_number\"": \""PR-20250817-9170\""\n    }\n  }\n}""]"
sola-jsonish-rescue,"StructuredOutputAdapter(output_mode=JSONISH, prompt_layout=SECTIONS, parse_config=ParseConfig())",insurance-claims-0010,validation_error,ValidationError,2.701605750975432,1,json_object,0,11,0.0,False,,header.channel;header.claim_id;header.incident_date;header.report_date;header.reported_by;incident_description.estimated_damage_amount;incident_description.incident_type;incident_description.location_type;incident_description.police_report_number;insured_objects;policy_details,,2217,0,9,0.0,0,"[""{\n  \""claim\"": {\n    \""header\"": {\n      \""claim_id\"": \""CLM-884860\"",\n      \""report_date\"": \""2025-09-04\"",\n      \""incident_date\"": \""2025-09-02\"",\n      \""reported_by\"": \""Michelle Brown\"",\n      \""channel\"": \""Email\""\n    },\n    \""policy_details\"": {\n      \""policy_number\"": \""POL-12345678901234567\"",\n      \""policyholder_name\"": \""Michelle Brown\"",\n      \""coverage_type\"": \""Property\"",\n      \""effective_date\"": \""2025-09-01\"",\n      \""expiration_date\"": \""2026-08-31\""\n    },\n    \""insured_objects\"": [\n      {\n        \""object_id\"": \""VIN12345678901234567\"",\n        \""object_type\"": \""Vehicle\"",\n        \""make_model\"": \""Unknown\"",\n        \""year\"": \""2025\"",\n        \""location_address\"": \""Unknown\"",\n        \""estimated_value\"": \""Unknown\""\n      },\n      {\n        \""object_id\"": \""PROP-12345678901234567\"",\n        \""object_type\"": \""Building\"",\n        \""make_model\"": \""Unknown\"",\n        \""year\"": \""2025\"",\n        \""location_address\"": \""Unknown\"",\n        \""estimated_value\"": \""Unknown\""\n      }\n    ],\n    \""incident_description\"": {\n      \""incident_type\"": \""Unauthorized entry\"",\n      \""location_type\"": \""Residential\"",\n      \""estimated_damage_amount\"": \""Unknown\"",\n      \""police_report_number\"": \""PR-20250902-7037\""\n    },\n    \""incident_description_photos\"": [\n      {\n        \""photo_url\"": \""https://example.com/incident_photos/photo1.jpg\"",\n        \""description\"": \""Photo of the smashed window\""\n      },\n      {\n        \""photo_url\"": \""https://example.com/incident_photos/photo2.jpg\"",\n        \""description\"": \""Photo of the boarded-up window\""\n      }\n    ],\n    \""insured_objects_photos\"": [\n      {\n        \""photo_url\"": \""https://example.com/insured_objects_photos/photo1.jpg\"",\n        \""description\"": \""Photo of the missing equipment\""\n      },\n      {\n        \""photo_url\"": \""https://example.com/insured_objects_photos/photo2.jpg\"",\n        \""description\"": \""Photo of the missing display cases\""\n      }\n    ]\n  }\n}""]"
sola-jsonish-rescue,"StructuredOutputAdapter(output_mode=JSONISH, prompt_layout=SECTIONS, parse_config=ParseConfig())",insurance-claims-0011,validation_error,ValidationError,1.854549213021528,1,json_object,0,11,0.0,False,,header.channel;header.claim_id;header.incident_date;header.report_date;header.reported_by;incident_description.estimated_damage_amount;incident_description.incident_type;incident_description.location_type;incident_description.police_report_number;insured_objects;policy_details,,1988,0,8,0.0,0,"[""{\n  \""claim\"": {\n    \""header\"": {\n      \""claim_id\"": \""CLM-462584\"",\n      \""report_date\"": \""2025-08-26\"",\n      \""incident_date\"": \""2025-08-25\"",\n      \""reported_by\"": \""James Johnson\"",\n      \""channel\"": \""Email\""\n    },\n    \""policy_details\"": {\n      \""policy_number\"": \""POL-462584\"",\n      \""policyholder_name\"": \""James Johnson\"",\n      \""coverage_type\"": \""Liability\"",\n      \""effective_date\"": \""2025-08-26\"",\n      \""expiration_date\"": \""2025-08-26\""\n    },\n    \""insured_objects\"": [\n      {\n        \""object_id\"": \""VIN12345678901234567\"",\n        \""object_type\"": \""Vehicle\"",\n        \""make_model\"": \""Ford\"",\n        \""year\"": 2020,\n        \""location_address\"": \""Shopping Center Lot\"",\n        \""estimated_value\"": null\n      },\n      {\n        \""object_id\"": \""PROP-12345678901234567\"",\n        \""object_type\"": \""Building\"",\n        \""make_model\"": \""Shopping Center\"",\n        \""year\"": 2020,\n        \""location_address\"": \""Shopping Center Lot\"",\n        \""estimated_value\"": null\n      }\n    ],\n    \""incident_description\"": {\n      \""incident_type\"": \""Rear-end collision\"",\n      \""location_type\"": \""Shopping Center Lot\"",\n      \""estimated_damage_amount\"": 3038,\n      \""police_report_number\"": null\n    }\n  }\n}""]"
sola-jsonish-rescue,"StructuredOutputAdapter(output_mode=JSONISH, prompt_layout=SECTIONS, parse_config=ParseConfig())",insurance-claims-0012,validation_error,ValidationError,2.480369001015788,1,json_object,0,20,0.0,False,,header.channel;header.claim_id;header.incident_date;header.report_date;header.reported_by;incident_description.estimated_damage_amount;incident_description.incident_type;incident_description.location_type;incident_description.police_report_number;insured_objects[0].estimated_value;insured_objects[0].location_address;insured_objects[0].make_model;insured_objects[0].object_id;insured_objects[0].object_type;insured_objects[0].year;policy_details.coverage_type;policy_details.effective_date;policy_details.expiration_date;policy_details.policy_number;policy_details.policyholder_name,,2288,0,18,0.0,0,"[""{\n  \""claim\"": {\n    \""header\"": {\n      \""claim_id\"": \""CLM-834090\"",\n      \""report_date\"": \""2025-09-09\"",\n      \""incident_date\"": \""2023-09-09\"",\n      \""reported_by\"": \""Christopher Smith\"",\n      \""channel\"": \""Phone\""\n    },\n    \""policy_details\"": {\n      \""policy_number\"": \""POL-262724604\"",\n      \""policyholder_name\"": \""Christopher Smith\"",\n      \""coverage_type\"": \""Property\"",\n      \""effective_date\"": \""2024-05-01\"",\n      \""expiration_date\"": \""2025-10-29\""\n    },\n    \""insured_objects\"": [\n      {\n        \""object_id\"": \""7050 Oak Ave\"",\n        \""object_type\"": \""Residential Property\"",\n        \""make_model\"": \""Not specified\"",\n        \""year\"": 2023,\n        \""location_address\"": \""7050 Oak Ave, Arlington\"",\n        \""estimated_value\"": null\n      },\n      {\n        \""object_id\"": \""grill\"",\n        \""object_type\"": \""Outdoor Appliance\"",\n        \""make_model\"": \""Not specified\"",\n        \""year\"": 2023,\n        \""location_address\"": \""7050 Oak Ave, Arlington\"",\n        \""estimated_value\"": null\n      },\n      {\n        \""object_id\"": \""deck rail\"",\n        \""object_type\"": \""Outdoor Structure\"",\n        \""make_model\"": \""Not specified\"",\n        \""year\"": 2023,\n        \""location_address\"": \""7050 Oak Ave, Arlington\"",\n        \""estimated_value\"": null\n      },\n      {\n        \""object_id\"": \""busted window frame\"",\n        \""object_type\"": \""Outdoor Structure\"",\n        \""make_model\"": \""Not specified\"",\n        \""year\"": 2023,\n        \""location_address\"": \""7050 Oak Ave, Arlington\"",\n        \""estimated_value\"": null\n      }\n    ],\n    \""incident_description\"": {\n      \""incident_type\"": \""Storm Damage\"",\n      \""location_type\"": \""Residential Property\"",\n      \""estimated_damage_amount\"": 28390,\n      \""police_report_number\"": null\n    }\n  }\n}""]"
sola-jsonish-rescue,"StructuredOutputAdapter(output_mode=JSONISH, prompt_layout=SECTIONS, parse_config=ParseConfig())",insurance-claims-0013,validation_error,ValidationError,1.582576668006368,1,json_object,0,20,0.0,False,,header.channel;header.claim_id;header.incident_date;header.report_date;header.reported_by;incident_description.estimated_damage_amount;incident_description.incident_type;incident_description.location_type;incident_description.police_report_number;insured_objects[0].estimated_value;insured_objects[0].location_address;insured_objects[0].make_model;insured_objects[0].object_id;insured_objects[0].object_type;insured_objects[0].year;policy_details.coverage_type;policy_details.effective_date;policy_details.expiration_date;policy_details.policy_number;policy_details.policyholder_name,,2065,0,18,0.0,0,"[""{\n  \""claim\"": {\n    \""header\"": {\n      \""claim_id\"": \""CLM-696349\"",\n      \""report_date\"": \""2025-09-05\"",\n      \""incident_date\"": \""2025-09-04\"",\n      \""reported_by\"": \""Jennifer Miller\"",\n      \""channel\"": \""Phone\""\n    },\n    \""policy_details\"": {\n      \""policy_number\"": \""POL-285003271\"",\n      \""policyholder_name\"": \""Jennifer Miller\"",\n      \""coverage_type\"": \""Property\"",\n      \""effective_date\"": \""2024-12-13\"",\n      \""expiration_date\"": \""2026-12-12\""\n    },\n    \""insured_objects\"": [\n      {\n        \""object_id\"": \""VIN12345678901234567\"",\n        \""object_type\"": \""Vehicle\"",\n        \""make_model\"": \""Unknown\"",\n        \""year\"": \""2013\"",\n        \""location_address\"": \""7400 Second Street, Clayton\"",\n        \""estimated_value\"": null\n      }\n    ],\n    \""incident_description\"": {\n      \""incident_type\"": \""Fire\"",\n      \""location_type\"": \""Living Room\"",\n      \""estimated_damage_amount\"": 136734,\n      \""police_report_number\"": null\n    }\n  }\n}""]"
sola-jsonish-rescue,"StructuredOutputAdapter(output_mode=JSONISH, prompt_layout=SECTIONS, parse_config=ParseConfig())",insurance-claims-0014,validation_error,ValidationError,1.4784268290095497,1,json_object,0,20,0.0,False,,header.channel;header.claim_id;header.incident_date;header.report_date;header.reported_by;incident_description.estimated_damage_amount;incident_description.incident_type;incident_description.location_type;incident_description.police_report_number;insured_objects[0].estimated_value;insured_objects[0].location_address;insured_objects[0].make_model;insured_objects[0].object_id;insured_objects[0].object_type;insured_objects[0].year;policy_details.coverage_type;policy_details.effective_date;policy_details.expiration_date;policy_details.policy_number;policy_details.policyholder_name,,1582,0,17,0.0,0,"[""{\n  \""claim\"": {\n    \""header\"": {\n      \""claim_id\"": \""CLM-405338\"",\n      \""report_date\"": \""2025-08-16\"",\n      \""incident_date\"": \""2024-09-25\"",\n      \""reported_by\"": \""James Smith\"",\n      \""channel\"": \""Email\""\n    },\n    \""policy_details\"": {\n      \""policy_number\"": \""POL-932318703\"",\n      \""policyholder_name\"": \""James Smith\"",\n      \""coverage_type\"": \""Car Insurance\"",\n      \""effective_date\"": \""2024-09-25\"",\n      \""expiration_date\"": \""2025-09-25\""\n    },\n    \""insured_objects\"": [\n      {\n        \""object_id\"": \""VIN70413800966102220\"",\n        \""object_type\"": \""Honda CR-V\"",\n        \""make_model\"": \""Honda\"",\n        \""year\"": 2017,\n        \""location_address\"": \""Harrison Avenue\"",\n        \""estimated_value\"": null\n      }\n    ],\n    \""incident_description\"": {\n      \""incident_type\"": \""Rear-end collision\"",\n      \""location_type\"": \""Highway\"",\n      \""estimated_damage_amount\"": 37000,\n      \""police_report_number\"": null\n    }\n  }\n}""]"
sola-jsonish-rescue,"StructuredOutputAdapter(output_mode=JSONISH, prompt_layout=SECTIONS, parse_config=ParseConfig())",insurance-claims-0015,validation_error,ValidationError,2.2671639529871754,1,json_object,0,20,0.0,False,,header.channel;header.claim_id;header.incident_date;header.report_date;header.reported_by;incident_description.estimated_damage_amount;incident_description.incident_type;incident_description.location_type;incident_description.police_report_number;insured_objects[0].estimated_value;insured_objects[0].location_address;insured_objects[0].make_model;insured_objects[0].object_id;insured_objects[0].object_type;insured_objects[0].year;policy_details.coverage_type;policy_details.effective_date;policy_details.expiration_date;policy_details.policy_number;policy_details.policyholder_name,,2178,0,19,0.0,0,"[""{\n  \""claim\"": {\n    \""header\"": {\n      \""claim_id\"": \""CLM-741209\"",\n      \""report_date\"": \""2025-09-08\"",\n      \""incident_date\"": \""2025-09-08\"",\n      \""reported_by\"": \""Karen Wilson\"",\n      \""channel\"": \""Phone\""\n    },\n    \""policy_details\"": {\n      \""policy_number\"": \""POL-811390245\"",\n      \""policyholder_name\"": \""Karen Wilson\"",\n      \""coverage_type\"": \""Car Insurance\"",\n      \""effective_date\"": \""2025-07-15\"",\n      \""expiration_date\"": \""2026-07-14\""\n    },\n    \""insured_objects\"": [\n      {\n        \""object_id\"": \""VIN29384756109283745\"",\n        \""object_type\"": \""Vehicle\"",\n        \""make_model\"": \""Toyota\"",\n        \""year\"": 2018,\n        \""location_address\"": \""Main & Fifth\"",\n        \""estimated_value\"": 14000\n      }\n    ],\n    \""incident_description\"": {\n      \""incident_type\"": \""Rear-end collision\"",\n      \""location_type\"": \""Intersection\"",\n      \""estimated_damage_amount\"": 4800,\n      \""police_report_number\"": \""PR-20250908-1289\""\n    },\n    \""insured_objects\"": [\n      {\n        \""object_id\"": \""VIN29384756109283745\"",\n        \""object_type\"": \""Vehicle\"",\n        \""make_model\"": \""Toyota\"",\n        \""year\"": 2018,\n        \""location_address\"": \""Main & Fifth\"",\n        \""estimated_value\"": 14000\n      }\n    ],\n    \""incident_details\"": {\n      \""incident_type\"": \""Rear-end collision\"",\n      \""location_type\"": \""Intersection\"",\n      \""estimated_damage_amount\"": 4800,\n      \""police_report_number\"": \""PR-20250908-1289\""\n    }\n  }\n}""]"
sola-jsonish-rescue,"StructuredOutputAdapter(output_mode=JSONISH, prompt_layout=SECTIONS, parse_config=ParseConfig())",insurance-claims-0016,validation_error,ValidationError,1.4806649219826795,1,json_object,0,20,0.0,False,,header.channel;header.claim_id;header.incident_date;header.report_date;header.reported_by;incident_description.estimated_damage_amount;incident_description.incident_type;incident_description.location_type;incident_description.police_report_number;insured_objects[0].estimated_value;insured_objects[0].location_address;insured_objects[0].make_model;insured_objects[0].object_id;insured_objects[0].object_type;insured_objects[0].year;policy_details.coverage_type;policy_details.effective_date;policy_details.expiration_date;policy_details.policy_number;policy_details.policyholder_name,,1785,0,20,0.0,0,"[""{\n  \""claim\"": {\n    \""header\"": {\n      \""claim_id\"": \""CLM-512907\"",\n      \""report_date\"": \""2025-09-11\"",\n      \""incident_date\"": \""2025-09-09\"",\n      \""reported_by\"": \""Anthony Martinez\"",\n      \""channel\"": \""Portal\""\n    },\n    \""policy_details\"": {\n      \""policy_number\"": \""POL-220941678\"",\n      \""policyholder_name\"": \""Anthony Martinez\"",\n      \""coverage_type\"": \""Property\"",\n      \""effective_date\"": \""2023-05-01\"",\n      \""expiration_date\"": \""2025-04-30\""\n    },\n    \""insured_objects\"": [\n      {\n        \""object_id\"": \""PROP-819304\"",\n        \""object_type\"": \""Single Family Home\"",\n        \""make_model\"": \""Tan-colored\"",\n        \""year\"": 1985,\n        \""location_address\"": \""8120 Lakeview Drive, Dayton, OH\"",\n        \""estimated_value\"": null\n      }\n    ],\n    \""incident_description\"": {\n      \""incident_type\"": \""Storm Damage\"",\n      \""location_type\"": \""Street\"",\n      \""estimated_damage_amount\"": null,\n      \""police_report_number\"": \""PR-20250909-4432\""\n    }\n  }\n}""]"
sola-jsonish-rescue,"StructuredOutputAdapter(output_mode=JSONISH, prompt_layout=SECTIONS, parse_config=ParseConfig())",insurance-claims-0017,validation_error,ValidationError,1.5342626010242384,1,json_object,0,20,0.0,False,,header.channel;header.claim_id;header.incident_date;header.report_date;header.reported_by;incident_description.estimated_damage_amount;incident_description.incident_type;incident_description.location_type;incident_description.police_report_number;insured_objects[0].estimated_value;insured_objects[0].location_address;insured_objects[0].make_model;insured_objects[0].object_id;insured_objects[0].object_type;insured_objects[0].year;policy_details.coverage_type;policy_details.effective_date;policy_details.expiration_date;policy_details.policy_number;policy_details.policyholder_name,,1749,0,19,0.0,0,"[""{\n  \""claim\"": {\n    \""header\"": {\n      \""claim_id\"": \""CLM-624817\"",\n      \""report_date\"": \""2025-09-12\"",\n      \""incident_date\"": \""2025-09-12\"",\n      \""reported_by\"": \""Stephanie Clark\"",\n      \""channel\"": \""Email\""\n    },\n    \""policy_details\"": {\n      \""policy_number\"": \""POL-573882014\"",\n      \""policyholder_name\"": \""Stephanie Clark\"",\n      \""coverage_type\"": \""Auto\"",\n      \""effective_date\"": \""2020-10-01\"",\n      \""expiration_date\"": \""2020-09-30\""\n    },\n    \""insured_objects\"": [\n      {\n        \""object_id\"": \""VIN12039485762194836\"",\n        \""object_type\"": \""Vehicle\"",\n        \""make_model\"": \""Honda\"",\n        \""year\"": 2020,\n        \""location_address\"": \""Safeway lot, row D\"",\n        \""estimated_value\"": 19500\n      }\n    ],\n    \""incident_description\"": {\n      \""incident_type\"": \""Rear-end collision\"",\n      \""location_type\"": \""Parking lot\"",\n      \""estimated_damage_amount\"": 3172,\n      \""police_report_number\"": \""PR-20250911-9821\""\n    }\n  }\n}""]"
sola-jsonish-rescue,"StructuredOutputAdapter(output_mode=JSONISH, prompt_layout=SECTIONS, parse_config=ParseConfig())",insurance-claims-0018,validation_error,ValidationError,1.8839585240057204,1,json_object,0,20,0.0,False,,header.channel;header.claim_id;header.incident_date;header.report_date;header.reported_by;incident_description.estimated_damage_amount;incident_description.incident_type;incident_description.location_type;incident_description.police_report_number;insured_objects[0].estimated_value;insured_objects[0].location_address;insured_objects[0].make_model;insured_objects[0].object_id;insured_objects[0].object_type;insured_objects[0].year;policy_details.coverage_type;policy_details.effective_date;policy_details.expiration_date;policy_details.policy_number;policy_details.policyholder_name,,1783,0,18,0.0,0,"[""{\n  \""claim\"": {\n    \""header\"": {\n      \""claim_id\"": \""CLM-205311\"",\n      \""report_date\"": \""2025-09-13\"",\n      \""incident_date\"": \""2025-09-12\"",\n      \""reported_by\"": \""Brian Lewis\"",\n      \""channel\"": \""Phone\""\n    },\n    \""policy_details\"": {\n      \""policy_number\"": \""POL-455372900\"",\n      \""policyholder_name\"": \""Brian Lewis\"",\n      \""coverage_type\"": \""property\"",\n      \""effective_date\"": \""2023-06-09\"",\n      \""expiration_date\"": \""2024-06-09\""\n    },\n    \""insured_objects\"": [\n      {\n        \""object_id\"": \""441 Oakwood Avenue\"",\n        \""object_type\"": \""Townhouse\"",\n        \""make_model\"": \""Built in the late 1970s\"",\n        \""year\"": 1978,\n        \""location_address\"": \""441 Oakwood Avenue, Buffalo, NY\"",\n        \""estimated_value\"": 389000\n      }\n    ],\n    \""incident_description\"": {\n      \""incident_type\"": \""Pipe burst\"",\n      \""location_type\"": \""Basement\"",\n      \""estimated_damage_amount\"": 12187,\n      \""police_report_number\"": null\n    },\n    \""insured_objects\"": [\n      {\n        \""object_id\"": \""441 Oakwood Avenue\"",\n        \""object_type\"": \""Townhouse\"",\n        \""make_model\"": \""Built in the late 1970s\"",\n        \""year\"": 1978,\n        \""location_address\"": \""441 Oakwood Avenue, Buffalo, NY\"",\n        \""estimated_value\"": 389000\n      }\n    ]\n  }\n}""]"
sola-jsonish-rescue,"StructuredOutputAdapter(output_mode=JSONISH, prompt_layout=SECTIONS, parse_config=ParseConfig())",insurance-claims-0019,validation_error,ValidationError,1.4713231549831107,1,json_object,0,20,0.0,False,,header.channel;header.claim_id;header.incident_date;header.report_date;header.reported_by;incident_description.estimated_damage_amount;incident_description.incident_type;incident_description.location_type;incident_description.police_report_number;insured_objects[0].estimated_value;insured_objects[0].location_address;insured_objects[0].make_model;insured_objects[0].object_id;insured_objects[0].object_type;insured_objects[0].year;policy_details.coverage_type;policy_details.effective_date;policy_details.expiration_date;policy_details.policy_number;policy_details.policyholder_name,,1628,0,20,0.0,0,"[""{\n  \""claim\"": {\n    \""header\"": {\n      \""claim_id\"": \""CLM-930672\"",\n      \""report_date\"": \""2025-09-14\"",\n      \""incident_date\"": \""2025-09-13\"",\n      \""reported_by\"": \""Olivia White\"",\n      \""channel\"": \""In-Person\""\n    },\n    \""policy_details\"": {\n      \""policy_number\"": \""POL-668299345\"",\n      \""policyholder_name\"": \""Olivia White\"",\n      \""coverage_type\"": \""Liability\"",\n      \""effective_date\"": \""2024-01-20\"",\n      \""expiration_date\"": \""2026-01-19\""\n    },\n    \""insured_objects\"": [\n      {\n        \""object_id\"": \""982311\"",\n        \""object_type\"": \""Building\"",\n        \""make_model\"": \""Not specified\"",\n        \""year\"": 2005,\n        \""location_address\"": \""300 Market Street, Albany\"",\n        \""estimated_value\"": null\n      }\n    ],\n    \""incident_description\"": {\n      \""incident_type\"": \""Slip and fall\"",\n      \""location_type\"": \""Lobby\"",\n      \""estimated_damage_amount\"": 8860,\n      \""police_report_number\"": \""PR-20250913-5507\""\n    }\n  }\n}""]"
sola-jsonish-rescue,"StructuredOutputAdapter(output_mode=JSONISH, prompt_layout=SECTIONS, parse_config=ParseConfig())",insurance-claims-0020,validation_error,ValidationError,1.5556666080083232,1,json_object,0,20,0.0,False,,header.channel;header.claim_id;header.incident_date;header.report_date;header.reported_by;incident_description.estimated_damage_amount;incident_description.incident_type;incident_description.location_type;incident_description.police_report_number;insured_objects[0].estimated_value;insured_objects[0].location_address;insured_objects[0].make_model;insured_objects[0].object_id;insured_objects[0].object_type;insured_objects[0].year;policy_details.coverage_type;policy_details.effective_date;policy_details.expiration_date;policy_details.policy_number;policy_details.policyholder_name,,1722,0,19,0.0,0,"[""{\n  \""claim\"": {\n    \""header\"": {\n      \""claim_id\"": \""CLM-144512\"",\n      \""report_date\"": \""2025-09-15\"",\n      \""incident_date\"": \""2025-09-13\"",\n      \""reported_by\"": \""Daniel Evans\"",\n      \""channel\"": \""Portal\""\n    },\n    \""policy_details\"": {\n      \""policy_number\"": \""POL-391047522\"",\n      \""policyholder_name\"": \""Daniel Evans\"",\n      \""coverage_type\"": \""Property\"",\n      \""effective_date\"": \""2024-02-10\"",\n      \""expiration_date\"": \""2027-02-09\""\n    },\n    \""insured_objects\"": [\n      {\n        \""object_id\"": \""VIN84930271645092834\"",\n        \""object_type\"": \""Vehicle\"",\n        \""make_model\"": \""Ford\"",\n        \""year\"": 2021,\n        \""location_address\"": \""Grant and Maple intersection\"",\n        \""estimated_value\"": null\n      }\n    ],\n    \""incident_description\"": {\n      \""incident_type\"": \""Broadside collision\"",\n      \""location_type\"": \""Intersection\"",\n      \""estimated_damage_amount\"": 10322,\n      \""police_report_number\"": \""PR-20250913-3344\""\n    },\n    \""claim_reference\"": \""CLM-144512\""\n  }\n}""]"
sola-jsonish-rescue,"StructuredOutputAdapter(output_mode=JSONISH, prompt_layout=SECTIONS, parse_config=ParseConfig())",insurance-claims-0021,validation_error,ValidationError,2.6538653610041365,1,json_object,0,26,0.0,False,,header.channel;header.claim_id;header.incident_date;header.report_date;header.reported_by;incident_description.estimated_damage_amount;incident_description.incident_type;incident_description.location_type;incident_description.police_report_number;insured_objects[0].estimated_value;insured_objects[0].location_address;insured_objects[0].make_model;insured_objects[0].object_id;insured_objects[0].object_type;insured_objects[0].year;insured_objects[1].estimated_value;insured_objects[1].location_address;insured_objects[1].make_model;insured_objects[1].object_id;insured_objects[1].object_type;insured_objects[1].year;policy_details.coverage_type;policy_details.effective_date;policy_details.expiration_date;policy_details.policy_number;policy_details.policyholder_name,,2029,0,24,0.0,0,"[""{\n  \""claim\"": {\n    \""header\"": {\n      \""claim_id\"": \""CLM-772093\"",\n      \""report_date\"": \""2025-09-16\"",\n      \""incident_date\"": \""2025-09-15\"",\n      \""reported_by\"": \""Laura Adams\"",\n      \""channel\"": \""Email\""\n    },\n    \""policy_details\"": {\n      \""policy_number\"": \""POL-119384756\"",\n      \""policyholder_name\"": \""Laura Adams\"",\n      \""coverage_type\"": \""Auto\"",\n      \""effective_date\"": \""05-Nov-2023\"",\n      \""expiration_date\"": \""04-Nov-2025\""\n    },\n    \""insured_objects\"": [\n      {\n        \""object_id\"": \""VIN98123746509283746\"",\n        \""object_type\"": \""Vehicle\"",\n        \""make_model\"": \""Subaru\"",\n        \""year\"": 2019,\n        \""location_address\"": \""Interstate\"",\n        \""estimated_value\"": 17350\n      },\n      {\n        \""object_id\"": \""VIN29384756109283744\"",\n        \""object_type\"": \""Vehicle\"",\n        \""make_model\"": \""Toyota\"",\n        \""year\"": 2017,\n        \""location_address\"": \""Home\"",\n        \""estimated_value\"": 11200\n      },\n      {\n        \""object_id\"": \""PROP-98123746509283746\"",\n        \""object_type\"": \""Vehicle\"",\n        \""make_model\"": \""Subaru\"",\n        \""year\"": 2019,\n        \""location_address\"": \""Parking Lot\"",\n        \""estimated_value\"": 20000\n      },\n      {\n        \""object_id\"": \""OBJ-98123746509283746\"",\n        \""object_type\"": \""Vehicle\"",\n        \""make_model\"": \""Mazda\"",\n        \""year\"": 2020,\n        \""location_address\"": \""Home\"",\n        \""estimated_value\"": 20000\n      }\n    ],\n    \""incident_description\"": {\n      \""incident_type\"": \""Rear-end collision\"",\n      \""location_type\"": \""Highway\"",\n      \""estimated_damage_amount\"": 6321,\n      \""police_report_number\"": \""PR-20250915-4419\""\n    },\n    \""attached_pdf\"": {\n      \""policy_printout\"": \""Policy Printout\""\n    }\n  }\n}""]"
sola-jsonish-rescue,"StructuredOutputAdapter(output_mode=JSONISH, prompt_layout=SECTIONS, parse_config=ParseConfig())",insurance-claims-0022,validation_error,ValidationError,1.5772618610062636,1,json_object,0,20,0.0,False,,header.channel;header.claim_id;header.incident_date;header.report_date;header.reported_by;incident_description.estimated_damage_amount;incident_description.incident_type;incident_description.location_type;incident_description.police_report_number;insured_objects[0].estimated_value;insured_objects[0].location_address;insured_objects[0].make_model;insured_objects[0].object_id;insured_objects[0].object_type;insured_objects[0].year;policy_details.coverage_type;policy_details.effective_date;policy_details.expiration_date;policy_details.policy_number;policy_details.policyholder_name,,1691,0,19,0.0,0,"[""{\n  \""claim\"": {\n    \""header\"": {\n      \""claim_id\"": \""CLM-390871\"",\n      \""report_date\"": \""2025-09-17\"",\n      \""incident_date\"": \""2025-09-14\"",\n      \""reported_by\"": \""Ethan Walker\"",\n      \""channel\"": \""In-Person\""\n    },\n    \""policy_details\"": {\n      \""policy_number\"": \""POL-702193847\"",\n      \""policyholder_name\"": \""Ethan Walker\"",\n      \""coverage_type\"": \""Property\"",\n      \""effective_date\"": \""2024-08-01\"",\n      \""expiration_date\"": \""2025-07-31\""\n    },\n    \""insured_objects\"": [\n      {\n        \""object_id\"": \""1920 Pinecrest Ln\"",\n        \""object_type\"": \""Single Family Home\"",\n        \""make_model\"": \""Built 1992\"",\n        \""year\"": 1992,\n        \""location_address\"": \""1920 Pinecrest Ln, Toledo OH\"",\n        \""estimated_value\"": 268900\n      }\n    ],\n    \""incident_description\"": {\n      \""incident_type\"": \""Fire\"",\n      \""location_type\"": \""Kitchen\"",\n      \""estimated_damage_amount\"": 44215,\n      \""police_report_number\"": \""PR-20250914-2291\""\n    }\n  }\n}""]"
sola-jsonish-rescue,"StructuredOutputAdapter(output_mode=JSONISH, prompt_layout=SECTIONS, parse_config=ParseConfig())",insurance-claims-0023,validation_error,ValidationError,1.4474409229878802,1,json_object,0,20,0.0,False,,header.channel;header.claim_id;header.incident_date;header.report_date;header.reported_by;incident_description.estimated_damage_amount;incident_description.incident_type;incident_description.location_type;incident_description.police_report_number;insured_objects[0].estimated_value;insured_objects[0].location_address;insured_objects[0].make_model;insured_objects[0].object_id;insured_objects[0].object_type;insured_objects[0].year;policy_details.coverage_type;policy_details.effective_date;policy_details.expiration_date;policy_details.policy_number;policy_details.policyholder_name,,1629,0,18,0.0,0,"[""{\n  \""claim\"": {\n    \""header\"": {\n      \""claim_id\"": \""CLM-551092\"",\n      \""report_date\"": \""2025-09-18\"",\n      \""incident_date\"": \""2025-09-16\"",\n      \""reported_by\"": \""Rachel Green\"",\n      \""channel\"": \""Phone\""\n    },\n    \""policy_details\"": {\n      \""policy_number\"": \""POL-509238176\"",\n      \""policyholder_name\"": \""Rachel Green\"",\n      \""coverage_type\"": \""Property\"",\n      \""effective_date\"": \""2024-05-12\"",\n      \""expiration_date\"": \""2026-05-12\""\n    },\n    \""insured_objects\"": [\n      {\n        \""object_id\"": \""VIN12345678901234567\"",\n        \""object_type\"": \""Vehicle\"",\n        \""make_model\"": \""Ford\"",\n        \""year\"": 2008,\n        \""location_address\"": \""621 Brookside Ct, Madison\"",\n        \""estimated_value\"": 314000\n      }\n    ],\n    \""incident_description\"": {\n      \""incident_type\"": \""roof collapse\"",\n      \""location_type\"": \""upstairs bedroom\"",\n      \""estimated_damage_amount\"": 8237,\n      \""police_report_number\"": null\n    }\n  }\n}""]"
sola-jsonish-rescue,"StructuredOutputAdapter(output_mode=JSONISH, prompt_layout=SECTIONS, parse_config=ParseConfig())",insurance-claims-0024,ok,,1.5250647279899567,1,json_object,17,20,0.85,False,policy_details.coverage_type;insured_objects[0].make_model;insured_objects[0].location_address,,,1671,17,19,0.8947,1,"[""{\n  \""claim\"": {\n    \""header\"": {\n      \""claim_id\"": \""CLM-229871\"",\n      \""report_date\"": \""2025-09-20\"",\n      \""incident_date\"": \""2025-09-18\"",\n      \""reported_by\"": \""Olivia Carter\"",\n      \""channel\"": \""Email\""\n    },\n    \""policy_details\"": {\n      \""policy_number\"": \""POL-667198234\"",\n      \""policyholder_name\"": \""Olivia Carter\"",\n      \""coverage_type\"": \""Property\"",\n      \""effective_date\"": \""2024-10-10\"",\n      \""expiration_date\"": \""2025-10-09\""\n    },\n    \""insured_objects\"": [\n      {\n        \""object_id\"": \""VIN77889900112233445\"",\n        \""object_type\"": \""Vehicle\"",\n        \""make_model\"": \""Mazda\"",\n        \""year\"": 2020,\n        \""location_address\"": \""Willow and Grant intersection\"",\n        \""estimated_value\"": 15600\n      }\n    ],\n    \""incident_description\"": {\n      \""incident_type\"": \""side_impact_collision\"",\n      \""location_type\"": \""intersection\"",\n      \""estimated_damage_amount\"": 7800,\n      \""police_report_number\"": \""PR-20250918-8821\""\n    }\n  }\n}""]"
sola-jsonish-rescue,"StructuredOutputAdapter(output_mode=JSONISH, prompt_layout=SECTIONS, parse_config=ParseConfig())",insurance-claims-0025,validation_error,ValidationError,1.467040981980972,1,json_object,0,11,0.0,False,,header.channel;header.claim_id;header.incident_date;header.report_date;header.reported_by;incident_description.estimated_damage_amount;incident_description.incident_type;incident_description.location_type;incident_description.police_report_number;insured_objects;policy_details,,1666,0,6,0.0,0,"[""{\n  \""claim\"": {\n    \""header\"": {\n      \""claim_id\"": \""CLM-2025-09-21\"",\n      \""report_date\"": \""2025-09-21\"",\n      \""incident_date\"": \""2025-09-20\"",\n      \""reported_by\"": \""Mark Evans\"",\n      \""channel\"": \""Phone\""\n    },\n    \""policy_details\"": {\n      \""policy_number\"": \""POL-12345678901234567\"",\n      \""policyholder_name\"": \""Mark Evans\"",\n      \""coverage_type\"": \""Liability\"",\n      \""effective_date\"": \""2025-09-21\"",\n      \""expiration_date\"": \""2026-09-20\""\n    },\n    \""insured_objects\"": [\n      {\n        \""object_id\"": \""VIN12345678901234567\"",\n        \""object_type\"": \""Vehicle\"",\n        \""make_model\"": \""ABC Bakery\"",\n        \""year\"": 2025,\n        \""location_address\"": \""1220 Main Street, Anytown, USA\"",\n        \""estimated_value\"": null\n      }\n    ],\n    \""incident_description\"": {\n      \""incident_type\"": \""Slip and fall\"",\n      \""location_type\"": \""Shop\"",\n      \""estimated_damage_amount\"": null,\n      \""police_report_number\"": null\n    }\n  }\n}""]"
sola-jsonish-rescue,"StructuredOutputAdapter(output_mode=JSONISH, prompt_layout=SECTIONS, parse_config=ParseConfig())",insurance-claims-0026,validation_error,ValidationError,1.3987344409979414,1,json_object,0,20,0.0,False,,header.channel;header.claim_id;header.incident_date;header.report_date;header.reported_by;incident_description.estimated_damage_amount;incident_description.incident_type;incident_description.location_type;incident_description.police_report_number;insured_objects[0].estimated_value;insured_objects[0].location_address;insured_objects[0].make_model;insured_objects[0].object_id;insured_objects[0].object_type;insured_objects[0].year;policy_details.coverage_type;policy_details.effective_date;policy_details.expiration_date;policy_details.policy_number;policy_details.policyholder_name,,1581,0,17,0.0,0,"[""{\n  \""claim\"": {\n    \""header\"": {\n      \""claim_id\"": \""CLM-320198\"",\n      \""report_date\"": \""2025-09-21\"",\n      \""incident_date\"": \""2025-09-20\"",\n      \""reported_by\"": \""Susan Lee\"",\n      \""channel\"": \""Email\""\n    },\n    \""policy_details\"": {\n      \""policy_number\"": \""POL-481992330\"",\n      \""policyholder_name\"": \""Susan Lee\"",\n      \""coverage_type\"": \""Auto\"",\n      \""effective_date\"": \""2024-09-22\"",\n      \""expiration_date\"": \""2025-09-21\""\n    },\n    \""insured_objects\"": [\n      {\n        \""object_id\"": \""VIN12345678901234567\"",\n        \""object_type\"": \""Vehicle\"",\n        \""make_model\"": \""Subaru\"",\n        \""year\"": 2015,\n        \""location_address\"": \""Grocery Store\"",\n        \""estimated_value\"": null\n      }\n    ],\n    \""incident_description\"": {\n      \""incident_type\"": \""Sideswipe\"",\n      \""location_type\"": \""Parking Lot\"",\n      \""estimated_damage_amount\"": 2100,\n      \""police_report_number\"": null\n    }\n  }\n}""]"
sola-jsonish-rescue,"StructuredOutputAdapter(output_mode=JSONISH, prompt_layout=SECTIONS, parse_config=ParseConfig())",insurance-claims-0027,validation_error,ValidationError,1.443604834988946,1,json_object,0,20,0.0,False,,header.channel;header.claim_id;header.incident_date;header.report_date;header.reported_by;incident_description.estimated_damage_amount;incident_description.incident_type;incident_description.location_type;incident_description.police_report_number;insured_objects[0].estimated_value;insured_objects[0].location_address;insured_objects[0].make_model;insured_objects[0].object_id;insured_objects[0].object_type;insured_objects[0].year;policy_details.coverage_type;policy_details.effective_date;policy_details.expiration_date;policy_details.policy_number;policy_details.policyholder_name,,1647,0,15,0.0,0,"[""{\n  \""claim\"": {\n    \""header\"": {\n      \""claim_id\"": \""CLM-440882\"",\n      \""report_date\"": \""2025-09-22\"",\n      \""incident_date\"": \""2025-09-22\"",\n      \""reported_by\"": \""George Clark\"",\n      \""channel\"": \""Phone\""\n    },\n    \""policy_details\"": {\n      \""policy_number\"": \""POL-998734221\"",\n      \""policyholder_name\"": \""George Clark\"",\n      \""coverage_type\"": \""Auto\"",\n      \""effective_date\"": \""2025-11-14\"",\n      \""expiration_date\"": \""2025-11-14\""\n    },\n    \""insured_objects\"": [\n      {\n        \""object_id\"": \""VIN12345678901234567\"",\n        \""object_type\"": \""Vehicle\"",\n        \""make_model\"": \""Unknown\"",\n        \""year\"": 1999,\n        \""location_address\"": \""Maple Street, Anytown, USA\"",\n        \""estimated_value\"": null\n      }\n    ],\n    \""incident_description\"": {\n      \""incident_type\"": \""Tapping\"",\n      \""location_type\"": \""Street\"",\n      \""estimated_damage_amount\"": null,\n      \""police_report_number\"": \""PR-20250921-2234\""\n    }\n  }\n}""]"
sola-jsonish-rescue,"StructuredOutputAdapter(output_mode=JSONISH, prompt_layout=SECTIONS, parse_config=ParseConfig())",insurance-claims-0028,validation_error,ValidationError,1.9092439080122858,1,json_object,0,20,0.0,False,,header.channel;header.claim_id;header.incident_date;header.report_date;header.reported_by;incident_description.estimated_damage_amount;incident_description.incident_type;incident_description.location_type;incident_description.police_report_number;insured_objects[0].estimated_value;insured_objects[0].location_address;insured_objects[0].make_model;insured_objects[0].object_id;insured_objects[0].object_type;insured_objects[0].year;policy_details.coverage_type;policy_details.effective_date;policy_details.expiration_date;policy_details.policy_number;policy_details.policyholder_name,,1683,0,19,0.0,0,"[""{\n  \""claim\"": {\n    \""header\"": {\n      \""claim_id\"": \""CLM-773011\"",\n      \""report_date\"": \""19-SEP-2025\"",\n      \""incident_date\"": \""17-SEP-2025\"",\n      \""reported_by\"": \""Patricia (Patricia) Adams\"",\n      \""channel\"": \""Phone\""\n    },\n    \""policy_details\"": {\n      \""policy_number\"": \""POL-55432I090\"",\n      \""policyholder_name\"": \""PROP-223190\"",\n      \""coverage_type\"": \""Property\"",\n      \""effective_date\"": \""01-02-2024\"",\n      \""expiration_date\"": \""31-01-2025\""\n    },\n    \""insured_objects\"": [\n      {\n        \""object_id\"": \""PROP-223190\"",\n        \""object_type\"": \""Single family home\"",\n        \""make_model\"": \""Built 1975\"",\n        \""year\"": 1975,\n        \""location_address\"": \""4501 Ashwood Dr, Salem\"",\n        \""estimated_value\"": 289000\n      },\n      {\n        \""object_id\"": \""car\"",\n        \""object_type\"": \""Car\"",\n        \""make_model\"": \""Not specified\"",\n        \""year\"": null,\n        \""location_address\"": null,\n        \""estimated_value\"": null\n      }\n    ],\n    \""incident_description\"": {\n      \""incident_type\"": \""burst P!pe\"",\n      \""location_type\"": \""Residential street\"",\n      \""estimated_damage_amount\"": 13240,\n      \""police_report_number\"": null\n    },\n    \""notes\"": {\n      \""ceiling_collapsed\"": true,\n      \""carpets_ruined\"": true,\n      \""estimated_damage\"": 13240,\n      \""contracTOR_note\"": \""Not specified\""\n    }\n  }\n}""]"
sola-jsonish-rescue,"StructuredOutputAdapter(output_mode=JSONISH, prompt_layout=SECTIONS, parse_config=ParseConfig())",insurance-claims-0029,validation_error,ValidationError,1.7151700309768785,1,json_object,0,20,0.0,False,,header.channel;header.claim_id;header.incident_date;header.report_date;header.reported_by;incident_description.estimated_damage_amount;incident_description.incident_type;incident_description.location_type;incident_description.police_report_number;insured_objects[0].estimated_value;insured_objects[0].location_address;insured_objects[0].make_model;insured_objects[0].object_id;insured_objects[0].object_type;insured_objects[0].year;policy_details.coverage_type;policy_details.effective_date;policy_details.expiration_date;policy_details.policy_number;policy_details.policyholder_name,,1630,0,18,0.0,0,"[""{\n  \""claim\"": {\n    \""header\"": {\n      \""claim_id\"": \""CLM-664028\"",\n      \""report_date\"": \""2025-09-23\"",\n      \""incident_date\"": \""2025-09-22\"",\n      \""reported_by\"": \""Emily Johnson\"",\n      \""channel\"": \""Portal\""\n    },\n    \""policy_details\"": {\n      \""policy_number\"": \""POL-776542109\"",\n      \""policyholder_name\"": \""Emily Johnson\"",\n      \""coverage_type\"": \""Liability\"",\n      \""effective_date\"": \""2023-09-06\"",\n      \""expiration_date\"": \""2023-09-06\""\n    },\n    \""insured_objects\"": [\n      {\n        \""object_id\"": \""9900 Commerce Blvd\"",\n        \""object_type\"": \""Building\"",\n        \""make_model\"": null,\n        \""year\"": 2011,\n        \""location_address\"": \""9900 Commerce Blvd\"",\n        \""estimated_value\"": null\n      },\n      {\n        \""object_id\"": \""9900 Commerce Blvd\"",\n        \""object_type\"": \""Building\"",\n        \""make_model\"": null,\n        \""year\"": 2011,\n        \""location_address\"": \""9900 Commerce Blvd\"",\n        \""estimated_value\"": null\n      }\n    ],\n    \""incident_description\"": {\n      \""incident_type\"": \""Slip and fall\"",\n      \""location_type\"": \""Retail shop\"",\n      \""estimated_damage_amount\"": null,\n      \""police_report_number\"": null\n    }\n  }\n}""]"
sola-yaml-rescue,"StructuredOutputAdapter(output_mode=YAML, prompt_layout=SECTIONS, parse_config=ParseConfig())",insurance-claims-0000,validation_error,ValidationError,1.3543082590040285,1,none,0,20,0.0,False,,header.channel;header.claim_id;header.incident_date;header.report_date;header.reported_by;incident_description.estimated_damage_amount;incident_description.incident_type;incident_description.location_type;incident_description.police_report_number;insured_objects[0].estimated_value;insured_objects[0].location_address;insured_objects[0].make_model;insured_objects[0].object_id;insured_objects[0].object_type;insured_objects[0].year;policy_details.coverage_type;policy_details.effective_date;policy_details.expiration_date;policy_details.policy_number;policy_details.policyholder_name,,2000,0,19,0.0,0,"[""```yaml\nclaim:\n  header:\n    claim_id: CLM-424063\n    report_date: '2024-04-22'\n    incident_date: '2024-04-22'\n    reported_by: Jennifer Garcia\n    channel: Email\n  policy_details:\n    policy_number: POL-787532354\n    policyholder_name: Jennifer Garcia\n    coverage_type: Property\n    effective_date: '2024-06-30'\n    expiration_date: '2024-06-30'\n  insured_objects:\n    object_id: 6650\n    object_type: Building\n    make_model: Single-family home built in 1972\n    year: 1972\n    location_address: 6650 Broadway, Georgetown\n    estimated_value: 5834\n  incident_description:\n    incident_type: Property damage\n    location_type: Shopping center\n    estimated_damage_amount: 5834\n    police_report_number: PR-20250822-4864\n  claim_reference: CLM-424063\n```""]"
sola-yaml-rescue,"StructuredOutputAdapter(output_mode=YAML, prompt_layout=SECTIONS, parse_config=ParseConfig())",insurance-claims-0001,validation_error,ValidationError,1.2562780299922451,1,none,0,20,0.0,False,,header.channel;header.claim_id;header.incident_date;header.report_date;header.reported_by;incident_description.estimated_damage_amount;incident_description.incident_type;incident_description.location_type;incident_description.police_report_number;insured_objects[0].estimated_value;insured_objects[0].location_address;insured_objects[0].make_model;insured_objects[0].object_id;insured_objects[0].object_type;insured_objects[0].year;policy_details.coverage_type;policy_details.effective_date;policy_details.expiration_date;policy_details.policy_number;policy_details.policyholder_name,,1617,0,18,0.0,0,"[""```yaml\nclaim:\n  claim_id: CLM-748422\n  report_date: '2025-08-22'\n  incident_date: '2025-08-22'\n  reported_by: 'Joanne'\n  channel: 'In-Person'\n\npolicy_details:\n  policy_number: POL-930881789\n  policyholder_name: 'Unknown'\n  coverage_type: 'Property'\n  effective_date: '2026-03-02'\n  expiration_date: '2026-03-02'\n\ninsured_objects:\n  - object_id: 'PROP-199807'\n    object_type: 'Townhouse'\n    make_model: 'Unknown'\n    year: '2014'\n    location_address: '2850 Main St., Lexington'\n    estimated_value: 'Unknown'\n\nincident_description:\n  incident_type: 'Break-in'\n  location_type: 'Business'\n  estimated_damage_amount: 'Almost ten grand'\n  police_report_number: 'Unknown'\n```""]"
sola-yaml-rescue,"StructuredOutputAdapter(output_mode=YAML, prompt_layout=SECTIONS, parse_config=ParseConfig())",insurance-claims-0002,validation_error,ValidationError,1.130447436007671,1,none,0,11,0.0,False,,header.channel;header.claim_id;header.incident_date;header.report_date;header.reported_by;incident_description.estimated_damage_amount;incident_description.incident_type;incident_description.location_type;incident_description.police_report_number;insured_objects;policy_details,,1843,0,8,0.0,0,"[""```yaml\nclaim:\n  claim_id: CLM-255335\n  report_date: '2025-08-20'\n  incident_date: '2025-08-20'\n  reported_by: 'David Taylor'\n  channel: 'Email'\n\npolicy_details:\n  policy_number: POL-255335\n  policyholder_name: 'Unknown'\n  coverage_type: 'Property'\n  effective_date: '2025-08-20'\n  expiration_date: '2025-08-20'\n\ninsured_objects:\n  object_id: 'CLM-255335'\n  object_type: 'Vehicle'\n  make_model: 'Unknown'\n  year: 'Unknown'\n  location_address: 'Unknown'\n  estimated_value: 'Unknown'\n\nincident_description:\n  incident_type: 'Product Malfunction'\n  location_type: 'Workplace'\n  estimated_damage_amount: 'Unknown'\n  police_report_number: 'Unknown'\n```""]"
sola-yaml-rescue,"StructuredOutputAdapter(output_mode=YAML, prompt_layout=SECTIONS, parse_config=ParseConfig())",insurance-claims-0003,validation_error,ValidationError,2.1391949240060057,1,none,0,26,0.0,False,,header.channel;header.claim_id;header.incident_date;header.report_date;header.reported_by;incident_description.estimated_damage_amount;incident_description.incident_type;incident_description.location_type;incident_description.police_report_number;insured_objects[0].estimated_value;insured_objects[0].location_address;insured_objects[0].make_model;insured_objects[0].object_id;insured_objects[0].object_type;insured_objects[0].year;insured_objects[1].estimated_value;insured_objects[1].location_address;insured_objects[1].make_model;insured_objects[1].object_id;insured_objects[1].object_type;insured_objects[1].year;policy_details.coverage_type;policy_details.effective_date;policy_details.expiration_date;policy_details.policy_number;policy_details.policyholder_name,,1954,0,24,0.0,0,"[""```yaml\nclaim:\n  header:\n    claim_id: CLM-988147\n    report_date: \""2025-08-30\""\n    incident_date: \""2025-08-30\""\n    reported_by: \""Jennifer Johnson\""\n    channel: \""Portal\""\n  policy_details:\n    policy_number: POL-467268181\n    policyholder_name: \""Jennifer Johnson\""\n    coverage_type: \""Auto\""\n    effective_date: \""2023-11-19\""\n    expiration_date: \""2025-05-31\""\n  insured_objects:\n    - object_id: \""2017 BMW X3\""\n      object_type: \""Vehicle\""\n      make_model: \""2017 BMW X3\""\n      year: \""2017\""\n      location_address: \""Not involved in incident\""\n      estimated_value: \""$15,265\""\n    - object_id: \""2019 Mercedes GLC\""\n      object_type: \""Vehicle\""\n      make_model: \""2019 Mercedes GLC\""\n      year: \""2019\""\n      location_address: \""Not involved in incident\""\n      estimated_value: \""$20,372\""\n  incident_description:\n    incident_type: \""T-bone collision\""\n    location_type: \""Shopping center parking lot\""\n    estimated_damage_amount: \""$22,631\""\n    police_report_number: \""PR-20250830-7127\""\n  damage_assessment:\n    estimated_repair_cost: \""$22,631\""\n    damage_includes:\n      - \""Significant side panel damage\""\n      - \""Inoperable doors\""\n      - \""Bent front wheel\""\n      - \""Broken windows\""\n    vehicle_required_towing: \""Yes\""\n  additional_notes:\n    submitted_same_day_as_incident: \""Yes\""\n    photos_and_documentation_uploaded_to_portal: \""Yes\""\n    available_for_follow-up: \""Yes\""\n```""]"
sola-yaml-rescue,"StructuredOutputAdapter(output_mode=YAML, prompt_layout=SECTIONS, parse_config=ParseConfig())",insurance-claims-0004,validation_error,ValidationError,1.5558716089872178,1,none,0,20,0.0,False,,header.channel;header.claim_id;header.incident_date;header.report_date;header.reported_by;incident_description.estimated_damage_amount;incident_description.incident_type;incident_description.location_type;incident_description.police_report_number;insured_objects[0].estimated_value;insured_objects[0].location_address;insured_objects[0].make_model;insured_objects[0].object_id;insured_objects[0].object_type;insured_objects[0].year;policy_details.coverage_type;policy_details.effective_date;policy_details.expiration_date;policy_details.policy_number;policy_details.policyholder_name,,2098,0,17,0.0,0,"[""```yaml\nclaim:\n  header:\n    claim_id: CLM-597471\n    report_date: '2025-08-22'\n    incident_date: '2025-08-21'\n    reported_by: Ashley Rodriguez\n    channel: 'Portal'\n  policy_details:\n    policy_number: POL-998781390\n    policyholder_name: Ashley Rodriguez\n    coverage_type: Property\n    effective_date: '2024-10-16'\n    expiration_date: '2025-10-16'\n  insured_objects:\n    object_id: '7400'\n    object_type: 'Kitchen'\n    make_model: 'Unknown'\n    year: 'Unknown'\n    location_address: '7400 Pi'\n    estimated_value: 'Unknown'\n  incident_description:\n    incident_type: 'Fire'\n    location_type: 'Kitchen'\n    estimated_damage_amount: 'Unknown'\n    police_report_number: 'Unknown'\n  claim_status: 'Pending'\n  claim_date: '2025-08-22'\n  claim_number: 'CLM-597471'\n  claim_description: 'A grease fire in the kitchen caused damage to the cooking area, cabinets, backsplash, and ceiling. The contractor estimated repairs at $52,774.'\n```""]"
sola-yaml-rescue,"StructuredOutputAdapter(output_mode=YAML, prompt_layout=SECTIONS, parse_config=ParseConfig())",insurance-claims-0005,validation_error,ValidationError,1.4129283629881684,1,none,0,20,0.0,False,,header.channel;header.claim_id;header.incident_date;header.report_date;header.reported_by;incident_description.estimated_damage_amount;incident_description.incident_type;incident_description.location_type;incident_description.police_report_number;insured_objects[0].estimated_value;insured_objects[0].location_address;insured_objects[0].make_model;insured_objects[0].object_id;insured_objects[0].object_type;insured_objects[0].year;policy_details.coverage_type;policy_details.effective_date;policy_details.expiration_date;policy_details.policy_number;policy_details.policyholder_name,,2012,0,18,0.0,0,"[""```yaml\nclaim:\n  claim_id: CLM-509317\n  report_date: \""2025-09-04\""\n  incident_date: \""2025-09-01\""\n  reported_by: \""Jennifer Davis\""\n  channel: \""Email\""\n\npolicy_details:\n  policy_number: POL-756977389\n  policyholder_name: \""Jennifer Davis\""\n  coverage_type: \""Liability\""\n  effective_date: \""2023-11-14\""\n  expiration_date: \""2025-05-13\""\n\ninsured_objects:\n  object_id: \""9350 Broadway\""\n  object_type: \""Residential Property\""\n  make_model: \""Built in 2010\""\n  year: 2010\n  location_address: \""9350 Broadway, Springfield\""\n  estimated_value: \""463611\""\n\nincident_description:\n  incident_type: \""Slip and fall\""\n  location_type: \""Entrance area\""\n  estimated_damage_amount: \""21000\""\n  police_report_number: \""Not provided\""\n```""]"
sola-yaml-rescue,"StructuredOutputAdapter(output_mode=YAML, prompt_layout=SECTIONS, parse_config=ParseConfig())",insurance-claims-0006,validation_error,ValidationError,1.8888936250004917,1,none,0,20,0.0,False,,header.channel;header.claim_id;header.incident_date;header.report_date;header.reported_by;incident_description.estimated_damage_amount;incident_description.incident_type;incident_description.location_type;incident_description.police_report_number;insured_objects[0].estimated_value;insured_objects[0].location_address;insured_objects[0].make_model;insured_objects[0].object_id;insured_objects[0].object_type;insured_objects[0].year;policy_details.coverage_type;policy_details.effective_date;policy_details.expiration_date;policy_details.policy_number;policy_details.policyholder_name,,2205,0,19,0.0,0,"[""```yaml\nclaim:\n  claim_id: CLM-860535\n  report_date: '2025-09-03'\n  incident_date: '2025-09-02'\n  reported_by: Robert Thompson\n  channel: 'In-Person'\n\npolicy_details:\n  policy_number: POL-694961021\n  policyholder_name: POL-694961021\n  coverage_type: Property\n  effective_date: '2025-03-28'\n  expiration_date: '2025-03-27'\n\ninsured_objects:\n  - object_id: VIN12345678901234567\n    object_type: Vehicle\n    make_model: 1996\n    year: 1996\n    location_address: 3150 Cedar Lane\n    estimated_value: 720992\n\nincident_description:\n  incident_type:\n    - rear_end_collision\n    - side_impact_collision\n    - head_on_collision\n    - parking_lot_collision\n    - house_fire\n    - kitchen_fire\n    - electrical_fire\n    - burst_pipe_flood\n    - storm_damage\n    - roof_leak\n    - slip_and_fall\n    - property_injury\n    - product_liability\n    - theft_burglary\n    - vandalism\n  location_type:\n    - intersection\n    - highway\n    - parking_lot\n    - driveway\n    - residential_street\n    - residence_interior\n    - residence_exterior\n    - commercial_property\n    - public_property\n  estimated_damage_amount: 19400\n```""]"
sola-yaml-rescue,"StructuredOutputAdapter(output_mode=YAML, prompt_layout=SECTIONS, parse_config=ParseConfig())",insurance-claims-0007,validation_error,ValidationError,1.2757881729921792,1,none,0,20,0.0,False,,header.channel;header.claim_id;header.incident_date;header.report_date;header.reported_by;incident_description.estimated_damage_amount;incident_description.incident_type;incident_description.location_type;incident_description.police_report_number;insured_objects[0].estimated_value;insured_objects[0].location_address;insured_objects[0].make_model;insured_objects[0].object_id;insured_objects[0].object_type;insured_objects[0].year;policy_details.coverage_type;policy_details.effective_date;policy_details.expiration_date;policy_details.policy_number;policy_details.policyholder_name,,1993,0,17,0.0,0,"[""```yaml\nclaim:\n  header:\n    claim_id: CLM-699674\n    report_date: '2025-08-30'\n    incident_date: '2025-08-28'\n    reported_by: David Johnson\n    channel: 'Phone'\n  policy_details:\n    policy_number: POL-314055462\n    policyholder_name: David Johnson\n    coverage_type: 'Property'\n    effective_date: '2025-05-27'\n    expiration_date: '2027-05-26'\n  insured_objects:\n    object_id: '9600'\n    object_type: 'House'\n    make_model: 'Yellow House'\n    year: 1969\n    location_address: 'Church Street, Georgetown, Georgia'\n    estimated_value: '372000'\n  incident_description:\n    incident_type: 'Slip and fall'\n    location_type: 'Sidewalk'\n    estimated_damage_amount: 'Unknown'\n    police_report_number: 'CLM-699674'\n```""]"
sola-yaml-rescue,"StructuredOutputAdapter(output_mode=YAML, prompt_layout=SECTIONS, parse_config=ParseConfig())",insurance-claims-0008,validation_error,ValidationError,1.3344706429925282,1,none,0,11,0.0,False,,header.channel;header.claim_id;header.incident_date;header.report_date;header.reported_by;incident_description.estimated_damage_amount;incident_description.incident_type;incident_description.location_type;incident_description.police_report_number;insured_objects;policy_details,,2007,0,8,0.0,0,"[""```yaml\nclaim:\n  claim_id: CLM-531517\n  report_date: \""2025-08-22\""\n  incident_date: \""2025-08-22\""\n  reported_by: \""David Davis\""\n  channel: \""Phone\""\n\npolicy_details:\n  policy_number: POL-531517\n  policyholder_name: \""David Davis\""\n  coverage_type: \""Other\""\n  effective_date: \""2025-08-22\""\n  expiration_date: \""2025-08-22\""\n\ninsured_objects:\n  - object_id: \""CLM-531517\""\n    object_type: \""Store\""\n    make_model: \""Unknown\""\n    year: \""Unknown\""\n    location_address: \""123 Main St, Anytown, USA\""\n    estimated_value: \""Unknown\""\n\nincident_description:\n  incident_type: \""Slip and fall\""\n  location_type: \""Store\""\n  estimated_damage_amount: \""Unknown\""\n  police_report_number: \""PR-20250822-6127\""\n```""]"
sola-yaml-rescue,"StructuredOutputAdapter(output_mode=YAML, prompt_layout=SECTIONS, parse_config=ParseConfig())",insurance-claims-0009,validation_error,ValidationError,1.3476262750045862,1,none,0,20,0.0,False,,header.channel;header.claim_id;header.incident_date;header.report_date;header.reported_by;incident_description.estimated_damage_amount;incident_description.incident_type;incident_description.location_type;incident_description.police_report_number;insured_objects[0].estimated_value;insured_objects[0].location_address;insured_objects[0].make_model;insured_objects[0].object_id;insured_objects[0].object_type;insured_objects[0].year;policy_details.coverage_type;policy_details.effective_date;policy_details.expiration_date;policy_details.policy_number;policy_details.policyholder_name,,2023,0,18,0.0,0,"[""```yaml\nclaim:\n  claim_id: CLM-692408\n  report_date: '2025-08-19'\n  incident_date: '2025-08-19'\n  reported_by: Lisa Garcia\n  channel: 'Phone'\n\npolicy_details:\n  policy_number: POL-575631637\n  policyholder_name: William\n  coverage_type: Auto\n  effective_date: '2024-03-06'\n  expiration_date: '2025-03-06'\n\ninsured_objects:\n  object_id: '2017-03-07'\n  object_type: 'Vehicle'\n  make_model: 'Ford'\n  year: 2017\n  location_address: 'Birchwood Lane'\n  estimated_value: 16433\n\nincident_description:\n  incident_type: 'Rear-end collision'\n  location_type: 'Residential street'\n  estimated_damage_amount: 2776\n  police_report_number: PR-20250817-9170\n```""]"
sola-yaml-rescue,"StructuredOutputAdapter(output_mode=YAML, prompt_layout=SECTIONS, parse_config=ParseConfig())",insurance-claims-0010,validation_error,ValidationError,1.6511392469983548,1,none,0,11,0.0,False,,header.channel;header.claim_id;header.incident_date;header.report_date;header.reported_by;incident_description.estimated_damage_amount;incident_description.incident_type;incident_description.location_type;incident_description.police_report_number;insured_objects;policy_details,,1975,0,9,0.0,0,"[""```yaml\nclaim:\n  header:\n    claim_id: CLM-884860\n    report_date: '2025-09-04'\n    incident_date: '2025-09-04'\n    reported_by: Michelle Brown\n    channel: 'Email'\n  policy_details:\n    policy_number: POL-884860\n    policyholder_name: Michelle Brown\n    coverage_type: 'Property'\n    effective_date: '2025-09-04'\n    expiration_date: '2025-09-04'\n  insured_objects:\n    object_id: VIN12345678901234567\n    object_type: 'Vehicle'\n    make_model: 'Unknown'\n    year: 'Unknown'\n    location_address: '123 Main St, Anytown, USA'\n    estimated_value: 'Unknown'\n  incident_description:\n    incident_type: 'Unauthorized entry'\n    location_type: 'Residential'\n    estimated_damage_amount: 'Unknown'\n    police_report_number: 'PR-20250902-7037'\n  indemnity_amount: 'Unknown'\n  indemnity_date: '2025-09-04'\n  indemnity_notes:\n    'Junk folder has been eating emails': 'Please copy my other address just in case you try replying and don’t hear back.'\n```""]"
sola-yaml-rescue,"StructuredOutputAdapter(output_mode=YAML, prompt_layout=SECTIONS, parse_config=ParseConfig())",insurance-claims-0011,validation_error,ValidationError,1.291018076997716,1,none,0,11,0.0,False,,header.channel;header.claim_id;header.incident_date;header.report_date;header.reported_by;incident_description.estimated_damage_amount;incident_description.incident_type;incident_description.location_type;incident_description.police_report_number;insured_objects;policy_details,,1856,0,8,0.0,0,"[""```yaml\nclaim:\n  claim_id: CLM-462584\n  report_date: '2025-08-26'\n  incident_date: '2025-08-25'\n  reported_by: James Johnson\n  channel: 'Email'\n\npolicy_details:\n  policy_number: POL-462584\n  policyholder_name: Johnson, James\n  coverage_type: 'Liability'\n  effective_date: '2025-08-26'\n  expiration_date: '2025-08-26'\n\ninsured_objects:\n  - object_id: VIN12345678901234567\n    object_type: 'Vehicle'\n    make_model: 'Ford'\n    year: 2025\n    location_address: '123 Main St'\n    estimated_value: 1500\n\nincident_description:\n  incident_type: 'rear_end_collision'\n  location_type: 'shopping_center_lot'\n  estimated_damage_amount: 3038\n```""]"
sola-yaml-rescue,"StructuredOutputAdapter(output_mode=YAML, prompt_layout=SECTIONS, parse_config=ParseConfig())",insurance-claims-0012,validation_error,ValidationError,1.2551581199804787,1,none,0,20,0.0,False,,header.channel;header.claim_id;header.incident_date;header.report_date;header.reported_by;incident_description.estimated_damage_amount;incident_description.incident_type;incident_description.location_type;incident_description.police_report_number;insured_objects[0].estimated_value;insured_objects[0].location_address;insured_objects[0].make_model;insured_objects[0].object_id;insured_objects[0].object_type;insured_objects[0].year;policy_details.coverage_type;policy_details.effective_date;policy_details.expiration_date;policy_details.policy_number;policy_details.policyholder_name,,2024,0,18,0.0,0,"[""```yaml\nclaim:\n  header:\n    claim_id: CLM-834090\n    report_date: '2025-09-09'\n    incident_date: '2023-09-09'\n    reported_by: Christopher Smith\n    channel: 'Phone'\n  policy_details:\n    policy_number: POL-262724604\n    policyholder_name: 'Christopher Smith'\n    coverage_type: 'Property'\n    effective_date: '2024-05-29'\n    expiration_date: '2025-10-29'\n  insured_objects:\n    object_id: '7050'\n    object_type: 'Townhouse'\n    make_model: 'Built in 2023'\n    year: '2023'\n    location_address: '7050 Oak Ave, Arlington'\n    estimated_value: 'Not specified'\n  incident_description:\n    incident_type: 'Hail and wind damage'\n    location_type: 'Yard'\n    estimated_damage_amount: 'Not specified'\n    police_report_number: 'Not specified'\n```""]"
sola-yaml-rescue,"StructuredOutputAdapter(output_mode=YAML, prompt_layout=SECTIONS, parse_config=ParseConfig())",insurance-claims-0013,validation_error,ValidationError,1.2048153440118767,1,none,0,20,0.0,False,,header.channel;header.claim_id;header.incident_date;header.report_date;header.reported_by;incident_description.estimated_damage_amount;incident_description.incident_type;incident_description.location_type;incident_description.police_report_number;insured_objects[0].estimated_value;insured_objects[0].location_address;insured_objects[0].make_model;insured_objects[0].object_id;insured_objects[0].object_type;insured_objects[0].year;policy_details.coverage_type;policy_details.effective_date;policy_details.expiration_date;policy_details.policy_number;policy_details.policyholder_name,,2010,0,18,0.0,0,"[""```yaml\nclaim:\n  claim_id: CLM-696349\n  report_date: '2025-09-05'\n  incident_date: '2025-09-04'\n  reported_by: Jennifer Miller\n  channel: 'Phone'\n\npolicy_details:\n  policy_number: POL-285003271\n  policyholder_name: Jennifer Miller\n  coverage_type: 'Property'\n  effective_date: '2024-12-13'\n  expiration_date: '2026-12-12'\n\ninsured_objects:\n  - object_id: '7400 Second Street'\n    object_type: 'Single Family Home'\n    make_model: 'Greenish'\n    year: 2013\n    location_address: 'Clayton'\n    estimated_value: '411865'\n\nincident_description:\n  incident_type: 'Fire'\n  location_type: 'Living Room'\n  estimated_damage_amount: '136734'\n  police_report_number: 'Not provided'\n```""]"
sola-yaml-rescue,"StructuredOutputAdapter(output_mode=YAML, prompt_layout=SECTIONS, parse_config=ParseConfig())",insurance-claims-0014,validation_error,ValidationError,1.3449490109924227,1,none,0,20,0.0,False,,header.channel;header.claim_id;header.incident_date;header.report_date;header.reported_by;incident_description.estimated_damage_amount;incident_description.incident_type;incident_description.location_type;incident_description.police_report_number;insured_objects[0].estimated_value;insured_objects[0].location_address;insured_objects[0].make_model;insured_objects[0].object_id;insured_objects[0].object_type;insured_objects[0].year;policy_details.coverage_type;policy_details.effective_date;policy_details.expiration_date;policy_details.policy_number;policy_details.policyholder_name,,1541,0,17,0.0,0,"[""```yaml\nclaim:\n  header:\n    claim_id: CLM-405338\n    report_date: '2025-08-16'\n    incident_date: '2024-09-25'\n    reported_by: James Smith\n    channel: 'Email'\n  policy_details:\n    policy_number: POL-932318703\n    policyholder_name: Honda\n    coverage_type: 'Auto'\n    effective_date: '2024-09-25'\n    expiration_date: '2025-09-25'\n  insured_objects:\n    - object_id: VIN70413800966102220\n      object_type: 'Honda CR-V'\n      make_model: 'Honda'\n      year: 2017\n      location_address: 'Harrison Avenue'\n      estimated_value: 5000\n  incident_description:\n    incident_type: 'rear_end_collision'\n    location_type: 'highway'\n    estimated_damage_amount: 37000\n    police_report_number: null\n  claim_status: 'Pending'\n```""]"
sola-yaml-rescue,"StructuredOutputAdapter(output_mode=YAML, prompt_layout=SECTIONS, parse_config=ParseConfig())",insurance-claims-0015,validation_error,ValidationError,3.8932138409873005,1,none,0,20,0.0,False,,header.channel;header.claim_id;header.incident_date;header.report_date;header.reported_by;incident_description.estimated_damage_amount;incident_description.incident_type;incident_description.location_type;incident_description.police_report_number;insured_objects[0].estimated_value;insured_objects[0].location_address;insured_objects[0].make_model;insured_objects[0].object_id;insured_objects[0].object_type;insured_objects[0].year;policy_details.coverage_type;policy_details.effective_date;policy_details.expiration_date;policy_details.policy_number;policy_details.policyholder_name,,2572,0,19,0.0,0,"[""```yaml\nclaim:\n  claim_id: CLM-741209\n  report_date: '2025-09-10'\n  incident_date: '2025-09-08'\n  reported_by: 'Karen Wilson'\n  channel: 'Phone'\n\npolicy_details:\n  policy_number: POL-811390245\n  policyholder_name: 'Karen Wilson'\n  coverage_type: 'Car Insurance'\n  effective_date: '2025-07-15'\n  expiration_date: '2025-09-14'\n\ninsured_objects:\n  object_id: VIN29384756109283745\n  object_type: 'Toyota Camry'\n  make_model: '2018'\n  year: '2018'\n  location_address: 'Main & Fifth'\n  estimated_value: '14000'\n\nincident_description:\n  incident_type: 'Rear-end collision'\n  location_type: 'Intersection'\n  estimated_damage_amount: '4800'\n  police_report_number: 'PR-20250908-1289'\n\ninsured_objects:\n  object_id: VIN29384756109283745\n  object_type: 'Toyota Camry'\n  make_model: '2018'\n  year: '2018'\n  location_address: 'Main & Fifth'\n  estimated_value: '14000'\n\nincident_description:\n  incident_type: 'Rear-end collision'\n  location_type: 'Intersection'\n  estimated_damage_amount: '4800'\n  police_report_number: 'PR-20250908-1289'\n\ninsured_objects:\n  object_id: VIN29384756109283745\n  object_type: 'Toyota Camry'\n  make_model: '2018'\n  year: '2018'\n  location_address: 'Main & Fifth'\n  estimated_value: '14000'\n\nincident_description:\n  incident_type: 'Rear-end collision'\n  location_type: 'Intersection'\n  estimated_damage_amount: '4800'\n  police_report_number: 'PR-20250908-1289'\n\ninsured_objects:\n  object_id: VIN29384756109283745\n  object_type: 'Toyota Camry'\n  make_model: '2018'\n  year: '2018'\n  location_address: 'Main & Fifth'\n  estimated_value: '14000'\n\nincident_description:\n  incident_type: 'Rear-end collision'\n  location_type: 'Intersection'\n  estimated_damage_amount: '4800'\n  police_report_number: 'PR-20250908-1289'\n\ninsured_objects:\n  object_id: VIN29384756109283745\n  object_type: 'Toyota Camry'\n  make_model: '2018'\n  year: '2018'\n  location_address: 'Main & Fifth'\n  estimated_value: '14000'\n\nincident_description:\n  incident_type: 'Rear-end collision'\n  location_type: 'Intersection'\n  estimated_damage_amount: '4800'\n  police_report_number: 'PR-20250908-1289'\n\ninsured_objects""]"
sola-yaml-rescue,"StructuredOutputAdapter(output_mode=YAML, prompt_layout=SECTIONS, parse_config=ParseConfig())",insurance-claims-0016,validation_error,ValidationError,1.2181760749954265,1,none,0,20,0.0,False,,header.channel;header.claim_id;header.incident_date;header.report_date;header.reported_by;incident_description.estimated_damage_amount;incident_description.incident_type;incident_description.location_type;incident_description.police_report_number;insured_objects[0].estimated_value;insured_objects[0].location_address;insured_objects[0].make_model;insured_objects[0].object_id;insured_objects[0].object_type;insured_objects[0].year;policy_details.coverage_type;policy_details.effective_date;policy_details.expiration_date;policy_details.policy_number;policy_details.policyholder_name,,1727,0,20,0.0,0,"[""```yaml\nclaim:\n  claim_id: CLM-512907\n  report_date: '2025-09-11'\n  incident_date: '2025-09-09'\n  reported_by: Anthony Martinez\n  channel: 'Portal'\n\npolicy_details:\n  policy_number: POL-220941678\n  policyholder_name: Anthony Martinez\n  coverage_type: Property\n  effective_date: '2023-05-01'\n  expiration_date: '2025-04-30'\n\ninsured_objects:\n  - object_id: PROP-819304\n    object_type: Single Family Home\n    make_model: tan-colored\n    year: 1985\n    location_address: 8120 Lakeview Drive\n    estimated_value: $356000\n\nincident_description:\n  incident_type: Storm Damage\n  location_type: Street\n  estimated_damage_amount: $18742\n  police_report_number: PR-20250909-4432\n```""]"
sola-yaml-rescue,"StructuredOutputAdapter(output_mode=YAML, prompt_layout=SECTIONS, parse_config=ParseConfig())",insurance-claims-0017,validation_error,ValidationError,1.2379389409907162,1,none,0,20,0.0,False,,header.channel;header.claim_id;header.incident_date;header.report_date;header.reported_by;incident_description.estimated_damage_amount;incident_description.incident_type;incident_description.location_type;incident_description.police_report_number;insured_objects[0].estimated_value;insured_objects[0].location_address;insured_objects[0].make_model;insured_objects[0].object_id;insured_objects[0].object_type;insured_objects[0].year;policy_details.coverage_type;policy_details.effective_date;policy_details.expiration_date;policy_details.policy_number;policy_details.policyholder_name,,1685,0,19,0.0,0,"[""```yaml\nclaim:\n  claim_id: CLM-624817\n  report_date: '2025-09-12'\n  incident_date: '2025-09-12'\n  reported_by: Stephanie Clark\n  channel: Email\n\npolicy_details:\n  policy_number: POL-573882014\n  policyholder_name: Stephanie Clark\n  coverage_type: Auto\n  effective_date: '2025-10-01'\n  expiration_date: '2025-09-30'\n\ninsured_objects:\n  - object_id: VIN12039485762194836\n    object_type: Vehicle\n    make_model: Honda\n    year: 2020\n    location_address: 'Safeway lot, row D'\n    estimated_value: 19500\n\nincident_description:\n  incident_type: Rear-end collision\n  location_type: Parking lot\n  estimated_damage_amount: 3172\n  police_report_number: PR-20250911-9821\n```""]"
sola-yaml-rescue,"StructuredOutputAdapter(output_mode=YAML, prompt_layout=SECTIONS, parse_config=ParseConfig())",insurance-claims-0018,validation_error,ValidationError,1.214259745000163,1,none,0,20,0.0,False,,header.channel;header.claim_id;header.incident_date;header.report_date;header.reported_by;incident_description.estimated_damage_amount;incident_description.incident_type;incident_description.location_type;incident_description.police_report_number;insured_objects[0].estimated_value;insured_objects[0].location_address;insured_objects[0].make_model;insured_objects[0].object_id;insured_objects[0].object_type;insured_objects[0].year;policy_details.coverage_type;policy_details.effective_date;policy_details.expiration_date;policy_details.policy_number;policy_details.policyholder_name,,1619,0,18,0.0,0,"[""```yaml\nclaim:\n  claim_id: CLM-205311\n  report_date: '2025-09-13'\n  incident_date: '2023-09-12'\n  reported_by: 'Brian Lewis'\n  channel: 'Phone'\n\npolicy_details:\n  policy_number: POL-455372900\n  policyholder_name: 'Brian Lewis'\n  coverage_type: 'Property'\n  effective_date: '2023-06-09'\n  expiration_date: '2024-06-09'\n\ninsured_objects:\n  - object_id: '441'\n    object_type: 'Townhouse'\n    make_model: '1978'\n    year: 1978\n    location_address: '441 Oakwood Avenue'\n    estimated_value: 389000\n\nincident_description:\n  incident_type: 'Pipe burst'\n  location_type: 'Basement'\n  estimated_damage_amount: 12187\n\npolice_report_number: null\n```""]"
sola-yaml-rescue,"StructuredOutputAdapter(output_mode=YAML, prompt_layout=SECTIONS, parse_config=ParseConfig())",insurance-claims-0019,validation_error,ValidationError,1.2315926830051467,1,none,0,20,0.0,False,,header.channel;header.claim_id;header.incident_date;header.report_date;header.reported_by;incident_description.estimated_damage_amount;incident_description.incident_type;incident_description.location_type;incident_description.police_report_number;insured_objects[0].estimated_value;insured_objects[0].location_address;insured_objects[0].make_model;insured_objects[0].object_id;insured_objects[0].object_type;insured_objects[0].year;policy_details.coverage_type;policy_details.effective_date;policy_details.expiration_date;policy_details.policy_number;policy_details.policyholder_name,,1580,0,20,0.0,0,"[""```yaml\nclaim:\n  claim_id: CLM-930672\n  report_date: '2025-09-14'\n  incident_date: '2025-09-13'\n  reported_by: Olivia White\n  channel: 'In-Person'\n\npolicy_details:\n  policy_number: POL-668299345\n  policyholder_name: Olivia White\n  coverage_type: Liability\n  effective_date: '2024-01-20'\n  expiration_date: '2026-01-19'\n\ninsured_objects:\n  - object_id: VIN12345678901234567\n    object_type: Vehicle\n    make_model: Not specified\n    year: 2005\n    location_address: 300 Market Street, Albany\n    estimated_value: Not specified\n\nincident_description:\n  incident_type: Slip and fall\n  location_type: Lobby\n  estimated_damage_amount: $8,860\n  police_report_number: PR-20250913-5507\n```""]"
sola-yaml-rescue,"StructuredOutputAdapter(output_mode=YAML, prompt_layout=SECTIONS, parse_config=ParseConfig())",insurance-claims-0020,validation_error,ValidationError,1.3102904849802144,1,none,0,20,0.0,False,,header.channel;header.claim_id;header.incident_date;header.report_date;header.reported_by;incident_description.estimated_damage_amount;incident_description.incident_type;incident_description.location_type;incident_description.police_report_number;insured_objects[0].estimated_value;insured_objects[0].location_address;insured_objects[0].make_model;insured_objects[0].object_id;insured_objects[0].object_type;insured_objects[0].year;policy_details.coverage_type;policy_details.effective_date;policy_details.expiration_date;policy_details.policy_number;policy_details.policyholder_name,,1675,0,19,0.0,0,"[""```yaml\nclaim:\n  header:\n    claim_id: CLM-144512\n    report_date: '2025-09-15'\n    incident_date: '2025-09-13'\n    reported_by: Daniel Evans\n    channel: 'Portal'\n  policy_details:\n    policy_number: POL-391047522\n    policyholder_name: Daniel Evans\n    coverage_type: 'Liability'\n    effective_date: '2024-02-10'\n    expiration_date: '2027-02-09'\n  insured_objects:\n    object_id: VIN84930271645092834\n    object_type: 'Vehicle'\n    make_model: 'Ford F-150'\n    year: 2021\n    location_address: 'Grant and Maple'\n    estimated_value: 28400\n  incident_description:\n    incident_type: 'Rear-end collision'\n    location_type: 'Intersection'\n    estimated_damage_amount: 10322\n    police_report_number: PR-20250913-3344\n  claim_reference: CLM-144512\n```""]"
sola-yaml-rescue,"StructuredOutputAdapter(output_mode=YAML, prompt_layout=SECTIONS, parse_config=ParseConfig())",insurance-claims-0021,validation_error,ValidationError,3.2257701130001806,1,none,0,26,0.0,False,,header.channel;header.claim_id;header.incident_date;header.report_date;header.reported_by;incident_description.estimated_damage_amount;incident_description.incident_type;incident_description.location_type;incident_description.police_report_number;insured_objects[0].estimated_value;insured_objects[0].location_address;insured_objects[0].make_model;insured_objects[0].object_id;insured_objects[0].object_type;insured_objects[0].year;insured_objects[1].estimated_value;insured_objects[1].location_address;insured_objects[1].make_model;insured_objects[1].object_id;insured_objects[1].object_type;insured_objects[1].year;policy_details.coverage_type;policy_details.effective_date;policy_details.expiration_date;policy_details.policy_number;policy_details.policyholder_name,,2181,0,24,0.0,0,"[""```yaml\nclaim:\n  claim_id: CLM-772093\n  report_date: '2025-09-16'\n  incident_date: '2025-09-15'\n  reported_by: 'Laura Adams'\n  channel: 'Email'\n\npolicy_details:\n  policy_number: POL-119384756\n  policyholder_name: Laura Adams\n  coverage_type: Auto\n  effective_date: '05-Nov-2023'\n  expiration_date: '04-Nov-2025'\n  insured_objects:\n    - object_id: VIN98123746509283746\n      object_type: Vehicle\n      make_model: Subaru\n      year: 2019\n      location_address: 'Interstate 8'\n      estimated_value: 17350\n    - object_id: VIN29384756109283744\n      object_type: Vehicle\n      make_model: Toyota\n      year: 2017\n      location_address: 'Residence'\n      estimated_value: 11200\n    - object_id: VIN29384756109283744\n      object_type: Vehicle\n      make_model: Mazda\n      year: 2020\n      location_address: 'Residence'\n      estimated_value: 20000\n\ninsured_objects:\n  - object_id: VIN98123746509283746\n    object_type: Vehicle\n    make_model: Subaru\n    year: 2019\n    location_address: 'Interstate 8'\n    estimated_value: 17350\n  - object_id: VIN29384756109283744\n    object_type: Vehicle\n    make_model: Toyota\n    year: 2017\n    location_address: 'Residence'\n    estimated_value: 11200\n  - object_id: VIN29384756109283744\n    object_type: Vehicle\n    make_model: Mazda\n    year: 2020\n    location_address: 'Residence'\n    estimated_value: 20000\n\nincident_description:\n  incident_type: rear_end_collision\n  location_type: interstate\n  estimated_damage_amount: 6321\n  police_report_number: PR-20250915-4419\n\npolicy_printout:\n  policy_number: POL-119384756\n  policyholder_name: Laura Adams\n  coverage_type: Auto\n  effective_date: 05-Nov-2023\n  expiration_date: 04-Nov-2025\n  insured_vehicles:\n    - VIN98123746509283746\n    - VIN29384756109283744\n    - VIN29384756109283744\n```""]"
sola-yaml-rescue,"StructuredOutputAdapter(output_mode=YAML, prompt_layout=SECTIONS, parse_config=ParseConfig())",insurance-claims-0022,validation_error,ValidationError,1.3668545370164793,1,none,0,20,0.0,False,,header.channel;header.claim_id;header.incident_date;header.report_date;header.reported_by;incident_description.estimated_damage_amount;incident_description.incident_type;incident_description.location_type;incident_description.police_report_number;insured_objects[0].estimated_value;insured_objects[0].location_address;insured_objects[0].make_model;insured_objects[0].object_id;insured_objects[0].object_type;insured_objects[0].year;policy_details.coverage_type;policy_details.effective_date;policy_details.expiration_date;policy_details.policy_number;policy_details.policyholder_name,,1640,0,19,0.0,0,"[""```yaml\nclaim:\n  claim_id: CLM-390871\n  report_date: \""2025-09-17\""\n  incident_date: \""2025-09-14\""\n  reported_by: \""Ethan Walker\""\n  channel: \""In-Person\""\n\npolicy_details:\n  policy_number: POL-702193847\n  policyholder_name: Ethan Walker\n  coverage_type: Property\n  effective_date: \""2024-08-01\""\n  expiration_date: \""2025-07-31\""\n  insured_objects:\n    object_id: \""1920 Pinecrest Ln\""\n    object_type: \""Single Family Home\""\n    make_model: \""Built 1992\""\n    year: 1992\n    location_address: \""1920 Pinecrest Ln, Toledo OH\""\n    estimated_value: 268900\n\nincident_description:\n  incident_type: \""Fire\""\n  location_type: \""Kitchen\""\n  estimated_damage_amount: 44215\n  police_report_number: \""PR-20250914-2291\""\n```""]"
sola-yaml-rescue,"StructuredOutputAdapter(output_mode=YAML, prompt_layout=SECTIONS, parse_config=ParseConfig())",insurance-claims-0023,validation_error,ValidationError,1.2631844349962194,1,none,0,20,0.0,False,,header.channel;header.claim_id;header.incident_date;header.report_date;header.reported_by;incident_description.estimated_damage_amount;incident_description.incident_type;incident_description.location_type;incident_description.police_report_number;insured_objects[0].estimated_value;insured_objects[0].location_address;insured_objects[0].make_model;insured_objects[0].object_id;insured_objects[0].object_type;insured_objects[0].year;policy_details.coverage_type;policy_details.effective_date;policy_details.expiration_date;policy_details.policy_number;policy_details.policyholder_name,,1588,0,18,0.0,0,"[""```yaml\nclaim:\n  header:\n    claim_id: CLM-551092\n    report_date: '2025-09-18'\n    incident_date: '2025-09-16'\n    reported_by: 'Rachel Green'\n    channel: 'Phone'\n  policy_details:\n    policy_number: POL-509238176\n    policyholder_name: 'Rachel Green'\n    coverage_type: 'Property'\n    effective_date: '2024-05-12'\n    expiration_date: '2024-05-12'\n  insured_objects:\n    object_id: 'CLM-551092'\n    object_type: 'Townhouse'\n    make_model: '2008'\n    year: '2008'\n    location_address: '621 Brookside Ct, Madison'\n    estimated_value: '314000'\n  incident_description:\n    incident_type: 'roof collapse'\n    location_type: 'upstairs bedroom'\n    estimated_damage_amount: '8237'\n    police_report_number: null\n  claim_status: 'Pending'\n```""]"
sola-yaml-rescue,"StructuredOutputAdapter(output_mode=YAML, prompt_layout=SECTIONS, parse_config=ParseConfig())",insurance-claims-0024,validation_error,ValidationError,1.4359855439979583,1,none,0,20,0.0,False,,header.channel;header.claim_id;header.incident_date;header.report_date;header.reported_by;incident_description.estimated_damage_amount;incident_description.incident_type;incident_description.location_type;incident_description.police_report_number;insured_objects[0].estimated_value;insured_objects[0].location_address;insured_objects[0].make_model;insured_objects[0].object_id;insured_objects[0].object_type;insured_objects[0].year;policy_details.coverage_type;policy_details.effective_date;policy_details.expiration_date;policy_details.policy_number;policy_details.policyholder_name,,1663,0,19,0.0,0,"[""```yaml\nclaim:\n  claim_id: CLM-229871\n  report_date: '2025-09-20'\n  incident_date: '2025-09-18'\n  reported_by: Olivia Carter\n  channel: 'Email'\n  policy_details:\n    policy_number: POL-667198234\n    policyholder_name: POL-667198234\n    coverage_type: 'Property'\n    effective_date: '2024-10-10'\n    expiration_date: '2025-10-09'\n  insured_objects:\n    object_id: VIN77889900112233445\n    object_type: 'Vehicle'\n    make_model: 'Mazda CX-5'\n    year: 2020\n    location_address: 'Willow and Grant'\n    estimated_value: 15600\n  incident_description:\n    incident_type: 'rear_end_collision'\n    location_type: 'intersection'\n    estimated_damage_amount: 7800\n    police_report_number: PR-20250918-8821\n  in_person_report:\n    phone_number: '2025-09-20'\n    email_address: 'olivia.carter@email.com'\n```""]"
sola-yaml-rescue,"StructuredOutputAdapter(output_mode=YAML, prompt_layout=SECTIONS, parse_config=ParseConfig())",insurance-claims-0025,validation_error,ValidationError,1.2659683669917285,1,none,0,11,0.0,False,,header.channel;header.claim_id;header.incident_date;header.report_date;header.reported_by;incident_description.estimated_damage_amount;incident_description.incident_type;incident_description.location_type;incident_description.police_report_number;insured_objects;policy_details,,1621,0,6,0.0,0,"[""```yaml\nclaim:\n  header:\n    claim_id: \""CLM-12345678901234567\""\n    report_date: \""2025-09-21\""\n    incident_date: \""2025-09-20\""\n    reported_by: \""Mark Evans\""\n    channel: \""Phone\""\n  policy_details:\n    policy_number: \""POL-1234567890123456\""\n    policyholder_name: \""Mark Evans\""\n    coverage_type: \""Liability\""\n    effective_date: \""2025-09-21\""\n    expiration_date: \""2025-09-20\""\n  insured_objects:\n    object_id: \""1234567890123456\""\n    object_type: \""Building\""\n    make_model: \""Bakery\""\n    year: 2025\n    location_address: \""1220 Main Street\""\n    estimated_value: null\n  incident_description:\n    incident_type: \""Slip and fall\""\n    location_type: \""Shop\""\n    estimated_damage_amount: null\n    police_report_number: null\n```""]"
sola-yaml-rescue,"StructuredOutputAdapter(output_mode=YAML, prompt_layout=SECTIONS, parse_config=ParseConfig())",insurance-claims-0026,validation_error,ValidationError,1.1900704879953992,1,none,0,20,0.0,False,,header.channel;header.claim_id;header.incident_date;header.report_date;header.reported_by;incident_description.estimated_damage_amount;incident_description.incident_type;incident_description.location_type;incident_description.police_report_number;insured_objects[0].estimated_value;insured_objects[0].location_address;insured_objects[0].make_model;insured_objects[0].object_id;insured_objects[0].object_type;insured_objects[0].year;policy_details.coverage_type;policy_details.effective_date;policy_details.expiration_date;policy_details.policy_number;policy_details.policyholder_name,,1533,0,17,0.0,0,"[""```yaml\nclaim:\n  header:\n    claim_id: CLM-320198\n    report_date: '2025-09-21'\n    incident_date: '2025-09-20'\n    reported_by: Susan Lee\n    channel: 'Email'\n  policy_details:\n    policy_number: POL-481992330\n    policyholder_name: Susan Lee\n    coverage_type: 'Auto'\n    effective_date: '2024-09-22'\n    expiration_date: '2025-09-21'\n  insured_objects:\n    object_id: '88776655443322110'\n    object_type: 'Vehicle'\n    make_model: 'Subaru Outback'\n    year: 2015\n    location_address: 'Grocery Store'\n    estimated_value: null\n  incident_description:\n    incident_type: 'Sideswipe'\n    location_type: 'Parking Lot'\n    estimated_damage_amount: 2100\n    police_report_number: null\n```""]"
sola-yaml-rescue,"StructuredOutputAdapter(output_mode=YAML, prompt_layout=SECTIONS, parse_config=ParseConfig())",insurance-claims-0027,validation_error,ValidationError,1.1558987030002754,1,none,0,20,0.0,False,,header.channel;header.claim_id;header.incident_date;header.report_date;header.reported_by;incident_description.estimated_damage_amount;incident_description.incident_type;incident_description.location_type;incident_description.police_report_number;insured_objects[0].estimated_value;insured_objects[0].location_address;insured_objects[0].make_model;insured_objects[0].object_id;insured_objects[0].object_type;insured_objects[0].year;policy_details.coverage_type;policy_details.effective_date;policy_details.expiration_date;policy_details.policy_number;policy_details.policyholder_name,,1583,0,15,0.0,0,"[""```yaml\nclaim:\n  claim_id: CLM-440882\n  report_date: '2025-09-22'\n  incident_date: '2025-09-22'\n  reported_by: George Clark\n  channel: 'Phone'\n\npolicy_details:\n  policy_number: POL-998734221\n  policyholder_name: George Clark\n  coverage_type: 'Auto'\n  effective_date: '2025-11-14'\n  expiration_date: '2025-11-14'\n  insured_objects:\n    object_id: 'VIN6554'\n    object_type: 'Vehicle'\n    make_model: 'Ford'\n    year: '1999'\n    location_address: 'Maple Street'\n    estimated_value: null\n\nincident_description:\n  incident_type: 'T-bone collision'\n  location_type: 'Parking lot'\n  estimated_damage_amount: null\n  police_report_number: 'PR-20250921-2234'\n```""]"
sola-yaml-rescue,"StructuredOutputAdapter(output_mode=YAML, prompt_layout=SECTIONS, parse_config=ParseConfig())",insurance-claims-0028,validation_error,ValidationError,1.3968637679936364,1,none,0,20,0.0,False,,header.channel;header.claim_id;header.incident_date;header.report_date;header.reported_by;incident_description.estimated_damage_amount;incident_description.incident_type;incident_description.location_type;incident_description.police_report_number;insured_objects[0].estimated_value;insured_objects[0].location_address;insured_objects[0].make_model;insured_objects[0].object_id;insured_objects[0].object_type;insured_objects[0].year;policy_details.coverage_type;policy_details.effective_date;policy_details.expiration_date;policy_details.policy_number;policy_details.policyholder_name,,1565,0,19,0.0,0,"[""```yaml\nclaim:\n  claim_id: CLM-773011\n  report_date: 19-SEP-2025\n  incident_date: 17-SEP-2025\n  reported_by: Patricia (Patricia) Adams\n  channel: Email\n\npolicy_details:\n  policy_number: POL-55432I090\n  policyholder_name: PROP-223190\n  coverage_type: Property\n  effective_date: 01-02-2024\n  expiration_date: 31-01-2025\n\ninsured_objects:\n  - object_id: PROP-223190\n    object_type: Family Home\n    make_model: Single Famly Home\n    year: 1975\n    location_address: 4501 Ashwood Dr, Salem\n    estimated_value: $289,000\n\nincident_description:\n  incident_type: burst P!pe\n  location_type: Burst Pipe Flood\n  estimated_damage_amount: $13,240\n  police_report_number: Not provided\n\nnotes:\n  ceiling_collapsed: True\n  carpets_ruined: True\n  estimated_damage: $13,240\n  contractor_note: $13,240\n  no_police: True\n```""]"
sola-yaml-rescue,"StructuredOutputAdapter(output_mode=YAML, prompt_layout=SECTIONS, parse_config=ParseConfig())",insurance-claims-0029,validation_error,ValidationError,1.2519048240210395,1,none,0,20,0.0,False,,header.channel;header.claim_id;header.incident_date;header.report_date;header.reported_by;incident_description.estimated_damage_amount;incident_description.incident_type;incident_description.location_type;incident_description.police_report_number;insured_objects[0].estimated_value;insured_objects[0].location_address;insured_objects[0].make_model;insured_objects[0].object_id;insured_objects[0].object_type;insured_objects[0].year;policy_details.coverage_type;policy_details.effective_date;policy_details.expiration_date;policy_details.policy_number;policy_details.policyholder_name,,1533,0,18,0.0,0,"[""```yaml\nclaim:\n  header:\n    claim_id: CLM-664028\n    report_date: '2025-09-23'\n    incident_date: '2025-09-22'\n    reported_by: 'Emily Johnson'\n    channel: 'Portal'\n  policy_details:\n    policy_number: POL-776542109\n    policyholder_name: 'Emily Johnson'\n    coverage_type: 'Liability'\n    effective_date: '2023-09-06'\n    expiration_date: '2026-06-06'\n  insured_objects:\n    object_id: '9900 Commerce Blvd'\n    object_type: 'Retail Shop'\n    make_model: '9900 Commerce Blvd'\n    year: 2011\n    location_address: '9900 Commerce Blvd'\n    estimated_value: '502k'\n  incident_description:\n    incident_type: 'Slip and fall'\n    location_type: 'Back entrance'\n    estimated_damage_amount: 'Unknown'\n    police_report_number: 'Not provided'\n```""]"
