adapter,adapter_config,case_id,outcome,error_class,wall_s,lm_calls,response_format_sent,matched,total,ratio,exact,wrong,missing,spurious,total_tokens,recall_matched,recall_total,recall,invented,replies
chat,ChatAdapter(use_json_adapter_fallback=False),financial-ner-0000,parse_error,AdapterParseError,11.059086758992635,1,none,0,8,0.0,False,,Company[0];Company[1];Date;Location;Money;Person;Product;Quantity,,1725,0,2,0.0,0,"[""```python\n{\n    \""entities\"": [\n        \""Albertsons\"",\n        \""Rite Aid\"",\n        \""merger\"",\n        \""advisory firms\"",\n        \""voting\"",\n        \""recommendation\"",\n        \""proposed\"",\n        \""call\"",\n        \""off\"",\n        \""financial news\"",\n        \""text\"",\n        \""financial context\"",\n        \""company\"",\n        \""financial sector\"",\n        \""financial regulations\"",\n        \""financial markets\"",\n        \""financial institutions\"",\n        \""financial services\"",\n        \""financial products\"",\n        \""financial services\"",\n        \""financial industry\"",\n        \""financial sector\"",\n        \""financial regulations\"",\n        \""financial markets\"",\n        \""financial institutions\"",\n        \""financial services\"",\n        \""financial industry\"",\n        \""financial sector\"",\n        \""financial regulations\"",\n        \""financial markets\"",\n        \""financial institutions\"",\n        \""financial services\"",\n        \""financial industry\"",\n        \""financial sector\"",\n        \""financial regulations\"",\n        \""financial markets\"",\n        \""financial institutions\"",\n        \""financial services\"",\n        \""financial industry\"",\n        \""financial sector\"",\n        \""financial regulations\"",\n        \""financial markets\"",\n        \""financial institutions\"",\n        \""financial services\"",\n        \""financial industry\"",\n        \""financial sector\"",\n        \""financial regulations\"",\n        \""financial markets\"",\n        \""financial institutions\"",\n        \""financial services\"",\n        \""financial industry\"",\n        \""financial sector\"",\n        \""financial regulations\"",\n        \""financial markets\"",\n        \""financial institutions\"",\n        \""financial services\"",\n        \""financial industry\"",\n        \""financial sector\"",\n        \""financial regulations\"",\n        \""financial markets\"",\n        \""financial institutions\"",\n        \""financial services\"",\n        \""financial industry\"",\n        \""financial sector\"",\n        \""financial regulations\"",\n        \""financial markets\"",\n        \""financial institutions\"",\n        \""financial services\"",\n        \""financial industry\"",\n        \""financial sector\"",\n        \""financial regulations\"",\n        \""financial markets\"",\n        \""financial institutions\"",\n        \""financial services\"",\n        \""financial industry\"",\n        \""financial sector\"",\n        \""financial regulations\"",\n        \""financial markets\"",\n        \""financial institutions\"",\n        \""financial services\"",\n        \""financial industry\"",\n        \""financial sector\"",\n        \""financial regulations\"",\n        \""financial markets\"",\n        \""financial institutions\"",\n        \""financial services\"",\n        \""financial industry\"",\n        \""financial sector\"",\n        \""financial regulations\"",\n        \""financial markets\"",\n        \""financial institutions\"",\n        \""financial services\"",\n        \""financial industry\"",\n        \""financial sector\"",\n        \""financial regulations\"",\n        \""financial markets\"",\n        \""financial institutions\"",\n        \""financial services\"",\n        \""financial industry\"",\n        \""financial sector\"",\n        \""financial regulations\"",\n        \""financial markets\"",\n        \""financial institutions\"",\n        \""financial services\"",\n        \""financial industry\"",\n        \""financial sector\"",\n        \""financial regulations\"",\n        \""financial markets\"",\n        \""financial institutions\"",\n        \""financial services\"",\n        \""financial industry\"",\n        \""financial sector\"",\n        \""financial regulations\"",\n        \""financial markets\"",\n        \""financial institutions\"",\n        \""financial services\"",\n        \""financial industry\"",\n        \""financial sector\"",\n        \""financial regulations\"",\n        \""financial markets\"",\n        \""financial institutions\"",\n        \""financial services\"",\n        \""financial industry\"",\n        \""financial sector\"",\n        \""financial regulations\"",\n        \""financial markets\"",\n        \""financial institutions\"",\n        \""financial services\"",\n        \""financial industry\"",\n        \""financial sector\"",\n        \""financial regulations\"",\n        \""financial markets\"",\n        \""financial institutions\"",\n        \""financial services\"",\n        \""financial industry\"",\n        \""financial sector\"",\n        \""financial regulations\"",\n        \""financial markets\"",\n        \""financial institutions\"",\n        \""financial services\"",\n        \""financial industry\"",\n        \""financial sector\"",\n        \""financial regulations\"",\n        \""financial markets\"",\n        \""financial institutions\"",\n        \""financial services\"",\n        \""financial industry\"",\n        \""financial sector\"",\n        \""financial regulations\"",\n        \""financial markets\"",\n        \""financial institutions\"",\n        \""financial services\"",\n        \""financial industry\"",\n        \""financial sector\"",\n        \""financial regulations\"",\n        \""financial markets\"",\n        \""financial institutions\"",\n        \""financial services\"",\n        \""financial industry\"",\n        \""financial sector\"",\n        \""financial regulations\"",\n        \""financial markets\"",\n        \""financial institutions""]"
chat,ChatAdapter(use_json_adapter_fallback=False),financial-ner-0001,parse_error,AdapterParseError,0.5618428330053575,1,none,0,8,0.0,False,,Company[0];Company[1];Date;Location[0];Money;Person;Product;Quantity,,859,0,3,0.0,0,"[""```python\n{\n    \""entities\"": [\n        \""EU\"",\n        \""merger\"",\n        \""Essilor\"",\n        \""Luxottica\"",\n        \""clears\"",\n        \""conditions\""\n    ]\n}\n```""]"
chat,ChatAdapter(use_json_adapter_fallback=False),financial-ner-0002,parse_error,AdapterParseError,0.5128343029937241,1,none,0,9,0.0,False,,Company[0];Company[1];Company[2];Date[0];Location[0];Money[0];Person[0];Product;Quantity,,951,0,7,0.0,0,"[""```python\n{\n    \""Company\"": [\""Broadcom\"", \""Qualcomm\""],\n    \""Date\"": [\""February 21\""],\n    \""Location\"": [\""NXP Semconductors\""],\n    \""Money\"": [\""$117 billion\""],\n    \""Person\"": [\""Broadcom\"", \""Qualcomm\""],\n    \""Product\"": [\""NXP Semconductors\""],\n    \""Quantity\"": [\""$117 billion\""]\n}\n```\n\n[[ ## completed ## ]]""]"
chat,ChatAdapter(use_json_adapter_fallback=False),financial-ner-0003,parse_error,AdapterParseError,4.3928963860089425,1,none,0,8,0.0,False,,Company[0];Company[1];Date;Location;Money[0];Person;Product;Quantity,,1715,0,3,0.0,0,"[""```python\n{\n    \""entities\"": [\n        \""Bank of America\"",\n        \""Merrill Lynch\"",\n        \""50 billion\"",\n        \""financial services\"",\n        \""financial institution\"",\n        \""United States\"",\n        \""New York\"",\n        \""New York Stock Exchange\"",\n        \""finance\"",\n        \""banking\"",\n        \""corporate\"",\n        \""financial sector\"",\n        \""financial services company\"",\n        \""financial services provider\"",\n        \""financial services firm\"",\n        \""financial services firm\"",\n        \""financial services firm\"",\n        \""financial services firm\"",\n        \""financial services firm\"",\n        \""financial services firm\"",\n        \""financial services firm\"",\n        \""financial services firm\"",\n        \""financial services firm\"",\n        \""financial services firm\"",\n        \""financial services firm\"",\n        \""financial services firm\"",\n        \""financial services firm\"",\n        \""financial services firm\"",\n        \""financial services firm\"",\n        \""financial services firm\"",\n        \""financial services firm\"",\n        \""financial services firm\"",\n        \""financial services firm\"",\n        \""financial services firm\"",\n        \""financial services firm\"",\n        \""financial services firm\"",\n        \""financial services firm\"",\n        \""financial services firm\"",\n        \""financial services firm\"",\n        \""financial services firm\"",\n        \""financial services firm\"",\n        \""financial services firm\"",\n        \""financial services firm\"",\n        \""financial services firm\"",\n        \""financial services firm\"",\n        \""financial services firm\"",\n        \""financial services firm\"",\n        \""financial services firm\"",\n        \""financial services firm\"",\n        \""financial services firm\"",\n        \""financial services firm\"",\n        \""financial services firm\"",\n        \""financial services firm\"",\n        \""financial services firm\"",\n        \""financial services firm\"",\n        \""financial services firm\"",\n        \""financial services firm\"",\n        \""financial services firm\"",\n        \""financial services firm\"",\n        \""financial services firm\"",\n        \""financial services firm\"",\n        \""financial services firm\"",\n        \""financial services firm\"",\n        \""financial services firm\"",\n        \""financial services firm\"",\n        \""financial services firm\"",\n        \""financial services firm\"",\n        \""financial services firm\"",\n        \""financial services firm\"",\n        \""financial services firm\"",\n        \""financial services firm\"",\n        \""financial services firm\"",\n        \""financial services firm\"",\n        \""financial services firm\"",\n        \""financial services firm\"",\n        \""financial services firm\"",\n        \""financial services firm\"",\n        \""financial services firm\"",\n        \""financial services firm\"",\n        \""financial services firm\"",\n        \""financial services firm\"",\n        \""financial services firm\"",\n        \""financial services firm\"",\n        \""financial services firm\"",\n        \""financial services firm\"",\n        \""financial services firm\"",\n        \""financial services firm\"",\n        \""financial services firm\"",\n        \""financial services firm\"",\n        \""financial services firm\"",\n        \""financial services firm\"",\n        \""financial services firm\"",\n        \""financial services firm\"",\n        \""financial services firm\"",\n        \""financial services firm\"",\n        \""financial services firm\"",\n        \""financial services firm\"",\n        \""financial services firm\"",\n        \""financial services firm\"",\n        \""financial services firm\"",\n        \""financial services firm\"",\n        \""financial services firm\"",\n        \""financial services firm\"",\n        \""financial services firm\"",\n        \""financial services firm\"",\n        \""financial services firm\"",\n        \""financial services firm\"",\n        \""financial services firm\"",\n        \""financial services firm\"",\n        \""financial services firm\"",\n        \""financial services firm\"",\n        \""financial services firm\"",\n        \""financial services firm\"",\n        \""financial services firm\"",\n        \""financial services firm\"",\n        \""financial services firm\"",\n        \""financial services firm\"",\n        \""financial services firm\"",\n        \""financial services firm\"",\n        \""financial services firm\"",\n        \""financial services firm\"",\n        \""financial services firm\"",\n        \""financial services firm\"",\n        \""financial services firm\"",\n        \""financial services firm\"",\n        \""financial services firm\"",\n        \""financial services firm\"",\n        \""financial services firm\"",\n        \""financial services firm\"",\n        \""financial services firm\"",\n        \""financial services firm\"",\n        \""financial services firm\"",\n        \""financial services firm\"",\n        \""financial services firm\"",\n        \""financial services firm\"",\n        \""financial services firm\"",\n        \""financial services firm\"",\n        \""financial services firm\"",\n        \""financial services firm\"",\n        \""financial services firm\"",\n        \""financial services firm\"",\n        \""financial services firm\"",\n        \""financial services firm\"",\n        \""financial services firm\"",\n        \""financial services firm\"",\n        \""financial services firm\"",\n        \""financial services firm\"",\n        \""financial services firm\"",\n        \""financial services firm\"",\n       ""]"
chat,ChatAdapter(use_json_adapter_fallback=False),financial-ner-0004,parse_error,AdapterParseError,0.9522984290088061,1,none,0,10,0.0,False,,Company[0];Company[1];Company[2];Company[3];Date;Location;Money[0];Person;Product;Quantity,,993,0,5,0.0,0,"[""```python\n{\n  \""entities\"": [\n    \""Broadcom\"",\n    \""Qualcomm\"",\n    \""NXP\"",\n    \""Reuters\""\n  ],\n  \""completed\"": \""In adhering to this structure, your objective is: \n        Identify and extract entities from the following financial news text into the following categories:\n        - Extract all relevant entities as a list of strings, preserving the wording from the text\n        - Use None if no entities are found in that category\n        - Only extract entities that are explicitly mentioned in the text itself, do not make inferences or reason about what entities might be implied based on URLs, domain names, or other indirect references\n        - Extract individual items rather than compound or ranged entities (e.g., if a range or compound entity is mentioned, extract each individual item separately)\""\n}\n```""]"
chat,ChatAdapter(use_json_adapter_fallback=False),financial-ner-0005,parse_error,AdapterParseError,0.5998993859975599,1,none,0,7,0.0,False,,Company[0];Date;Location[0];Money[0];Person;Product;Quantity,,934,0,3,0.0,0,"[""```python\n{\n  \""entities\"": [\n    \""British Company\"",\n    \""Mci\"",\n    \""22 Billion Deal\""\n  ],\n  \""completed\"": \""In adhering to this structure, your objective is: Identify and extract entities from the following financial news text into the following categories: Extract all relevant entities as a list of strings, preserving the wording from the text Extract individual items rather than compound or ranged entities (e.g., if a range or compound entity is mentioned, extract each individual item separately)\""\n}\n```""]"
chat,ChatAdapter(use_json_adapter_fallback=False),financial-ner-0006,parse_error,AdapterParseError,4.375036161014577,1,none,0,13,0.0,False,,Company[0];Company[1];Company[2];Date;Location;Money[0];Money[1];Money[2];Money[3];Money[4];Person;Product;Quantity,,1783,0,8,0.0,0,"[""```python\n{\n    \""entities\"": [\n        \""Johnson & Johnson\"",\n        \""Guidant\"",\n        \""Boston Scientific\"",\n        \""an offer of $24.6 billion\"",\n        \""an offer of $72 per share of Guidant\"",\n        \""a fixed number of Boston Scientific shares\"",\n        \""an offer of $36 in cash\"",\n        \""a fixed number of Boston Scientific shares\"",\n        \""an offer of $36 a share\"",\n        \""an offer of $21.5 billion\"",\n        \""an offer of $24.6 billion\"",\n        \""an offer of $72 per share of Guidant\"",\n        \""an offer of $36 in cash\"",\n        \""an offer of $36 a share\"",\n        \""an offer of $21.5 billion\"",\n        \""an offer of $24.6 billion\"",\n        \""an offer of $72 per share of Guidant\"",\n        \""an offer of $36 in cash\"",\n        \""an offer of $36 a share\"",\n        \""an offer of $21.5 billion\"",\n        \""an offer of $24.6 billion\"",\n        \""an offer of $72 per share of Guidant\"",\n        \""an offer of $36 in cash\"",\n        \""an offer of $36 a share\"",\n        \""an offer of $21.5 billion\"",\n        \""an offer of $24.6 billion\"",\n        \""an offer of $72 per share of Guidant\"",\n        \""an offer of $36 in cash\"",\n        \""an offer of $36 a share\"",\n        \""an offer of $21.5 billion\"",\n        \""an offer of $24.6 billion\"",\n        \""an offer of $72 per share of Guidant\"",\n        \""an offer of $36 in cash\"",\n        \""an offer of $36 a share\"",\n        \""an offer of $21.5 billion\"",\n        \""an offer of $24.6 billion\"",\n        \""an offer of $72 per share of Guidant\"",\n        \""an offer of $36 in cash\"",\n        \""an offer of $36 a share\"",\n        \""an offer of $21.5 billion\"",\n        \""an offer of $24.6 billion\"",\n        \""an offer of $72 per share of Guidant\"",\n        \""an offer of $36 in cash\"",\n        \""an offer of $36 a share\"",\n        \""an offer of $21.5 billion\"",\n        \""an offer of $24.6 billion\"",\n        \""an offer of $72 per share of Guidant\"",\n        \""an offer of $36 in cash\"",\n        \""an offer of $36 a share\"",\n        \""an offer of $21.5 billion\"",\n        \""an offer of $24.6 billion\"",\n        \""an offer of $72 per share of Guidant\"",\n        \""an offer of $36 in cash\"",\n        \""an offer of $36 a share\"",\n        \""an offer of $21.5 billion\"",\n        \""an offer of $24.6 billion\"",\n        \""an offer of $72 per share of Guidant\"",\n        \""an offer of $36 in cash\"",\n        \""an offer of $36 a share\"",\n        \""an offer of $21.5 billion\"",\n        \""an offer of $24.6 billion\"",\n        \""an offer of $72 per share of Guidant\"",\n        \""an offer of $36 in cash\"",\n        \""an offer of $36 a share\"",\n        \""an offer of $21.5 billion\"",\n        \""an offer of $24.6 billion\"",\n        \""an offer of $72 per share of Guidant\"",\n        \""an offer of $36 in cash\"",\n        \""an offer of $36 a share\"",\n        \""an offer of $21.5 billion\"",\n        \""an offer of $24.6 billion\"",\n        \""an offer of $72 per share of Guidant\"",\n        \""an offer of $36 in cash\"",\n        \""an offer of""]"
chat,ChatAdapter(use_json_adapter_fallback=False),financial-ner-0007,parse_error,AdapterParseError,0.9249474249954801,1,none,0,8,0.0,False,,Company[0];Company[1];Date;Location;Money[0];Person;Product;Quantity,,953,0,3,0.0,0,"[""```python\n{\n    \""entities\"": [\n        \""Time Warner\"",\n        \""21st Century Fox\""\n    ],\n    \""completed\"": \""In adhering to this structure, your objective is: Identify and extract entities from the following financial news text into the following categories: Extract all relevant entities as a list of strings, preserving the wording from the text, Use None if no entities are found in that category, Only extract entities that are explicitly mentioned in the text itself, Extract individual items rather than compound or ranged entities (e.g., if a range or compound entity is mentioned, extract each individual item separately)\""\n}\n```""]"
chat,ChatAdapter(use_json_adapter_fallback=False),financial-ner-0008,parse_error,AdapterParseError,0.23759134401916526,1,none,0,7,0.0,False,,Company;Date;Location[0];Money;Person;Product;Quantity,,852,0,1,0.0,0,"[""```python\n{\n  \""entities\"": [\n    \""Japan Banks\"",\n    \""Wider Effects\""\n  ],\n  \""completed\"": \""true\""\n}\n```""]"
chat,ChatAdapter(use_json_adapter_fallback=False),financial-ner-0009,parse_error,AdapterParseError,0.5676066360028926,1,none,0,7,0.0,False,,Company[0];Date[0];Location;Money;Person;Product;Quantity[0],,959,0,3,0.0,0,"[""```python\n{\n    \""Company\"": [\""Columbia Group\"", \""Merger\"", \""Four Subsidiaries\"", \""Acquisition\""],\n    \""Date\"": [\""SEP 8\"", \""SEC HEARING\""],\n    \""Location\"": [\""Utilities Concern\""],\n    \""Money\"": [\""consolidation\"", \""new corporation\""],\n    \""Person\"": [\""Columbia Group\""],\n    \""Product\"": [\""Merger\"", \""Acquisition\""],\n    \""Quantity\"": [\""four subsidiaries\"", \""another\""]\n}\n```""]"
chat,ChatAdapter(use_json_adapter_fallback=False),financial-ner-0010,parse_error,AdapterParseError,0.8856398529896978,1,none,0,9,0.0,False,,Company[0];Company[1];Company[2];Date;Location;Money;Person;Product;Quantity,,994,0,3,0.0,0,"[""```python\n{\n    \""entities\"": [\n        \""BB&T\"",\n        \""SunTrust\"",\n        \""U.S. Bank\"",\n        \""deal\"",\n        \""decade\"",\n        \""largest\""\n    ],\n    \""completed\"": \""In adhering to this structure, your objective is: Identify and extract entities from the following financial news text into the following categories: Extract all relevant entities as a list of strings, preserving the wording from the text, Use None if no entities are found in that category, Only extract entities that are explicitly mentioned in the text itself, Do not make inferences or reason about what entities might be implied based on URLs, domain names, or other indirect references, Extract individual items rather than compound or ranged entities (e.g., if a range or compound entity is mentioned, extract each individual item separately).\""\n}\n```""]"
chat,ChatAdapter(use_json_adapter_fallback=False),financial-ner-0011,parse_error,AdapterParseError,0.29601948702475056,1,none,0,8,0.0,False,,Company[0];Company[1];Date;Location;Money;Person;Product;Quantity,,863,0,2,0.0,0,"[""```python\n{\n    \""entities\"": [\n        \""Statoil\"",\n        \""Norsk Hydro\"",\n        \""oil\"",\n        \""gas\"",\n        \""business\""\n    ],\n    \""completed\"": \""Yes\""\n}\n```""]"
chat,ChatAdapter(use_json_adapter_fallback=False),financial-ner-0012,parse_error,AdapterParseError,1.0778156759915873,1,none,0,9,0.0,False,,Company[0];Company[1];Date;Location;Money[0];Money[1];Person;Product;Quantity,,1050,0,4,0.0,0,"[""```python\n{\n    \""entities\"": [\n        \""Pfizer\"",\n        \""hostile bid\"",\n        \""American Home Products\"",\n        \""purchase price\"",\n        \""in excess of $90 billion\"",\n        \""Pfizer\"",\n        \""American Home Products\"",\n        \""purchase price\"",\n        \""Pfizer\"",\n        \""American Home Products\"",\n        \""purchase price\""\n    ],\n    \""completed\"": \""In adhering to this structure, your objective is: Identify and extract entities from the following financial news text into the following categories: Extract all relevant entities as a list of strings, preserving the wording from the text, Use None if no entities are found in that category, Only extract entities that are explicitly mentioned in the text itself, do not make inferences or reason about what entities might be implied based on URLs, domain names, or other indirect references, Extract individual items rather than compound or ranged entities (e.g., if a range or compound entity is mentioned, extract each individual item separately).\""\n}\n```""]"
chat,ChatAdapter(use_json_adapter_fallback=False),financial-ner-0013,parse_error,AdapterParseError,0.28229771900805645,1,none,0,8,0.0,False,,Company[0];Company[1];Date[0];Location;Money;Person;Product;Quantity,,860,0,3,0.0,0,"[""```python\n{\n    \""entities\"": [\n        \""United Technologies\"",\n        \""Raytheon\"",\n        \""deal\"",\n        \""early 2020\"",\n        \""expected\""\n    ]\n}\n```""]"
chat,ChatAdapter(use_json_adapter_fallback=False),financial-ner-0014,parse_error,AdapterParseError,4.427392616024008,1,none,0,8,0.0,False,,Company[0];Company[1];Date;Location;Money[0];Person[0];Product;Quantity,,1725,0,4,0.0,0,"[""```python\n{\n  \""entities\"": [\n    {\n      \""Company\"": [\""BMS\"", \""Celgene\""],\n      \""Date\"": [\""last month\""],\n      \""Location\"": [\""not explicitly mentioned\""],\n      \""Money\"": [\""$74 billion\""],\n      \""Person\"": [\""Giovanni Caforio\""],\n      \""Product\"": [\""not explicitly mentioned\""],\n      \""Quantity\"": [\""not explicitly mentioned\""]\n    }\n  ],\n  \""completed\"": \""Entities found in the text: BMS, Celgene, $74 billion, Giovanni Caforio, not explicitly mentioned, not explicitly mentioned, not explicitly mentioned, not explicitly mentioned, not explicitly mentioned, not explicitly mentioned, not explicitly mentioned, not explicitly mentioned, not explicitly mentioned, not explicitly mentioned, not explicitly mentioned, not explicitly mentioned, not explicitly mentioned, not explicitly mentioned, not explicitly mentioned, not explicitly mentioned, not explicitly mentioned, not explicitly mentioned, not explicitly mentioned, not explicitly mentioned, not explicitly mentioned, not explicitly mentioned, not explicitly mentioned, not explicitly mentioned, not explicitly mentioned, not explicitly mentioned, not explicitly mentioned, not explicitly mentioned, not explicitly mentioned, not explicitly mentioned, not explicitly mentioned, not explicitly mentioned, not explicitly mentioned, not explicitly mentioned, not explicitly mentioned, not explicitly mentioned, not explicitly mentioned, not explicitly mentioned, not explicitly mentioned, not explicitly mentioned, not explicitly mentioned, not explicitly mentioned, not explicitly mentioned, not explicitly mentioned, not explicitly mentioned, not explicitly mentioned, not explicitly mentioned, not explicitly mentioned, not explicitly mentioned, not explicitly mentioned, not explicitly mentioned, not explicitly mentioned, not explicitly mentioned, not explicitly mentioned, not explicitly mentioned, not explicitly mentioned, not explicitly mentioned, not explicitly mentioned, not explicitly mentioned, not explicitly mentioned, not explicitly mentioned, not explicitly mentioned, not explicitly mentioned, not explicitly mentioned, not explicitly mentioned, not explicitly mentioned, not explicitly mentioned, not explicitly mentioned, not explicitly mentioned, not explicitly mentioned, not explicitly mentioned, not explicitly mentioned, not explicitly mentioned, not explicitly mentioned, not explicitly mentioned, not explicitly mentioned, not explicitly mentioned, not explicitly mentioned, not explicitly mentioned, not explicitly mentioned, not explicitly mentioned, not explicitly mentioned, not explicitly mentioned, not explicitly mentioned, not explicitly mentioned, not explicitly mentioned, not explicitly mentioned, not explicitly mentioned, not explicitly mentioned, not explicitly mentioned, not explicitly mentioned, not explicitly mentioned, not explicitly mentioned, not explicitly mentioned, not explicitly mentioned, not explicitly mentioned, not explicitly mentioned, not explicitly mentioned, not explicitly mentioned, not explicitly mentioned, not explicitly mentioned, not explicitly mentioned, not explicitly mentioned, not explicitly mentioned, not explicitly mentioned, not explicitly mentioned, not explicitly mentioned, not explicitly mentioned, not explicitly mentioned, not explicitly mentioned, not explicitly mentioned, not explicitly mentioned, not explicitly mentioned, not explicitly mentioned, not explicitly mentioned, not explicitly mentioned, not explicitly mentioned, not explicitly mentioned, not explicitly mentioned, not explicitly mentioned, not explicitly mentioned, not explicitly mentioned, not explicitly mentioned, not explicitly mentioned, not explicitly mentioned, not explicitly mentioned, not explicitly mentioned, not explicitly mentioned, not explicitly mentioned, not explicitly mentioned, not explicitly mentioned, not explicitly mentioned, not explicitly mentioned, not explicitly mentioned, not explicitly mentioned, not explicitly mentioned, not explicitly mentioned, not explicitly mentioned, not explicitly mentioned, not explicitly mentioned, not explicitly mentioned, not explicitly mentioned, not explicitly mentioned, not explicitly mentioned, not explicitly mentioned, not explicitly mentioned, not explicitly mentioned, not explicitly mentioned, not explicitly mentioned, not explicitly mentioned, not explicitly mentioned, not explicitly mentioned, not explicitly mentioned, not explicitly mentioned, not explicitly mentioned, not explicitly mentioned, not explicitly mentioned, not explicitly mentioned, not explicitly mentioned, not explicitly mentioned, not explicitly mentioned, not explicitly mentioned, not explicitly mentioned, not explicitly mentioned, not explicitly mentioned, not explicitly mentioned, not explicitly mentioned, not explicitly mentioned, not explicitly mentioned, not explicitly mentioned, not explicitly mentioned, not explicitly mentioned, not explicitly mentioned, not explicitly mentioned, not explicitly mentioned, not explicitly mentioned, not explicitly mentioned, not explicitly mentioned, not explicitly mentioned, not explicitly mentioned, not explicitly mentioned, not explicitly mentioned, not explicitly mentioned, not explicitly mentioned, not explicitly mentioned, not explicitly mentioned, not explicitly mentioned, not explicitly mentioned, not explicitly mentioned, not explicitly mentioned, not explicitly mentioned, not explicitly mentioned, not explicitly mentioned, not explicitly mentioned, not explicitly mentioned, not explicitly""]"
chat,ChatAdapter(use_json_adapter_fallback=False),financial-ner-0015,parse_error,AdapterParseError,0.43089961700025015,1,none,0,8,0.0,False,,Company[0];Company[1];Date;Location;Money[0];Person;Product;Quantity,,856,0,3,0.0,0,"[""```python\n{\n    \""entities\"": [\n        \""CVS\"",\n        \""Caremark\"",\n        \""21 Billion\"",\n        \""Deal\""\n    ],\n    \""completed\"": \""Yes\""\n}\n```""]"
chat,ChatAdapter(use_json_adapter_fallback=False),financial-ner-0016,parse_error,AdapterParseError,0.5437970549974125,1,none,0,10,0.0,False,,Company[0];Company[1];Company[2];Company[3];Date;Location[0];Money;Person;Product;Quantity,,966,0,5,0.0,0,"[""```python\n{\n    \""Company\"": [\""Allergan\"", \""Actavis plc\""],\n    \""Date\"": [\""last month\""],\n    \""Location\"": [\""Canada\""],\n    \""Money\"": [\""Canadian drug\"", \""Canadian drug - maker\""],\n    \""Person\"": [\""Allergan\""],\n    \""Product\"": [\""Valeant cash - and - stock offer\""],\n    \""Quantity\"": [\""hurt shareholders\""]\n}\n```\n\n[[ ## completed ## ]]""]"
chat,ChatAdapter(use_json_adapter_fallback=False),financial-ner-0017,parse_error,AdapterParseError,4.38992522098124,1,none,0,8,0.0,False,,Company[0];Company[1];Date;Location;Money[0];Person;Product;Quantity,,1714,0,3,0.0,0,"[""```python\n{\n    \""entities\"": [\n        \""ChemChina\"",\n        \""Syngenta\"",\n        \""takeover\"",\n        \""financial news\"",\n        \""financial context\"",\n        \""financial industry\"",\n        \""financial regulations\"",\n        \""financial market\"",\n        \""financial institution\"",\n        \""financial analyst\"",\n        \""financial analysts\"",\n        \""financial analysts' reports\"",\n        \""financial analysts' reports\"",\n        \""financial analysts' reports\"",\n        \""financial analysts' reports\"",\n        \""financial analysts' reports\"",\n        \""financial analysts' reports\"",\n        \""financial analysts' reports\"",\n        \""financial analysts' reports\"",\n        \""financial analysts' reports\"",\n        \""financial analysts' reports\"",\n        \""financial analysts' reports\"",\n        \""financial analysts' reports\"",\n        \""financial analysts' reports\"",\n        \""financial analysts' reports\"",\n        \""financial analysts' reports\"",\n        \""financial analysts' reports\"",\n        \""financial analysts' reports\"",\n        \""financial analysts' reports\"",\n        \""financial analysts' reports\"",\n        \""financial analysts' reports\"",\n        \""financial analysts' reports\"",\n        \""financial analysts' reports\"",\n        \""financial analysts' reports\"",\n        \""financial analysts' reports\"",\n        \""financial analysts' reports\"",\n        \""financial analysts' reports\"",\n        \""financial analysts' reports\"",\n        \""financial analysts' reports\"",\n        \""financial analysts' reports\"",\n        \""financial analysts' reports\"",\n        \""financial analysts' reports\"",\n        \""financial analysts' reports\"",\n        \""financial analysts' reports\"",\n        \""financial analysts' reports\"",\n        \""financial analysts' reports\"",\n        \""financial analysts' reports\"",\n        \""financial analysts' reports\"",\n        \""financial analysts' reports\"",\n        \""financial analysts' reports\"",\n        \""financial analysts' reports\"",\n        \""financial analysts' reports\"",\n        \""financial analysts' reports\"",\n        \""financial analysts' reports\"",\n        \""financial analysts' reports\"",\n        \""financial analysts' reports\"",\n        \""financial analysts' reports\"",\n        \""financial analysts' reports\"",\n        \""financial analysts' reports\"",\n        \""financial analysts' reports\"",\n        \""financial analysts' reports\"",\n        \""financial analysts' reports\"",\n        \""financial analysts' reports\"",\n        \""financial analysts' reports\"",\n        \""financial analysts' reports\"",\n        \""financial analysts' reports\"",\n        \""financial analysts' reports\"",\n        \""financial analysts' reports\"",\n        \""financial analysts' reports\"",\n        \""financial analysts' reports\"",\n        \""financial analysts' reports\"",\n        \""financial analysts' reports\"",\n        \""financial analysts' reports\"",\n        \""financial analysts' reports\"",\n        \""financial analysts' reports\"",\n        \""financial analysts' reports\"",\n        \""financial analysts' reports\"",\n        \""financial analysts' reports\"",\n        \""financial analysts' reports\"",\n        \""financial analysts' reports\"",\n        \""financial analysts' reports\"",\n        \""financial analysts' reports\"",\n        \""financial analysts' reports\"",\n        \""financial analysts' reports\"",\n        \""financial analysts' reports\"",\n        \""financial analysts' reports\"",\n        \""financial analysts' reports\"",\n        \""financial analysts' reports\"",\n        \""financial analysts' reports\"",\n        \""financial analysts' reports\"",\n        \""financial analysts' reports\"",\n        \""financial analysts' reports\"",\n        \""financial analysts' reports\"",\n        \""financial analysts' reports\"",\n        \""financial analysts' reports\"",\n        \""financial analysts' reports\"",\n        \""financial analysts' reports\"",\n        \""financial analysts' reports\"",\n        \""financial analysts' reports\"",\n        \""financial analysts' reports\"",\n        \""financial analysts' reports\"",\n        \""financial analysts' reports\"",\n        \""financial analysts' reports\"",\n        \""financial""]"
chat,ChatAdapter(use_json_adapter_fallback=False),financial-ner-0018,parse_error,AdapterParseError,0.8395206939894706,1,none,0,8,0.0,False,,Company[0];Company[1];Date;Location;Money[0];Person;Product;Quantity,,932,0,3,0.0,0,"[""```python\n{\n  \""entities\"": [\n    \""London Stock Exchange\"",\n    \""Refinitiv\"",\n    \""$27 billion\""\n  ],\n  \""completed\"": \""In adhering to this structure, your objective is: Identify and extract entities from the following financial news text into the following categories: Extract all relevant entities as a list of strings, preserving the wording from the text Extract individual items rather than compound or ranged entities (e.g., if a range or compound entity is mentioned, extract each individual item separately)\""\n}\n```""]"
chat,ChatAdapter(use_json_adapter_fallback=False),financial-ner-0019,parse_error,AdapterParseError,0.32180950898327865,1,none,0,8,0.0,False,,Company[0];Company[1];Date[0];Location;Money;Person;Product;Quantity,,873,0,3,0.0,0,"[""```python\n{\n    \""entities\"": [\n        \""Chrysler\"",\n        \""Daimler Benz\"",\n        \""auto merger deal\"",\n        \""May 7\"",\n        \""1998\""\n    ]\n}\n```""]"
chat,ChatAdapter(use_json_adapter_fallback=False),financial-ner-0020,parse_error,AdapterParseError,1.1211325360054616,1,none,0,7,0.0,False,,Company;Date;Location[0];Money;Person;Product;Quantity,,1036,0,1,0.0,0,"[""```python\n{\n  \""entities\"": [\n    {\n      \""Company\"": [\""Chinese firms\""],\n      \""Date\"": [\""mega - merger talks\""],\n      \""Location\"": [\""not explicitly mentioned\""],\n      \""Money\"": [\""chemistry\""],\n      \""Person\"": [\""not explicitly mentioned\""],\n      \""Product\"": [\""not explicitly mentioned\""],\n      \""Quantity\"": [\""not explicitly mentioned\""]\n    }\n  ],\n  \""completed\"": \""In adhering to this structure, your objective is: Identify and extract entities from the following financial news text into the following categories: - Extract all relevant entities as a list of strings, preserving the wording from the text - Use None if no entities are found in that category - Only extract entities that are explicitly mentioned in the text itself, do not make inferences or reason about what entities might be implied based on URLs, domain names, or other indirect references - Extract individual items rather than compound or ranged entities (e.g., if a range or compound entity is mentioned, extract each individual item separately)\""\n}\n```""]"
chat,ChatAdapter(use_json_adapter_fallback=False),financial-ner-0021,parse_error,AdapterParseError,0.8730359729961492,1,none,0,8,0.0,False,,Company[0];Company[1];Date;Location[0];Money[0];Person;Product;Quantity,,992,0,4,0.0,0,"[""```python\n{\n  \""entities\"": [\n    \""Hutchison\"",\n    \""VimpelCom\"",\n    \""Italy Assets\"",\n    \""24 Billion Deal\""\n  ],\n  \""completed\"": \""In adhering to this structure, your objective is: Identify and extract entities from the following financial news text into the following categories: Extract all relevant entities as a list of strings, preserving the wording from the text, Use None if no entities are found in that category, Only extract entities that are explicitly mentioned in the text itself, do not make inferences or reason about what entities might be implied based on URLs, domain names, or other indirect references, Extract individual items rather than compound or ranged entities (e.g., if a range or compound entity is mentioned, extract each individual item separately).\""\n}\n```""]"
chat,ChatAdapter(use_json_adapter_fallback=False),financial-ner-0022,parse_error,AdapterParseError,0.26653771600103937,1,none,0,8,0.0,False,,Company[0];Company[1];Date;Location;Money[0];Person;Product;Quantity,,854,0,3,0.0,0,"[""```python\n{\n    \""entities\"": [\n        \""SoftBank\"",\n        \""ARM\"",\n        \""acquisition\"",\n        \""of\"",\n        \""ARM\""\n    ],\n    \""completed\"": \""completed\""\n}\n```""]"
chat,ChatAdapter(use_json_adapter_fallback=False),financial-ner-0023,parse_error,AdapterParseError,0.33804231899557635,1,none,0,8,0.0,False,,Company[0];Company[1];Date;Location;Money[0];Person;Product;Quantity,,879,0,3,0.0,0,"[""```python\n{\n  \""entities\"": [\n    \""Charles Schwab\"",\n    \""TD Ameritrade\"",\n    \""26 billion\"",\n    \""all - stock deal\""\n  ],\n  \""completed\"": \""All entities are explicitly mentioned in the text itself.\""\n}\n```""]"
chat,ChatAdapter(use_json_adapter_fallback=False),financial-ner-0024,parse_error,AdapterParseError,4.394840088993078,1,none,0,8,0.0,False,,Company[0];Company[1];Date;Location;Money[0];Person;Product;Quantity,,1750,0,3,0.0,0,"[""```python\n{\n    \""entities\"": [\n        \""Xerox\"",\n        \""HP\"",\n        \""money\"",\n        \""counter-offer\"",\n        \""Xerox\"",\n        \""money\"",\n        \""counter-offer\"",\n        \""money\"",\n        \""money\"",\n        \""money\"",\n        \""money\"",\n        \""money\"",\n        \""money\"",\n        \""money\"",\n        \""money\"",\n        \""money\"",\n        \""money\"",\n        \""money\"",\n        \""money\"",\n        \""money\"",\n        \""money\"",\n        \""money\"",\n        \""money\"",\n        \""money\"",\n        \""money\"",\n        \""money\"",\n        \""money\"",\n        \""money\"",\n        \""money\"",\n        \""money\"",\n        \""money\"",\n        \""money\"",\n        \""money\"",\n        \""money\"",\n        \""money\"",\n        \""money\"",\n        \""money\"",\n        \""money\"",\n        \""money\"",\n        \""money\"",\n        \""money\"",\n        \""money\"",\n        \""money\"",\n        \""money\"",\n        \""money\"",\n        \""money\"",\n        \""money\"",\n        \""money\"",\n        \""money\"",\n        \""money\"",\n        \""money\"",\n        \""money\"",\n        \""money\"",\n        \""money\"",\n        \""money\"",\n        \""money\"",\n        \""money\"",\n        \""money\"",\n        \""money\"",\n        \""money\"",\n        \""money\"",\n        \""money\"",\n        \""money\"",\n        \""money\"",\n        \""money\"",\n        \""money\"",\n        \""money\"",\n        \""money\"",\n        \""money\"",\n        \""money\"",\n        \""money\"",\n        \""money\"",\n        \""money\"",\n        \""money\"",\n        \""money\"",\n        \""money\"",\n        \""money\"",\n        \""money\"",\n        \""money\"",\n        \""money\"",\n        \""money\"",\n        \""money\"",\n        \""money\"",\n        \""money\"",\n        \""money\"",\n        \""money\"",\n        \""money\"",\n        \""money\"",\n        \""money\"",\n        \""money\"",\n        \""money\"",\n        \""money\"",\n        \""money\"",\n        \""money\"",\n        \""money\"",\n        \""money\"",\n        \""money\"",\n        \""money\"",\n        \""money\"",\n        \""money\"",\n        \""money\"",\n        \""money\"",\n        \""money\"",\n        \""money\"",\n        \""money\"",\n        \""money\"",\n        \""money\"",\n        \""money\"",\n        \""money\"",\n        \""money\"",\n        \""money\"",\n        \""money\"",\n        \""money\"",\n        \""money\"",\n        \""money\"",\n        \""money\"",\n        \""money\"",\n        \""money\"",\n        \""money\"",\n        \""money\"",\n        \""money\"",\n        \""money\"",\n        \""money\"",\n        \""money\"",\n        \""money\"",\n        \""money\"",\n        \""money\"",\n        \""money\"",\n        \""money\"",\n        \""money\"",\n        \""money\"",\n        \""money\"",\n        \""money\"",\n        \""money\"",\n        \""money\"",\n        \""money\"",\n        \""money\"",\n        \""money\"",\n        \""money\"",\n        \""money\"",\n        \""money\"",\n        \""money\"",\n        \""money\"",\n        \""money\"",\n        \""money\"",\n        \""money\"",\n        \""money\"",\n        \""money\"",\n        \""money\"",\n        \""money\"",\n        \""money\"",\n        \""money\"",\n        \""money\"",\n        \""money\"",\n        \""money\"",\n        \""money\"",\n        \""money\"",\n        \""money\"",\n        \""money\"",\n        \""money\"",\n        \""money\"",\n        \""money\"",\n        \""money\"",\n        \""money\"",\n        \""money\"",\n        \""money\"",\n        \""money\"",\n        \""money\"",\n        \""money\"",\n        \""money\"",\n        \""money\"",\n        \""money\"",\n        \""money\"",\n        \""money\"",\n        \""money\"",\n        \""money\"",\n        \""money\"",\n        \""money\"",\n        \""money\"",\n        \""money\"",\n        \""money\"",\n        \""money\"",\n        \""money\"",\n        \""money\"",\n        \""money\"",\n        \""money\"",\n        \""money\"",\n        \""money\"",\n        \""money\"",\n        \""money\"",\n        \""money\"",\n        \""money\"",\n        \""money\"",\n        \""money\"",\n        \""money\"",\n        \""money\"",\n        \""money\"",\n        \""money\"",\n        \""money\"",\n        \""money\"",\n        \""money\"",\n        \""money\"",\n        \""money\"",\n        \""money\"",\n        \""money\"",\n        \""money\"",\n        \""money\"",\n        \""money\"",\n        \""money\"",\n        \""money\"",\n        \""money\"",\n        \""money\"",\n        \""money\"",\n        \""money\"",\n        \""money\"",\n        \""money\"",\n        \""money\"",\n        \""money\"",\n        \""money\"",\n        \""money\"",\n        \""money""]"
chat,ChatAdapter(use_json_adapter_fallback=False),financial-ner-0025,parse_error,AdapterParseError,0.5592263900034595,1,none,0,7,0.0,False,,Company[0];Date;Location[0];Money;Person;Product;Quantity[0],,895,0,3,0.0,0,"[""```python\n{\n    \""entities\"": [\n        {\n            \""Company\"": [\""China Mobile\"", \""seven Chinese state - owned mobile communications businesses\""],\n            \""Date\"": [],\n            \""Location\"": [],\n            \""Money\"": [],\n            \""Person\"": [],\n            \""Product\"": [],\n            \""Quantity\"": []\n        }\n    ],\n    \""completed\"": \""Entities\""\n}\n```""]"
chat,ChatAdapter(use_json_adapter_fallback=False),financial-ner-0026,parse_error,AdapterParseError,0.28248434301349334,1,none,0,8,0.0,False,,Company[0];Company[1];Date;Location;Money[0];Person;Product;Quantity,,863,0,3,0.0,0,"[""```python\n{\n    \""entities\"": [\n        \""GSK\"",\n        \""Unilever\"",\n        \""$68 billion\"",\n        \""consumer division\""\n    ],\n    \""completed\"": \""No entities found in that category\""\n}\n```""]"
chat,ChatAdapter(use_json_adapter_fallback=False),financial-ner-0027,parse_error,AdapterParseError,0.2210709200007841,1,none,0,8,0.0,False,,Company[0];Company[1];Date;Location;Money;Person;Product;Quantity,,842,0,2,0.0,0,"[""```python\n{\n  \""entities\"": [\n    \""Guidant\"",\n    \""Boston Scientific\""\n  ],\n  \""completed\"": \""true\""\n}\n```""]"
chat,ChatAdapter(use_json_adapter_fallback=False),financial-ner-0028,parse_error,AdapterParseError,4.346068986982573,1,none,0,9,0.0,False,,Company[0];Company[1];Company[2];Date;Location;Money;Person;Product;Quantity,,1715,0,3,0.0,0,"[""```python\n{\n    \""entities\"": [\n        \""Global Crossing\"",\n        \""US West\"",\n        \""Qwest\"",\n        \""acquiring\"",\n        \""US West\"",\n        \""lost out\"",\n        \""US West\"",\n        \""Qwest\"",\n        \""outbid\"",\n        \""US West\"",\n        \""lost out\"",\n        \""US West\"",\n        \""Qwest\"",\n        \""outbid\"",\n        \""US West\"",\n        \""lost out\"",\n        \""US West\"",\n        \""Qwest\"",\n        \""outbid\"",\n        \""US West\"",\n        \""lost out\"",\n        \""US West\"",\n        \""Qwest\"",\n        \""outbid\"",\n        \""US West\"",\n        \""lost out\"",\n        \""US West\"",\n        \""Qwest\"",\n        \""outbid\"",\n        \""US West\"",\n        \""lost out\"",\n        \""US West\"",\n        \""Qwest\"",\n        \""outbid\"",\n        \""US West\"",\n        \""lost out\"",\n        \""US West\"",\n        \""Qwest\"",\n        \""outbid\"",\n        \""US West\"",\n        \""lost out\"",\n        \""US West\"",\n        \""Qwest\"",\n        \""outbid\"",\n        \""US West\"",\n        \""lost out\"",\n        \""US West\"",\n        \""Qwest\"",\n        \""outbid\"",\n        \""US West\"",\n        \""lost out\"",\n        \""US West\"",\n        \""Qwest\"",\n        \""outbid\"",\n        \""US West\"",\n        \""lost out\"",\n        \""US West\"",\n        \""Qwest\"",\n        \""outbid\"",\n        \""US West\"",\n        \""lost out\"",\n        \""US West\"",\n        \""Qwest\"",\n        \""outbid\"",\n        \""US West\"",\n        \""lost out\"",\n        \""US West\"",\n        \""Qwest\"",\n        \""outbid\"",\n        \""US West\"",\n        \""lost out\"",\n        \""US West\"",\n        \""Qwest\"",\n        \""outbid\"",\n        \""US West\"",\n        \""lost out\"",\n        \""US West\"",\n        \""Qwest\"",\n        \""outbid\"",\n        \""US West\"",\n        \""lost out\"",\n        \""US West\"",\n        \""Qwest\"",\n        \""outbid\"",\n        \""US West\"",\n        \""lost out\"",\n        \""US West\"",\n        \""Qwest\"",\n        \""outbid\"",\n        \""US West\"",\n        \""lost out\"",\n        \""US West\"",\n        \""Qwest\"",\n        \""outbid\"",\n        \""US West\"",\n        \""lost out\"",\n        \""US West\"",\n        \""Qwest\"",\n        \""outbid\"",\n        \""US West\"",\n        \""lost out\"",\n        \""US West\"",\n        \""Qwest\"",\n        \""outbid\"",\n        \""US West\"",\n        \""lost out\"",\n        \""US West\"",\n        \""Qwest\"",\n        \""outbid\"",\n        \""US West\"",\n        \""lost out\"",\n        \""US West\"",\n        \""Qwest\"",\n        \""outbid\"",\n        \""US West\"",\n        \""lost out\"",\n        \""US West\"",\n        \""Qwest\"",\n        \""outbid\"",\n        \""US West\"",\n        \""lost out\"",\n        \""US West\"",\n        \""Qwest\"",\n        \""outbid\"",\n        \""US West\"",\n        \""lost out\"",\n        \""US West\"",\n        \""Qwest\"",\n        \""outbid\"",\n        \""US West\"",\n        \""lost out\"",\n        \""US West\"",\n        \""Qwest\"",\n        \""outbid\"",\n        \""US West\"",\n        \""lost out\"",\n        \""US West\"",\n        \""Qwest\"",\n        \""outbid\"",\n        \""US West\"",\n        \""lost out\"",\n        \""US West\"",\n        \""Qwest\"",\n        \""outbid\"",\n        \""US West\"",\n        \""lost out\"",\n        \""US West\"",\n        \""Qwest\"",\n        \""outbid\"",\n        \""US West\"",\n        \""lost out\"",\n        \""US West\"",\n        \""Qwest\"",\n        \""outbid\"",\n        \""US West\"",\n        \""lost out\"",\n        \""US West\"",\n        \""Qwest\"",\n        \""outbid\"",\n        \""US West\"",\n        \""lost out\"",\n        \""US West\"",\n        \""Qwest\"",\n        \""outbid\"",\n        \""US West\"",\n        \""lost out\"",\n        \""US West\"",\n        \""Qwest\"",\n        \""outbid\"",\n        \""US West\"",\n        \""lost out\"",\n        \""US West\"",\n        \""Qwest\"",\n        \""outbid\"",\n        \""US West\"",\n        \""lost out\"",\n        \""US West\"",\n        \""Qwest""]"
chat,ChatAdapter(use_json_adapter_fallback=False),financial-ner-0029,parse_error,AdapterParseError,0.8063049509946723,1,none,0,9,0.0,False,,Company[0];Company[1];Date;Location[0];Location[1];Money[0];Person;Product[0];Quantity,,942,0,6,0.0,0,"[""```python\n{\n    \""entities\"": [\n        \""Halliburton\"",\n        \""Baker Hughes\"",\n        \""merger deal\"",\n        \""U.S. and European antitrust regulators\""\n    ],\n    \""completed\"": \""The $28 billion merger deal between oilfield services provider Halliburton and smaller rival Baker Hughes was terminated after opposition from U.S. and European antitrust regulators.\""\n}\n```""]"
json,JSONAdapter(),financial-ner-0000,validation_error,ValidationError,0.7484094940009527,1,json_object,0,8,0.0,False,,Company[0];Company[1];Date;Location;Money;Person;Product;Quantity,,996,0,2,0.0,0,"[""{\n  \""entities\"": [\n    {\n      \""Company\"": [\n        \""Albertsons\"",\n        \""Rite Aid\""\n      ],\n      \""Date\"": [\n        \""last month\""\n      ],\n      \""Location\"": [\n        \""anywhere\""\n      ],\n      \""Money\"": [\n        \""not specified\""\n      ],\n      \""Person\"": [\n        \""advisory firms\""\n      ],\n      \""Product\"": [\n        \""merger\""\n      ],\n      \""Quantity\"": [\n        \""not specified\""\n      ]\n    }\n  ]\n}""]"
json,JSONAdapter(),financial-ner-0001,validation_error,ValidationError,0.265342683007475,1,json_object,0,8,0.0,False,,Company[0];Company[1];Date;Location[0];Money;Person;Product;Quantity,,915,0,3,0.0,0,"[""{\n  \""entities\"": [\n    \""EU\"",\n    \""merger\"",\n    \""Essilor\"",\n    \""Luxottica\"",\n    \""clears\"",\n    \""conditions\""\n  ]\n}""]"
json,JSONAdapter(),financial-ner-0002,validation_error,ValidationError,0.6465362129965797,1,json_object,0,9,0.0,False,,Company[0];Company[1];Company[2];Date[0];Location[0];Money[0];Person[0];Product;Quantity,,1033,0,7,0.0,0,"[""{\n  \""entities\"": [\n    {\n      \""Company\"": [\n        \""Broadcom\"",\n        \""Qualcomm\""\n      ],\n      \""Date\"": [\n        \""February 21\""\n      ],\n      \""Location\"": [\n        \""NXP Semconductors\""\n      ],\n      \""Money\"": [\n        \""$117 billion\""\n      ],\n      \""Person\"": [\n        \""Donald Trump\""\n      ],\n      \""Product\"": [\n        \""deal\""\n      ],\n      \""Quantity\"": [\n        \""117 billion\""\n      ]\n    }\n  ]\n}""]"
json,JSONAdapter(),financial-ner-0003,validation_error,ValidationError,0.6471065909718163,1,json_object,0,8,0.0,False,,Company[0];Company[1];Date;Location;Money[0];Person;Product;Quantity,,999,0,3,0.0,0,"[""{\n  \""entities\"": [\n    {\n      \""Company\"": [\n        \""Bank of America\"",\n        \""Merrill Lynch\""\n      ],\n      \""Date\"": [\n        \""year ended March 2020\""\n      ],\n      \""Location\"": [\n        \""United States\""\n      ],\n      \""Money\"": [\n        \""$50 billion\""\n      ],\n      \""Person\"": [\n        \""Bank of America\""\n      ],\n      \""Product\"": [\n        \""Merrill Lynch\""\n      ],\n      \""Quantity\"": [\n        \""not explicitly mentioned\""\n      ]\n    }\n  ]\n}""]"
json,JSONAdapter(),financial-ner-0004,validation_error,ValidationError,0.577191029995447,1,json_object,0,10,0.0,False,,Company[0];Company[1];Company[2];Company[3];Date;Location;Money[0];Person;Product;Quantity,,990,0,5,0.0,0,"[""{\n  \""entities\"": [\n    {\n      \""Company\"": [\n        \""Broadcom\"",\n        \""Qualcomm\""\n      ],\n      \""Date\"": [\n        \""last month\""\n      ],\n      \""Location\"": [\n        \""world\""\n      ],\n      \""Money\"": [\n        \""$117 billion\""\n      ],\n      \""Person\"": [\n        \""Broadcom\""\n      ],\n      \""Product\"": [\n        \""Qualcomm\""\n      ],\n      \""Quantity\"": [\n        \""117 billion\""\n      ]\n    }\n  ]\n}""]"
json,JSONAdapter(),financial-ner-0005,validation_error,ValidationError,0.5610636240162421,1,json_object,0,7,0.0,False,,Company[0];Date;Location[0];Money[0];Person;Product;Quantity,,983,0,3,0.0,0,"[""{\n  \""entities\"": [\n    {\n      \""Company\"": [\n        \""British Company\""\n      ],\n      \""Date\"": [\n        \""last month\""\n      ],\n      \""Location\"": [\n        \""Mci\""\n      ],\n      \""Money\"": [\n        \""$22 Billion\""\n      ],\n      \""Person\"": [\n        \""not explicitly mentioned\""\n      ],\n      \""Product\"": [\n        \""not explicitly mentioned\""\n      ],\n      \""Quantity\"": [\n        \""not explicitly mentioned\""\n      ]\n    }\n  ]\n}""]"
json,JSONAdapter(),financial-ner-0006,validation_error,ValidationError,0.8188857670174912,1,json_object,0,13,0.0,False,,Company[0];Company[1];Company[2];Date;Location;Money[0];Money[1];Money[2];Money[3];Money[4];Person;Product;Quantity,,1099,0,8,0.0,0,"[""{\n  \""entities\"": [\n    {\n      \""Company\"": [\n        \""Johnson & Johnson\"",\n        \""Guidant\""\n      ],\n      \""Date\"": [\n        \""year ended March 2020\""\n      ],\n      \""Location\"": [\n        \""Boston, Massachusetts\""\n      ],\n      \""Money\"": [\n        \""$21.5 billion\"",\n        \""$72 per share\""\n      ],\n      \""Person\"": [\n        \""Johnson & Johnson\"",\n        \""Guidant\""\n      ],\n      \""Product\"": [\n        \""Guidant\""\n      ],\n      \""Quantity\"": [\n        \""$24.6 billion\"",\n        \""$36 in cash\"",\n        \""$36 a share\""\n      ]\n    }\n  ]\n}""]"
json,JSONAdapter(),financial-ner-0007,validation_error,ValidationError,0.6303338319994509,1,json_object,0,8,0.0,False,,Company[0];Company[1];Date;Location;Money[0];Person;Product;Quantity,,998,0,3,0.0,0,"[""{\n  \""entities\"": [\n    {\n      \""Company\"": [\n        \""Time Warner\""\n      ],\n      \""Date\"": [\n        \""last month\""\n      ],\n      \""Location\"": [\n        \""political regions, countries, states, cities, roads, or any other location\""\n      ],\n      \""Money\"": [\n        \""$80B\""\n      ],\n      \""Person\"": [\n        \""21st Century Fox\""\n      ],\n      \""Product\"": [\n        \""offer\""\n      ],\n      \""Quantity\"": [\n        \""80B\""\n      ]\n    }\n  ]\n}""]"
json,JSONAdapter(),financial-ner-0008,validation_error,ValidationError,0.551232733996585,1,json_object,0,7,0.0,False,,Company;Date;Location[0];Money;Person;Product;Quantity,,980,0,1,0.0,0,"[""{\n  \""entities\"": [\n    {\n      \""Company\"": [\n        \""Japan Banks\""\n      ],\n      \""Date\"": [\n        \""last month\""\n      ],\n      \""Location\"": [\n        \""Japan\""\n      ],\n      \""Money\"": [\n        \""monetary value\""\n      ],\n      \""Person\"": [\n        \""not explicitly mentioned\""\n      ],\n      \""Product\"": [\n        \""merging\""\n      ],\n      \""Quantity\"": [\n        \""not explicitly mentioned\""\n      ]\n    }\n  ]\n}""]"
json,JSONAdapter(),financial-ner-0009,validation_error,ValidationError,0.6161827630130574,1,json_object,0,7,0.0,False,,Company[0];Date[0];Location;Money;Person;Product;Quantity[0],,1027,0,3,0.0,0,"[""{\n  \""entities\"": [\n    {\n      \""Company\"": [\n        \""Columbia Group\""\n      ],\n      \""Date\"": [\n        \""SEPTEMBER 8\""\n      ],\n      \""Location\"": [\n        \""Utilities Concern\""\n      ],\n      \""Money\"": [\n        \""consolidation\""\n      ],\n      \""Person\"": [\n        \""Merger of Four Subsidiaries\""\n      ],\n      \""Product\"": [\n        \""Acquisition of Another\""\n      ],\n      \""Quantity\"": [\n        \""new Corporation\""\n      ]\n    }\n  ]\n}""]"
json,JSONAdapter(),financial-ner-0010,validation_error,ValidationError,0.5914583929989021,1,json_object,0,9,0.0,False,,Company[0];Company[1];Company[2];Date;Location;Money;Person;Product;Quantity,,988,0,3,0.0,0,"[""{\n  \""entities\"": [\n    {\n      \""Company\"": [\n        \""BB&T\"",\n        \""SunTrust\""\n      ],\n      \""Date\"": [\n        \""last month\""\n      ],\n      \""Location\"": [\n        \""U.S.\""\n      ],\n      \""Money\"": [\n        \""$12.9 billion\""\n      ],\n      \""Person\"": [\n        \""none\""\n      ],\n      \""Product\"": [\n        \""U.S. Bank\""\n      ],\n      \""Quantity\"": [\n        \""none\""\n      ]\n    }\n  ]\n}""]"
json,JSONAdapter(),financial-ner-0011,validation_error,ValidationError,0.6093596499995328,1,json_object,0,8,0.0,False,,Company[0];Company[1];Date;Location;Money;Person;Product;Quantity,,988,0,2,0.0,0,"[""{\n  \""entities\"": [\n    {\n      \""Company\"": [\n        \""Statoil\"",\n        \""Norsk Hydro\""\n      ],\n      \""Date\"": [\n        \""last month\""\n      ],\n      \""Location\"": [\n        \""Norway\""\n      ],\n      \""Money\"": [\n        \""$10 billion\""\n      ],\n      \""Person\"": [\n        \""not specified\""\n      ],\n      \""Product\"": [\n        \""oil\"",\n        \""gas\""\n      ],\n      \""Quantity\"": [\n        \""not specified\""\n      ]\n    }\n  ]\n}""]"
json,JSONAdapter(),financial-ner-0012,validation_error,ValidationError,0.7139620099915192,1,json_object,0,9,0.0,False,,Company[0];Company[1];Date;Location;Money[0];Money[1];Person;Product;Quantity,,1035,0,4,0.0,0,"[""{\n  \""entities\"": [\n    {\n      \""Company\"": [\n        \""Pfizer\"",\n        \""American Home Products\""\n      ],\n      \""Date\"": [\n        \""announcement of a $65 billion deal\"",\n        \""eventual purchase price would be in excess of $90 billion\""\n      ],\n      \""Location\"": [\n        \""not explicitly mentioned\""\n      ],\n      \""Money\"": [\n        \""$65 billion\""\n      ],\n      \""Person\"": [\n        \""not explicitly mentioned\""\n      ],\n      \""Product\"": [\n        \""not explicitly mentioned\""\n      ],\n      \""Quantity\"": [\n        \""not explicitly mentioned\""\n      ]\n    }\n  ]\n}""]"
json,JSONAdapter(),financial-ner-0013,validation_error,ValidationError,0.6131153359892778,1,json_object,0,8,0.0,False,,Company[0];Company[1];Date[0];Location;Money;Person;Product;Quantity,,993,0,3,0.0,0,"[""{\n  \""entities\"": [\n    {\n      \""Company\"": [\n        \""United Technologies\"",\n        \""Raytheon Technologies\""\n      ],\n      \""Date\"": [\n        \""early 2020\""\n      ],\n      \""Location\"": [\n        \""United States\""\n      ],\n      \""Money\"": [\n        \""$10 billion\""\n      ],\n      \""Person\"": [\n        \""United Technologies Corporation\""\n      ],\n      \""Product\"": [\n        \""aircraft engines\""\n      ],\n      \""Quantity\"": [\n        \""10 billion\""\n      ]\n    }\n  ]\n}""]"
json,JSONAdapter(),financial-ner-0014,validation_error,ValidationError,0.5993779589771293,1,json_object,0,8,0.0,False,,Company[0];Company[1];Date;Location;Money[0];Person[0];Product;Quantity,,998,0,4,0.0,0,"[""{\n  \""entities\"": [\n    {\n      \""Company\"": [\n        \""BMS\"",\n        \""Celgene\""\n      ],\n      \""Date\"": [\n        \""last month\""\n      ],\n      \""Location\"": [\n        \""world\""\n      ],\n      \""Money\"": [\n        \""$74 billion\""\n      ],\n      \""Person\"": [\n        \""Giovanni Caforio\""\n      ],\n      \""Product\"": [\n        \""acquisition\""\n      ],\n      \""Quantity\"": [\n        \""74 billion\""\n      ]\n    }\n  ]\n}""]"
json,JSONAdapter(),financial-ner-0015,validation_error,ValidationError,0.6109844489837997,1,json_object,0,8,0.0,False,,Company[0];Company[1];Date;Location;Money[0];Person;Product;Quantity,,989,0,3,0.0,0,"[""{\n  \""entities\"": [\n    {\n      \""Company\"": [\n        \""CVS\"",\n        \""Caremark\""\n      ],\n      \""Date\"": [\n        \""2021-01-01\""\n      ],\n      \""Location\"": [\n        \""United States\""\n      ],\n      \""Money\"": [\n        \""$21 billion\""\n      ],\n      \""Person\"": [\n        \""CVS Health Corporation\""\n      ],\n      \""Product\"": [\n        \""Healthcare services\""\n      ],\n      \""Quantity\"": [\n        \""1\""\n      ]\n    }\n  ]\n}""]"
json,JSONAdapter(),financial-ner-0016,validation_error,ValidationError,0.24188223702367395,1,json_object,0,10,0.0,False,,Company[0];Company[1];Company[2];Company[3];Date;Location[0];Money;Person;Product;Quantity,,965,0,5,0.0,0,"[""{\n  \""entities\"": [\n    \""Allergan\"",\n    \""Valeant\"",\n    \""Actavis plc\"",\n    \""Allergan plc\""\n  ]\n}""]"
json,JSONAdapter(),financial-ner-0017,validation_error,ValidationError,0.604889832000481,1,json_object,0,8,0.0,False,,Company[0];Company[1];Date;Location;Money[0];Person;Product;Quantity,,989,0,3,0.0,0,"[""{\n  \""entities\"": [\n    {\n      \""Company\"": [\n        \""ChemChina\"",\n        \""Syngenta\""\n      ],\n      \""Date\"": [\n        \""year ended March 2020\""\n      ],\n      \""Location\"": [\n        \""China\""\n      ],\n      \""Money\"": [\n        \""$43 billion\""\n      ],\n      \""Person\"": [\n        \""ChemChina\""\n      ],\n      \""Product\"": [\n        \""Syngenta\""\n      ],\n      \""Quantity\"": [\n        \""not explicitly mentioned\""\n      ]\n    }\n  ]\n}""]"
json,JSONAdapter(),financial-ner-0018,validation_error,ValidationError,0.6083619749988429,1,json_object,0,8,0.0,False,,Company[0];Company[1];Date;Location;Money[0];Person;Product;Quantity,,990,0,3,0.0,0,"[""{\n  \""entities\"": [\n    {\n      \""Company\"": [\n        \""London Stock Exchange\"",\n        \""Refinitiv\""\n      ],\n      \""Date\"": [\n        \""last month\""\n      ],\n      \""Location\"": [\n        \""London\""\n      ],\n      \""Money\"": [\n        \""$27 billion\""\n      ],\n      \""Person\"": [\n        \""not explicitly mentioned\""\n      ],\n      \""Product\"": [\n        \""Refinitiv\""\n      ],\n      \""Quantity\"": [\n        \""not categorized as Money\""\n      ]\n    }\n  ]\n}""]"
json,JSONAdapter(),financial-ner-0019,validation_error,ValidationError,0.6407587320136372,1,json_object,0,8,0.0,False,,Company[0];Company[1];Date[0];Location;Money;Person;Product;Quantity,,1004,0,3,0.0,0,"[""{\n  \""entities\"": [\n    {\n      \""Company\"": [\n        \""Chrysler\"",\n        \""Daimler Benz\""\n      ],\n      \""Date\"": [\n        \""May 7, 1998\""\n      ],\n      \""Location\"": [\n        \""not explicitly mentioned\""\n      ],\n      \""Money\"": [\n        \""not explicitly mentioned\""\n      ],\n      \""Person\"": [\n        \""not explicitly mentioned\""\n      ],\n      \""Product\"": [\n        \""not explicitly mentioned\""\n      ],\n      \""Quantity\"": [\n        \""not explicitly mentioned\""\n      ]\n    }\n  ]\n}""]"
json,JSONAdapter(),financial-ner-0020,validation_error,ValidationError,0.6272544940002263,1,json_object,0,7,0.0,False,,Company;Date;Location[0];Money;Person;Product;Quantity,,996,0,1,0.0,0,"[""{\n  \""entities\"": [\n    {\n      \""Company\"": [\n        \""Chinese firms\"",\n        \""mega-merger talks\""\n      ],\n      \""Date\"": [\n        \""not explicitly mentioned\""\n      ],\n      \""Location\"": [\n        \""not explicitly mentioned\""\n      ],\n      \""Money\"": [\n        \""not explicitly mentioned\""\n      ],\n      \""Person\"": [\n        \""not explicitly mentioned\""\n      ],\n      \""Product\"": [\n        \""not explicitly mentioned\""\n      ],\n      \""Quantity\"": [\n        \""not explicitly mentioned\""\n      ]\n    }\n  ]\n}""]"
json,JSONAdapter(),financial-ner-0021,validation_error,ValidationError,0.6259436490072403,1,json_object,0,8,0.0,False,,Company[0];Company[1];Date;Location[0];Money[0];Person;Product;Quantity,,997,0,4,0.0,0,"[""{\n  \""entities\"": [\n    {\n      \""Company\"": [\n        \""Hutchison\"",\n        \""VimpelCom\""\n      ],\n      \""Date\"": [\n        \""2022-01-01\""\n      ],\n      \""Location\"": [\n        \""Italy\""\n      ],\n      \""Money\"": [\n        \""$24 billion\""\n      ],\n      \""Person\"": [\n        \""not explicitly mentioned\""\n      ],\n      \""Product\"": [\n        \""assets\""\n      ],\n      \""Quantity\"": [\n        \""not explicitly mentioned\""\n      ]\n    }\n  ]\n}""]"
json,JSONAdapter(),financial-ner-0022,validation_error,ValidationError,0.5969424109789543,1,json_object,0,8,0.0,False,,Company[0];Company[1];Date;Location;Money[0];Person;Product;Quantity,,985,0,3,0.0,0,"[""{\n  \""entities\"": [\n    {\n      \""Company\"": [\n        \""SoftBank\"",\n        \""ARM\""\n      ],\n      \""Date\"": [\n        \""2021-03-16\""\n      ],\n      \""Location\"": [\n        \""Japan\""\n      ],\n      \""Money\"": [\n        \""$31 billion\""\n      ],\n      \""Person\"": [\n        \""SoftBank Group Corp.\""\n      ],\n      \""Product\"": [\n        \""ARM Holdings\""\n      ],\n      \""Quantity\"": [\n        \""1\""\n      ]\n    }\n  ]\n}""]"
json,JSONAdapter(),financial-ner-0023,validation_error,ValidationError,0.6355857780145016,1,json_object,0,8,0.0,False,,Company[0];Company[1];Date;Location;Money[0];Person;Product;Quantity,,999,0,3,0.0,0,"[""{\n  \""entities\"": [\n    {\n      \""Company\"": [\n        \""Charles Schwab\"",\n        \""TD Ameritrade\""\n      ],\n      \""Date\"": [\n        \""last month\""\n      ],\n      \""Location\"": [\n        \""United States\""\n      ],\n      \""Money\"": [\n        \""$26 billion\""\n      ],\n      \""Person\"": [\n        \""Charles Schwab\""\n      ],\n      \""Product\"": [\n        \""Charles Schwab\""\n      ],\n      \""Quantity\"": [\n        \""26 billion\""\n      ]\n    }\n  ]\n}""]"
json,JSONAdapter(),financial-ner-0024,validation_error,ValidationError,0.704294665978523,1,json_object,0,8,0.0,False,,Company[0];Company[1];Date;Location;Money[0];Person;Product;Quantity,,1044,0,3,0.0,0,"[""{\n  \""entities\"": [\n    {\n      \""Company\"": [\n        \""Xerox\"",\n        \""HP\""\n      ],\n      \""Date\"": [\n        \""last month\""\n      ],\n      \""Location\"": [\n        \""world\""\n      ],\n      \""Money\"": [\n        \""$33.5 billion\"",\n        \""25.8 billion\""\n      ],\n      \""Person\"": [\n        \""Xerox\""\n      ],\n      \""Product\"": [\n        \""cash\"",\n        \""stock\""\n      ],\n      \""Quantity\"": [\n        \""33.5 billion\"",\n        \""25.8 billion\""\n      ]\n    }\n  ]\n}""]"
json,JSONAdapter(),financial-ner-0025,validation_error,ValidationError,0.7380942050076555,1,json_object,0,7,0.0,False,,Company[0];Date;Location[0];Money;Person;Product;Quantity[0],,1019,0,3,0.0,0,"[""{\n  \""entities\"": [\n    {\n      \""Company\"": [\n        \""China Mobile\"",\n        \""seven Chinese state - owned mobile communications businesses\""\n      ],\n      \""Date\"": [\n        \""part of a consolidation effort\""\n      ],\n      \""Location\"": [\n        \""China\""\n      ],\n      \""Money\"": [\n        \""seven Chinese state - owned mobile communications businesses\""\n      ],\n      \""Person\"": [\n        \""China Mobile\""\n      ],\n      \""Product\"": [\n        \""seven Chinese state - owned mobile communications businesses\""\n      ],\n      \""Quantity\"": [\n        \""seven Chinese state - owned mobile communications businesses\""\n      ]\n    }\n  ]\n}""]"
json,JSONAdapter(),financial-ner-0026,validation_error,ValidationError,0.5896187190082856,1,json_object,0,8,0.0,False,,Company[0];Company[1];Date;Location;Money[0];Person;Product;Quantity,,983,0,3,0.0,0,"[""{\n  \""entities\"": [\n    {\n      \""Company\"": [\n        \""GSK\""\n      ],\n      \""Date\"": [\n        \""year ended March 2020\""\n      ],\n      \""Location\"": [\n        \""consumer division\""\n      ],\n      \""Money\"": [\n        \""$68 billion\""\n      ],\n      \""Person\"": [\n        \""Unilever\""\n      ],\n      \""Product\"": [\n        \""consumer division\""\n      ],\n      \""Quantity\"": [\n        \""68 billion\""\n      ]\n    }\n  ]\n}""]"
json,JSONAdapter(),financial-ner-0027,validation_error,ValidationError,0.17074715602211654,1,json_object,0,8,0.0,False,,Company[0];Company[1];Date;Location;Money;Person;Product;Quantity,,891,0,2,0.0,0,"[""{\n  \""entities\"": [\n    \""Guidant\"",\n    \""Boston Scientific\""\n  ]\n}""]"
json,JSONAdapter(),financial-ner-0028,validation_error,ValidationError,0.5973140159912873,1,json_object,0,9,0.0,False,,Company[0];Company[1];Company[2];Date;Location;Money;Person;Product;Quantity,,987,0,3,0.0,0,"[""{\n  \""entities\"": [\n    {\n      \""Company\"": [\n        \""Global Crossing\"",\n        \""US West\""\n      ],\n      \""Date\"": [\n        \""Qwest outbid them\""\n      ],\n      \""Location\"": [\n        \""US\""\n      ],\n      \""Money\"": [\n        \""lost out on acquiring\""\n      ],\n      \""Person\"": [\n        \""not specified\""\n      ],\n      \""Product\"": [\n        \""US West\""\n      ],\n      \""Quantity\"": [\n        \""not specified\""\n      ]\n    }\n  ]\n}""]"
json,JSONAdapter(),financial-ner-0029,validation_error,ValidationError,0.6362226620258298,1,json_object,0,9,0.0,False,,Company[0];Company[1];Date;Location[0];Location[1];Money[0];Person;Product[0];Quantity,,1022,0,6,0.0,0,"[""{\n  \""entities\"": [\n    {\n      \""Company\"": [\n        \""Halliburton\"",\n        \""Baker Hughes\""\n      ],\n      \""Date\"": [\n        \""last month\""\n      ],\n      \""Location\"": [\n        \""U.S.\"",\n        \""Europe\""\n      ],\n      \""Money\"": [\n        \""$28 billion\""\n      ],\n      \""Person\"": [\n        \""antitrust regulators\""\n      ],\n      \""Product\"": [\n        \""oilfield services\""\n      ],\n      \""Quantity\"": [\n        \""terminated\""\n      ]\n    }\n  ]\n}""]"
baml,BAMLAdapter(),financial-ner-0000,validation_error,ValidationError,0.3953959029749967,1,json_object,0,8,0.0,False,,Company[0];Company[1];Date;Location;Money;Person;Product;Quantity,,602,0,2,0.0,0,"[""{\n  \""entities\"": [\n    \""Albertsons\"",\n    \""Rite Aid\"",\n    \""merger\"",\n    \""advisory firms\"",\n    \""voting against\"",\n    \""proposal\""\n  ]\n}""]"
baml,BAMLAdapter(),financial-ner-0001,validation_error,ValidationError,0.2781722700165119,1,json_object,0,8,0.0,False,,Company[0];Company[1];Date;Location[0];Money;Person;Product;Quantity,,584,0,3,0.0,0,"[""{\n  \""entities\"": [\n    \""EU\"",\n    \""merger\"",\n    \""Essilor\"",\n    \""Luxottica\"",\n    \""clears\"",\n    \""conditions\""\n  ]\n}""]"
baml,BAMLAdapter(),financial-ner-0002,validation_error,ValidationError,0.3071479949867353,1,json_object,0,9,0.0,False,,Company[0];Company[1];Company[2];Date[0];Location[0];Money[0];Person[0];Product;Quantity,,631,0,7,0.0,0,"[""{\n  \""entities\"": [\n    \""Broadcom\"",\n    \""NXP Semconductors\"",\n    \""US President Donald Trump\"",\n    \""Qualcomm\"",\n    \""National security grounds\""\n  ]\n}""]"
baml,BAMLAdapter(),financial-ner-0003,validation_error,ValidationError,0.2427186040149536,1,json_object,0,8,0.0,False,,Company[0];Company[1];Date;Location;Money[0];Person;Product;Quantity,,578,0,3,0.0,0,"[""{\n  \""entities\"": [\n    \""Bank of America\"",\n    \""Merrill Lynch\"",\n    \""50 billion\""\n  ]\n}""]"
baml,BAMLAdapter(),financial-ner-0004,validation_error,ValidationError,0.7173518660129048,1,json_object,0,10,0.0,False,,Company[0];Company[1];Company[2];Company[3];Date;Location;Money[0];Person;Product;Quantity,,679,0,5,0.0,0,"[""{\n  \""entities\"": [\n    {\n      \""Company\"": \""Broadcom\"",\n      \""Date\"": \""2021-03-15\"",\n      \""Location\"": [\""United States\""],\n      \""Money\"": [\""$117 billion\""],\n      \""Product\"": \""Qualcomm\"",\n      \""Quantity\"": \""offer\""\n    },\n    {\n      \""Company\"": \""Qualcomm\"",\n      \""Date\"": \""2021-03-15\"",\n      \""Location\"": [\""United States\""],\n      \""Money\"": [\""$117 billion\""],\n      \""Product\"": \""offer\""\n    }\n  ]\n}""]"
baml,BAMLAdapter(),financial-ner-0005,validation_error,ValidationError,0.5141246900020633,1,json_object,0,7,0.0,False,,Company[0];Date;Location[0];Money[0];Person;Product;Quantity,,641,0,3,0.0,0,"[""{\n  \""entities\"": [\n    {\n      \""Company\"": \""British Company\"",\n      \""Date\"": null,\n      \""Location\"": null,\n      \""Money\"": null,\n      \""Product\"": null,\n      \""Quantity\"": null\n    },\n    {\n      \""Company\"": \""Mci\"",\n      \""Date\"": null,\n      \""Location\"": null,\n      \""Money\"": null,\n      \""Product\"": null,\n      \""Quantity\"": null\n    }\n  ]\n}""]"
baml,BAMLAdapter(),financial-ner-0006,validation_error,ValidationError,0.4884958359762095,1,json_object,0,13,0.0,False,,Company[0];Company[1];Company[2];Date;Location;Money[0];Money[1];Money[2];Money[3];Money[4];Person;Product;Quantity,,701,0,8,0.0,0,"[""{\n  \""entities\"": [\n    \""Johnson & Johnson\"",\n    \""Guidant\"",\n    \""Boston Scientific\"",\n    \""an offer of $24.6 billion\"",\n    \""an offer of $72 per share of Guidant\"",\n    \""a fixed number of Boston Scientific shares\"",\n    \""a fixed number of Boston Scientific shares valued at $36 a share\""\n  ]\n}""]"
baml,BAMLAdapter(),financial-ner-0007,validation_error,ValidationError,0.2140964140126016,1,json_object,0,8,0.0,False,,Company[0];Company[1];Date;Location;Money[0];Person;Product;Quantity,,577,0,3,0.0,0,"[""{\n  \""entities\"": [\n    \""Time Warner\"",\n    \""21st Century Fox\"",\n    \""offer\""\n  ]\n}""]"
baml,BAMLAdapter(),financial-ner-0008,validation_error,ValidationError,0.17454852399532683,1,json_object,0,7,0.0,False,,Company;Date;Location[0];Money;Person;Product;Quantity,,570,0,1,0.0,0,"[""{\n  \""entities\"": [\n    \""Japan Banks\"",\n    \""Wider Effects\""\n  ]\n}""]"
baml,BAMLAdapter(),financial-ner-0009,validation_error,ValidationError,0.3854748970188666,1,json_object,0,7,0.0,False,,Company[0];Date[0];Location;Money;Person;Product;Quantity[0],,648,0,3,0.0,0,"[""{\n  \""entities\"": [\n    \""Columbia Group\"",\n    \""Merger\"",\n    \""Four Subsidiaries\"",\n    \""Acquisition\"",\n    \""SEC\"",\n    \""Hearing\"",\n    \""SEP\"",\n    \""Consolidation\"",\n    \""New Corporation\"",\n    \""Utilities Concern\""\n  ]\n}""]"
baml,BAMLAdapter(),financial-ner-0010,validation_error,ValidationError,0.2872530739987269,1,json_object,0,9,0.0,False,,Company[0];Company[1];Company[2];Date;Location;Money;Person;Product;Quantity,,594,0,3,0.0,0,"[""{\n  \""entities\"": [\n    \""BB&T\"",\n    \""SunTrust\"",\n    \""U.S. Bank\"",\n    \""deal in a decade\"",\n    \""largest U.S. Bank deal\""\n  ]\n}""]"
baml,BAMLAdapter(),financial-ner-0011,validation_error,ValidationError,0.23714534801547416,1,json_object,0,8,0.0,False,,Company[0];Company[1];Date;Location;Money;Person;Product;Quantity,,581,0,2,0.0,0,"[""{\n  \""entities\"": [\n    \""Statoil\"",\n    \""Norsk Hydro\"",\n    \""oil\"",\n    \""gas\"",\n    \""business\""\n  ]\n}""]"
baml,BAMLAdapter(),financial-ner-0012,validation_error,ValidationError,4.372024709999096,1,json_object,0,9,0.0,False,,Company[0];Company[1];Date;Location;Money[0];Money[1];Person;Product;Quantity,,1469,0,4,0.0,0,"[""{\n  \""entities\"": [\n    \""Pfizer\"",\n    \""American Home Products\"",\n    \""purchase price\"",\n    \""Pfizer's bid\"",\n    \""American Home Products' deal\"",\n    \""Pfizer's purchase price\"",\n    \""Pfizer's bid price\"",\n    \""Pfizer's purchase price\"",\n    \""Pfizer's bid price\"",\n    \""Pfizer's purchase price\"",\n    \""Pfizer's bid price\"",\n    \""Pfizer's purchase price\"",\n    \""Pfizer's bid price\"",\n    \""Pfizer's purchase price\"",\n    \""Pfizer's bid price\"",\n    \""Pfizer's purchase price\"",\n    \""Pfizer's bid price\"",\n    \""Pfizer's purchase price\"",\n    \""Pfizer's bid price\"",\n    \""Pfizer's purchase price\"",\n    \""Pfizer's bid price\"",\n    \""Pfizer's purchase price\"",\n    \""Pfizer's bid price\"",\n    \""Pfizer's purchase price\"",\n    \""Pfizer's bid price\"",\n    \""Pfizer's purchase price\"",\n    \""Pfizer's bid price\"",\n    \""Pfizer's purchase price\"",\n    \""Pfizer's bid price\"",\n    \""Pfizer's purchase price\"",\n    \""Pfizer's bid price\"",\n    \""Pfizer's purchase price\"",\n    \""Pfizer's bid price\"",\n    \""Pfizer's purchase price\"",\n    \""Pfizer's bid price\"",\n    \""Pfizer's purchase price\"",\n    \""Pfizer's bid price\"",\n    \""Pfizer's purchase price\"",\n    \""Pfizer's bid price\"",\n    \""Pfizer's purchase price\"",\n    \""Pfizer's bid price\"",\n    \""Pfizer's purchase price\"",\n    \""Pfizer's bid price\"",\n    \""Pfizer's purchase price\"",\n    \""Pfizer's bid price\"",\n    \""Pfizer's purchase price\"",\n    \""Pfizer's bid price\"",\n    \""Pfizer's purchase price\"",\n    \""Pfizer's bid price\"",\n    \""Pfizer's purchase price\"",\n    \""Pfizer's bid price\"",\n    \""Pfizer's purchase price\"",\n    \""Pfizer's bid price\"",\n    \""Pfizer's purchase price\"",\n    \""Pfizer's bid price\"",\n    \""Pfizer's purchase price\"",\n    \""Pfizer's bid price\"",\n    \""Pfizer's purchase price\"",\n    \""Pfizer's bid price\"",\n    \""Pfizer's purchase price\"",\n    \""Pfizer's bid price\"",\n    \""Pfizer's purchase price\"",\n    \""Pfizer's bid price\"",\n    \""Pfizer's purchase price\"",\n    \""Pfizer's bid price\"",\n    \""Pfizer's purchase price\"",\n    \""Pfizer's bid price\"",\n    \""Pfizer's purchase price\"",\n    \""Pfizer's bid price\"",\n    \""Pfizer's purchase price\"",\n    \""Pfizer's bid price\"",\n    \""Pfizer's purchase price\"",\n    \""Pfizer's bid price\"",\n    \""Pfizer's purchase price\"",\n    \""Pfizer's bid price\"",\n    \""Pfizer's purchase price\"",\n    \""Pfizer's bid price\"",\n    \""Pfizer's purchase price\"",\n    \""Pfizer's bid price\"",\n    \""Pfizer's purchase price\"",\n    \""Pfizer's bid price\"",\n    \""Pfizer's purchase price\"",\n    \""Pfizer's bid price\"",\n    \""Pfizer's purchase price\"",\n    \""Pfizer's bid price\"",\n    \""Pfizer's purchase price\"",\n    \""Pfizer's bid price\"",\n    \""Pfizer's purchase price\"",\n    \""Pfizer's bid price\"",\n    \""Pfizer's purchase price\"",\n    \""Pfizer's bid price\"",\n    \""Pfizer's purchase price\"",\n    \""Pfizer's bid price\"",\n    \""Pfizer's purchase price\"",\n    \""Pfizer's bid price\"",\n    \""Pfizer's purchase price\"",\n    \""Pfizer's bid price\"",\n    \""Pfizer's purchase price\"",\n    \""Pfizer's bid price\"",\n    \""Pfizer's purchase price\"",\n    \""Pfizer's bid price\"",\n    \""Pfizer's purchase price\"",\n    \""Pfizer's bid price\"",\n    \""Pfizer's purchase price\"",\n    \""Pfizer's bid price\"",\n    \""Pfizer's purchase price\"",\n    \""Pfizer's bid price\"",\n    \""Pfizer's purchase price\"",\n    \""Pfizer's bid price\"",\n    \""Pfizer's purchase price\"",\n    \""Pfizer's bid price\"",\n    \""Pfizer's purchase price\"",\n    \""Pfizer's bid price""]"
baml,BAMLAdapter(),financial-ner-0013,validation_error,ValidationError,0.3818203370028641,1,json_object,0,8,0.0,False,,Company[0];Company[1];Date[0];Location;Money;Person;Product;Quantity,,581,0,3,0.0,0,"[""{\n  \""entities\"": [\n    \""United Technologies\"",\n    \""Raytheon\"",\n    \""deal\"",\n    \""early 2020\""\n  ]\n}""]"
baml,BAMLAdapter(),financial-ner-0014,validation_error,ValidationError,0.38223955902503803,1,json_object,0,8,0.0,False,,Company[0];Company[1];Date;Location;Money[0];Person[0];Product;Quantity,,622,0,4,0.0,0,"[""{\n  \""entities\"": [\n    {\n      \""Company\"": [\""BMS\"", \""Celgene\""],\n      \""Date\"": [\""last month\""],\n      \""Location\"": [\""worldwide\""],\n      \""Money\"": [\""$74 billion\""],\n      \""Person\"": [\""Giovanni Caforio\""]\n    }\n  ]\n}""]"
baml,BAMLAdapter(),financial-ner-0015,validation_error,ValidationError,0.5506635759957135,1,json_object,0,8,0.0,False,,Company[0];Company[1];Date;Location;Money[0];Person;Product;Quantity,,635,0,3,0.0,0,"[""{\n  \""entities\"": [\n    {\n      \""Company\"": \""CVS\"",\n      \""Date\"": null,\n      \""Location\"": null,\n      \""Money\"": null,\n      \""Product\"": null,\n      \""Quantity\"": null\n    },\n    {\n      \""Company\"": \""Caremark\"",\n      \""Date\"": null,\n      \""Location\"": null,\n      \""Money\"": null,\n      \""Product\"": null,\n      \""Quantity\"": null\n    }\n  ]\n}""]"
baml,BAMLAdapter(),financial-ner-0016,validation_error,ValidationError,0.2506728979933541,1,json_object,0,10,0.0,False,,Company[0];Company[1];Company[2];Company[3];Date;Location[0];Money;Person;Product;Quantity,,634,0,5,0.0,0,"[""{\n  \""entities\"": [\n    \""Allergan\"",\n    \""Valeant\"",\n    \""Actavis plc\"",\n    \""Allergan plc\""\n  ]\n}""]"
baml,BAMLAdapter(),financial-ner-0017,validation_error,ValidationError,0.5075045920093544,1,json_object,0,8,0.0,False,,Company[0];Company[1];Date;Location;Money[0];Person;Product;Quantity,,636,0,3,0.0,0,"[""{\n  \""entities\"": [\n    {\n      \""Company\"": [\""ChemChina\"", \""Syngenta\""],\n      \""Date\"": [\""2021-01-01\""],\n      \""Location\"": [\""China\"", \""Switzerland\""],\n      \""Money\"": [\""$43 billion\""],\n      \""Product\"": [\""ChemChina\"", \""Syngenta\""],\n      \""Quantity\"": [\""$43 billion\""]\n    }\n  ]\n}""]"
baml,BAMLAdapter(),financial-ner-0018,validation_error,ValidationError,0.5059144749830011,1,json_object,0,8,0.0,False,,Company[0];Company[1];Date;Location;Money[0];Person;Product;Quantity,,641,0,3,0.0,0,"[""{\n  \""entities\"": [\n    {\n      \""Company\"": \""London Stock Exchange\"",\n      \""Date\"": null,\n      \""Location\"": null,\n      \""Money\"": null,\n      \""Product\"": null,\n      \""Quantity\"": null\n    },\n    {\n      \""Company\"": \""Refinitiv\"",\n      \""Date\"": null,\n      \""Location\"": null,\n      \""Money\"": null,\n      \""Product\"": null,\n      \""Quantity\"": null\n    }\n  ]\n}""]"
baml,BAMLAdapter(),financial-ner-0019,validation_error,ValidationError,0.2702028109924868,1,json_object,0,8,0.0,False,,Company[0];Company[1];Date[0];Location;Money;Person;Product;Quantity,,598,0,3,0.0,0,"[""{\n  \""entities\"": [\n    \""Chrysler\"",\n    \""Daimler Benz\"",\n    \""auto merger deal\"",\n    \""May 7\"",\n    \""1998\""\n  ]\n}""]"
baml,BAMLAdapter(),financial-ner-0020,validation_error,ValidationError,0.5235371459857561,1,json_object,0,7,0.0,False,,Company;Date;Location[0];Money;Person;Product;Quantity,,648,0,1,0.0,0,"[""{\n  \""entities\"": [\n    {\n      \""Company\"": \""Chinese firms\"",\n      \""Date\"": null,\n      \""Location\"": null,\n      \""Money\"": null,\n      \""Product\"": null,\n      \""Quantity\"": null\n    },\n    {\n      \""Company\"": \""mega - merger talks\"",\n      \""Date\"": null,\n      \""Location\"": null,\n      \""Money\"": null,\n      \""Product\"": null,\n      \""Quantity\"": null\n    }\n  ]\n}""]"
baml,BAMLAdapter(),financial-ner-0021,validation_error,ValidationError,0.4493277360161301,1,json_object,0,8,0.0,False,,Company[0];Company[1];Date;Location[0];Money[0];Person;Product;Quantity,,631,0,4,0.0,0,"[""{\n  \""entities\"": [\n    {\n      \""Company\"": [\""Hutchison\"", \""VimpelCom\""],\n      \""Date\"": [\""2021-03-11\""],\n      \""Location\"": [\""Italy\""],\n      \""Money\"": [\""$24 billion\""],\n      \""Product\"": [\""deal\""],\n      \""Quantity\"": [\""$24 billion\""]\n    }\n  ]\n}""]"
baml,BAMLAdapter(),financial-ner-0022,validation_error,ValidationError,0.3963416269980371,1,json_object,0,8,0.0,False,,Company[0];Company[1];Date;Location;Money[0];Person;Product;Quantity,,610,0,3,0.0,0,"[""{\n  \""entities\"": [\n    {\n      \""Company\"": [\""SoftBank\"", \""ARM\""],\n      \""Date\"": [\""last month\""],\n      \""Location\"": [\""Japan\""],\n      \""Money\"": [\""$31 billion\""],\n      \""Product\"": [\""ARM\""],\n      \""Quantity\"": [\""$31 billion\""]\n    }\n  ]\n}""]"
baml,BAMLAdapter(),financial-ner-0023,validation_error,ValidationError,0.26131776900729164,1,json_object,0,8,0.0,False,,Company[0];Company[1];Date;Location;Money[0];Person;Product;Quantity,,589,0,3,0.0,0,"[""{\n  \""entities\"": [\n    \""Charles Schwab\"",\n    \""TD Ameritrade\"",\n    \""26 billion\"",\n    \""all - stock deal\""\n  ]\n}""]"
baml,BAMLAdapter(),financial-ner-0024,validation_error,ValidationError,4.447711071989033,1,json_object,0,8,0.0,False,,Company[0];Company[1];Date;Location;Money[0];Person;Product;Quantity,,1480,0,3,0.0,0,"[""{\n  \""entities\"": [\n    \""Xerox\"",\n    \""HP\"",\n    \""money\"",\n    \""stock\"",\n    \""cash\"",\n    \""counter-offer\"",\n    \""Xerox\"",\n    \""HP\"",\n    \""money\"",\n    \""stock\"",\n    \""cash\"",\n    \""counter-offer\"",\n    \""Xerox\"",\n    \""HP\"",\n    \""money\"",\n    \""stock\"",\n    \""cash\"",\n    \""counter-offer\"",\n    \""Xerox\"",\n    \""HP\"",\n    \""money\"",\n    \""stock\"",\n    \""cash\"",\n    \""counter-offer\"",\n    \""Xerox\"",\n    \""HP\"",\n    \""money\"",\n    \""stock\"",\n    \""cash\"",\n    \""counter-offer\"",\n    \""Xerox\"",\n    \""HP\"",\n    \""money\"",\n    \""stock\"",\n    \""cash\"",\n    \""counter-offer\"",\n    \""Xerox\"",\n    \""HP\"",\n    \""money\"",\n    \""stock\"",\n    \""cash\"",\n    \""counter-offer\"",\n    \""Xerox\"",\n    \""HP\"",\n    \""money\"",\n    \""stock\"",\n    \""cash\"",\n    \""counter-offer\"",\n    \""Xerox\"",\n    \""HP\"",\n    \""money\"",\n    \""stock\"",\n    \""cash\"",\n    \""counter-offer\"",\n    \""Xerox\"",\n    \""HP\"",\n    \""money\"",\n    \""stock\"",\n    \""cash\"",\n    \""counter-offer\"",\n    \""Xerox\"",\n    \""HP\"",\n    \""money\"",\n    \""stock\"",\n    \""cash\"",\n    \""counter-offer\"",\n    \""Xerox\"",\n    \""HP\"",\n    \""money\"",\n    \""stock\"",\n    \""cash\"",\n    \""counter-offer\"",\n    \""Xerox\"",\n    \""HP\"",\n    \""money\"",\n    \""stock\"",\n    \""cash\"",\n    \""counter-offer\"",\n    \""Xerox\"",\n    \""HP\"",\n    \""money\"",\n    \""stock\"",\n    \""cash\"",\n    \""counter-offer\"",\n    \""Xerox\"",\n    \""HP\"",\n    \""money\"",\n    \""stock\"",\n    \""cash\"",\n    \""counter-offer\"",\n    \""Xerox\"",\n    \""HP\"",\n    \""money\"",\n    \""stock\"",\n    \""cash\"",\n    \""counter-offer\"",\n    \""Xerox\"",\n    \""HP\"",\n    \""money\"",\n    \""stock\"",\n    \""cash\"",\n    \""counter-offer\"",\n    \""Xerox\"",\n    \""HP\"",\n    \""money\"",\n    \""stock\"",\n    \""cash\"",\n    \""counter-offer\"",\n    \""Xerox\"",\n    \""HP\"",\n    \""money\"",\n    \""stock\"",\n    \""cash\"",\n    \""counter-offer\"",\n    \""Xerox\"",\n    \""HP\"",\n    \""money\"",\n    \""stock\"",\n    \""cash\"",\n    \""counter-offer\"",\n    \""Xerox\"",\n    \""HP\"",\n    \""money\"",\n    \""stock\"",\n    \""cash\"",\n    \""counter-offer\"",\n    \""Xerox\"",\n    \""HP\"",\n    \""money\"",\n    \""stock\"",\n    \""cash\"",\n    \""counter-offer\"",\n    \""Xerox\"",\n    \""HP\"",\n    \""money\"",\n    \""stock\"",\n    \""cash\"",\n    \""counter-offer\"",\n    \""Xerox\"",\n    \""HP\"",\n    \""money\"",\n    \""stock\"",\n    \""cash\"",\n    \""counter-offer\"",\n    \""Xerox\"",\n    \""HP\"",\n    \""money\"",\n    \""stock\"",\n    \""cash\"",\n    \""counter-offer\"",\n    \""Xerox\"",\n    \""HP\"",\n    \""money\"",\n    \""stock\"",\n    \""cash\"",\n    \""counter-offer\"",\n    \""Xerox\"",\n    \""HP\"",\n    \""money\"",\n    \""stock\"",\n    \""cash\"",\n    \""counter-offer\"",\n    \""Xerox\"",\n    \""HP\"",\n    \""money\"",\n    \""stock\"",\n    \""cash\"",\n    \""counter-offer\"",\n    \""Xerox\"",\n    \""HP\"",\n    \""money\"",\n    \""stock\"",\n    \""cash\"",\n    \""counter-offer\"",\n    \""Xerox\"",\n    \""HP\"",\n    \""money\"",\n    \""stock\"",\n    \""cash\"",\n    \""counter-offer\"",\n    \""Xerox\"",\n    \""HP\"",\n    \""money\"",\n    \""stock\"",\n    \""cash\"",\n    \""counter-offer\"",\n    \""Xerox\"",\n    \""HP\"",\n    \""money\"",\n    \""stock\"",\n    \""cash\"",\n    \""counter-""]"
baml,BAMLAdapter(),financial-ner-0025,validation_error,ValidationError,0.4687402859854046,1,json_object,0,7,0.0,False,,Company[0];Date;Location[0];Money;Person;Product;Quantity[0],,584,0,3,0.0,0,"[""{\n  \""entities\"": [\n    \""China Mobile\"",\n    \""seven Chinese state - owned mobile communications businesses\"",\n    \""consolidation effort\""\n  ]\n}""]"
baml,BAMLAdapter(),financial-ner-0026,validation_error,ValidationError,0.35769184402306564,1,json_object,0,8,0.0,False,,Company[0];Company[1];Date;Location;Money[0];Person;Product;Quantity,,605,0,3,0.0,0,"[""{\n  \""entities\"": [\n    {\n      \""Company\"": [\""GSK\"", \""Unilever\""],\n      \""Date\"": [\""last month\""],\n      \""Location\"": [\""worldwide\""],\n      \""Money\"": [\""$68 billion\""],\n      \""Product\"": [\""consumer division\""]\n    }\n  ]\n}""]"
baml,BAMLAdapter(),financial-ner-0027,validation_error,ValidationError,0.1674977850052528,1,json_object,0,8,0.0,False,,Company[0];Company[1];Date;Location;Money;Person;Product;Quantity,,560,0,2,0.0,0,"[""{\n  \""entities\"": [\n    \""Guidant\"",\n    \""Boston Scientific\""\n  ]\n}""]"
baml,BAMLAdapter(),financial-ner-0028,validation_error,ValidationError,0.38688465298037045,1,json_object,0,9,0.0,False,,Company[0];Company[1];Company[2];Date;Location;Money;Person;Product;Quantity,,614,0,3,0.0,0,"[""{\n  \""entities\"": [\n    {\n      \""Company\"": [\""Global Crossing\"", \""Qwest\""],\n      \""Date\"": [\""last month\""],\n      \""Location\"": [\""US West\""],\n      \""Money\"": [\""US West\""],\n      \""Product\"": [\""acquiring\""],\n      \""Quantity\"": [\""lost out\""]\n    }\n  ]\n}""]"
baml,BAMLAdapter(),financial-ner-0029,validation_error,ValidationError,0.3328470459964592,1,json_object,0,9,0.0,False,,Company[0];Company[1];Date;Location[0];Location[1];Money[0];Person;Product[0];Quantity,,631,0,6,0.0,0,"[""{\n  \""entities\"": [\n    \""Halliburton\"",\n    \""Baker Hughes\"",\n    \""merger deal\"",\n    \""U.S. and European antitrust regulators\"",\n    \""oilfield services provider\"",\n    \""smaller rival\""\n  ]\n}""]"
sola-json-sections,"StructuredOutputAdapter(output_mode=JSON, prompt_layout=SECTIONS)",financial-ner-0000,validation_error,ValidationError,0.8611944980220869,1,json_object,0,8,0.0,False,,Company[0];Company[1];Date;Location;Money;Person;Product;Quantity,,961,0,2,0.0,0,"[""{\n  \""entities\"": [\n    {\n      \""Company\"": \""Albertsons\"",\n      \""Date\"": \""not explicitly mentioned\"",\n      \""Location\"": \""not explicitly mentioned\"",\n      \""Money\"": \""not explicitly mentioned\"",\n      \""Person\"": \""not explicitly mentioned\"",\n      \""Product\"": \""not explicitly mentioned\"",\n      \""Quantity\"": \""not explicitly mentioned\""\n    },\n    {\n      \""Company\"": \""Rite Aid\"",\n      \""Date\"": \""not explicitly mentioned\"",\n      \""Location\"": \""not explicitly mentioned\"",\n      \""Money\"": \""not explicitly mentioned\"",\n      \""Person\"": \""not explicitly mentioned\"",\n      \""Product\"": \""not explicitly mentioned\"",\n      \""Quantity\"": \""not explicitly mentioned\""\n    }\n  ]\n}""]"
sola-json-sections,"StructuredOutputAdapter(output_mode=JSON, prompt_layout=SECTIONS)",financial-ner-0001,validation_error,ValidationError,0.27277568698627874,1,json_object,0,8,0.0,False,,Company[0];Company[1];Date;Location[0];Money;Person;Product;Quantity,,846,0,3,0.0,0,"[""{\n  \""entities\"": [\n    {\n      \""Company\"": \""Essilor\"",\n      \""Title\"": \""EU clears merger of Essilor , Luxottica without conditions\""\n    }\n  ]\n}""]"
sola-json-sections,"StructuredOutputAdapter(output_mode=JSON, prompt_layout=SECTIONS)",financial-ner-0002,validation_error,ValidationError,0.4773243539966643,1,json_object,0,9,0.0,False,,Company[0];Company[1];Company[2];Date[0];Location[0];Money[0];Person[0];Product;Quantity,,926,0,7,0.0,0,"[""{\n  \""entities\"": [\n    {\n      \""Company\"": \""Broadcom\"",\n      \""Date\"": \""February 21\"",\n      \""Location\"": \""worldwide\"",\n      \""Money\"": \""$117 billion\"",\n      \""Person\"": \""Donald Trump\"",\n      \""Product\"": \""NXP Semconductors\"",\n      \""Quantity\"": \""not specified\""\n    }\n  ]\n}""]"
sola-json-sections,"StructuredOutputAdapter(output_mode=JSON, prompt_layout=SECTIONS)",financial-ner-0003,validation_error,ValidationError,0.4699809110024944,1,json_object,0,8,0.0,False,,Company[0];Company[1];Date;Location;Money[0];Person;Product;Quantity,,886,0,3,0.0,0,"[""{\n  \""entities\"": [\n    {\n      \""Company\"": \""Bank of America\"",\n      \""Date\"": \""Not explicitly mentioned\"",\n      \""Location\"": \""Not explicitly mentioned\"",\n      \""Money\"": \""$50 billion\"",\n      \""Person\"": \""Not explicitly mentioned\"",\n      \""Product\"": \""Merrill Lynch\"",\n      \""Quantity\"": \""Not explicitly mentioned\""\n    }\n  ]\n}""]"
sola-json-sections,"StructuredOutputAdapter(output_mode=JSON, prompt_layout=SECTIONS)",financial-ner-0004,validation_error,ValidationError,0.8828420850040857,1,json_object,0,10,0.0,False,,Company[0];Company[1];Company[2];Company[3];Date;Location;Money[0];Person;Product;Quantity,,973,0,5,0.0,0,"[""{\n  \""entities\"": [\n    {\n      \""Company\"": \""Broadcom\"",\n      \""Date\"": \""2021-03-15\"",\n      \""Location\"": \""United States\"",\n      \""Money\"": \""$117 billion\"",\n      \""Person\"": \""Broadcom CEO Hock Cohen\"",\n      \""Product\"": \""Qualcomm\"",\n      \""Quantity\"": \""1\""\n    },\n    {\n      \""Company\"": \""Qualcomm\"",\n      \""Date\"": \""2021-03-15\"",\n      \""Location\"": \""United States\"",\n      \""Money\"": \""$117 billion\"",\n      \""Person\"": \""Qualcomm CEO Steve Mollenkopf\"",\n      \""Product\"": \""Qualcomm\"",\n      \""Quantity\"": \""1\""\n    }\n  ]\n}""]"
sola-json-sections,"StructuredOutputAdapter(output_mode=JSON, prompt_layout=SECTIONS)",financial-ner-0005,validation_error,ValidationError,0.43601791199762374,1,json_object,0,7,0.0,False,,Company[0];Date;Location[0];Money[0];Person;Product;Quantity,,885,0,3,0.0,0,"[""{\n  \""entities\"": [\n    {\n      \""Company\"": \""British Company\"",\n      \""Date\"": \""not explicitly mentioned\"",\n      \""Location\"": \""not explicitly mentioned\"",\n      \""Money\"": \""$22 Billion\"",\n      \""Person\"": \""not explicitly mentioned\"",\n      \""Product\"": \""not explicitly mentioned\"",\n      \""Quantity\"": \""not explicitly mentioned\""\n    }\n  ]\n}""]"
sola-json-sections,"StructuredOutputAdapter(output_mode=JSON, prompt_layout=SECTIONS)",financial-ner-0006,validation_error,ValidationError,1.2542766419937834,1,json_object,0,13,0.0,False,,Company[0];Company[1];Company[2];Date;Location;Money[0];Money[1];Money[2];Money[3];Money[4];Person;Product;Quantity,,1120,0,8,0.0,0,"[""{\n  \""entities\"": [\n    {\n      \""Company\"": \""Johnson & Johnson\"",\n      \""Date\"": \""re - negotiated\"",\n      \""Location\"": \""Boston Scientific\"",\n      \""Money\"": \""$21.5 billion\"",\n      \""Person\"": \""Guidant\"",\n      \""Product\"": \""Guidant\"",\n      \""Quantity\"": \""72 per share\"",\n      \""Title\"": \""Company\""\n    },\n    {\n      \""Company\"": \""Boston Scientific\"",\n      \""Date\"": \""re - negotiated\"",\n      \""Location\"": \""Boston Scientific\"",\n      \""Money\"": \""$24.6 billion\"",\n      \""Person\"": \""Boston Scientific\"",\n      \""Product\"": \""Boston Scientific\"",\n      \""Quantity\"": \""36 a share\"",\n      \""Title\"": \""Company\""\n    },\n    {\n      \""Company\"": \""Guidant\"",\n      \""Date\"": \""re - negotiated\"",\n      \""Location\"": \""Boston Scientific\"",\n      \""Money\"": \""$72\"",\n      \""Person\"": \""Guidant\"",\n      \""Product\"": \""Guidant\"",\n      \""Quantity\"": \""36\"",\n      \""Title\"": \""Product\""\n    }\n  ]\n}""]"
sola-json-sections,"StructuredOutputAdapter(output_mode=JSON, prompt_layout=SECTIONS)",financial-ner-0007,validation_error,ValidationError,0.4347731029847637,1,json_object,0,8,0.0,False,,Company[0];Company[1];Date;Location;Money[0];Person;Product;Quantity,,883,0,3,0.0,0,"[""{\n  \""entities\"": [\n    {\n      \""Company\"": \""Time Warner\"",\n      \""Date\"": \""not explicitly mentioned\"",\n      \""Location\"": \""not explicitly mentioned\"",\n      \""Money\"": \""$80B\"",\n      \""Person\"": \""not explicitly mentioned\"",\n      \""Product\"": \""not explicitly mentioned\"",\n      \""Quantity\"": \""not explicitly mentioned\""\n    }\n  ]\n}""]"
sola-json-sections,"StructuredOutputAdapter(output_mode=JSON, prompt_layout=SECTIONS)",financial-ner-0008,validation_error,ValidationError,0.7640921850106679,1,json_object,0,7,0.0,False,,Company;Date;Location[0];Money;Person;Product;Quantity,,950,0,1,0.0,0,"[""{\n  \""entities\"": [\n    {\n      \""Company\"": \""Japan Banks\"",\n      \""Date\"": \""Not explicitly mentioned\"",\n      \""Location\"": \""Japan\"",\n      \""Money\"": \""Not explicitly mentioned\"",\n      \""Person\"": \""Not explicitly mentioned\"",\n      \""Product\"": \""Not explicitly mentioned\"",\n      \""Quantity\"": \""Not explicitly mentioned\""\n    },\n    {\n      \""Company\"": \""Wider Effects\"",\n      \""Date\"": \""Not explicitly mentioned\"",\n      \""Location\"": \""Not explicitly mentioned\"",\n      \""Money\"": \""Not explicitly mentioned\"",\n      \""Person\"": \""Not explicitly mentioned\"",\n      \""Product\"": \""Not explicitly mentioned\"",\n      \""Quantity\"": \""Not explicitly mentioned\""\n    }\n  ]\n}""]"
sola-json-sections,"StructuredOutputAdapter(output_mode=JSON, prompt_layout=SECTIONS)",financial-ner-0009,validation_error,ValidationError,0.5164078020025045,1,json_object,0,7,0.0,False,,Company[0];Date[0];Location;Money;Person;Product;Quantity[0],,934,0,3,0.0,0,"[""{\n  \""entities\"": [\n    {\n      \""Company\"": \""Columbia Group\"",\n      \""Date\"": \""SEP 8\"",\n      \""Location\"": \""Consolidation to Form a New Corporation\"",\n      \""Money\"": \""Utilities Concern\"",\n      \""Person\"": \""Not explicitly mentioned in the text\"",\n      \""Product\"": \""Not explicitly mentioned in the text\"",\n      \""Quantity\"": \""Not explicitly mentioned in the text\""\n    }\n  ]\n}""]"
sola-json-sections,"StructuredOutputAdapter(output_mode=JSON, prompt_layout=SECTIONS)",financial-ner-0010,validation_error,ValidationError,0.7597342100052629,1,json_object,0,9,0.0,False,,Company[0];Company[1];Company[2];Date;Location;Money;Person;Product;Quantity,,951,0,3,0.0,0,"[""{\n  \""entities\"": [\n    {\n      \""Company\"": \""BB&T\"",\n      \""Date\"": \""in a decade\"",\n      \""Location\"": \""U.S.\"",\n      \""Money\"": \""not explicitly mentioned\"",\n      \""Person\"": \""not explicitly mentioned\"",\n      \""Product\"": \""not explicitly mentioned\"",\n      \""Quantity\"": \""not explicitly mentioned\""\n    },\n    {\n      \""Company\"": \""SunTrust\"",\n      \""Date\"": \""in a decade\"",\n      \""Location\"": \""U.S.\"",\n      \""Money\"": \""not explicitly mentioned\"",\n      \""Person\"": \""not explicitly mentioned\"",\n      \""Product\"": \""not explicitly mentioned\"",\n      \""Quantity\"": \""not explicitly mentioned\""\n    }\n  ]\n}""]"
sola-json-sections,"StructuredOutputAdapter(output_mode=JSON, prompt_layout=SECTIONS)",financial-ner-0011,validation_error,ValidationError,0.7527682869986165,1,json_object,0,8,0.0,False,,Company[0];Company[1];Date;Location;Money;Person;Product;Quantity,,949,0,2,0.0,0,"[""{\n  \""entities\"": [\n    {\n      \""Company\"": \""Statoil\"",\n      \""Date\"": \""N/A\"",\n      \""Location\"": \""N/A\"",\n      \""Money\"": \""N/A\"",\n      \""Person\"": \""N/A\"",\n      \""Product\"": \""N/A\"",\n      \""Quantity\"": \""N/A\""\n    },\n    {\n      \""Company\"": \""Norsk Hydro\"",\n      \""Date\"": \""N/A\"",\n      \""Location\"": \""N/A\"",\n      \""Money\"": \""N/A\"",\n      \""Person\"": \""N/A\"",\n      \""Product\"": \""N/A\"",\n      \""Quantity\"": \""N/A\""\n    }\n  ]\n}""]"
sola-json-sections,"StructuredOutputAdapter(output_mode=JSON, prompt_layout=SECTIONS)",financial-ner-0012,validation_error,ValidationError,0.47388486601994373,1,json_object,0,9,0.0,False,,Company[0];Company[1];Date;Location;Money[0];Money[1];Person;Product;Quantity,,914,0,4,0.0,0,"[""{\n  \""entities\"": [\n    {\n      \""Company\"": \""Pfizer\"",\n      \""Date\"": \""just after the announcement\"",\n      \""Location\"": \""American Home Products\"",\n      \""Money\"": \""$65 billion\"",\n      \""Person\"": \""Pfizer\"",\n      \""Product\"": \""deal with American Home Products\"",\n      \""Quantity\"": \""in excess of $90 billion\""\n    }\n  ]\n}""]"
sola-json-sections,"StructuredOutputAdapter(output_mode=JSON, prompt_layout=SECTIONS)",financial-ner-0013,validation_error,ValidationError,0.451280028995825,1,json_object,0,8,0.0,False,,Company[0];Company[1];Date[0];Location;Money;Person;Product;Quantity,,883,0,3,0.0,0,"[""{\n  \""entities\"": [\n    {\n      \""Company\"": \""United Technologies\"",\n      \""Date\"": \""early 2020\"",\n      \""Location\"": \""not explicitly mentioned\"",\n      \""Money\"": \""not explicitly mentioned\"",\n      \""Person\"": \""not explicitly mentioned\"",\n      \""Product\"": \""deal\"",\n      \""Quantity\"": \""not explicitly mentioned\""\n    }\n  ]\n}""]"
sola-json-sections,"StructuredOutputAdapter(output_mode=JSON, prompt_layout=SECTIONS)",financial-ner-0014,validation_error,ValidationError,1.6096483599976636,1,json_object,0,8,0.0,False,,Company[0];Company[1];Date;Location;Money[0];Person[0];Product;Quantity,,1129,0,4,0.0,0,"[""{\n  \""entities\"": [\n    {\n      \""Company\"": \""BMS\"",\n      \""title\"": \""Bristol Myers Squibb Company\"",\n      \""description\"": \""A global biopharmaceutical company headquartered in the United States.\""\n    },\n    {\n      \""Date\"": \""2021\"",\n      \""title\"": \""July 2021\"",\n      \""description\"": \""The acquisition was announced on July 2021.\""\n    },\n    {\n      \""Location\"": \""United States\"",\n      \""title\"": \""United States\"",\n      \""description\"": \""The company is based in the United States.\""\n    },\n    {\n      \""Money\"": \""$74 billion\"",\n      \""title\"": \""74 billion dollars\"",\n      \""description\"": \""The acquisition cost was reported as $74 billion.\""\n    },\n    {\n      \""Person\"": \""Giovanni Caforio\"",\n      \""title\"": \""CEO\"",\n      \""description\"": \""The CEO of Bristol Myers Squibb Company.\""\n    },\n    {\n      \""Product\"": \""Celgene\"",\n      \""title\"": \""Celgene\"",\n      \""description\"": \""A biopharmaceutical company that develops and commercializes innovative medicines.\""\n    },\n    {\n      \""Quantity\"": \""74 billion\"",\n      \""title\"": \""74 billion\"",\n      \""description\"": \""The acquisition cost was reported as $74 billion.\""\n    }\n  ]\n}""]"
sola-json-sections,"StructuredOutputAdapter(output_mode=JSON, prompt_layout=SECTIONS)",financial-ner-0015,validation_error,ValidationError,0.4357641880051233,1,json_object,0,8,0.0,False,,Company[0];Company[1];Date;Location;Money[0];Person;Product;Quantity,,879,0,3,0.0,0,"[""{\n  \""entities\"": [\n    {\n      \""Company\"": \""CVS\"",\n      \""Date\"": \""Not explicitly mentioned\"",\n      \""Location\"": \""Not explicitly mentioned\"",\n      \""Money\"": \""$21 Billion\"",\n      \""Person\"": \""Not explicitly mentioned\"",\n      \""Product\"": \""Not explicitly mentioned\"",\n      \""Quantity\"": \""Not explicitly mentioned\""\n    }\n  ]\n}""]"
sola-json-sections,"StructuredOutputAdapter(output_mode=JSON, prompt_layout=SECTIONS)",financial-ner-0016,validation_error,ValidationError,0.7065540440089535,1,json_object,0,10,0.0,False,,Company[0];Company[1];Company[2];Company[3];Date;Location[0];Money;Person;Product;Quantity,,991,0,5,0.0,0,"[""{\n  \""entities\"": [\n    {\n      \""Company\"": \""Allergan\"",\n      \""Date\"": \""last month\"",\n      \""Location\"": \""Canada\"",\n      \""Money\"": \""cash - and - stock offer\"",\n      \""Person\"": \""Allergan\"",\n      \""Product\"": \""Valeant\"",\n      \""Quantity\"": \""acquisition\""\n    },\n    {\n      \""Company\"": \""Actavis plc\"",\n      \""Date\"": \""last month\"",\n      \""Location\"": \""Canada\"",\n      \""Money\"": \""acquisition\"",\n      \""Person\"": \""Allergan\"",\n      \""Product\"": \""Allergan plc\""\n    }\n  ]\n}""]"
sola-json-sections,"StructuredOutputAdapter(output_mode=JSON, prompt_layout=SECTIONS)",financial-ner-0017,validation_error,ValidationError,0.41754489901359193,1,json_object,0,8,0.0,False,,Company[0];Company[1];Date;Location;Money[0];Person;Product;Quantity,,878,0,3,0.0,0,"[""{\n  \""entities\"": [\n    {\n      \""Company\"": \""ChemChina\"",\n      \""Date\"": \""Not explicitly mentioned\"",\n      \""Location\"": \""Global\"",\n      \""Money\"": \""$43 billion\"",\n      \""Person\"": \""ChemChina\"",\n      \""Product\"": \""Syngenta\"",\n      \""Quantity\"": \""Not explicitly mentioned\""\n    }\n  ]\n}""]"
sola-json-sections,"StructuredOutputAdapter(output_mode=JSON, prompt_layout=SECTIONS)",financial-ner-0018,validation_error,ValidationError,0.4483962189988233,1,json_object,0,8,0.0,False,,Company[0];Company[1];Date;Location;Money[0];Person;Product;Quantity,,885,0,3,0.0,0,"[""{\n  \""entities\"": [\n    {\n      \""Company\"": \""London Stock Exchange\"",\n      \""Date\"": \""not explicitly mentioned\"",\n      \""Location\"": \""London, UK\"",\n      \""Money\"": \""$27 billion\"",\n      \""Person\"": \""not explicitly mentioned\"",\n      \""Product\"": \""Refinitiv\"",\n      \""Quantity\"": \""not explicitly mentioned\""\n    }\n  ]\n}""]"
sola-json-sections,"StructuredOutputAdapter(output_mode=JSON, prompt_layout=SECTIONS)",financial-ner-0019,validation_error,ValidationError,0.4582929259922821,1,json_object,0,8,0.0,False,,Company[0];Company[1];Date[0];Location;Money;Person;Product;Quantity,,896,0,3,0.0,0,"[""{\n  \""entities\"": [\n    {\n      \""Company\"": \""Chrysler\"",\n      \""Date\"": \""May 7, 1998\"",\n      \""Location\"": \""not explicitly mentioned\"",\n      \""Money\"": \""not explicitly mentioned\"",\n      \""Person\"": \""not explicitly mentioned\"",\n      \""Product\"": \""not explicitly mentioned\"",\n      \""Quantity\"": \""not explicitly mentioned\""\n    }\n  ]\n}""]"
sola-json-sections,"StructuredOutputAdapter(output_mode=JSON, prompt_layout=SECTIONS)",financial-ner-0020,validation_error,ValidationError,0.6235749920015223,1,json_object,0,7,0.0,False,,Company;Date;Location[0];Money;Person;Product;Quantity,,926,0,1,0.0,0,"[""{\n  \""entities\"": [\n    {\n      \""Company\"": \""Chinese firms\"",\n      \""title\"": \""Chinese firms\""\n    },\n    {\n      \""Money\"": \""mega - merger talks\"",\n      \""title\"": \""mega - merger talks\""\n    },\n    {\n      \""Product\"": \""Chinese firms\"",\n      \""title\"": \""Chinese firms\""\n    },\n    {\n      \""Quantity\"": \""are in mega - merger talks\"",\n      \""title\"": \""are in mega - merger talks\""\n    }\n  ]\n}""]"
sola-json-sections,"StructuredOutputAdapter(output_mode=JSON, prompt_layout=SECTIONS)",financial-ner-0021,validation_error,ValidationError,0.5156876079854555,1,json_object,0,8,0.0,False,,Company[0];Company[1];Date;Location[0];Money[0];Person;Product;Quantity,,900,0,4,0.0,0,"[""{\n  \""entities\"": [\n    {\n      \""Company\"": \""Hutchison\"",\n      \""Title\"": \""VimpelCom\"",\n      \""Location\"": \""Italy\"",\n      \""Date\"": \""2021-01-01\"",\n      \""Money\"": \""$24 Billion\"",\n      \""Person\"": \""N/A\"",\n      \""Product\"": \""assets\"",\n      \""Quantity\"": \""N/A\""\n    }\n  ]\n}""]"
sola-json-sections,"StructuredOutputAdapter(output_mode=JSON, prompt_layout=SECTIONS)",financial-ner-0022,validation_error,ValidationError,0.4558200500032399,1,json_object,0,8,0.0,False,,Company[0];Company[1];Date;Location;Money[0];Person;Product;Quantity,,881,0,3,0.0,0,"[""{\n  \""entities\"": [\n    {\n      \""Company\"": \""SoftBank\"",\n      \""Date\"": \""2021-03-16\"",\n      \""Location\"": \""Japan\"",\n      \""Money\"": \""$31 billion\"",\n      \""Person\"": \""SoftBank Group Corp.\"",\n      \""Product\"": \""ARM Holdings\"",\n      \""Quantity\"": \""1\""\n    }\n  ]\n}""]"
sola-json-sections,"StructuredOutputAdapter(output_mode=JSON, prompt_layout=SECTIONS)",financial-ner-0023,validation_error,ValidationError,0.46169643802568316,1,json_object,0,8,0.0,False,,Company[0];Company[1];Date;Location;Money[0];Person;Product;Quantity,,890,0,3,0.0,0,"[""{\n  \""entities\"": [\n    {\n      \""Company\"": \""Charles Schwab\"",\n      \""Date\"": \""not explicitly mentioned\"",\n      \""Location\"": \""not explicitly mentioned\"",\n      \""Money\"": \""$26 billion\"",\n      \""Person\"": \""not explicitly mentioned\"",\n      \""Product\"": \""TD Ameritrade\"",\n      \""Quantity\"": \""not explicitly mentioned\""\n    }\n  ]\n}""]"
sola-json-sections,"StructuredOutputAdapter(output_mode=JSON, prompt_layout=SECTIONS)",financial-ner-0024,validation_error,ValidationError,4.5221186589915305,1,json_object,0,8,0.0,False,,Company[0];Company[1];Date;Location;Money[0];Person;Product;Quantity,,1739,0,3,0.0,0,"[""{\n  \""entities\"": [\n    {\n      \""Company\"": \""Xerox\"",\n      \""Amount\"": \""$33.5 billion\"",\n      \""Currency\"": \""USD\"",\n      \""CurrencyCode\"": \""USD\"",\n      \""CurrencyName\"": \""USD\"",\n      \""CurrencySymbol\"": \""$\"",\n      \""CurrencyType\"": \""Cash\"",\n      \""CurrencyUnit\"": \""USD\"",\n      \""CurrencyUnitSymbol\"": \""$\"",\n      \""CurrencyUnitType\"": \""Cash\"",\n      \""CurrencyUnitName\"": \""USD\"",\n      \""CurrencyUnitSymbolType\"": \""Cash\"",\n      \""CurrencyUnitNameType\"": \""Cash\"",\n      \""CurrencyUnitSymbolType\"": \""Cash\"",\n      \""CurrencyUnitNameType\"": \""Cash\"",\n      \""CurrencyUnitSymbolType\"": \""Cash\"",\n      \""CurrencyUnitNameType\"": \""Cash\"",\n      \""CurrencyUnitSymbolType\"": \""Cash\"",\n      \""CurrencyUnitNameType\"": \""Cash\"",\n      \""CurrencyUnitSymbolType\"": \""Cash\"",\n      \""CurrencyUnitNameType\"": \""Cash\"",\n      \""CurrencyUnitSymbolType\"": \""Cash\"",\n      \""CurrencyUnitNameType\"": \""Cash\"",\n      \""CurrencyUnitSymbolType\"": \""Cash\"",\n      \""CurrencyUnitNameType\"": \""Cash\"",\n      \""CurrencyUnitSymbolType\"": \""Cash\"",\n      \""CurrencyUnitNameType\"": \""Cash\"",\n      \""CurrencyUnitSymbolType\"": \""Cash\"",\n      \""CurrencyUnitNameType\"": \""Cash\"",\n      \""CurrencyUnitSymbolType\"": \""Cash\"",\n      \""CurrencyUnitNameType\"": \""Cash\"",\n      \""CurrencyUnitSymbolType\"": \""Cash\"",\n      \""CurrencyUnitNameType\"": \""Cash\"",\n      \""CurrencyUnitSymbolType\"": \""Cash\"",\n      \""CurrencyUnitNameType\"": \""Cash\"",\n      \""CurrencyUnitSymbolType\"": \""Cash\"",\n      \""CurrencyUnitNameType\"": \""Cash\"",\n      \""CurrencyUnitSymbolType\"": \""Cash\"",\n      \""CurrencyUnitNameType\"": \""Cash\"",\n      \""CurrencyUnitSymbolType\"": \""Cash\"",\n      \""CurrencyUnitNameType\"": \""Cash\"",\n      \""CurrencyUnitSymbolType\"": \""Cash\"",\n      \""CurrencyUnitNameType\"": \""Cash\"",\n      \""CurrencyUnitSymbolType\"": \""Cash\"",\n      \""CurrencyUnitNameType\"": \""Cash\"",\n      \""CurrencyUnitSymbolType\"": \""Cash\"",\n      \""CurrencyUnitNameType\"": \""Cash\"",\n      \""CurrencyUnitSymbolType\"": \""Cash\"",\n      \""CurrencyUnitNameType\"": \""Cash\"",\n      \""CurrencyUnitSymbolType\"": \""Cash\"",\n      \""CurrencyUnitNameType\"": \""Cash\"",\n      \""CurrencyUnitSymbolType\"": \""Cash\"",\n      \""CurrencyUnitNameType\"": \""Cash\"",\n      \""CurrencyUnitSymbolType\"": \""Cash\"",\n      \""CurrencyUnitNameType\"": \""Cash\"",\n      \""CurrencyUnitSymbolType\"": \""Cash\"",\n      \""CurrencyUnitNameType\"": \""Cash\"",\n      \""CurrencyUnitSymbolType\"": \""Cash\"",\n      \""CurrencyUnitNameType\"": \""Cash\"",\n      \""CurrencyUnitSymbolType\"": \""Cash\"",\n      \""CurrencyUnitNameType\"": \""Cash\"",\n      \""CurrencyUnitSymbolType\"": \""Cash\"",\n      \""CurrencyUnitNameType\"": \""Cash\"",\n      \""CurrencyUnitSymbolType\"": \""Cash\"",\n      \""CurrencyUnitNameType\"": \""Cash\"",\n      \""CurrencyUnitSymbolType\"": \""Cash\"",\n      \""CurrencyUnitNameType\"": \""Cash\"",\n      \""CurrencyUnitSymbolType\"": \""Cash\"",\n      \""CurrencyUnitNameType\"": \""Cash\"",\n      \""CurrencyUnitSymbolType\"": \""Cash\"",\n      \""CurrencyUnitNameType\"": \""Cash\"",\n      \""CurrencyUnitSymbolType\"": \""Cash\"",\n      \""CurrencyUnitNameType\"": \""Cash\"",\n      \""CurrencyUnitSymbolType\"": \""Cash\"",\n      \""CurrencyUnitNameType\"": \""Cash\"",\n      \""CurrencyUnitSymbolType\"": \""Cash\"",\n      \""CurrencyUnitNameType\"": \""Cash\"",\n      \""CurrencyUnitSymbolType\"": \""Cash\"",\n      \""CurrencyUnitNameType\"": \""Cash\"",\n      \""CurrencyUnitSymbolType\"": \""Cash\"",\n      \""CurrencyUnitNameType\"": \""Cash\"",\n      \""CurrencyUnitSymbolType\"": \""Cash\"",\n      \""CurrencyUnitNameType\"": \""Cash\"",\n      \""CurrencyUnitSymbolType\"": \""Cash\"",\n      \""CurrencyUnitNameType\"": \""Cash\"",\n      \""CurrencyUnitSymbolType\"": \""Cash\"",\n      \""CurrencyUnitNameType\"": \""Cash\"",\n      \""CurrencyUnitSymbolType\"": \""Cash\"",\n      \""CurrencyUnitNameType\"": \""Cash\"",\n      \""CurrencyUnitSymbolType\"": \""Cash\"",\n      \""CurrencyUnitNameType\"": \""Cash""]"
sola-json-sections,"StructuredOutputAdapter(output_mode=JSON, prompt_layout=SECTIONS)",financial-ner-0025,validation_error,ValidationError,0.6798795550130308,1,json_object,0,7,0.0,False,,Company[0];Date;Location[0];Money;Person;Product;Quantity[0],,901,0,3,0.0,0,"[""{\n  \""entities\"": [\n    {\n      \""Company\"": \""China Mobile\"",\n      \""Date\"": \""as part of a consolidation effort\"",\n      \""Location\"": \""Chinese state - owned mobile communications businesses\"",\n      \""Money\"": \""not explicitly mentioned\"",\n      \""Person\"": \""not explicitly mentioned\"",\n      \""Product\"": \""seven Chinese state - owned mobile communications businesses\"",\n      \""Quantity\"": \""not explicitly mentioned\""\n    }\n  ]\n}""]"
sola-json-sections,"StructuredOutputAdapter(output_mode=JSON, prompt_layout=SECTIONS)",financial-ner-0026,validation_error,ValidationError,0.42180597499827854,1,json_object,0,8,0.0,False,,Company[0];Company[1];Date;Location;Money[0];Person;Product;Quantity,,873,0,3,0.0,0,"[""{\n  \""entities\"": [\n    {\n      \""Company\"": \""GSK\"",\n      \""Date\"": \""rejected\"",\n      \""Location\"": \""Unilever bid\"",\n      \""Money\"": \""$68 billion\"",\n      \""Person\"": \""rejected\"",\n      \""Product\"": \""consumer division\"",\n      \""Quantity\"": \""rejected\""\n    }\n  ]\n}""]"
sola-json-sections,"StructuredOutputAdapter(output_mode=JSON, prompt_layout=SECTIONS)",financial-ner-0027,validation_error,ValidationError,0.7575211410003249,1,json_object,0,8,0.0,False,,Company[0];Company[1];Date;Location;Money;Person;Product;Quantity,,941,0,2,0.0,0,"[""{\n  \""entities\"": [\n    {\n      \""Company\"": \""Guidant\"",\n      \""Date\"": \""not explicitly mentioned\"",\n      \""Location\"": \""not explicitly mentioned\"",\n      \""Money\"": \""not explicitly mentioned\"",\n      \""Person\"": \""not explicitly mentioned\"",\n      \""Product\"": \""not explicitly mentioned\"",\n      \""Quantity\"": \""not explicitly mentioned\""\n    },\n    {\n      \""Company\"": \""Boston Scientific\"",\n      \""Date\"": \""not explicitly mentioned\"",\n      \""Location\"": \""not explicitly mentioned\"",\n      \""Money\"": \""not explicitly mentioned\"",\n      \""Person\"": \""not explicitly mentioned\"",\n      \""Product\"": \""not explicitly mentioned\"",\n      \""Quantity\"": \""not explicitly mentioned\""\n    }\n  ]\n}""]"
sola-json-sections,"StructuredOutputAdapter(output_mode=JSON, prompt_layout=SECTIONS)",financial-ner-0028,validation_error,ValidationError,0.768515921983635,1,json_object,0,9,0.0,False,,Company[0];Company[1];Company[2];Date;Location;Money;Person;Product;Quantity,,948,0,3,0.0,0,"[""{\n  \""entities\"": [\n    {\n      \""Company\"": \""Global Crossing\"",\n      \""Date\"": \""not explicitly mentioned\"",\n      \""Location\"": \""not explicitly mentioned\"",\n      \""Money\"": \""not explicitly mentioned\"",\n      \""Person\"": \""not explicitly mentioned\"",\n      \""Product\"": \""not explicitly mentioned\"",\n      \""Quantity\"": \""not explicitly mentioned\""\n    },\n    {\n      \""Company\"": \""Qwest\"",\n      \""Date\"": \""not explicitly mentioned\"",\n      \""Location\"": \""not explicitly mentioned\"",\n      \""Money\"": \""not explicitly mentioned\"",\n      \""Person\"": \""not explicitly mentioned\"",\n      \""Product\"": \""not explicitly mentioned\"",\n      \""Quantity\"": \""not explicitly mentioned\""\n    }\n  ]\n}""]"
sola-json-sections,"StructuredOutputAdapter(output_mode=JSON, prompt_layout=SECTIONS)",financial-ner-0029,validation_error,ValidationError,1.8362149849999696,1,json_object,0,9,0.0,False,,Company[0];Company[1];Date;Location[0];Location[1];Money[0];Person;Product[0];Quantity,,1196,0,6,0.0,0,"[""{\n  \""entities\"": [\n    {\n      \""Company\"": \""Halliburton\"",\n      \""Title\"": \""Oilfield services provider\"",\n      \""Description\"": \""A company that provides services related to the oil and gas industry.\""\n    },\n    {\n      \""Company\"": \""Baker Hughes\"",\n      \""Title\"": \""Oilfield services provider\"",\n      \""Description\"": \""Another company that provides services related to the oil and gas industry.\""\n    },\n    {\n      \""Date\"": \""2022-06-01\"",\n      \""Title\"": \""Termination of merger deal\"",\n      \""Description\"": \""The merger deal between Halliburton and Baker Hughes was terminated by both companies due to opposition from antitrust regulators.\""\n    },\n    {\n      \""Location\"": \""United States\"",\n      \""Title\"": \""U.S. antitrust regulators\"",\n      \""Description\"": \""Regulators in the United States and European countries.\""\n    },\n    {\n      \""Money\"": \""USD 28 billion\"",\n      \""Title\"": \""Merger deal\"",\n      \""Description\"": \""The $28 billion merger deal between Halliburton and Baker Hughes.\""\n    },\n    {\n      \""Person\"": \""None\"",\n      \""Title\"": \""None\"",\n      \""Description\"": \""No individuals mentioned in the text.\""\n    },\n    {\n      \""Product\"": \""Oilfield services\"",\n      \""Title\"": \""Services provided by Halliburton and Baker Hughes\"",\n      \""Description\"": \""Services related to the oil and gas industry.\""\n    },\n    {\n      \""Quantity\"": \""None\"",\n      \""Title\"": \""None\"",\n      \""Description\"": \""No quantities mentioned in the text.\""\n    }\n  ]\n}""]"
sola-jsonish-sections,"StructuredOutputAdapter(output_mode=JSONISH, prompt_layout=SECTIONS)",financial-ner-0000,validation_error,ValidationError,1.0647651790059172,1,json_object,0,8,0.0,False,,Company[0];Company[1];Date;Location;Money;Person;Product;Quantity,,787,0,2,0.0,0,"[""{\n  \""entities\"": [\n    {\n      \""Company\"": \""Albertsons\"",\n      \""Date\"": \""last month\"",\n      \""Location\"": \""political regions, countries, states, cities, roads, or any other location, even when used as adjectives\"",\n      \""Money\"": \""any world currency\"",\n      \""Person\"": \""advisory firms\"",\n      \""Product\"": \""merger\"",\n      \""Quantity\"": \""no\""\n    },\n    {\n      \""Company\"": \""Rite Aid\"",\n      \""Date\"": \""last month\"",\n      \""Location\"": \""political regions, countries, states, cities, roads, or any other location, even when used as adjectives\"",\n      \""Money\"": \""any world currency\"",\n      \""Person\"": \""advisory firms\"",\n      \""Product\"": \""merger\"",\n      \""Quantity\"": \""no\""\n    }\n  ]\n}""]"
sola-jsonish-sections,"StructuredOutputAdapter(output_mode=JSONISH, prompt_layout=SECTIONS)",financial-ner-0001,validation_error,ValidationError,0.7686748149862979,1,json_object,0,8,0.0,False,,Company[0];Company[1];Date;Location[0];Money;Person;Product;Quantity,,735,0,3,0.0,0,"[""{\n  \""entities\"": [\n    {\n      \""Company\"": \""Essilor\"",\n      \""Date\"": \""not explicitly mentioned\"",\n      \""Location\"": \""not explicitly mentioned\"",\n      \""Money\"": \""not explicitly mentioned\"",\n      \""Person\"": \""not explicitly mentioned\"",\n      \""Product\"": \""not explicitly mentioned\"",\n      \""Quantity\"": \""not explicitly mentioned\""\n    },\n    {\n      \""Company\"": \""Luxottica\"",\n      \""Date\"": \""not explicitly mentioned\"",\n      \""Location\"": \""not explicitly mentioned\"",\n      \""Money\"": \""not explicitly mentioned\"",\n      \""Person\"": \""not explicitly mentioned\"",\n      \""Product\"": \""not explicitly mentioned\"",\n      \""Quantity\"": \""not explicitly mentioned\""\n    }\n  ]\n}""]"
sola-jsonish-sections,"StructuredOutputAdapter(output_mode=JSONISH, prompt_layout=SECTIONS)",financial-ner-0002,validation_error,ValidationError,0.6866063899942674,1,json_object,0,9,0.0,False,,Company[0];Company[1];Company[2];Date[0];Location[0];Money[0];Person[0];Product;Quantity,,764,0,7,0.0,0,"[""{\n  \""entities\"": [\n    {\n      \""Company\"": \""Broadcom\"",\n      \""Date\"": \""2020-02-21\"",\n      \""Location\"": \""worldwide\"",\n      \""Money\"": \""USD\"",\n      \""Person\"": \""Donald Trump\"",\n      \""Product\"": \""deal\""\n    },\n    {\n      \""Company\"": \""Qualcomm\"",\n      \""Date\"": \""2020-02-21\"",\n      \""Location\"": \""worldwide\"",\n      \""Money\"": \""USD\"",\n      \""Person\"": \""Donald Trump\"",\n      \""Product\"": \""bid\""\n    }\n  ]\n}""]"
sola-jsonish-sections,"StructuredOutputAdapter(output_mode=JSONISH, prompt_layout=SECTIONS)",financial-ner-0003,validation_error,ValidationError,0.42571705699083395,1,json_object,0,8,0.0,False,,Company[0];Company[1];Date;Location;Money[0];Person;Product;Quantity,,671,0,3,0.0,0,"[""{\n  \""entities\"": [\n    {\n      \""Company\"": \""Bank of America\"",\n      \""Date\"": \""not explicitly mentioned\"",\n      \""Location\"": \""not explicitly mentioned\"",\n      \""Money\"": [\""$50 billion\""],\n      \""Person\"": \""not explicitly mentioned\"",\n      \""Product\"": \""Merrill Lynch\"",\n      \""Quantity\"": []\n    }\n  ]\n}""]"
sola-jsonish-sections,"StructuredOutputAdapter(output_mode=JSONISH, prompt_layout=SECTIONS)",financial-ner-0004,validation_error,ValidationError,0.7324932510091458,1,json_object,0,10,0.0,False,,Company[0];Company[1];Company[2];Company[3];Date;Location;Money[0];Person;Product;Quantity,,739,0,5,0.0,0,"[""{\n  \""entities\"": [\n    {\n      \""Company\"": \""Broadcom\"",\n      \""Date\"": \""2021-03-11\"",\n      \""Location\"": \""United States\"",\n      \""Money\"": \""USD\"",\n      \""Person\"": \""Broadcom\"",\n      \""Product\"": \""Qualcomm\"",\n      \""Quantity\"": \""offer\""\n    },\n    {\n      \""Company\"": \""Qualcomm\"",\n      \""Date\"": \""2021-03-11\"",\n      \""Location\"": \""United States\"",\n      \""Money\"": \""USD\"",\n      \""Person\"": \""Qualcomm\"",\n      \""Product\"": \""offer\"",\n      \""Quantity\"": \""cut\""\n    }\n  ]\n}""]"
sola-jsonish-sections,"StructuredOutputAdapter(output_mode=JSONISH, prompt_layout=SECTIONS)",financial-ner-0005,validation_error,ValidationError,0.6887098359875381,1,json_object,0,7,0.0,False,,Company[0];Date;Location[0];Money[0];Person;Product;Quantity,,726,0,3,0.0,0,"[""{\n  \""entities\"": [\n    {\n      \""Company\"": \""British Company\"",\n      \""Date\"": \""last month\"",\n      \""Location\"": \""not specified\"",\n      \""Money\"": \""not specified\"",\n      \""Person\"": \""not specified\"",\n      \""Product\"": \""not specified\"",\n      \""Quantity\"": \""not specified\""\n    },\n    {\n      \""Company\"": \""Mci\"",\n      \""Date\"": \""not specified\"",\n      \""Location\"": \""not specified\"",\n      \""Money\"": \""not specified\"",\n      \""Person\"": \""not specified\"",\n      \""Product\"": \""not specified\"",\n      \""Quantity\"": \""not specified\""\n    }\n  ]\n}""]"
sola-jsonish-sections,"StructuredOutputAdapter(output_mode=JSONISH, prompt_layout=SECTIONS)",financial-ner-0006,validation_error,ValidationError,1.3275082100008149,1,json_object,0,13,0.0,False,,Company[0];Company[1];Company[2];Date;Location;Money[0];Money[1];Money[2];Money[3];Money[4];Person;Product;Quantity,,915,0,8,0.0,0,"[""{\n  \""entities\"": [\n    {\n      \""Company\"": \""Johnson & Johnson\"",\n      \""Date\"": \""last month\"",\n      \""Location\"": \""political regions, countries, states, cities, roads, or any other location, even when used as adjectives\"",\n      \""Money\"": \""any world currency, including digital currencies\"",\n      \""Person\"": \""Johnson & Johnson\"",\n      \""Product\"": \""Guidant\"",\n      \""Quantity\"": \""72 per share of Guidant, $36 in cash and a fixed number of Boston Scientific shares valued at $36 a share\""\n    },\n    {\n      \""Company\"": \""Boston Scientific\"",\n      \""Date\"": \""last month\"",\n      \""Location\"": \""political regions, countries, states, cities, roads, or any other location, even when used as adjectives\"",\n      \""Money\"": \""any world currency, including digital currencies\"",\n      \""Person\"": \""Boston Scientific\"",\n      \""Product\"": \""Guidant\"",\n      \""Quantity\"": \""72 per share of Guidant, $36 in cash and a fixed number of Boston Scientific shares valued at $36 a share\""\n    }\n  ]\n}""]"
sola-jsonish-sections,"StructuredOutputAdapter(output_mode=JSONISH, prompt_layout=SECTIONS)",financial-ner-0007,validation_error,ValidationError,0.7726975060068071,1,json_object,0,8,0.0,False,,Company[0];Company[1];Date;Location;Money[0];Person;Product;Quantity,,742,0,3,0.0,0,"[""{\n  \""entities\"": [\n    {\n      \""Company\"": \""Time Warner\"",\n      \""Date\"": \""not explicitly mentioned\"",\n      \""Location\"": \""not explicitly mentioned\"",\n      \""Money\"": \""not explicitly mentioned\"",\n      \""Person\"": \""not explicitly mentioned\"",\n      \""Product\"": \""not explicitly mentioned\"",\n      \""Quantity\"": \""not explicitly mentioned\""\n    },\n    {\n      \""Company\"": \""21st Century Fox\"",\n      \""Date\"": \""not explicitly mentioned\"",\n      \""Location\"": \""not explicitly mentioned\"",\n      \""Money\"": \""not explicitly mentioned\"",\n      \""Person\"": \""not explicitly mentioned\"",\n      \""Product\"": \""not explicitly mentioned\"",\n      \""Quantity\"": \""not explicitly mentioned\""\n    }\n  ]\n}""]"
sola-jsonish-sections,"StructuredOutputAdapter(output_mode=JSONISH, prompt_layout=SECTIONS)",financial-ner-0008,validation_error,ValidationError,0.7625882129941601,1,json_object,0,7,0.0,False,,Company;Date;Location[0];Money;Person;Product;Quantity,,739,0,1,0.0,0,"[""{\n  \""entities\"": [\n    {\n      \""Company\"": \""Japan Banks\"",\n      \""Date\"": \""not explicitly mentioned\"",\n      \""Location\"": \""not explicitly mentioned\"",\n      \""Money\"": \""not explicitly mentioned\"",\n      \""Person\"": \""not explicitly mentioned\"",\n      \""Product\"": \""not explicitly mentioned\"",\n      \""Quantity\"": \""not explicitly mentioned\""\n    },\n    {\n      \""Company\"": \""Wider Effects\"",\n      \""Date\"": \""not explicitly mentioned\"",\n      \""Location\"": \""not explicitly mentioned\"",\n      \""Money\"": \""not explicitly mentioned\"",\n      \""Person\"": \""not explicitly mentioned\"",\n      \""Product\"": \""not explicitly mentioned\"",\n      \""Quantity\"": \""not explicitly mentioned\""\n    }\n  ]\n}""]"
sola-jsonish-sections,"StructuredOutputAdapter(output_mode=JSONISH, prompt_layout=SECTIONS)",financial-ner-0009,validation_error,ValidationError,0.4037564840109553,1,json_object,0,7,0.0,False,,Company[0];Date[0];Location;Money;Person;Product;Quantity[0],,697,0,3,0.0,0,"[""{\n  \""entities\"": [\n    \""Columbia Group\"",\n    \""Merger\"",\n    \""Four Subsidiaries\"",\n    \""Acquisition\"",\n    \""SEC HEARING\"",\n    \""SEPTEMBER 8\"",\n    \""Consolidation\"",\n    \""New Corporation\"",\n    \""Utilities Concern\""\n  ]\n}""]"
sola-jsonish-sections,"StructuredOutputAdapter(output_mode=JSONISH, prompt_layout=SECTIONS)",financial-ner-0010,validation_error,ValidationError,0.27300862001720816,1,json_object,0,9,0.0,False,,Company[0];Company[1];Company[2];Date;Location;Money;Person;Product;Quantity,,636,0,3,0.0,0,"[""{\n  \""entities\"": [\n    \""BB&T\"",\n    \""SunTrust\"",\n    \""U.S. Bank\"",\n    \""deal\"",\n    \""decade\"",\n    \""largest\""\n  ]\n}""]"
sola-jsonish-sections,"StructuredOutputAdapter(output_mode=JSONISH, prompt_layout=SECTIONS)",financial-ner-0011,validation_error,ValidationError,0.7665599480096716,1,json_object,0,8,0.0,False,,Company[0];Company[1];Date;Location;Money;Person;Product;Quantity,,737,0,2,0.0,0,"[""{\n  \""entities\"": [\n    {\n      \""Company\"": \""Statoil\"",\n      \""Date\"": \""N/A\"",\n      \""Location\"": \""N/A\"",\n      \""Money\"": \""N/A\"",\n      \""Person\"": \""N/A\"",\n      \""Product\"": \""N/A\"",\n      \""Quantity\"": \""N/A\""\n    },\n    {\n      \""Company\"": \""Norsk Hydro\"",\n      \""Date\"": \""N/A\"",\n      \""Location\"": \""N/A\"",\n      \""Money\"": \""N/A\"",\n      \""Person\"": \""N/A\"",\n      \""Product\"": \""N/A\"",\n      \""Quantity\"": \""N/A\""\n    }\n  ]\n}""]"
sola-jsonish-sections,"StructuredOutputAdapter(output_mode=JSONISH, prompt_layout=SECTIONS)",financial-ner-0012,validation_error,ValidationError,0.37887782900361344,1,json_object,0,9,0.0,False,,Company[0];Company[1];Date;Location;Money[0];Money[1];Person;Product;Quantity,,683,0,4,0.0,0,"[""{\n  \""entities\"": [\n    {\n      \""Company\"": \""Pfizer\"",\n      \""Date\"": \""just after the announcement of a $65 billion deal with American Home Products\"",\n      \""Location\"": \""the eventual purchase price would be in excess of $90 billion\""\n    }\n  ]\n}""]"
sola-jsonish-sections,"StructuredOutputAdapter(output_mode=JSONISH, prompt_layout=SECTIONS)",financial-ner-0013,validation_error,ValidationError,0.2359934629930649,1,json_object,0,8,0.0,False,,Company[0];Company[1];Date[0];Location;Money;Person;Product;Quantity,,628,0,3,0.0,0,"[""{\n  \""entities\"": [\n    \""United Technologies\"",\n    \""Raytheon\"",\n    \""deal\"",\n    \""early 2020\""\n  ]\n}""]"
sola-jsonish-sections,"StructuredOutputAdapter(output_mode=JSONISH, prompt_layout=SECTIONS)",financial-ner-0014,validation_error,ValidationError,0.7605008439859375,1,json_object,0,8,0.0,False,,Company[0];Company[1];Date;Location;Money[0];Person[0];Product;Quantity,,749,0,4,0.0,0,"[""{\n  \""entities\"": [\n    {\n      \""Company\"": \""BMS\"",\n      \""Date\"": \""not explicitly mentioned\"",\n      \""Location\"": \""not explicitly mentioned\"",\n      \""Money\"": \""not explicitly mentioned\"",\n      \""Person\"": \""Giovanni Caforio\"",\n      \""Product\"": \""not explicitly mentioned\"",\n      \""Quantity\"": \""not explicitly mentioned\""\n    },\n    {\n      \""Company\"": \""Celgene\"",\n      \""Date\"": \""not explicitly mentioned\"",\n      \""Location\"": \""not explicitly mentioned\"",\n      \""Money\"": \""not explicitly mentioned\"",\n      \""Person\"": \""not explicitly mentioned\"",\n      \""Product\"": \""not explicitly mentioned\"",\n      \""Quantity\"": \""not explicitly mentioned\""\n    }\n  ]\n}""]"
sola-jsonish-sections,"StructuredOutputAdapter(output_mode=JSONISH, prompt_layout=SECTIONS)",financial-ner-0015,validation_error,ValidationError,0.42634440198889934,1,json_object,0,8,0.0,False,,Company[0];Company[1];Date;Location;Money[0];Person;Product;Quantity,,665,0,3,0.0,0,"[""{\n  \""entities\"": [\n    {\n      \""Company\"": \""CVS\"",\n      \""Date\"": \""N/A\"",\n      \""Location\"": \""N/A\"",\n      \""Money\"": \""N/A\"",\n      \""Person\"": \""N/A\"",\n      \""Product\"": \""Caremark\"",\n      \""Quantity\"": \""N/A\""\n    }\n  ]\n}""]"
sola-jsonish-sections,"StructuredOutputAdapter(output_mode=JSONISH, prompt_layout=SECTIONS)",financial-ner-0016,validation_error,ValidationError,0.7588053730141837,1,json_object,0,10,0.0,False,,Company[0];Company[1];Company[2];Company[3];Date;Location[0];Money;Person;Product;Quantity,,788,0,5,0.0,0,"[""{\n  \""entities\"": [\n    {\n      \""Company\"": \""Allergan\"",\n      \""Date\"": \""last month\"",\n      \""Location\"": \""Canada\"",\n      \""Money\"": \""cash - and - stock\"",\n      \""Person\"": \""Allergan\"",\n      \""Product\"": \""Valeant\"",\n      \""Quantity\"": \""hurt shareholders\""\n    },\n    {\n      \""Company\"": \""Actavis plc\"",\n      \""Date\"": \""last month\"",\n      \""Location\"": \""Canada\"",\n      \""Money\"": \""acquisition\"",\n      \""Person\"": \""Allergan\"",\n      \""Product\"": \""Allergan plc\"",\n      \""Quantity\"": \""acquisition\""\n    }\n  ]\n}""]"
sola-jsonish-sections,"StructuredOutputAdapter(output_mode=JSONISH, prompt_layout=SECTIONS)",financial-ner-0017,validation_error,ValidationError,0.7468748329847585,1,json_object,0,8,0.0,False,,Company[0];Company[1];Date;Location;Money[0];Person;Product;Quantity,,735,0,3,0.0,0,"[""{\n  \""entities\"": [\n    {\n      \""Company\"": \""ChemChina\"",\n      \""Date\"": \""N/A\"",\n      \""Location\"": \""N/A\"",\n      \""Money\"": \""N/A\"",\n      \""Person\"": \""N/A\"",\n      \""Product\"": \""N/A\"",\n      \""Quantity\"": \""N/A\""\n    },\n    {\n      \""Company\"": \""Syngenta\"",\n      \""Date\"": \""N/A\"",\n      \""Location\"": \""N/A\"",\n      \""Money\"": \""N/A\"",\n      \""Person\"": \""N/A\"",\n      \""Product\"": \""N/A\"",\n      \""Quantity\"": \""N/A\""\n    }\n  ]\n}""]"
sola-jsonish-sections,"StructuredOutputAdapter(output_mode=JSONISH, prompt_layout=SECTIONS)",financial-ner-0018,validation_error,ValidationError,0.4248178400157485,1,json_object,0,8,0.0,False,,Company[0];Company[1];Date;Location;Money[0];Person;Product;Quantity,,668,0,3,0.0,0,"[""{\n  \""entities\"": [\n    {\n      \""Company\"": \""London Stock Exchange\"",\n      \""Date\"": \""not explicitly mentioned\"",\n      \""Location\"": \""London\"",\n      \""Money\"": [\""$27 billion\""],\n      \""Person\"": \""not explicitly mentioned\"",\n      \""Product\"": \""Refinitiv\"",\n      \""Quantity\"": []\n    }\n  ]\n}""]"
sola-jsonish-sections,"StructuredOutputAdapter(output_mode=JSONISH, prompt_layout=SECTIONS)",financial-ner-0019,validation_error,ValidationError,0.4106082040234469,1,json_object,0,8,0.0,False,,Company[0];Company[1];Date[0];Location;Money;Person;Product;Quantity,,669,0,3,0.0,0,"[""{\n  \""entities\"": [\n    {\n      \""Company\"": \""Chrysler\"",\n      \""Date\"": \""May 7, 1998\""\n    },\n    {\n      \""Company\"": \""Daimler Benz\"",\n      \""Date\"": \""May 7, 1998\""\n    }\n  ]\n}""]"
sola-jsonish-sections,"StructuredOutputAdapter(output_mode=JSONISH, prompt_layout=SECTIONS)",financial-ner-0020,validation_error,ValidationError,0.44362531701335683,1,json_object,0,7,0.0,False,,Company;Date;Location[0];Money;Person;Product;Quantity,,673,0,1,0.0,0,"[""{\n  \""entities\"": [\n    {\n      \""Company\"": \""Chinese firms\"",\n      \""Date\"": \""mega - merger talks\"",\n      \""Location\"": \""not specified\"",\n      \""Money\"": \""not specified\"",\n      \""Person\"": \""not specified\"",\n      \""Product\"": \""not specified\"",\n      \""Quantity\"": \""not specified\""\n    }\n  ]\n}""]"
sola-jsonish-sections,"StructuredOutputAdapter(output_mode=JSONISH, prompt_layout=SECTIONS)",financial-ner-0021,validation_error,ValidationError,1.0906000469985884,1,json_object,0,8,0.0,False,,Company[0];Company[1];Date;Location[0];Money[0];Person;Product;Quantity,,809,0,4,0.0,0,"[""{\n  \""entities\"": [\n    {\n      \""Company\"": \""Hutchison\"",\n      \""Date\"": \""Not explicitly mentioned\"",\n      \""Location\"": \""Not explicitly mentioned\"",\n      \""Money\"": \""Not explicitly mentioned\"",\n      \""Person\"": \""Not explicitly mentioned\"",\n      \""Product\"": \""Not explicitly mentioned\"",\n      \""Quantity\"": \""Not explicitly mentioned\""\n    },\n    {\n      \""Company\"": \""VimpelCom\"",\n      \""Date\"": \""Not explicitly mentioned\"",\n      \""Location\"": \""Not explicitly mentioned\"",\n      \""Money\"": \""Not explicitly mentioned\"",\n      \""Person\"": \""Not explicitly mentioned\"",\n      \""Product\"": \""Not explicitly mentioned\"",\n      \""Quantity\"": \""Not explicitly mentioned\""\n    },\n    {\n      \""Company\"": \""$24 Billion\"",\n      \""Date\"": \""Not explicitly mentioned\"",\n      \""Location\"": \""Not explicitly mentioned\"",\n      \""Money\"": \""Not explicitly mentioned\"",\n      \""Person\"": \""Not explicitly mentioned\"",\n      \""Product\"": \""Not explicitly mentioned\"",\n      \""Quantity\"": \""Not explicitly mentioned\""\n    }\n  ]\n}""]"
sola-jsonish-sections,"StructuredOutputAdapter(output_mode=JSONISH, prompt_layout=SECTIONS)",financial-ner-0022,validation_error,ValidationError,0.40497641198453493,1,json_object,0,8,0.0,False,,Company[0];Company[1];Date;Location;Money[0];Person;Product;Quantity,,659,0,3,0.0,0,"[""{\n  \""entities\"": [\n    {\n      \""Company\"": \""SoftBank\"",\n      \""Date\"": \""2021-03-16\"",\n      \""Location\"": \""Japan\"",\n      \""Money\"": \""USD\"",\n      \""Person\"": \""SoftBank Group Corp.\"",\n      \""Product\"": \""ARM Holdings\""\n    }\n  ]\n}""]"
sola-jsonish-sections,"StructuredOutputAdapter(output_mode=JSONISH, prompt_layout=SECTIONS)",financial-ner-0023,validation_error,ValidationError,0.7586943999922369,1,json_object,0,8,0.0,False,,Company[0];Company[1];Date;Location;Money[0];Person;Product;Quantity,,744,0,3,0.0,0,"[""{\n  \""entities\"": [\n    {\n      \""Company\"": \""Charles Schwab\"",\n      \""Date\"": \""not explicitly mentioned\"",\n      \""Location\"": \""not explicitly mentioned\"",\n      \""Money\"": \""not explicitly mentioned\"",\n      \""Person\"": \""not explicitly mentioned\"",\n      \""Product\"": \""not explicitly mentioned\"",\n      \""Quantity\"": \""not explicitly mentioned\""\n    },\n    {\n      \""Company\"": \""TD Ameritrade\"",\n      \""Date\"": \""not explicitly mentioned\"",\n      \""Location\"": \""not explicitly mentioned\"",\n      \""Money\"": \""not explicitly mentioned\"",\n      \""Person\"": \""not explicitly mentioned\"",\n      \""Product\"": \""not explicitly mentioned\"",\n      \""Quantity\"": \""not explicitly mentioned\""\n    }\n  ]\n}""]"
sola-jsonish-sections,"StructuredOutputAdapter(output_mode=JSONISH, prompt_layout=SECTIONS)",financial-ner-0024,validation_error,ValidationError,0.8002631469862536,1,json_object,0,8,0.0,False,,Company[0];Company[1];Date;Location;Money[0];Person;Product;Quantity,,782,0,3,0.0,0,"[""{\n  \""entities\"": [\n    {\n      \""Company\"": \""Xerox\"",\n      \""Date\"": \""2021-01-01\"",\n      \""Location\"": \""United States\"",\n      \""Money\"": \""USD\"",\n      \""Person\"": \""Xerox\"",\n      \""Product\"": \""cash - and - stock offer\"",\n      \""Quantity\"": \""33.5 billion\""\n    },\n    {\n      \""Company\"": \""HP\"",\n      \""Date\"": \""2021-01-01\"",\n      \""Location\"": \""United States\"",\n      \""Money\"": \""USD\"",\n      \""Person\"": \""HP\"",\n      \""Product\"": \""counter - offer\"",\n      \""Quantity\"": \""not explicitly mentioned\""\n    }\n  ]\n}""]"
sola-jsonish-sections,"StructuredOutputAdapter(output_mode=JSONISH, prompt_layout=SECTIONS)",financial-ner-0025,validation_error,ValidationError,0.4503543780010659,1,json_object,0,7,0.0,False,,Company[0];Date;Location[0];Money;Person;Product;Quantity[0],,677,0,3,0.0,0,"[""{\n  \""entities\"": [\n    {\n      \""Company\"": \""China Mobile\"",\n      \""Date\"": \""not explicitly mentioned\"",\n      \""Location\"": \""China\"",\n      \""Money\"": \""not explicitly mentioned\"",\n      \""Person\"": \""not explicitly mentioned\"",\n      \""Product\"": \""seven Chinese state-owned mobile communications businesses\"",\n      \""Quantity\"": \""not explicitly mentioned\""\n    }\n  ]\n}""]"
sola-jsonish-sections,"StructuredOutputAdapter(output_mode=JSONISH, prompt_layout=SECTIONS)",financial-ner-0026,validation_error,ValidationError,0.44182782497955486,1,json_object,0,8,0.0,False,,Company[0];Company[1];Date;Location;Money[0];Person;Product;Quantity,,670,0,3,0.0,0,"[""{\n  \""entities\"": [\n    {\n      \""Company\"": \""GSK\"",\n      \""Date\"": \""not explicitly mentioned\"",\n      \""Location\"": \""not explicitly mentioned\"",\n      \""Money\"": [\""$68 billion\""],\n      \""Person\"": \""not explicitly mentioned\"",\n      \""Product\"": \""Unilever consumer division\"",\n      \""Quantity\"": [\""not explicitly mentioned\""]\n    }\n  ]\n}""]"
sola-jsonish-sections,"StructuredOutputAdapter(output_mode=JSONISH, prompt_layout=SECTIONS)",financial-ner-0027,validation_error,ValidationError,0.17503589799162,1,json_object,0,8,0.0,False,,Company[0];Company[1];Date;Location;Money;Person;Product;Quantity,,607,0,2,0.0,0,"[""{\n  \""entities\"": [\n    \""Guidant\"",\n    \""Boston Scientific\""\n  ]\n}""]"
sola-jsonish-sections,"StructuredOutputAdapter(output_mode=JSONISH, prompt_layout=SECTIONS)",financial-ner-0028,validation_error,ValidationError,0.7550263459852431,1,json_object,0,9,0.0,False,,Company[0];Company[1];Company[2];Date;Location;Money;Person;Product;Quantity,,736,0,3,0.0,0,"[""{\n  \""entities\"": [\n    {\n      \""Company\"": \""Global Crossing\"",\n      \""Date\"": \""not explicitly mentioned\"",\n      \""Location\"": \""not explicitly mentioned\"",\n      \""Money\"": \""not explicitly mentioned\"",\n      \""Person\"": \""not explicitly mentioned\"",\n      \""Product\"": \""not explicitly mentioned\"",\n      \""Quantity\"": \""not explicitly mentioned\""\n    },\n    {\n      \""Company\"": \""Qwest\"",\n      \""Date\"": \""not explicitly mentioned\"",\n      \""Location\"": \""not explicitly mentioned\"",\n      \""Money\"": \""not explicitly mentioned\"",\n      \""Person\"": \""not explicitly mentioned\"",\n      \""Product\"": \""not explicitly mentioned\"",\n      \""Quantity\"": \""not explicitly mentioned\""\n    }\n  ]\n}""]"
sola-jsonish-sections,"StructuredOutputAdapter(output_mode=JSONISH, prompt_layout=SECTIONS)",financial-ner-0029,validation_error,ValidationError,0.8431332309846766,1,json_object,0,9,0.0,False,,Company[0];Company[1];Date;Location[0];Location[1];Money[0];Person;Product[0];Quantity,,778,0,6,0.0,0,"[""{\n  \""entities\"": [\n    {\n      \""Company\"": \""Halliburton\"",\n      \""Date\"": \""last month\"",\n      \""Location\"": \""worldwide\"",\n      \""Money\"": \""monetary value expressed in any world currency\"",\n      \""Person\"": \""not explicitly mentioned\"",\n      \""Product\"": \""oilfield services\"",\n      \""Quantity\"": \""not categorized as Money\""\n    },\n    {\n      \""Company\"": \""Baker Hughes\"",\n      \""Date\"": \""last month\"",\n      \""Location\"": \""worldwide\"",\n      \""Money\"": \""monetary value expressed in any world currency\"",\n      \""Person\"": \""not explicitly mentioned\"",\n      \""Product\"": \""oilfield services\"",\n      \""Quantity\"": \""not categorized as Money\""\n    }\n  ]\n}""]"
sola-yaml-sections,"StructuredOutputAdapter(output_mode=YAML, prompt_layout=SECTIONS)",financial-ner-0000,ok,,0.3695423640019726,1,none,5,8,0.625,False,,Person;Product;Quantity,Person[0];Product[0];Quantity[0];Quantity[1],659,2,2,1.0,3,"[""```yaml\nentities:\n  Company:\n    - Albertsons\n    - Rite Aid\n  Person:\n    - Advisory firms\n  Product:\n    - voting\n  Quantity:\n    - against\n    - proposal\n```""]"
sola-yaml-sections,"StructuredOutputAdapter(output_mode=YAML, prompt_layout=SECTIONS)",financial-ner-0001,validation_error,ValidationError,4.334691758005647,1,none,0,8,0.0,False,,Company[0];Company[1];Date;Location[0];Money;Person;Product;Quantity,,1498,0,3,0.0,0,"[""```yaml\nentities:\n  Company:\n    - name: Essilor\n      location:\n        - country: France\n          city: Paris\n      money:\n        - currency: Euro\n      person:\n        - name: Luxottica Group\n        - name: Occhi Srl\n      product:\n        - name: Optical lenses\n      quantity:\n        - name: 100\n      date:\n        - year: 2021\n      location:\n        - country: Italy\n          city: Milan\n      money:\n        - currency: Euro\n      person:\n        - name: Essilor\n        - name: Luxottica Group\n      product:\n        - name: Optical lenses\n      quantity:\n        - name: 100\n      date:\n        - year: 2021\n      location:\n        - country: Italy\n          city: Milan\n      money:\n        - currency: Euro\n      person:\n        - name: Essilor\n        - name: Luxottica Group\n      product:\n        - name: Optical lenses\n      quantity:\n        - name: 100\n      date:\n        - year: 2021\n      location:\n        - country: Italy\n          city: Milan\n      money:\n        - currency: Euro\n      person:\n        - name: Essilor\n        - name: Luxottica Group\n      product:\n        - name: Optical lenses\n      quantity:\n        - name: 100\n      date:\n        - year: 2021\n      location:\n        - country: Italy\n          city: Milan\n      money:\n        - currency: Euro\n      person:\n        - name: Essilor\n        - name: Luxottica Group\n      product:\n        - name: Optical lenses\n      quantity:\n        - name: 100\n      date:\n        - year: 2021\n      location:\n        - country: Italy\n          city: Milan\n      money:\n        - currency: Euro\n      person:\n        - name: Essilor\n        - name: Luxottica Group\n      product:\n        - name: Optical lenses\n      quantity:\n        - name: 100\n      date:\n        - year: 2021\n      location:\n        - country: Italy\n          city: Milan\n      money:\n        - currency: Euro\n      person:\n        - name: Essilor\n        - name: Luxottica Group\n      product:\n        - name: Optical lenses\n      quantity:\n        - name: 100\n      date:\n        - year: 2021\n      location:\n        - country: Italy\n          city: Milan\n      money:\n        - currency: Euro\n      person:\n        - name: Essilor\n        - name: Luxottica Group\n      product:\n        - name: Optical lenses\n      quantity:\n        - name: 100\n      date:\n        - year: 2021\n      location:\n        - country: Italy\n          city: Milan\n      money:\n        - currency: Euro\n      person:\n        - name: Essilor\n        - name: Luxottica Group\n      product:\n        - name: Optical lenses\n      quantity:\n        - name: 100\n      date:\n        - year: 2021\n      location:\n        - country: Italy\n          city: Milan\n      money:\n        - currency: Euro\n      person:\n        - name: Essilor\n        - name: Luxottica Group\n      product:\n        - name: Optical lenses\n      quantity:\n        - name: 100\n      date:\n        - year: 2021\n      location:\n        - country: Italy\n          city: Milan\n      money:\n        - currency: Euro\n      person:\n        - name: Essilor\n        - name: Luxottica Group\n      product:\n        - name: Optical lenses\n      quantity:\n        - name: 100\n      date:\n        - year: 2021\n      location:\n        - country: Italy\n          city: Milan\n      money:\n        - currency: Euro\n      person:\n        - name: Essilor\n        - name: Luxottica Group\n      product:\n        - name""]"
sola-yaml-sections,"StructuredOutputAdapter(output_mode=YAML, prompt_layout=SECTIONS)",financial-ner-0002,validation_error,ValidationError,0.3427869120205287,1,none,0,9,0.0,False,,Company[0];Company[1];Company[2];Date[0];Location[0];Money[0];Person[0];Product;Quantity,,681,0,7,0.0,0,"[""```yaml\nentities:\n  Company: Broadcom\n  Product: NXP Semconductors\n  Money: $117 billion\n  Person: Qualcomm\n  Quantity: N/A\n```""]"
sola-yaml-sections,"StructuredOutputAdapter(output_mode=YAML, prompt_layout=SECTIONS)",financial-ner-0003,validation_error,ValidationError,0.20503247398301028,1,none,0,8,0.0,False,,Company[0];Company[1];Date;Location;Money[0];Person;Product;Quantity,,632,0,3,0.0,0,"[""```yaml\nentities:\n  Company: Bank of America\n  Product: Merrill Lynch\n  Quantity: $50 billion\n```""]"
sola-yaml-sections,"StructuredOutputAdapter(output_mode=YAML, prompt_layout=SECTIONS)",financial-ner-0004,validation_error,ValidationError,0.2776783620065544,1,none,0,10,0.0,False,,Company[0];Company[1];Company[2];Company[3];Date;Location;Money[0];Person;Product;Quantity,,652,0,5,0.0,0,"[""```yaml\nentities:\n  Company: Broadcom\n  Product: Qualcomm\n  Quantity: $117 billion\n  Location: NXP\n  Person: Qualcomm\n  Money: $117 billion\n```""]"
sola-yaml-sections,"StructuredOutputAdapter(output_mode=YAML, prompt_layout=SECTIONS)",financial-ner-0005,validation_error,ValidationError,0.5271216209803242,1,none,0,7,0.0,False,,Company[0];Date;Location[0];Money[0];Person;Product;Quantity,,703,0,3,0.0,0,"[""```yaml\nentities:\n  Company:\n    - name: \""British Company\""\n    - name: \""Mci\""\n  Date:\n    - year: \""2022\""\n  Location:\n    - country: \""United Kingdom\""\n  Money:\n    - currency: \""USD\""\n  Person:\n    - name: \""British Company\""\n  Product:\n    - name: \""Mci\""\n  Quantity:\n    - value: \""22 Billion\""\n```""]"
sola-yaml-sections,"StructuredOutputAdapter(output_mode=YAML, prompt_layout=SECTIONS)",financial-ner-0006,validation_error,ValidationError,0.5108739439747296,1,none,0,13,0.0,False,,Company[0];Company[1];Company[2];Date;Location;Money[0];Money[1];Money[2];Money[3];Money[4];Person;Product;Quantity,,763,0,8,0.0,0,"[""```yaml\nentities:\n  Company: Boston Scientific\n  Product: Guidant\n  Quantity: $24.6 billion\n  Money: $21.5 billion\n  Person: Johnson & Johnson\n  Location: Boston, Massachusetts\n  Date: 2004-01-01\n  Money: $72 per share\n  Quantity: $36 in cash\n  Money: $36 a share\n```""]"
sola-yaml-sections,"StructuredOutputAdapter(output_mode=YAML, prompt_layout=SECTIONS)",financial-ner-0007,validation_error,ValidationError,0.2202822189719882,1,none,0,8,0.0,False,,Company[0];Company[1];Date;Location;Money[0];Person;Product;Quantity,,634,0,3,0.0,0,"[""```yaml\nentities:\n  Company: Time Warner\n  Money: $80B\n  Product: 21st Century Fox\n```""]"
sola-yaml-sections,"StructuredOutputAdapter(output_mode=YAML, prompt_layout=SECTIONS)",financial-ner-0008,validation_error,ValidationError,0.30812304801656865,1,none,0,7,0.0,False,,Company;Date;Location[0];Money;Person;Product;Quantity,,655,0,1,0.0,0,"[""```yaml\nentities:\n  Company:\n    - name: Japan Banks\n      location: Japan\n  Product:\n    - name: Merger\n      location: Japan\n  Person:\n    - name: Wider Effects\n      location: Japan\n```""]"
sola-yaml-sections,"StructuredOutputAdapter(output_mode=YAML, prompt_layout=SECTIONS)",financial-ner-0009,validation_error,ValidationError,0.5888732319872361,1,none,0,7,0.0,False,,Company[0];Date[0];Location;Money;Person;Product;Quantity[0],,753,0,3,0.0,0,"[""```yaml\nentities:\n  Company: Columbia Group\n  Date: \""2022-09-08\""\n  Location: \""New York, NY, USA\""\n  Money: \""Merger of Four Subsidiaries\""\n  Person: \""Columbia Group\""\n  Product: \""Acquisition of Another\""\n  Quantity: \""Proposed to SEC HEARING SET FOR SEPT. 8\""\n  Consolidation: \""Consolidation to Form a New Corporation\""\n  Objective: \""Utilities Concern\""\n```""]"
sola-yaml-sections,"StructuredOutputAdapter(output_mode=YAML, prompt_layout=SECTIONS)",financial-ner-0010,validation_error,ValidationError,0.5692145290086046,1,none,0,9,0.0,False,,Company[0];Company[1];Company[2];Date;Location;Money;Person;Product;Quantity,,714,0,3,0.0,0,"[""```yaml\nentities:\n  Company:\n    - name: \""BB&T\""\n    - name: \""SunTrust\""\n  Date:\n    - year: \""2021\""\n  Location:\n    - country: \""United States\""\n  Money:\n    - currency: \""USD\""\n  Person:\n    - name: \""Brian Moynihan\""\n    - name: \""Jonathan Bush\""\n  Product:\n    - name: \""U.S. Bank\""\n  Quantity:\n    - value: \""100\""\n```""]"
sola-yaml-sections,"StructuredOutputAdapter(output_mode=YAML, prompt_layout=SECTIONS)",financial-ner-0011,validation_error,ValidationError,0.47883003600873053,1,none,0,8,0.0,False,,Company[0];Company[1];Date;Location;Money;Person;Product;Quantity,,689,0,2,0.0,0,"[""```yaml\nentities:\n  Company:\n    - Name: Statoil\n      Location: Norway\n    - Name: Norsk Hydro\n      Location: Norway\n  Product:\n    - Name: Oil\n      Quantity: 0.0\n    - Name: Gas\n      Quantity: 0.0\n  Person:\n    - Name: None\n      Location: None\n  Quantity:\n    - Name: None\n      Quantity: None\n```""]"
sola-yaml-sections,"StructuredOutputAdapter(output_mode=YAML, prompt_layout=SECTIONS)",financial-ner-0012,validation_error,ValidationError,0.30940086900955066,1,none,0,9,0.0,False,,Company[0];Company[1];Date;Location;Money[0];Money[1];Person;Product;Quantity,,676,0,4,0.0,0,"[""```yaml\nentities:\n  Company: Pfizer\n  Date: just after the announcement of a $65 billion deal with American Home Products\n  Product: $65 billion deal\n  Quantity: $90 billion\n```""]"
sola-yaml-sections,"StructuredOutputAdapter(output_mode=YAML, prompt_layout=SECTIONS)",financial-ner-0013,validation_error,ValidationError,0.66565652799909,1,none,0,8,0.0,False,,Company[0];Company[1];Date[0];Location;Money;Person;Product;Quantity,,736,0,3,0.0,0,"[""```yaml\nentities:\n  Company:\n    - name: United Technologies\n    - name: Raytheon Technologies\n  Date:\n    - year: 2020\n    - month: January\n    - day: 1\n  Location:\n    - country: United States\n    - state: Connecticut\n  Money:\n    - amount: 10.5 billion USD\n  Person:\n    - name: Thomas J. Walsh\n    - name: John W. Walsh\n  Product:\n    - name: Raytheon Technologies\n    - name: United Technologies\n  Quantity:\n    - amount: 10.5 billion USD\n```""]"
sola-yaml-sections,"StructuredOutputAdapter(output_mode=YAML, prompt_layout=SECTIONS)",financial-ner-0014,validation_error,ValidationError,0.3832558399881236,1,none,0,8,0.0,False,,Company[0];Company[1];Date;Location;Money[0];Person[0];Product;Quantity,,680,0,4,0.0,0,"[""```yaml\nentities:\n  Company:\n    - name: BMS\n      type: Company\n  Person:\n    - name: Giovanni Caforio\n      type: Person\n  Product:\n    - name: Celgene\n      type: Product\n  Quantity:\n    - name: $74 Billion\n      type: Money\n```""]"
sola-yaml-sections,"StructuredOutputAdapter(output_mode=YAML, prompt_layout=SECTIONS)",financial-ner-0015,validation_error,ValidationError,0.33853718198952265,1,none,0,8,0.0,False,,Company[0];Company[1];Date;Location;Money[0];Person;Product;Quantity,,657,0,3,0.0,0,"[""```yaml\nentities:\n  Company: CVS Health Corporation\n  Date: 2022-03-15\n  Location: United States\n  Money: $21 billion\n  Person: CVS Health Corporation\n  Product: Caremark\n  Quantity: 1\n```""]"
sola-yaml-sections,"StructuredOutputAdapter(output_mode=YAML, prompt_layout=SECTIONS)",financial-ner-0016,validation_error,ValidationError,0.28730006399564445,1,none,0,10,0.0,False,,Company[0];Company[1];Company[2];Company[3];Date;Location[0];Money;Person;Product;Quantity,,702,0,5,0.0,0,"[""```yaml\nentities:\n  Company: Allergan\n  Product: Valeant\n  Money: cash - and - stock\n  Location: Canadian drug - maker\n  Person: Allergan\n  Quantity: would hurt\n```""]"
sola-yaml-sections,"StructuredOutputAdapter(output_mode=YAML, prompt_layout=SECTIONS)",financial-ner-0017,validation_error,ValidationError,0.46013917098753154,1,none,0,8,0.0,False,,Company[0];Company[1];Date;Location;Money[0];Person;Product;Quantity,,686,0,3,0.0,0,"[""```yaml\nentities:\n  Company:\n    - name: ChemChina\n      location: China\n    - name: Syngenta\n      location: Switzerland\n  Product:\n    - name: Clinch\n      quantity: $43 billion\n  Person:\n    - name: ChemChina\n      location: China\n  Quantity:\n    - name: $43 billion\n      unit: billion USD\n```""]"
sola-yaml-sections,"StructuredOutputAdapter(output_mode=YAML, prompt_layout=SECTIONS)",financial-ner-0018,validation_error,ValidationError,0.18271427598665468,1,none,0,8,0.0,False,,Company[0];Company[1];Date;Location;Money[0];Person;Product;Quantity,,629,0,3,0.0,0,"[""```yaml\nentities:\n  Company: London Stock Exchange\n  Money: $27 billion\n  Product: Refinitiv\n```""]"
sola-yaml-sections,"StructuredOutputAdapter(output_mode=YAML, prompt_layout=SECTIONS)",financial-ner-0019,validation_error,ValidationError,0.2285625149961561,1,none,0,8,0.0,False,,Company[0];Company[1];Date[0];Location;Money;Person;Product;Quantity,,646,0,3,0.0,0,"[""```yaml\nentities:\n- Company: Chrysler\n  - Name: Daimler Benz\n  - Date: May 7, 1998\n```""]"
sola-yaml-sections,"StructuredOutputAdapter(output_mode=YAML, prompt_layout=SECTIONS)",financial-ner-0020,validation_error,ValidationError,0.4674394359753933,1,none,0,7,0.0,False,,Company;Date;Location[0];Money;Person;Product;Quantity,,694,0,1,0.0,0,"[""```yaml\nentities:\n  - Title: Chinese firms said to be in mega-merger talks\n    Company: list[string] OR null\n    Date: list[string] OR null\n    Location: list[string] OR null\n    Money: list[string] OR null\n    Person: list[string] OR null\n    Product: list[string] OR null\n    Quantity: list[string] OR null\n```""]"
sola-yaml-sections,"StructuredOutputAdapter(output_mode=YAML, prompt_layout=SECTIONS)",financial-ner-0021,validation_error,ValidationError,0.24938903201837093,1,none,0,8,0.0,False,,Company[0];Company[1];Date;Location[0];Money[0];Person;Product;Quantity,,647,0,4,0.0,0,"[""```yaml\nentities:\n- Company: Hutchison\n  - Name: VimpelCom\n  - Location: Italy\n- Product: assets\n- Quantity: $24 billion\n```""]"
sola-yaml-sections,"StructuredOutputAdapter(output_mode=YAML, prompt_layout=SECTIONS)",financial-ner-0022,validation_error,ValidationError,0.2987030789954588,1,none,0,8,0.0,False,,Company[0];Company[1];Date;Location;Money[0];Person;Product;Quantity,,647,0,3,0.0,0,"[""```yaml\nentities:\n  Company:\n    - name: SoftBank\n      location: Japan\n  Product:\n    - name: ARM\n      location: Japan\n  Quantity:\n    - name: $31 billion\n      location: Japan\n```""]"
sola-yaml-sections,"StructuredOutputAdapter(output_mode=YAML, prompt_layout=SECTIONS)",financial-ner-0023,validation_error,ValidationError,0.24219616697519086,1,none,0,8,0.0,False,,Company[0];Company[1];Date;Location;Money[0];Person;Product;Quantity,,645,0,3,0.0,0,"[""```yaml\nentities:\n  Company: Charles Schwab\n  Product: TD Ameritrade\n  Money: $26 billion\n  Location: not explicitly mentioned in the text\n```""]"
sola-yaml-sections,"StructuredOutputAdapter(output_mode=YAML, prompt_layout=SECTIONS)",financial-ner-0024,validation_error,ValidationError,0.37804284898447804,1,none,0,8,0.0,False,,Company[0];Company[1];Date;Location;Money[0];Person;Product;Quantity,,703,0,3,0.0,0,"[""```yaml\nentities:\n  Company: Xerox\n  Money: $33.5 billion\n  Product: cash - and - stock offer\n  Person: HP\n  Quantity: $25.8 billion\n  Product: counter - offer\n  Person: HP\n  Quantity: $25.8 billion\n```""]"
sola-yaml-sections,"StructuredOutputAdapter(output_mode=YAML, prompt_layout=SECTIONS)",financial-ner-0025,validation_error,ValidationError,0.3555622179992497,1,none,0,7,0.0,False,,Company[0];Date;Location[0];Money;Person;Product;Quantity[0],,668,0,3,0.0,0,"[""```yaml\nentities:\n  Company:\n    - name: China Mobile\n      location: China\n    - name: Seven Chinese state-owned mobile communications businesses\n      location: China\n  Product:\n    - name: mobile communications\n      location: China\n  Quantity:\n    - name: seven\n      location: China\n```""]"
sola-yaml-sections,"StructuredOutputAdapter(output_mode=YAML, prompt_layout=SECTIONS)",financial-ner-0026,validation_error,ValidationError,0.25143686300725676,1,none,0,8,0.0,False,,Company[0];Company[1];Date;Location;Money[0];Person;Product;Quantity,,638,0,3,0.0,0,"[""```yaml\nentities:\n  Company: GSK\n  Product: consumer division\n  Money: $68 billion\n  Person: Unilever\n  Quantity: $68 billion\n```""]"
sola-yaml-sections,"StructuredOutputAdapter(output_mode=YAML, prompt_layout=SECTIONS)",financial-ner-0027,validation_error,ValidationError,0.2093993870075792,1,none,0,8,0.0,False,,Company[0];Company[1];Date;Location;Money;Person;Product;Quantity,,617,0,2,0.0,0,"[""```yaml\nentities:\n  Company: Boston Scientific\n  Product: Guidant\n  Quantity: 1\n```""]"
sola-yaml-sections,"StructuredOutputAdapter(output_mode=YAML, prompt_layout=SECTIONS)",financial-ner-0028,validation_error,ValidationError,0.37750122798024677,1,none,0,9,0.0,False,,Company[0];Company[1];Company[2];Date;Location;Money;Person;Product;Quantity,,665,0,3,0.0,0,"[""```yaml\nentities:\n  Company:\n    - name: Global Crossing\n    - name: Qwest\n  Product:\n    - name: US West\n  Money:\n    - name: acquiring\n    - name: US West\n  Location:\n    - name: Qwest\n    - name: US West\n```""]"
sola-yaml-sections,"StructuredOutputAdapter(output_mode=YAML, prompt_layout=SECTIONS)",financial-ner-0029,validation_error,ValidationError,0.972377180994954,1,none,0,9,0.0,False,,Company[0];Company[1];Date;Location[0];Location[1];Money[0];Person;Product[0];Quantity,,818,0,6,0.0,0,"[""```yaml\nentities:\n  Company:\n    - name: Halliburton\n    - name: Baker Hughes\n  Date:\n    - year ended March 2020\n  Location:\n    - political regions, countries, states, cities, roads, or any other location, even when used as adjectives\n  Money:\n    - monetary value expressed in any world currency, including digital currencies\n  Person:\n    - name: U.S. and European antitrust regulators\n  Product:\n    - any physical object or service manufactured or provided by a company to consumers, excluding references to businesses or sectors within the financial context\n  Quantity:\n    - any numeric value that is not categorized as Money, such as percentages, numbers, measurements (e.g., weight, length), or other similar quantities. Note that unit of measurements are also part of the entity.\n```""]"
sola-jsonish-rescue,"StructuredOutputAdapter(output_mode=JSONISH, prompt_layout=SECTIONS, parse_config=ParseConfig())",financial-ner-0000,ok,,0.7531935519946273,1,json_object,3,8,0.375,False,,Date;Location;Money;Person;Product,Date[0];Location[0];Money[0];Person[0];Product[0],733,2,2,1.0,5,"[""{\n  \""entities\"": [\n    {\n      \""Company\"": \""Albertsons\"",\n      \""Date\"": \""last month\"",\n      \""Location\"": \""any location\"",\n      \""Money\"": \""any world currency\"",\n      \""Person\"": \""advisory firms\"",\n      \""Product\"": \""voting against the proposal\""\n    },\n    {\n      \""Company\"": \""Rite Aid\"",\n      \""Date\"": \""last month\"",\n      \""Location\"": \""any location\"",\n      \""Money\"": \""any world currency\"",\n      \""Person\"": \""advisory firms\"",\n      \""Product\"": \""voting against the proposal\""\n    }\n  ]\n}""]"
sola-jsonish-rescue,"StructuredOutputAdapter(output_mode=JSONISH, prompt_layout=SECTIONS, parse_config=ParseConfig())",financial-ner-0001,ok,,0.7625211980193853,1,json_object,2,8,0.25,False,Location[0],Date;Money;Person;Product;Quantity,Date[0];Location[1];Money[0];Person[0];Product[0];Quantity[0],735,2,3,0.6667,5,"[""{\n  \""entities\"": [\n    {\n      \""Company\"": \""Essilor\"",\n      \""Date\"": \""not explicitly mentioned\"",\n      \""Location\"": \""not explicitly mentioned\"",\n      \""Money\"": \""not explicitly mentioned\"",\n      \""Person\"": \""not explicitly mentioned\"",\n      \""Product\"": \""not explicitly mentioned\"",\n      \""Quantity\"": \""not explicitly mentioned\""\n    },\n    {\n      \""Company\"": \""Luxottica\"",\n      \""Date\"": \""not explicitly mentioned\"",\n      \""Location\"": \""not explicitly mentioned\"",\n      \""Money\"": \""not explicitly mentioned\"",\n      \""Person\"": \""not explicitly mentioned\"",\n      \""Product\"": \""not explicitly mentioned\"",\n      \""Quantity\"": \""not explicitly mentioned\""\n    }\n  ]\n}""]"
sola-jsonish-rescue,"StructuredOutputAdapter(output_mode=JSONISH, prompt_layout=SECTIONS, parse_config=ParseConfig())",financial-ner-0002,ok,,0.7405350470216945,1,json_object,3,9,0.3333,False,Company[1];Company[2];Date[0];Location[0];Money[0],Product,Company[3];Date[1];Location[1];Money[1];Product[0];Product[1],764,2,7,0.2857,1,"[""{\n  \""entities\"": [\n    {\n      \""Company\"": \""Broadcom\"",\n      \""Date\"": \""2020-02-21\"",\n      \""Location\"": \""worldwide\"",\n      \""Money\"": \""USD\"",\n      \""Person\"": \""Donald Trump\"",\n      \""Product\"": \""deal\""\n    },\n    {\n      \""Company\"": \""Qualcomm\"",\n      \""Date\"": \""2020-02-21\"",\n      \""Location\"": \""worldwide\"",\n      \""Money\"": \""USD\"",\n      \""Person\"": \""Donald Trump\"",\n      \""Product\"": \""bid\""\n    }\n  ]\n}""]"
sola-jsonish-rescue,"StructuredOutputAdapter(output_mode=JSONISH, prompt_layout=SECTIONS, parse_config=ParseConfig())",financial-ner-0003,ok,,0.4552328790014144,1,json_object,2,8,0.25,False,Company[1];Money[0],Date;Location;Person;Product,Date[0];Location[0];Money[1];Person[0];Product[0],671,1,3,0.3333,4,"[""{\n  \""entities\"": [\n    {\n      \""Company\"": \""Bank of America\"",\n      \""Date\"": \""not explicitly mentioned\"",\n      \""Location\"": \""not explicitly mentioned\"",\n      \""Money\"": [\""$50 billion\""],\n      \""Person\"": \""not explicitly mentioned\"",\n      \""Product\"": \""Merrill Lynch\"",\n      \""Quantity\"": []\n    }\n  ]\n}""]"
sola-jsonish-rescue,"StructuredOutputAdapter(output_mode=JSONISH, prompt_layout=SECTIONS, parse_config=ParseConfig())",financial-ner-0004,ok,,0.7454654070024844,1,json_object,2,10,0.2,False,Company[1];Company[3];Money[0],Date;Location;Person;Product;Quantity,Date[0];Location[0];Money[1];Person[0];Person[1];Product[0];Product[1];Quantity[0];Quantity[1],739,2,5,0.4,5,"[""{\n  \""entities\"": [\n    {\n      \""Company\"": \""Broadcom\"",\n      \""Date\"": \""2021-03-11\"",\n      \""Location\"": \""United States\"",\n      \""Money\"": \""USD\"",\n      \""Person\"": \""Broadcom\"",\n      \""Product\"": \""Qualcomm\"",\n      \""Quantity\"": \""offer\""\n    },\n    {\n      \""Company\"": \""Qualcomm\"",\n      \""Date\"": \""2021-03-11\"",\n      \""Location\"": \""United States\"",\n      \""Money\"": \""USD\"",\n      \""Person\"": \""Qualcomm\"",\n      \""Product\"": \""offer\"",\n      \""Quantity\"": \""cut\""\n    }\n  ]\n}""]"
sola-jsonish-rescue,"StructuredOutputAdapter(output_mode=JSONISH, prompt_layout=SECTIONS, parse_config=ParseConfig())",financial-ner-0005,ok,,0.7261792560166214,1,json_object,1,7,0.1429,False,Location[0];Money[0],Date;Person;Product;Quantity,Company[1];Date[0];Date[1];Location[1];Money[1];Person[0];Product[0];Quantity[0],726,1,3,0.3333,4,"[""{\n  \""entities\"": [\n    {\n      \""Company\"": \""British Company\"",\n      \""Date\"": \""last month\"",\n      \""Location\"": \""not specified\"",\n      \""Money\"": \""not specified\"",\n      \""Person\"": \""not specified\"",\n      \""Product\"": \""not specified\"",\n      \""Quantity\"": \""not specified\""\n    },\n    {\n      \""Company\"": \""Mci\"",\n      \""Date\"": \""not specified\"",\n      \""Location\"": \""not specified\"",\n      \""Money\"": \""not specified\"",\n      \""Person\"": \""not specified\"",\n      \""Product\"": \""not specified\"",\n      \""Quantity\"": \""not specified\""\n    }\n  ]\n}""]"
sola-jsonish-rescue,"StructuredOutputAdapter(output_mode=JSONISH, prompt_layout=SECTIONS, parse_config=ParseConfig())",financial-ner-0006,ok,,1.3034936519979965,1,json_object,2,13,0.1538,False,Company[1];Money[0];Money[1];Money[2];Money[3];Money[4],Date;Location;Person;Product;Quantity,Date[0];Location[0];Money[5];Person[0];Person[1];Product[0];Quantity[0],915,2,8,0.25,5,"[""{\n  \""entities\"": [\n    {\n      \""Company\"": \""Johnson & Johnson\"",\n      \""Date\"": \""last month\"",\n      \""Location\"": \""political regions, countries, states, cities, roads, or any other location, even when used as adjectives\"",\n      \""Money\"": \""any world currency, including digital currencies\"",\n      \""Person\"": \""Johnson & Johnson\"",\n      \""Product\"": \""Guidant\"",\n      \""Quantity\"": \""72 per share of Guidant, $36 in cash and a fixed number of Boston Scientific shares valued at $36 a share\""\n    },\n    {\n      \""Company\"": \""Boston Scientific\"",\n      \""Date\"": \""last month\"",\n      \""Location\"": \""political regions, countries, states, cities, roads, or any other location, even when used as adjectives\"",\n      \""Money\"": \""any world currency, including digital currencies\"",\n      \""Person\"": \""Boston Scientific\"",\n      \""Product\"": \""Guidant\"",\n      \""Quantity\"": \""72 per share of Guidant, $36 in cash and a fixed number of Boston Scientific shares valued at $36 a share\""\n    }\n  ]\n}""]"
sola-jsonish-rescue,"StructuredOutputAdapter(output_mode=JSONISH, prompt_layout=SECTIONS, parse_config=ParseConfig())",financial-ner-0007,ok,,0.7940443979750853,1,json_object,2,8,0.25,False,Money[0],Date;Location;Person;Product;Quantity,Date[0];Location[0];Money[1];Person[0];Product[0];Quantity[0],742,2,3,0.6667,5,"[""{\n  \""entities\"": [\n    {\n      \""Company\"": \""Time Warner\"",\n      \""Date\"": \""not explicitly mentioned\"",\n      \""Location\"": \""not explicitly mentioned\"",\n      \""Money\"": \""not explicitly mentioned\"",\n      \""Person\"": \""not explicitly mentioned\"",\n      \""Product\"": \""not explicitly mentioned\"",\n      \""Quantity\"": \""not explicitly mentioned\""\n    },\n    {\n      \""Company\"": \""21st Century Fox\"",\n      \""Date\"": \""not explicitly mentioned\"",\n      \""Location\"": \""not explicitly mentioned\"",\n      \""Money\"": \""not explicitly mentioned\"",\n      \""Person\"": \""not explicitly mentioned\"",\n      \""Product\"": \""not explicitly mentioned\"",\n      \""Quantity\"": \""not explicitly mentioned\""\n    }\n  ]\n}""]"
sola-jsonish-rescue,"StructuredOutputAdapter(output_mode=JSONISH, prompt_layout=SECTIONS, parse_config=ParseConfig())",financial-ner-0008,ok,,0.883978701021988,1,json_object,0,7,0.0,False,Location[0],Company;Date;Money;Person;Product;Quantity,Company[0];Company[1];Date[0];Location[1];Money[0];Person[0];Product[0];Quantity[0],739,0,1,0.0,6,"[""{\n  \""entities\"": [\n    {\n      \""Company\"": \""Japan Banks\"",\n      \""Date\"": \""not explicitly mentioned\"",\n      \""Location\"": \""not explicitly mentioned\"",\n      \""Money\"": \""not explicitly mentioned\"",\n      \""Person\"": \""not explicitly mentioned\"",\n      \""Product\"": \""not explicitly mentioned\"",\n      \""Quantity\"": \""not explicitly mentioned\""\n    },\n    {\n      \""Company\"": \""Wider Effects\"",\n      \""Date\"": \""not explicitly mentioned\"",\n      \""Location\"": \""not explicitly mentioned\"",\n      \""Money\"": \""not explicitly mentioned\"",\n      \""Person\"": \""not explicitly mentioned\"",\n      \""Product\"": \""not explicitly mentioned\"",\n      \""Quantity\"": \""not explicitly mentioned\""\n    }\n  ]\n}""]"
sola-jsonish-rescue,"StructuredOutputAdapter(output_mode=JSONISH, prompt_layout=SECTIONS, parse_config=ParseConfig())",financial-ner-0009,validation_error,ValidationError,0.4165352460113354,1,json_object,0,7,0.0,False,,Company[0];Date[0];Location;Money;Person;Product;Quantity[0],,697,0,3,0.0,0,"[""{\n  \""entities\"": [\n    \""Columbia Group\"",\n    \""Merger\"",\n    \""Four Subsidiaries\"",\n    \""Acquisition\"",\n    \""SEC HEARING\"",\n    \""SEPTEMBER 8\"",\n    \""Consolidation\"",\n    \""New Corporation\"",\n    \""Utilities Concern\""\n  ]\n}""]"
sola-jsonish-rescue,"StructuredOutputAdapter(output_mode=JSONISH, prompt_layout=SECTIONS, parse_config=ParseConfig())",financial-ner-0010,validation_error,ValidationError,0.300193870003568,1,json_object,0,9,0.0,False,,Company[0];Company[1];Company[2];Date;Location;Money;Person;Product;Quantity,,636,0,3,0.0,0,"[""{\n  \""entities\"": [\n    \""BB&T\"",\n    \""SunTrust\"",\n    \""U.S. Bank\"",\n    \""deal\"",\n    \""decade\"",\n    \""largest\""\n  ]\n}""]"
sola-jsonish-rescue,"StructuredOutputAdapter(output_mode=JSONISH, prompt_layout=SECTIONS, parse_config=ParseConfig())",financial-ner-0011,ok,,0.8209586110024247,1,json_object,2,8,0.25,False,,Date;Location;Money;Person;Product;Quantity,Date[0];Location[0];Money[0];Person[0];Product[0];Quantity[0],737,2,2,1.0,6,"[""{\n  \""entities\"": [\n    {\n      \""Company\"": \""Statoil\"",\n      \""Date\"": \""N/A\"",\n      \""Location\"": \""N/A\"",\n      \""Money\"": \""N/A\"",\n      \""Person\"": \""N/A\"",\n      \""Product\"": \""N/A\"",\n      \""Quantity\"": \""N/A\""\n    },\n    {\n      \""Company\"": \""Norsk Hydro\"",\n      \""Date\"": \""N/A\"",\n      \""Location\"": \""N/A\"",\n      \""Money\"": \""N/A\"",\n      \""Person\"": \""N/A\"",\n      \""Product\"": \""N/A\"",\n      \""Quantity\"": \""N/A\""\n    }\n  ]\n}""]"
sola-jsonish-rescue,"StructuredOutputAdapter(output_mode=JSONISH, prompt_layout=SECTIONS, parse_config=ParseConfig())",financial-ner-0012,ok,,0.3962793749815319,1,json_object,4,9,0.4444,False,Company[0];Money[0];Money[1],Date;Location,Date[0];Location[0],683,1,4,0.25,2,"[""{\n  \""entities\"": [\n    {\n      \""Company\"": \""Pfizer\"",\n      \""Date\"": \""just after the announcement of a $65 billion deal with American Home Products\"",\n      \""Location\"": \""the eventual purchase price would be in excess of $90 billion\""\n    }\n  ]\n}""]"
sola-jsonish-rescue,"StructuredOutputAdapter(output_mode=JSONISH, prompt_layout=SECTIONS, parse_config=ParseConfig())",financial-ner-0013,validation_error,ValidationError,0.2370567019970622,1,json_object,0,8,0.0,False,,Company[0];Company[1];Date[0];Location;Money;Person;Product;Quantity,,628,0,3,0.0,0,"[""{\n  \""entities\"": [\n    \""United Technologies\"",\n    \""Raytheon\"",\n    \""deal\"",\n    \""early 2020\""\n  ]\n}""]"
sola-jsonish-rescue,"StructuredOutputAdapter(output_mode=JSONISH, prompt_layout=SECTIONS, parse_config=ParseConfig())",financial-ner-0014,ok,,0.7564258160127793,1,json_object,3,8,0.375,False,Money[0],Date;Location;Product;Quantity,Date[0];Location[0];Money[1];Person[1];Product[0];Quantity[0],749,3,4,0.75,4,"[""{\n  \""entities\"": [\n    {\n      \""Company\"": \""BMS\"",\n      \""Date\"": \""not explicitly mentioned\"",\n      \""Location\"": \""not explicitly mentioned\"",\n      \""Money\"": \""not explicitly mentioned\"",\n      \""Person\"": \""Giovanni Caforio\"",\n      \""Product\"": \""not explicitly mentioned\"",\n      \""Quantity\"": \""not explicitly mentioned\""\n    },\n    {\n      \""Company\"": \""Celgene\"",\n      \""Date\"": \""not explicitly mentioned\"",\n      \""Location\"": \""not explicitly mentioned\"",\n      \""Money\"": \""not explicitly mentioned\"",\n      \""Person\"": \""not explicitly mentioned\"",\n      \""Product\"": \""not explicitly mentioned\"",\n      \""Quantity\"": \""not explicitly mentioned\""\n    }\n  ]\n}""]"
sola-jsonish-rescue,"StructuredOutputAdapter(output_mode=JSONISH, prompt_layout=SECTIONS, parse_config=ParseConfig())",financial-ner-0015,ok,,0.44246000598650426,1,json_object,1,8,0.125,False,Company[1];Money[0],Date;Location;Person;Product;Quantity,Date[0];Location[0];Money[1];Person[0];Product[0];Quantity[0],665,1,3,0.3333,5,"[""{\n  \""entities\"": [\n    {\n      \""Company\"": \""CVS\"",\n      \""Date\"": \""N/A\"",\n      \""Location\"": \""N/A\"",\n      \""Money\"": \""N/A\"",\n      \""Person\"": \""N/A\"",\n      \""Product\"": \""Caremark\"",\n      \""Quantity\"": \""N/A\""\n    }\n  ]\n}""]"
sola-jsonish-rescue,"StructuredOutputAdapter(output_mode=JSONISH, prompt_layout=SECTIONS, parse_config=ParseConfig())",financial-ner-0016,ok,,0.7755020860058721,1,json_object,2,10,0.2,False,Company[2];Company[3];Location[0],Date;Money;Person;Product;Quantity,Date[0];Location[1];Money[0];Money[1];Person[0];Product[0];Product[1];Quantity[0];Quantity[1],788,2,5,0.4,5,"[""{\n  \""entities\"": [\n    {\n      \""Company\"": \""Allergan\"",\n      \""Date\"": \""last month\"",\n      \""Location\"": \""Canada\"",\n      \""Money\"": \""cash - and - stock\"",\n      \""Person\"": \""Allergan\"",\n      \""Product\"": \""Valeant\"",\n      \""Quantity\"": \""hurt shareholders\""\n    },\n    {\n      \""Company\"": \""Actavis plc\"",\n      \""Date\"": \""last month\"",\n      \""Location\"": \""Canada\"",\n      \""Money\"": \""acquisition\"",\n      \""Person\"": \""Allergan\"",\n      \""Product\"": \""Allergan plc\"",\n      \""Quantity\"": \""acquisition\""\n    }\n  ]\n}""]"
sola-jsonish-rescue,"StructuredOutputAdapter(output_mode=JSONISH, prompt_layout=SECTIONS, parse_config=ParseConfig())",financial-ner-0017,ok,,0.7370474380149972,1,json_object,2,8,0.25,False,Money[0],Date;Location;Person;Product;Quantity,Date[0];Location[0];Money[1];Person[0];Product[0];Quantity[0],735,2,3,0.6667,5,"[""{\n  \""entities\"": [\n    {\n      \""Company\"": \""ChemChina\"",\n      \""Date\"": \""N/A\"",\n      \""Location\"": \""N/A\"",\n      \""Money\"": \""N/A\"",\n      \""Person\"": \""N/A\"",\n      \""Product\"": \""N/A\"",\n      \""Quantity\"": \""N/A\""\n    },\n    {\n      \""Company\"": \""Syngenta\"",\n      \""Date\"": \""N/A\"",\n      \""Location\"": \""N/A\"",\n      \""Money\"": \""N/A\"",\n      \""Person\"": \""N/A\"",\n      \""Product\"": \""N/A\"",\n      \""Quantity\"": \""N/A\""\n    }\n  ]\n}""]"
sola-jsonish-rescue,"StructuredOutputAdapter(output_mode=JSONISH, prompt_layout=SECTIONS, parse_config=ParseConfig())",financial-ner-0018,ok,,0.413297107006656,1,json_object,3,8,0.375,False,Company[1],Date;Location;Person;Product,Date[0];Location[0];Person[0];Product[0],668,2,3,0.6667,4,"[""{\n  \""entities\"": [\n    {\n      \""Company\"": \""London Stock Exchange\"",\n      \""Date\"": \""not explicitly mentioned\"",\n      \""Location\"": \""London\"",\n      \""Money\"": [\""$27 billion\""],\n      \""Person\"": \""not explicitly mentioned\"",\n      \""Product\"": \""Refinitiv\"",\n      \""Quantity\"": []\n    }\n  ]\n}""]"
sola-jsonish-rescue,"StructuredOutputAdapter(output_mode=JSONISH, prompt_layout=SECTIONS, parse_config=ParseConfig())",financial-ner-0019,ok,,0.43329239200102165,1,json_object,7,8,0.875,False,Date[0],,Date[1],669,2,3,0.6667,0,"[""{\n  \""entities\"": [\n    {\n      \""Company\"": \""Chrysler\"",\n      \""Date\"": \""May 7, 1998\""\n    },\n    {\n      \""Company\"": \""Daimler Benz\"",\n      \""Date\"": \""May 7, 1998\""\n    }\n  ]\n}""]"
sola-jsonish-rescue,"StructuredOutputAdapter(output_mode=JSONISH, prompt_layout=SECTIONS, parse_config=ParseConfig())",financial-ner-0020,ok,,0.42687564800144173,1,json_object,0,7,0.0,False,Location[0],Company;Date;Money;Person;Product;Quantity,Company[0];Date[0];Location[1];Money[0];Person[0];Product[0];Quantity[0],673,0,1,0.0,6,"[""{\n  \""entities\"": [\n    {\n      \""Company\"": \""Chinese firms\"",\n      \""Date\"": \""mega - merger talks\"",\n      \""Location\"": \""not specified\"",\n      \""Money\"": \""not specified\"",\n      \""Person\"": \""not specified\"",\n      \""Product\"": \""not specified\"",\n      \""Quantity\"": \""not specified\""\n    }\n  ]\n}""]"
sola-jsonish-rescue,"StructuredOutputAdapter(output_mode=JSONISH, prompt_layout=SECTIONS, parse_config=ParseConfig())",financial-ner-0021,ok,,1.0497598589863628,1,json_object,2,8,0.25,False,Location[0];Money[0],Date;Person;Product;Quantity,Company[2];Date[0];Location[1];Money[1];Person[0];Product[0];Quantity[0],809,2,4,0.5,4,"[""{\n  \""entities\"": [\n    {\n      \""Company\"": \""Hutchison\"",\n      \""Date\"": \""Not explicitly mentioned\"",\n      \""Location\"": \""Not explicitly mentioned\"",\n      \""Money\"": \""Not explicitly mentioned\"",\n      \""Person\"": \""Not explicitly mentioned\"",\n      \""Product\"": \""Not explicitly mentioned\"",\n      \""Quantity\"": \""Not explicitly mentioned\""\n    },\n    {\n      \""Company\"": \""VimpelCom\"",\n      \""Date\"": \""Not explicitly mentioned\"",\n      \""Location\"": \""Not explicitly mentioned\"",\n      \""Money\"": \""Not explicitly mentioned\"",\n      \""Person\"": \""Not explicitly mentioned\"",\n      \""Product\"": \""Not explicitly mentioned\"",\n      \""Quantity\"": \""Not explicitly mentioned\""\n    },\n    {\n      \""Company\"": \""$24 Billion\"",\n      \""Date\"": \""Not explicitly mentioned\"",\n      \""Location\"": \""Not explicitly mentioned\"",\n      \""Money\"": \""Not explicitly mentioned\"",\n      \""Person\"": \""Not explicitly mentioned\"",\n      \""Product\"": \""Not explicitly mentioned\"",\n      \""Quantity\"": \""Not explicitly mentioned\""\n    }\n  ]\n}""]"
sola-jsonish-rescue,"StructuredOutputAdapter(output_mode=JSONISH, prompt_layout=SECTIONS, parse_config=ParseConfig())",financial-ner-0022,ok,,0.38875770501908846,1,json_object,2,8,0.25,False,Company[0];Money[0],Date;Location;Person;Product,Date[0];Location[0];Money[1];Person[0];Product[0],659,1,3,0.3333,4,"[""{\n  \""entities\"": [\n    {\n      \""Company\"": \""SoftBank\"",\n      \""Date\"": \""2021-03-16\"",\n      \""Location\"": \""Japan\"",\n      \""Money\"": \""USD\"",\n      \""Person\"": \""SoftBank Group Corp.\"",\n      \""Product\"": \""ARM Holdings\""\n    }\n  ]\n}""]"
sola-jsonish-rescue,"StructuredOutputAdapter(output_mode=JSONISH, prompt_layout=SECTIONS, parse_config=ParseConfig())",financial-ner-0023,ok,,0.7335804860049393,1,json_object,2,8,0.25,False,Money[0],Date;Location;Person;Product;Quantity,Date[0];Location[0];Money[1];Person[0];Product[0];Quantity[0],744,2,3,0.6667,5,"[""{\n  \""entities\"": [\n    {\n      \""Company\"": \""Charles Schwab\"",\n      \""Date\"": \""not explicitly mentioned\"",\n      \""Location\"": \""not explicitly mentioned\"",\n      \""Money\"": \""not explicitly mentioned\"",\n      \""Person\"": \""not explicitly mentioned\"",\n      \""Product\"": \""not explicitly mentioned\"",\n      \""Quantity\"": \""not explicitly mentioned\""\n    },\n    {\n      \""Company\"": \""TD Ameritrade\"",\n      \""Date\"": \""not explicitly mentioned\"",\n      \""Location\"": \""not explicitly mentioned\"",\n      \""Money\"": \""not explicitly mentioned\"",\n      \""Person\"": \""not explicitly mentioned\"",\n      \""Product\"": \""not explicitly mentioned\"",\n      \""Quantity\"": \""not explicitly mentioned\""\n    }\n  ]\n}""]"
sola-jsonish-rescue,"StructuredOutputAdapter(output_mode=JSONISH, prompt_layout=SECTIONS, parse_config=ParseConfig())",financial-ner-0024,ok,,0.7768585569865536,1,json_object,2,8,0.25,False,Money[0],Date;Location;Person;Product;Quantity,Date[0];Location[0];Money[1];Person[0];Person[1];Product[0];Product[1];Quantity[0];Quantity[1],782,2,3,0.6667,5,"[""{\n  \""entities\"": [\n    {\n      \""Company\"": \""Xerox\"",\n      \""Date\"": \""2021-01-01\"",\n      \""Location\"": \""United States\"",\n      \""Money\"": \""USD\"",\n      \""Person\"": \""Xerox\"",\n      \""Product\"": \""cash - and - stock offer\"",\n      \""Quantity\"": \""33.5 billion\""\n    },\n    {\n      \""Company\"": \""HP\"",\n      \""Date\"": \""2021-01-01\"",\n      \""Location\"": \""United States\"",\n      \""Money\"": \""USD\"",\n      \""Person\"": \""HP\"",\n      \""Product\"": \""counter - offer\"",\n      \""Quantity\"": \""not explicitly mentioned\""\n    }\n  ]\n}""]"
sola-jsonish-rescue,"StructuredOutputAdapter(output_mode=JSONISH, prompt_layout=SECTIONS, parse_config=ParseConfig())",financial-ner-0025,ok,,0.43157248201896437,1,json_object,1,7,0.1429,False,Location[0];Quantity[0],Date;Money;Person;Product,Date[0];Location[1];Money[0];Person[0];Product[0];Quantity[1],677,1,3,0.3333,4,"[""{\n  \""entities\"": [\n    {\n      \""Company\"": \""China Mobile\"",\n      \""Date\"": \""not explicitly mentioned\"",\n      \""Location\"": \""China\"",\n      \""Money\"": \""not explicitly mentioned\"",\n      \""Person\"": \""not explicitly mentioned\"",\n      \""Product\"": \""seven Chinese state-owned mobile communications businesses\"",\n      \""Quantity\"": \""not explicitly mentioned\""\n    }\n  ]\n}""]"
sola-jsonish-rescue,"StructuredOutputAdapter(output_mode=JSONISH, prompt_layout=SECTIONS, parse_config=ParseConfig())",financial-ner-0026,ok,,0.4419397200108506,1,json_object,2,8,0.25,False,Company[1],Date;Location;Person;Product;Quantity,Date[0];Location[0];Person[0];Product[0];Quantity[0],670,2,3,0.6667,5,"[""{\n  \""entities\"": [\n    {\n      \""Company\"": \""GSK\"",\n      \""Date\"": \""not explicitly mentioned\"",\n      \""Location\"": \""not explicitly mentioned\"",\n      \""Money\"": [\""$68 billion\""],\n      \""Person\"": \""not explicitly mentioned\"",\n      \""Product\"": \""Unilever consumer division\"",\n      \""Quantity\"": [\""not explicitly mentioned\""]\n    }\n  ]\n}""]"
sola-jsonish-rescue,"StructuredOutputAdapter(output_mode=JSONISH, prompt_layout=SECTIONS, parse_config=ParseConfig())",financial-ner-0027,validation_error,ValidationError,0.1638980050047394,1,json_object,0,8,0.0,False,,Company[0];Company[1];Date;Location;Money;Person;Product;Quantity,,607,0,2,0.0,0,"[""{\n  \""entities\"": [\n    \""Guidant\"",\n    \""Boston Scientific\""\n  ]\n}""]"
sola-jsonish-rescue,"StructuredOutputAdapter(output_mode=JSONISH, prompt_layout=SECTIONS, parse_config=ParseConfig())",financial-ner-0028,ok,,0.7154779059928842,1,json_object,2,9,0.2222,False,Company[2],Date;Location;Money;Person;Product;Quantity,Date[0];Location[0];Money[0];Person[0];Product[0];Quantity[0],736,2,3,0.6667,6,"[""{\n  \""entities\"": [\n    {\n      \""Company\"": \""Global Crossing\"",\n      \""Date\"": \""not explicitly mentioned\"",\n      \""Location\"": \""not explicitly mentioned\"",\n      \""Money\"": \""not explicitly mentioned\"",\n      \""Person\"": \""not explicitly mentioned\"",\n      \""Product\"": \""not explicitly mentioned\"",\n      \""Quantity\"": \""not explicitly mentioned\""\n    },\n    {\n      \""Company\"": \""Qwest\"",\n      \""Date\"": \""not explicitly mentioned\"",\n      \""Location\"": \""not explicitly mentioned\"",\n      \""Money\"": \""not explicitly mentioned\"",\n      \""Person\"": \""not explicitly mentioned\"",\n      \""Product\"": \""not explicitly mentioned\"",\n      \""Quantity\"": \""not explicitly mentioned\""\n    }\n  ]\n}""]"
sola-jsonish-rescue,"StructuredOutputAdapter(output_mode=JSONISH, prompt_layout=SECTIONS, parse_config=ParseConfig())",financial-ner-0029,ok,,0.8081614380062092,1,json_object,2,9,0.2222,False,Location[0];Location[1];Money[0];Product[0],Date;Person;Quantity,Date[0];Location[2];Money[1];Person[0];Product[1];Quantity[0],778,2,6,0.3333,3,"[""{\n  \""entities\"": [\n    {\n      \""Company\"": \""Halliburton\"",\n      \""Date\"": \""last month\"",\n      \""Location\"": \""worldwide\"",\n      \""Money\"": \""monetary value expressed in any world currency\"",\n      \""Person\"": \""not explicitly mentioned\"",\n      \""Product\"": \""oilfield services\"",\n      \""Quantity\"": \""not categorized as Money\""\n    },\n    {\n      \""Company\"": \""Baker Hughes\"",\n      \""Date\"": \""last month\"",\n      \""Location\"": \""worldwide\"",\n      \""Money\"": \""monetary value expressed in any world currency\"",\n      \""Person\"": \""not explicitly mentioned\"",\n      \""Product\"": \""oilfield services\"",\n      \""Quantity\"": \""not categorized as Money\""\n    }\n  ]\n}""]"
sola-yaml-rescue,"StructuredOutputAdapter(output_mode=YAML, prompt_layout=SECTIONS, parse_config=ParseConfig())",financial-ner-0000,ok,,0.3370908859942574,1,none,5,8,0.625,False,,Person;Product;Quantity,Person[0];Product[0];Quantity[0];Quantity[1],659,2,2,1.0,3,"[""```yaml\nentities:\n  Company:\n    - Albertsons\n    - Rite Aid\n  Person:\n    - Advisory firms\n  Product:\n    - voting\n  Quantity:\n    - against\n    - proposal\n```""]"
sola-yaml-rescue,"StructuredOutputAdapter(output_mode=YAML, prompt_layout=SECTIONS, parse_config=ParseConfig())",financial-ner-0001,validation_error,ValidationError,4.231251256976975,1,none,0,8,0.0,False,,Company[0];Company[1];Date;Location[0];Money;Person;Product;Quantity,,1498,0,3,0.0,0,"[""```yaml\nentities:\n  Company:\n    - name: Essilor\n      location:\n        - country: France\n          city: Paris\n      money:\n        - currency: Euro\n      person:\n        - name: Luxottica Group\n        - name: Occhi Srl\n      product:\n        - name: Optical lenses\n      quantity:\n        - name: 100\n      date:\n        - year: 2021\n      location:\n        - country: Italy\n          city: Milan\n      money:\n        - currency: Euro\n      person:\n        - name: Essilor\n        - name: Luxottica Group\n      product:\n        - name: Optical lenses\n      quantity:\n        - name: 100\n      date:\n        - year: 2021\n      location:\n        - country: Italy\n          city: Milan\n      money:\n        - currency: Euro\n      person:\n        - name: Essilor\n        - name: Luxottica Group\n      product:\n        - name: Optical lenses\n      quantity:\n        - name: 100\n      date:\n        - year: 2021\n      location:\n        - country: Italy\n          city: Milan\n      money:\n        - currency: Euro\n      person:\n        - name: Essilor\n        - name: Luxottica Group\n      product:\n        - name: Optical lenses\n      quantity:\n        - name: 100\n      date:\n        - year: 2021\n      location:\n        - country: Italy\n          city: Milan\n      money:\n        - currency: Euro\n      person:\n        - name: Essilor\n        - name: Luxottica Group\n      product:\n        - name: Optical lenses\n      quantity:\n        - name: 100\n      date:\n        - year: 2021\n      location:\n        - country: Italy\n          city: Milan\n      money:\n        - currency: Euro\n      person:\n        - name: Essilor\n        - name: Luxottica Group\n      product:\n        - name: Optical lenses\n      quantity:\n        - name: 100\n      date:\n        - year: 2021\n      location:\n        - country: Italy\n          city: Milan\n      money:\n        - currency: Euro\n      person:\n        - name: Essilor\n        - name: Luxottica Group\n      product:\n        - name: Optical lenses\n      quantity:\n        - name: 100\n      date:\n        - year: 2021\n      location:\n        - country: Italy\n          city: Milan\n      money:\n        - currency: Euro\n      person:\n        - name: Essilor\n        - name: Luxottica Group\n      product:\n        - name: Optical lenses\n      quantity:\n        - name: 100\n      date:\n        - year: 2021\n      location:\n        - country: Italy\n          city: Milan\n      money:\n        - currency: Euro\n      person:\n        - name: Essilor\n        - name: Luxottica Group\n      product:\n        - name: Optical lenses\n      quantity:\n        - name: 100\n      date:\n        - year: 2021\n      location:\n        - country: Italy\n          city: Milan\n      money:\n        - currency: Euro\n      person:\n        - name: Essilor\n        - name: Luxottica Group\n      product:\n        - name: Optical lenses\n      quantity:\n        - name: 100\n      date:\n        - year: 2021\n      location:\n        - country: Italy\n          city: Milan\n      money:\n        - currency: Euro\n      person:\n        - name: Essilor\n        - name: Luxottica Group\n      product:\n        - name: Optical lenses\n      quantity:\n        - name: 100\n      date:\n        - year: 2021\n      location:\n        - country: Italy\n          city: Milan\n      money:\n        - currency: Euro\n      person:\n        - name: Essilor\n        - name: Luxottica Group\n      product:\n        - name""]"
sola-yaml-rescue,"StructuredOutputAdapter(output_mode=YAML, prompt_layout=SECTIONS, parse_config=ParseConfig())",financial-ner-0002,ok,,0.30894480101414956,1,none,2,9,0.2222,False,Company[1];Company[2];Date[0];Location[0];Person[0],Product;Quantity,Person[1];Product[0];Quantity[0],681,2,7,0.2857,2,"[""```yaml\nentities:\n  Company: Broadcom\n  Product: NXP Semconductors\n  Money: $117 billion\n  Person: Qualcomm\n  Quantity: N/A\n```""]"
sola-yaml-rescue,"StructuredOutputAdapter(output_mode=YAML, prompt_layout=SECTIONS, parse_config=ParseConfig())",financial-ner-0003,ok,,0.19317425700137392,1,none,4,8,0.5,False,Company[1];Money[0],Product;Quantity,Product[0];Quantity[0],632,1,3,0.3333,2,"[""```yaml\nentities:\n  Company: Bank of America\n  Product: Merrill Lynch\n  Quantity: $50 billion\n```""]"
sola-yaml-rescue,"StructuredOutputAdapter(output_mode=YAML, prompt_layout=SECTIONS, parse_config=ParseConfig())",financial-ner-0004,ok,,0.2704868680157233,1,none,3,10,0.3,False,Company[1];Company[2];Company[3],Location;Person;Product;Quantity,Location[0];Person[0];Product[0];Quantity[0],652,2,5,0.4,4,"[""```yaml\nentities:\n  Company: Broadcom\n  Product: Qualcomm\n  Quantity: $117 billion\n  Location: NXP\n  Person: Qualcomm\n  Money: $117 billion\n```""]"
sola-yaml-rescue,"StructuredOutputAdapter(output_mode=YAML, prompt_layout=SECTIONS, parse_config=ParseConfig())",financial-ner-0005,validation_error,ValidationError,0.5067783279810101,1,none,0,7,0.0,False,,Company[0];Date;Location[0];Money[0];Person;Product;Quantity,,703,0,3,0.0,0,"[""```yaml\nentities:\n  Company:\n    - name: \""British Company\""\n    - name: \""Mci\""\n  Date:\n    - year: \""2022\""\n  Location:\n    - country: \""United Kingdom\""\n  Money:\n    - currency: \""USD\""\n  Person:\n    - name: \""British Company\""\n  Product:\n    - name: \""Mci\""\n  Quantity:\n    - value: \""22 Billion\""\n```""]"
sola-yaml-rescue,"StructuredOutputAdapter(output_mode=YAML, prompt_layout=SECTIONS, parse_config=ParseConfig())",financial-ner-0006,validation_error,ValidationError,0.48497361701447517,1,none,0,13,0.0,False,,Company[0];Company[1];Company[2];Date;Location;Money[0];Money[1];Money[2];Money[3];Money[4];Person;Product;Quantity,,763,0,8,0.0,0,"[""```yaml\nentities:\n  Company: Boston Scientific\n  Product: Guidant\n  Quantity: $24.6 billion\n  Money: $21.5 billion\n  Person: Johnson & Johnson\n  Location: Boston, Massachusetts\n  Date: 2004-01-01\n  Money: $72 per share\n  Quantity: $36 in cash\n  Money: $36 a share\n```""]"
sola-yaml-rescue,"StructuredOutputAdapter(output_mode=YAML, prompt_layout=SECTIONS, parse_config=ParseConfig())",financial-ner-0007,ok,,0.20215561499935575,1,none,6,8,0.75,False,Company[0],Product,Product[0],634,2,3,0.6667,1,"[""```yaml\nentities:\n  Company: Time Warner\n  Money: $80B\n  Product: 21st Century Fox\n```""]"
sola-yaml-rescue,"StructuredOutputAdapter(output_mode=YAML, prompt_layout=SECTIONS, parse_config=ParseConfig())",financial-ner-0008,validation_error,ValidationError,0.2981754339998588,1,none,0,7,0.0,False,,Company;Date;Location[0];Money;Person;Product;Quantity,,655,0,1,0.0,0,"[""```yaml\nentities:\n  Company:\n    - name: Japan Banks\n      location: Japan\n  Product:\n    - name: Merger\n      location: Japan\n  Person:\n    - name: Wider Effects\n      location: Japan\n```""]"
sola-yaml-rescue,"StructuredOutputAdapter(output_mode=YAML, prompt_layout=SECTIONS, parse_config=ParseConfig())",financial-ner-0009,ok,,0.5939713279949501,1,none,0,7,0.0,False,Company[0];Date[0];Quantity[0],Location;Money;Person;Product,Company[1];Date[1];Location[0];Money[0];Person[0];Product[0];Quantity[1],753,0,3,0.0,4,"[""```yaml\nentities:\n  Company: Columbia Group\n  Date: \""2022-09-08\""\n  Location: \""New York, NY, USA\""\n  Money: \""Merger of Four Subsidiaries\""\n  Person: \""Columbia Group\""\n  Product: \""Acquisition of Another\""\n  Quantity: \""Proposed to SEC HEARING SET FOR SEPT. 8\""\n  Consolidation: \""Consolidation to Form a New Corporation\""\n  Objective: \""Utilities Concern\""\n```""]"
sola-yaml-rescue,"StructuredOutputAdapter(output_mode=YAML, prompt_layout=SECTIONS, parse_config=ParseConfig())",financial-ner-0010,validation_error,ValidationError,0.5993010050151497,1,none,0,9,0.0,False,,Company[0];Company[1];Company[2];Date;Location;Money;Person;Product;Quantity,,714,0,3,0.0,0,"[""```yaml\nentities:\n  Company:\n    - name: \""BB&T\""\n    - name: \""SunTrust\""\n  Date:\n    - year: \""2021\""\n  Location:\n    - country: \""United States\""\n  Money:\n    - currency: \""USD\""\n  Person:\n    - name: \""Brian Moynihan\""\n    - name: \""Jonathan Bush\""\n  Product:\n    - name: \""U.S. Bank\""\n  Quantity:\n    - value: \""100\""\n```""]"
sola-yaml-rescue,"StructuredOutputAdapter(output_mode=YAML, prompt_layout=SECTIONS, parse_config=ParseConfig())",financial-ner-0011,validation_error,ValidationError,0.49478491899208166,1,none,0,8,0.0,False,,Company[0];Company[1];Date;Location;Money;Person;Product;Quantity,,689,0,2,0.0,0,"[""```yaml\nentities:\n  Company:\n    - Name: Statoil\n      Location: Norway\n    - Name: Norsk Hydro\n      Location: Norway\n  Product:\n    - Name: Oil\n      Quantity: 0.0\n    - Name: Gas\n      Quantity: 0.0\n  Person:\n    - Name: None\n      Location: None\n  Quantity:\n    - Name: None\n      Quantity: None\n```""]"
sola-yaml-rescue,"StructuredOutputAdapter(output_mode=YAML, prompt_layout=SECTIONS, parse_config=ParseConfig())",financial-ner-0012,ok,,0.30857029199250974,1,none,3,9,0.3333,False,Company[0];Money[0];Money[1],Date;Product;Quantity,Date[0];Product[0];Quantity[0],676,1,4,0.25,3,"[""```yaml\nentities:\n  Company: Pfizer\n  Date: just after the announcement of a $65 billion deal with American Home Products\n  Product: $65 billion deal\n  Quantity: $90 billion\n```""]"
sola-yaml-rescue,"StructuredOutputAdapter(output_mode=YAML, prompt_layout=SECTIONS, parse_config=ParseConfig())",financial-ner-0013,validation_error,ValidationError,0.6507680089853238,1,none,0,8,0.0,False,,Company[0];Company[1];Date[0];Location;Money;Person;Product;Quantity,,736,0,3,0.0,0,"[""```yaml\nentities:\n  Company:\n    - name: United Technologies\n    - name: Raytheon Technologies\n  Date:\n    - year: 2020\n    - month: January\n    - day: 1\n  Location:\n    - country: United States\n    - state: Connecticut\n  Money:\n    - amount: 10.5 billion USD\n  Person:\n    - name: Thomas J. Walsh\n    - name: John W. Walsh\n  Product:\n    - name: Raytheon Technologies\n    - name: United Technologies\n  Quantity:\n    - amount: 10.5 billion USD\n```""]"
sola-yaml-rescue,"StructuredOutputAdapter(output_mode=YAML, prompt_layout=SECTIONS, parse_config=ParseConfig())",financial-ner-0014,validation_error,ValidationError,0.3709879129892215,1,none,0,8,0.0,False,,Company[0];Company[1];Date;Location;Money[0];Person[0];Product;Quantity,,680,0,4,0.0,0,"[""```yaml\nentities:\n  Company:\n    - name: BMS\n      type: Company\n  Person:\n    - name: Giovanni Caforio\n      type: Person\n  Product:\n    - name: Celgene\n      type: Product\n  Quantity:\n    - name: $74 Billion\n      type: Money\n```""]"
sola-yaml-rescue,"StructuredOutputAdapter(output_mode=YAML, prompt_layout=SECTIONS, parse_config=ParseConfig())",financial-ner-0015,validation_error,ValidationError,0.3257030120003037,1,none,0,8,0.0,False,,Company[0];Company[1];Date;Location;Money[0];Person;Product;Quantity,,657,0,3,0.0,0,"[""```yaml\nentities:\n  Company: CVS Health Corporation\n  Date: 2022-03-15\n  Location: United States\n  Money: $21 billion\n  Person: CVS Health Corporation\n  Product: Caremark\n  Quantity: 1\n```""]"
sola-yaml-rescue,"StructuredOutputAdapter(output_mode=YAML, prompt_layout=SECTIONS, parse_config=ParseConfig())",financial-ner-0016,ok,,0.29274777599493973,1,none,2,10,0.2,False,Company[0];Company[2];Company[3];Location[0],Money;Person;Product;Quantity,Location[1];Money[0];Person[0];Product[0];Quantity[0],702,1,5,0.2,4,"[""```yaml\nentities:\n  Company: Allergan\n  Product: Valeant\n  Money: cash - and - stock\n  Location: Canadian drug - maker\n  Person: Allergan\n  Quantity: would hurt\n```""]"
sola-yaml-rescue,"StructuredOutputAdapter(output_mode=YAML, prompt_layout=SECTIONS, parse_config=ParseConfig())",financial-ner-0017,validation_error,ValidationError,0.46055750199593604,1,none,0,8,0.0,False,,Company[0];Company[1];Date;Location;Money[0];Person;Product;Quantity,,686,0,3,0.0,0,"[""```yaml\nentities:\n  Company:\n    - name: ChemChina\n      location: China\n    - name: Syngenta\n      location: Switzerland\n  Product:\n    - name: Clinch\n      quantity: $43 billion\n  Person:\n    - name: ChemChina\n      location: China\n  Quantity:\n    - name: $43 billion\n      unit: billion USD\n```""]"
sola-yaml-rescue,"StructuredOutputAdapter(output_mode=YAML, prompt_layout=SECTIONS, parse_config=ParseConfig())",financial-ner-0018,ok,,0.1941996969981119,1,none,6,8,0.75,False,Company[1],Product,Product[0],629,2,3,0.6667,1,"[""```yaml\nentities:\n  Company: London Stock Exchange\n  Money: $27 billion\n  Product: Refinitiv\n```""]"
sola-yaml-rescue,"StructuredOutputAdapter(output_mode=YAML, prompt_layout=SECTIONS, parse_config=ParseConfig())",financial-ner-0019,ok,,0.22980794799514115,1,none,6,8,0.75,False,Company[1];Date[0],,Date[1],646,1,3,0.3333,0,"[""```yaml\nentities:\n- Company: Chrysler\n  - Name: Daimler Benz\n  - Date: May 7, 1998\n```""]"
sola-yaml-rescue,"StructuredOutputAdapter(output_mode=YAML, prompt_layout=SECTIONS, parse_config=ParseConfig())",financial-ner-0020,ok,,0.4852618070144672,1,none,0,7,0.0,False,Location[0],Company;Date;Money;Person;Product;Quantity,Company[0];Date[0];Location[1];Money[0];Person[0];Product[0];Quantity[0],694,0,1,0.0,6,"[""```yaml\nentities:\n  - Title: Chinese firms said to be in mega-merger talks\n    Company: list[string] OR null\n    Date: list[string] OR null\n    Location: list[string] OR null\n    Money: list[string] OR null\n    Person: list[string] OR null\n    Product: list[string] OR null\n    Quantity: list[string] OR null\n```""]"
sola-yaml-rescue,"StructuredOutputAdapter(output_mode=YAML, prompt_layout=SECTIONS, parse_config=ParseConfig())",financial-ner-0021,ok,,0.2740078319911845,1,none,4,8,0.5,False,Company[1];Money[0],Product;Quantity,Product[0];Quantity[0],647,2,4,0.5,2,"[""```yaml\nentities:\n- Company: Hutchison\n  - Name: VimpelCom\n  - Location: Italy\n- Product: assets\n- Quantity: $24 billion\n```""]"
sola-yaml-rescue,"StructuredOutputAdapter(output_mode=YAML, prompt_layout=SECTIONS, parse_config=ParseConfig())",financial-ner-0022,validation_error,ValidationError,0.29057230698526837,1,none,0,8,0.0,False,,Company[0];Company[1];Date;Location;Money[0];Person;Product;Quantity,,647,0,3,0.0,0,"[""```yaml\nentities:\n  Company:\n    - name: SoftBank\n      location: Japan\n  Product:\n    - name: ARM\n      location: Japan\n  Quantity:\n    - name: $31 billion\n      location: Japan\n```""]"
sola-yaml-rescue,"StructuredOutputAdapter(output_mode=YAML, prompt_layout=SECTIONS, parse_config=ParseConfig())",financial-ner-0023,ok,,0.2481759240035899,1,none,5,8,0.625,False,Company[1],Location;Product,Location[0];Product[0],645,2,3,0.6667,2,"[""```yaml\nentities:\n  Company: Charles Schwab\n  Product: TD Ameritrade\n  Money: $26 billion\n  Location: not explicitly mentioned in the text\n```""]"
sola-yaml-rescue,"StructuredOutputAdapter(output_mode=YAML, prompt_layout=SECTIONS, parse_config=ParseConfig())",financial-ner-0024,ok,,0.3629078910162207,1,none,3,8,0.375,False,Company[0];Money[0],Person;Product;Quantity,Money[1];Person[0];Product[0];Quantity[0],703,1,3,0.3333,3,"[""```yaml\nentities:\n  Company: Xerox\n  Money: $33.5 billion\n  Product: cash - and - stock offer\n  Person: HP\n  Quantity: $25.8 billion\n  Product: counter - offer\n  Person: HP\n  Quantity: $25.8 billion\n```""]"
sola-yaml-rescue,"StructuredOutputAdapter(output_mode=YAML, prompt_layout=SECTIONS, parse_config=ParseConfig())",financial-ner-0025,validation_error,ValidationError,0.34866375700221397,1,none,0,7,0.0,False,,Company[0];Date;Location[0];Money;Person;Product;Quantity[0],,668,0,3,0.0,0,"[""```yaml\nentities:\n  Company:\n    - name: China Mobile\n      location: China\n    - name: Seven Chinese state-owned mobile communications businesses\n      location: China\n  Product:\n    - name: mobile communications\n      location: China\n  Quantity:\n    - name: seven\n      location: China\n```""]"
sola-yaml-rescue,"StructuredOutputAdapter(output_mode=YAML, prompt_layout=SECTIONS, parse_config=ParseConfig())",financial-ner-0026,ok,,0.2454541019978933,1,none,4,8,0.5,False,Company[1],Person;Product;Quantity,Person[0];Product[0];Quantity[0],638,2,3,0.6667,3,"[""```yaml\nentities:\n  Company: GSK\n  Product: consumer division\n  Money: $68 billion\n  Person: Unilever\n  Quantity: $68 billion\n```""]"
sola-yaml-rescue,"StructuredOutputAdapter(output_mode=YAML, prompt_layout=SECTIONS, parse_config=ParseConfig())",financial-ner-0027,validation_error,ValidationError,0.17263374099275097,1,none,0,8,0.0,False,,Company[0];Company[1];Date;Location;Money;Person;Product;Quantity,,617,0,2,0.0,0,"[""```yaml\nentities:\n  Company: Boston Scientific\n  Product: Guidant\n  Quantity: 1\n```""]"
sola-yaml-rescue,"StructuredOutputAdapter(output_mode=YAML, prompt_layout=SECTIONS, parse_config=ParseConfig())",financial-ner-0028,validation_error,ValidationError,0.37241415499011055,1,none,0,9,0.0,False,,Company[0];Company[1];Company[2];Date;Location;Money;Person;Product;Quantity,,665,0,3,0.0,0,"[""```yaml\nentities:\n  Company:\n    - name: Global Crossing\n    - name: Qwest\n  Product:\n    - name: US West\n  Money:\n    - name: acquiring\n    - name: US West\n  Location:\n    - name: Qwest\n    - name: US West\n```""]"
sola-yaml-rescue,"StructuredOutputAdapter(output_mode=YAML, prompt_layout=SECTIONS, parse_config=ParseConfig())",financial-ner-0029,validation_error,ValidationError,1.06577914301306,1,none,0,9,0.0,False,,Company[0];Company[1];Date;Location[0];Location[1];Money[0];Person;Product[0];Quantity,,818,0,6,0.0,0,"[""```yaml\nentities:\n  Company:\n    - name: Halliburton\n    - name: Baker Hughes\n  Date:\n    - year ended March 2020\n  Location:\n    - political regions, countries, states, cities, roads, or any other location, even when used as adjectives\n  Money:\n    - monetary value expressed in any world currency, including digital currencies\n  Person:\n    - name: U.S. and European antitrust regulators\n  Product:\n    - any physical object or service manufactured or provided by a company to consumers, excluding references to businesses or sectors within the financial context\n  Quantity:\n    - any numeric value that is not categorized as Money, such as percentages, numbers, measurements (e.g., weight, length), or other similar quantities. Note that unit of measurements are also part of the entity.\n```""]"
