adapter,adapter_config,case_id,outcome,error_class,wall_s,lm_calls,response_format_sent,matched,total,ratio,exact,wrong,missing,spurious,total_tokens
chat,ChatAdapter(use_json_adapter_fallback=False),insurance-claims-0000,parse_error,AdapterParseError,5.088439748999917,1,none,0,20,0.0,False,,header.channel;header.claim_id;header.incident_date;header.report_date;header.reported_by;incident_description.estimated_damage_amount;incident_description.incident_type;incident_description.location_type;incident_description.police_report_number;insured_objects[0].estimated_value;insured_objects[0].location_address;insured_objects[0].make_model;insured_objects[0].object_id;insured_objects[0].object_type;insured_objects[0].year;policy_details.coverage_type;policy_details.effective_date;policy_details.expiration_date;policy_details.policy_number;policy_details.policyholder_name,,2647
chat,ChatAdapter(use_json_adapter_fallback=False),insurance-claims-0001,parse_error,AdapterParseError,4.698939828999755,1,none,0,20,0.0,False,,header.channel;header.claim_id;header.incident_date;header.report_date;header.reported_by;incident_description.estimated_damage_amount;incident_description.incident_type;incident_description.location_type;incident_description.police_report_number;insured_objects[0].estimated_value;insured_objects[0].location_address;insured_objects[0].make_model;insured_objects[0].object_id;insured_objects[0].object_type;insured_objects[0].year;policy_details.coverage_type;policy_details.effective_date;policy_details.expiration_date;policy_details.policy_number;policy_details.policyholder_name,,2540
chat,ChatAdapter(use_json_adapter_fallback=False),insurance-claims-0002,parse_error,AdapterParseError,3.4889217279996956,1,none,0,11,0.0,False,,header.channel;header.claim_id;header.incident_date;header.report_date;header.reported_by;incident_description.estimated_damage_amount;incident_description.incident_type;incident_description.location_type;incident_description.police_report_number;insured_objects;policy_details,,2622
chat,ChatAdapter(use_json_adapter_fallback=False),insurance-claims-0003,parse_error,AdapterParseError,6.2415507380001145,1,none,0,26,0.0,False,,header.channel;header.claim_id;header.incident_date;header.report_date;header.reported_by;incident_description.estimated_damage_amount;incident_description.incident_type;incident_description.location_type;incident_description.police_report_number;insured_objects[0].estimated_value;insured_objects[0].location_address;insured_objects[0].make_model;insured_objects[0].object_id;insured_objects[0].object_type;insured_objects[0].year;insured_objects[1].estimated_value;insured_objects[1].location_address;insured_objects[1].make_model;insured_objects[1].object_id;insured_objects[1].object_type;insured_objects[1].year;policy_details.coverage_type;policy_details.effective_date;policy_details.expiration_date;policy_details.policy_number;policy_details.policyholder_name,,2858
chat,ChatAdapter(use_json_adapter_fallback=False),insurance-claims-0004,parse_error,AdapterParseError,2.9616889819999415,1,none,0,20,0.0,False,,header.channel;header.claim_id;header.incident_date;header.report_date;header.reported_by;incident_description.estimated_damage_amount;incident_description.incident_type;incident_description.location_type;incident_description.police_report_number;insured_objects[0].estimated_value;insured_objects[0].location_address;insured_objects[0].make_model;insured_objects[0].object_id;insured_objects[0].object_type;insured_objects[0].year;policy_details.coverage_type;policy_details.effective_date;policy_details.expiration_date;policy_details.policy_number;policy_details.policyholder_name,,2685
chat,ChatAdapter(use_json_adapter_fallback=False),insurance-claims-0005,parse_error,AdapterParseError,7.1934520309996515,1,none,0,20,0.0,False,,header.channel;header.claim_id;header.incident_date;header.report_date;header.reported_by;incident_description.estimated_damage_amount;incident_description.incident_type;incident_description.location_type;incident_description.police_report_number;insured_objects[0].estimated_value;insured_objects[0].location_address;insured_objects[0].make_model;insured_objects[0].object_id;insured_objects[0].object_type;insured_objects[0].year;policy_details.coverage_type;policy_details.effective_date;policy_details.expiration_date;policy_details.policy_number;policy_details.policyholder_name,,3193
chat,ChatAdapter(use_json_adapter_fallback=False),insurance-claims-0006,parse_error,AdapterParseError,3.0723054910004066,1,none,0,20,0.0,False,,header.channel;header.claim_id;header.incident_date;header.report_date;header.reported_by;incident_description.estimated_damage_amount;incident_description.incident_type;incident_description.location_type;incident_description.police_report_number;insured_objects[0].estimated_value;insured_objects[0].location_address;insured_objects[0].make_model;insured_objects[0].object_id;insured_objects[0].object_type;insured_objects[0].year;policy_details.coverage_type;policy_details.effective_date;policy_details.expiration_date;policy_details.policy_number;policy_details.policyholder_name,,2713
chat,ChatAdapter(use_json_adapter_fallback=False),insurance-claims-0007,parse_error,AdapterParseError,6.577972702999432,1,none,0,20,0.0,False,,header.channel;header.claim_id;header.incident_date;header.report_date;header.reported_by;incident_description.estimated_damage_amount;incident_description.incident_type;incident_description.location_type;incident_description.police_report_number;insured_objects[0].estimated_value;insured_objects[0].location_address;insured_objects[0].make_model;insured_objects[0].object_id;insured_objects[0].object_type;insured_objects[0].year;policy_details.coverage_type;policy_details.effective_date;policy_details.expiration_date;policy_details.policy_number;policy_details.policyholder_name,,3081
chat,ChatAdapter(use_json_adapter_fallback=False),insurance-claims-0008,parse_error,AdapterParseError,4.269215166999857,1,none,0,11,0.0,False,,header.channel;header.claim_id;header.incident_date;header.report_date;header.reported_by;incident_description.estimated_damage_amount;incident_description.incident_type;incident_description.location_type;incident_description.police_report_number;insured_objects;policy_details,,2820
chat,ChatAdapter(use_json_adapter_fallback=False),insurance-claims-0009,parse_error,AdapterParseError,3.1995845649998955,1,none,0,20,0.0,False,,header.channel;header.claim_id;header.incident_date;header.report_date;header.reported_by;incident_description.estimated_damage_amount;incident_description.incident_type;incident_description.location_type;incident_description.police_report_number;insured_objects[0].estimated_value;insured_objects[0].location_address;insured_objects[0].make_model;insured_objects[0].object_id;insured_objects[0].object_type;insured_objects[0].year;policy_details.coverage_type;policy_details.effective_date;policy_details.expiration_date;policy_details.policy_number;policy_details.policyholder_name,,2714
chat,ChatAdapter(use_json_adapter_fallback=False),insurance-claims-0010,parse_error,AdapterParseError,3.20031138000013,1,none,0,11,0.0,False,,header.channel;header.claim_id;header.incident_date;header.report_date;header.reported_by;incident_description.estimated_damage_amount;incident_description.incident_type;incident_description.location_type;incident_description.police_report_number;insured_objects;policy_details,,2619
chat,ChatAdapter(use_json_adapter_fallback=False),insurance-claims-0011,parse_error,AdapterParseError,2.058060167999429,1,none,0,11,0.0,False,,header.channel;header.claim_id;header.incident_date;header.report_date;header.reported_by;incident_description.estimated_damage_amount;incident_description.incident_type;incident_description.location_type;incident_description.police_report_number;insured_objects;policy_details,,2440
chat,ChatAdapter(use_json_adapter_fallback=False),insurance-claims-0012,parse_error,AdapterParseError,2.909683357999711,1,none,0,20,0.0,False,,header.channel;header.claim_id;header.incident_date;header.report_date;header.reported_by;incident_description.estimated_damage_amount;incident_description.incident_type;incident_description.location_type;incident_description.police_report_number;insured_objects[0].estimated_value;insured_objects[0].location_address;insured_objects[0].make_model;insured_objects[0].object_id;insured_objects[0].object_type;insured_objects[0].year;policy_details.coverage_type;policy_details.effective_date;policy_details.expiration_date;policy_details.policy_number;policy_details.policyholder_name,,2676
chat,ChatAdapter(use_json_adapter_fallback=False),insurance-claims-0013,parse_error,AdapterParseError,2.1234132110002975,1,none,0,20,0.0,False,,header.channel;header.claim_id;header.incident_date;header.report_date;header.reported_by;incident_description.estimated_damage_amount;incident_description.incident_type;incident_description.location_type;incident_description.police_report_number;insured_objects[0].estimated_value;insured_objects[0].location_address;insured_objects[0].make_model;insured_objects[0].object_id;insured_objects[0].object_type;insured_objects[0].year;policy_details.coverage_type;policy_details.effective_date;policy_details.expiration_date;policy_details.policy_number;policy_details.policyholder_name,,2566
chat,ChatAdapter(use_json_adapter_fallback=False),insurance-claims-0014,parse_error,AdapterParseError,4.383291234999888,1,none,0,20,0.0,False,,header.channel;header.claim_id;header.incident_date;header.report_date;header.reported_by;incident_description.estimated_damage_amount;incident_description.incident_type;incident_description.location_type;incident_description.police_report_number;insured_objects[0].estimated_value;insured_objects[0].location_address;insured_objects[0].make_model;insured_objects[0].object_id;insured_objects[0].object_type;insured_objects[0].year;policy_details.coverage_type;policy_details.effective_date;policy_details.expiration_date;policy_details.policy_number;policy_details.policyholder_name,,2460
chat,ChatAdapter(use_json_adapter_fallback=False),insurance-claims-0015,parse_error,AdapterParseError,3.254906549000225,1,none,0,20,0.0,False,,header.channel;header.claim_id;header.incident_date;header.report_date;header.reported_by;incident_description.estimated_damage_amount;incident_description.incident_type;incident_description.location_type;incident_description.police_report_number;insured_objects[0].estimated_value;insured_objects[0].location_address;insured_objects[0].make_model;insured_objects[0].object_id;insured_objects[0].object_type;insured_objects[0].year;policy_details.coverage_type;policy_details.effective_date;policy_details.expiration_date;policy_details.policy_number;policy_details.policyholder_name,,2654
chat,ChatAdapter(use_json_adapter_fallback=False),insurance-claims-0016,parse_error,AdapterParseError,3.026634441999704,1,none,0,20,0.0,False,,header.channel;header.claim_id;header.incident_date;header.report_date;header.reported_by;incident_description.estimated_damage_amount;incident_description.incident_type;incident_description.location_type;incident_description.police_report_number;insured_objects[0].estimated_value;insured_objects[0].location_address;insured_objects[0].make_model;insured_objects[0].object_id;insured_objects[0].object_type;insured_objects[0].year;policy_details.coverage_type;policy_details.effective_date;policy_details.expiration_date;policy_details.policy_number;policy_details.policyholder_name,,2422
chat,ChatAdapter(use_json_adapter_fallback=False),insurance-claims-0017,parse_error,AdapterParseError,4.785140864999448,1,none,0,20,0.0,False,,header.channel;header.claim_id;header.incident_date;header.report_date;header.reported_by;incident_description.estimated_damage_amount;incident_description.incident_type;incident_description.location_type;incident_description.police_report_number;insured_objects[0].estimated_value;insured_objects[0].location_address;insured_objects[0].make_model;insured_objects[0].object_id;insured_objects[0].object_type;insured_objects[0].year;policy_details.coverage_type;policy_details.effective_date;policy_details.expiration_date;policy_details.policy_number;policy_details.policyholder_name,,2643
chat,ChatAdapter(use_json_adapter_fallback=False),insurance-claims-0018,parse_error,AdapterParseError,2.019534568000381,1,none,0,20,0.0,False,,header.channel;header.claim_id;header.incident_date;header.report_date;header.reported_by;incident_description.estimated_damage_amount;incident_description.incident_type;incident_description.location_type;incident_description.police_report_number;insured_objects[0].estimated_value;insured_objects[0].location_address;insured_objects[0].make_model;insured_objects[0].object_id;insured_objects[0].object_type;insured_objects[0].year;policy_details.coverage_type;policy_details.effective_date;policy_details.expiration_date;policy_details.policy_number;policy_details.policyholder_name,,2207
chat,ChatAdapter(use_json_adapter_fallback=False),insurance-claims-0019,parse_error,AdapterParseError,5.245208600000296,1,none,0,20,0.0,False,,header.channel;header.claim_id;header.incident_date;header.report_date;header.reported_by;incident_description.estimated_damage_amount;incident_description.incident_type;incident_description.location_type;incident_description.police_report_number;insured_objects[0].estimated_value;insured_objects[0].location_address;insured_objects[0].make_model;insured_objects[0].object_id;insured_objects[0].object_type;insured_objects[0].year;policy_details.coverage_type;policy_details.effective_date;policy_details.expiration_date;policy_details.policy_number;policy_details.policyholder_name,,2590
chat,ChatAdapter(use_json_adapter_fallback=False),insurance-claims-0020,parse_error,AdapterParseError,4.468827425999734,1,none,0,20,0.0,False,,header.channel;header.claim_id;header.incident_date;header.report_date;header.reported_by;incident_description.estimated_damage_amount;incident_description.incident_type;incident_description.location_type;incident_description.police_report_number;insured_objects[0].estimated_value;insured_objects[0].location_address;insured_objects[0].make_model;insured_objects[0].object_id;insured_objects[0].object_type;insured_objects[0].year;policy_details.coverage_type;policy_details.effective_date;policy_details.expiration_date;policy_details.policy_number;policy_details.policyholder_name,,2597
chat,ChatAdapter(use_json_adapter_fallback=False),insurance-claims-0021,parse_error,AdapterParseError,3.496888601000137,1,none,0,26,0.0,False,,header.channel;header.claim_id;header.incident_date;header.report_date;header.reported_by;incident_description.estimated_damage_amount;incident_description.incident_type;incident_description.location_type;incident_description.police_report_number;insured_objects[0].estimated_value;insured_objects[0].location_address;insured_objects[0].make_model;insured_objects[0].object_id;insured_objects[0].object_type;insured_objects[0].year;insured_objects[1].estimated_value;insured_objects[1].location_address;insured_objects[1].make_model;insured_objects[1].object_id;insured_objects[1].object_type;insured_objects[1].year;policy_details.coverage_type;policy_details.effective_date;policy_details.expiration_date;policy_details.policy_number;policy_details.policyholder_name,,2484
chat,ChatAdapter(use_json_adapter_fallback=False),insurance-claims-0022,parse_error,AdapterParseError,4.491501235999749,1,none,0,20,0.0,False,,header.channel;header.claim_id;header.incident_date;header.report_date;header.reported_by;incident_description.estimated_damage_amount;incident_description.incident_type;incident_description.location_type;incident_description.police_report_number;insured_objects[0].estimated_value;insured_objects[0].location_address;insured_objects[0].make_model;insured_objects[0].object_id;insured_objects[0].object_type;insured_objects[0].year;policy_details.coverage_type;policy_details.effective_date;policy_details.expiration_date;policy_details.policy_number;policy_details.policyholder_name,,2523
chat,ChatAdapter(use_json_adapter_fallback=False),insurance-claims-0023,parse_error,AdapterParseError,4.303555683999548,1,none,0,20,0.0,False,,header.channel;header.claim_id;header.incident_date;header.report_date;header.reported_by;incident_description.estimated_damage_amount;incident_description.incident_type;incident_description.location_type;incident_description.police_report_number;insured_objects[0].estimated_value;insured_objects[0].location_address;insured_objects[0].make_model;insured_objects[0].object_id;insured_objects[0].object_type;insured_objects[0].year;policy_details.coverage_type;policy_details.effective_date;policy_details.expiration_date;policy_details.policy_number;policy_details.policyholder_name,,2460
chat,ChatAdapter(use_json_adapter_fallback=False),insurance-claims-0024,parse_error,AdapterParseError,3.1652190889999474,1,none,0,20,0.0,False,,header.channel;header.claim_id;header.incident_date;header.report_date;header.reported_by;incident_description.estimated_damage_amount;incident_description.incident_type;incident_description.location_type;incident_description.police_report_number;insured_objects[0].estimated_value;insured_objects[0].location_address;insured_objects[0].make_model;insured_objects[0].object_id;insured_objects[0].object_type;insured_objects[0].year;policy_details.coverage_type;policy_details.effective_date;policy_details.expiration_date;policy_details.policy_number;policy_details.policyholder_name,,2346
chat,ChatAdapter(use_json_adapter_fallback=False),insurance-claims-0025,parse_error,AdapterParseError,2.0158303230000456,1,none,0,11,0.0,False,,header.channel;header.claim_id;header.incident_date;header.report_date;header.reported_by;incident_description.estimated_damage_amount;incident_description.incident_type;incident_description.location_type;incident_description.police_report_number;insured_objects;policy_details,,2201
chat,ChatAdapter(use_json_adapter_fallback=False),insurance-claims-0026,parse_error,AdapterParseError,4.505076878000182,1,none,0,20,0.0,False,,header.channel;header.claim_id;header.incident_date;header.report_date;header.reported_by;incident_description.estimated_damage_amount;incident_description.incident_type;incident_description.location_type;incident_description.police_report_number;insured_objects[0].estimated_value;insured_objects[0].location_address;insured_objects[0].make_model;insured_objects[0].object_id;insured_objects[0].object_type;insured_objects[0].year;policy_details.coverage_type;policy_details.effective_date;policy_details.expiration_date;policy_details.policy_number;policy_details.policyholder_name,,2465
chat,ChatAdapter(use_json_adapter_fallback=False),insurance-claims-0027,parse_error,AdapterParseError,3.4288941670001805,1,none,0,20,0.0,False,,header.channel;header.claim_id;header.incident_date;header.report_date;header.reported_by;incident_description.estimated_damage_amount;incident_description.incident_type;incident_description.location_type;incident_description.police_report_number;insured_objects[0].estimated_value;insured_objects[0].location_address;insured_objects[0].make_model;insured_objects[0].object_id;insured_objects[0].object_type;insured_objects[0].year;policy_details.coverage_type;policy_details.effective_date;policy_details.expiration_date;policy_details.policy_number;policy_details.policyholder_name,,2374
chat,ChatAdapter(use_json_adapter_fallback=False),insurance-claims-0028,parse_error,AdapterParseError,2.789226434999364,1,none,0,20,0.0,False,,header.channel;header.claim_id;header.incident_date;header.report_date;header.reported_by;incident_description.estimated_damage_amount;incident_description.incident_type;incident_description.location_type;incident_description.police_report_number;insured_objects[0].estimated_value;insured_objects[0].location_address;insured_objects[0].make_model;insured_objects[0].object_id;insured_objects[0].object_type;insured_objects[0].year;policy_details.coverage_type;policy_details.effective_date;policy_details.expiration_date;policy_details.policy_number;policy_details.policyholder_name,,2237
chat,ChatAdapter(use_json_adapter_fallback=False),insurance-claims-0029,parse_error,AdapterParseError,3.1757621370006746,1,none,0,20,0.0,False,,header.channel;header.claim_id;header.incident_date;header.report_date;header.reported_by;incident_description.estimated_damage_amount;incident_description.incident_type;incident_description.location_type;incident_description.police_report_number;insured_objects[0].estimated_value;insured_objects[0].location_address;insured_objects[0].make_model;insured_objects[0].object_id;insured_objects[0].object_type;insured_objects[0].year;policy_details.coverage_type;policy_details.effective_date;policy_details.expiration_date;policy_details.policy_number;policy_details.policyholder_name,,2289
json,JSONAdapter(),insurance-claims-0000,validation_error,ValidationError,3.4271036779991846,1,json_object,0,20,0.0,False,,header.channel;header.claim_id;header.incident_date;header.report_date;header.reported_by;incident_description.estimated_damage_amount;incident_description.incident_type;incident_description.location_type;incident_description.police_report_number;insured_objects[0].estimated_value;insured_objects[0].location_address;insured_objects[0].make_model;insured_objects[0].object_id;insured_objects[0].object_type;insured_objects[0].year;policy_details.coverage_type;policy_details.effective_date;policy_details.expiration_date;policy_details.policy_number;policy_details.policyholder_name,,2847
json,JSONAdapter(),insurance-claims-0001,ok,,3.191709261000142,1,json_object,15,20,0.75,False,policy_details.effective_date;insured_objects[0].make_model;insured_objects[0].estimated_value;incident_description.incident_type;incident_description.police_report_number,,,2497
json,JSONAdapter(),insurance-claims-0002,validation_error,ValidationError,2.0050327310000284,1,json_object,0,11,0.0,False,,header.channel;header.claim_id;header.incident_date;header.report_date;header.reported_by;incident_description.estimated_damage_amount;incident_description.incident_type;incident_description.location_type;incident_description.police_report_number;insured_objects;policy_details,,2558
json,JSONAdapter(),insurance-claims-0003,validation_error,ValidationError,3.9493105080000532,1,json_object,0,26,0.0,False,,header.channel;header.claim_id;header.incident_date;header.report_date;header.reported_by;incident_description.estimated_damage_amount;incident_description.incident_type;incident_description.location_type;incident_description.police_report_number;insured_objects[0].estimated_value;insured_objects[0].location_address;insured_objects[0].make_model;insured_objects[0].object_id;insured_objects[0].object_type;insured_objects[0].year;insured_objects[1].estimated_value;insured_objects[1].location_address;insured_objects[1].make_model;insured_objects[1].object_id;insured_objects[1].object_type;insured_objects[1].year;policy_details.coverage_type;policy_details.effective_date;policy_details.expiration_date;policy_details.policy_number;policy_details.policyholder_name,,2726
json,JSONAdapter(),insurance-claims-0004,validation_error,ValidationError,3.1333432589999575,1,json_object,0,20,0.0,False,,header.channel;header.claim_id;header.incident_date;header.report_date;header.reported_by;incident_description.estimated_damage_amount;incident_description.incident_type;incident_description.location_type;incident_description.police_report_number;insured_objects[0].estimated_value;insured_objects[0].location_address;insured_objects[0].make_model;insured_objects[0].object_id;insured_objects[0].object_type;insured_objects[0].year;policy_details.coverage_type;policy_details.effective_date;policy_details.expiration_date;policy_details.policy_number;policy_details.policyholder_name,,2857
json,JSONAdapter(),insurance-claims-0005,validation_error,ValidationError,4.483524979999856,1,json_object,0,20,0.0,False,,header.channel;header.claim_id;header.incident_date;header.report_date;header.reported_by;incident_description.estimated_damage_amount;incident_description.incident_type;incident_description.location_type;incident_description.police_report_number;insured_objects[0].estimated_value;insured_objects[0].location_address;insured_objects[0].make_model;insured_objects[0].object_id;insured_objects[0].object_type;insured_objects[0].year;policy_details.coverage_type;policy_details.effective_date;policy_details.expiration_date;policy_details.policy_number;policy_details.policyholder_name,,3020
json,JSONAdapter(),insurance-claims-0006,validation_error,ValidationError,2.432548785000108,1,json_object,0,20,0.0,False,,header.channel;header.claim_id;header.incident_date;header.report_date;header.reported_by;incident_description.estimated_damage_amount;incident_description.incident_type;incident_description.location_type;incident_description.police_report_number;insured_objects[0].estimated_value;insured_objects[0].location_address;insured_objects[0].make_model;insured_objects[0].object_id;insured_objects[0].object_type;insured_objects[0].year;policy_details.coverage_type;policy_details.effective_date;policy_details.expiration_date;policy_details.policy_number;policy_details.policyholder_name,,2797
json,JSONAdapter(),insurance-claims-0007,validation_error,ValidationError,4.368515232000391,1,json_object,0,20,0.0,False,,header.channel;header.claim_id;header.incident_date;header.report_date;header.reported_by;incident_description.estimated_damage_amount;incident_description.incident_type;incident_description.location_type;incident_description.police_report_number;insured_objects[0].estimated_value;insured_objects[0].location_address;insured_objects[0].make_model;insured_objects[0].object_id;insured_objects[0].object_type;insured_objects[0].year;policy_details.coverage_type;policy_details.effective_date;policy_details.expiration_date;policy_details.policy_number;policy_details.policyholder_name,,3034
json,JSONAdapter(),insurance-claims-0008,validation_error,ValidationError,2.2134098870001253,1,json_object,0,11,0.0,False,,header.channel;header.claim_id;header.incident_date;header.report_date;header.reported_by;incident_description.estimated_damage_amount;incident_description.incident_type;incident_description.location_type;incident_description.police_report_number;insured_objects;policy_details,,2705
json,JSONAdapter(),insurance-claims-0009,validation_error,ValidationError,2.3949858059995677,1,json_object,0,20,0.0,False,,header.channel;header.claim_id;header.incident_date;header.report_date;header.reported_by;incident_description.estimated_damage_amount;incident_description.incident_type;incident_description.location_type;incident_description.police_report_number;insured_objects[0].estimated_value;insured_objects[0].location_address;insured_objects[0].make_model;insured_objects[0].object_id;insured_objects[0].object_type;insured_objects[0].year;policy_details.coverage_type;policy_details.effective_date;policy_details.expiration_date;policy_details.policy_number;policy_details.policyholder_name,,2751
json,JSONAdapter(),insurance-claims-0010,validation_error,ValidationError,1.8337776559992562,1,json_object,0,11,0.0,False,,header.channel;header.claim_id;header.incident_date;header.report_date;header.reported_by;incident_description.estimated_damage_amount;incident_description.incident_type;incident_description.location_type;incident_description.police_report_number;insured_objects;policy_details,,2586
json,JSONAdapter(),insurance-claims-0011,validation_error,ValidationError,1.9114023160000215,1,json_object,0,11,0.0,False,,header.channel;header.claim_id;header.incident_date;header.report_date;header.reported_by;incident_description.estimated_damage_amount;incident_description.incident_type;incident_description.location_type;incident_description.police_report_number;insured_objects;policy_details,,2562
json,JSONAdapter(),insurance-claims-0012,ok,,3.0251816199997847,1,json_object,15,20,0.75,False,policy_details.effective_date;insured_objects[0].object_id;insured_objects[0].make_model;incident_description.incident_type;incident_description.location_type,,,2845
json,JSONAdapter(),insurance-claims-0013,validation_error,ValidationError,1.9351008330004333,1,json_object,0,20,0.0,False,,header.channel;header.claim_id;header.incident_date;header.report_date;header.reported_by;incident_description.estimated_damage_amount;incident_description.incident_type;incident_description.location_type;incident_description.police_report_number;insured_objects[0].estimated_value;insured_objects[0].location_address;insured_objects[0].make_model;insured_objects[0].object_id;insured_objects[0].object_type;insured_objects[0].year;policy_details.coverage_type;policy_details.effective_date;policy_details.expiration_date;policy_details.policy_number;policy_details.policyholder_name,,2697
json,JSONAdapter(),insurance-claims-0014,validation_error,ValidationError,3.0569175520004137,1,json_object,0,20,0.0,False,,header.channel;header.claim_id;header.incident_date;header.report_date;header.reported_by;incident_description.estimated_damage_amount;incident_description.incident_type;incident_description.location_type;incident_description.police_report_number;insured_objects[0].estimated_value;insured_objects[0].location_address;insured_objects[0].make_model;insured_objects[0].object_id;insured_objects[0].object_type;insured_objects[0].year;policy_details.coverage_type;policy_details.effective_date;policy_details.expiration_date;policy_details.policy_number;policy_details.policyholder_name,,2427
json,JSONAdapter(),insurance-claims-0015,validation_error,ValidationError,2.3631749079995643,1,json_object,0,20,0.0,False,,header.channel;header.claim_id;header.incident_date;header.report_date;header.reported_by;incident_description.estimated_damage_amount;incident_description.incident_type;incident_description.location_type;incident_description.police_report_number;insured_objects[0].estimated_value;insured_objects[0].location_address;insured_objects[0].make_model;insured_objects[0].object_id;insured_objects[0].object_type;insured_objects[0].year;policy_details.coverage_type;policy_details.effective_date;policy_details.expiration_date;policy_details.policy_number;policy_details.policyholder_name,,2690
json,JSONAdapter(),insurance-claims-0016,validation_error,ValidationError,5.716224610999234,1,json_object,0,20,0.0,False,,header.channel;header.claim_id;header.incident_date;header.report_date;header.reported_by;incident_description.estimated_damage_amount;incident_description.incident_type;incident_description.location_type;incident_description.police_report_number;insured_objects[0].estimated_value;insured_objects[0].location_address;insured_objects[0].make_model;insured_objects[0].object_id;insured_objects[0].object_type;insured_objects[0].year;policy_details.coverage_type;policy_details.effective_date;policy_details.expiration_date;policy_details.policy_number;policy_details.policyholder_name,,2956
json,JSONAdapter(),insurance-claims-0017,validation_error,ValidationError,3.229340900999887,1,json_object,0,20,0.0,False,,header.channel;header.claim_id;header.incident_date;header.report_date;header.reported_by;incident_description.estimated_damage_amount;incident_description.incident_type;incident_description.location_type;incident_description.police_report_number;insured_objects[0].estimated_value;insured_objects[0].location_address;insured_objects[0].make_model;insured_objects[0].object_id;insured_objects[0].object_type;insured_objects[0].year;policy_details.coverage_type;policy_details.effective_date;policy_details.expiration_date;policy_details.policy_number;policy_details.policyholder_name,,2575
json,JSONAdapter(),insurance-claims-0018,validation_error,ValidationError,1.8841603439996106,1,json_object,0,20,0.0,False,,header.channel;header.claim_id;header.incident_date;header.report_date;header.reported_by;incident_description.estimated_damage_amount;incident_description.incident_type;incident_description.location_type;incident_description.police_report_number;insured_objects[0].estimated_value;insured_objects[0].location_address;insured_objects[0].make_model;insured_objects[0].object_id;insured_objects[0].object_type;insured_objects[0].year;policy_details.coverage_type;policy_details.effective_date;policy_details.expiration_date;policy_details.policy_number;policy_details.policyholder_name,,2332
json,JSONAdapter(),insurance-claims-0019,validation_error,ValidationError,2.3462592380001297,1,json_object,0,20,0.0,False,,header.channel;header.claim_id;header.incident_date;header.report_date;header.reported_by;incident_description.estimated_damage_amount;incident_description.incident_type;incident_description.location_type;incident_description.police_report_number;insured_objects[0].estimated_value;insured_objects[0].location_address;insured_objects[0].make_model;insured_objects[0].object_id;insured_objects[0].object_type;insured_objects[0].year;policy_details.coverage_type;policy_details.effective_date;policy_details.expiration_date;policy_details.policy_number;policy_details.policyholder_name,,2350
json,JSONAdapter(),insurance-claims-0020,ok,,3.0334151029992427,1,json_object,17,20,0.85,False,policy_details.coverage_type;insured_objects[0].estimated_value;incident_description.incident_type,,,2518
json,JSONAdapter(),insurance-claims-0021,validation_error,ValidationError,3.974900988000627,1,json_object,0,26,0.0,False,,header.channel;header.claim_id;header.incident_date;header.report_date;header.reported_by;incident_description.estimated_damage_amount;incident_description.incident_type;incident_description.location_type;incident_description.police_report_number;insured_objects[0].estimated_value;insured_objects[0].location_address;insured_objects[0].make_model;insured_objects[0].object_id;insured_objects[0].object_type;insured_objects[0].year;insured_objects[1].estimated_value;insured_objects[1].location_address;insured_objects[1].make_model;insured_objects[1].object_id;insured_objects[1].object_type;insured_objects[1].year;policy_details.coverage_type;policy_details.effective_date;policy_details.expiration_date;policy_details.policy_number;policy_details.policyholder_name,,2677
json,JSONAdapter(),insurance-claims-0022,validation_error,ValidationError,2.9887185560000944,1,json_object,0,20,0.0,False,,header.channel;header.claim_id;header.incident_date;header.report_date;header.reported_by;incident_description.estimated_damage_amount;incident_description.incident_type;incident_description.location_type;incident_description.police_report_number;insured_objects[0].estimated_value;insured_objects[0].location_address;insured_objects[0].make_model;insured_objects[0].object_id;insured_objects[0].object_type;insured_objects[0].year;policy_details.coverage_type;policy_details.effective_date;policy_details.expiration_date;policy_details.policy_number;policy_details.policyholder_name,,2465
json,JSONAdapter(),insurance-claims-0023,validation_error,ValidationError,2.2302067639993766,1,json_object,0,20,0.0,False,,header.channel;header.claim_id;header.incident_date;header.report_date;header.reported_by;incident_description.estimated_damage_amount;incident_description.incident_type;incident_description.location_type;incident_description.police_report_number;insured_objects[0].estimated_value;insured_objects[0].location_address;insured_objects[0].make_model;insured_objects[0].object_id;insured_objects[0].object_type;insured_objects[0].year;policy_details.coverage_type;policy_details.effective_date;policy_details.expiration_date;policy_details.policy_number;policy_details.policyholder_name,,2333
json,JSONAdapter(),insurance-claims-0024,ok,,3.1743159939996985,1,json_object,16,20,0.8,False,policy_details.coverage_type;policy_details.expiration_date;insured_objects[0].estimated_value;incident_description.incident_type,,,2474
json,JSONAdapter(),insurance-claims-0025,validation_error,ValidationError,1.7557684129997142,1,json_object,0,11,0.0,False,,header.channel;header.claim_id;header.incident_date;header.report_date;header.reported_by;incident_description.estimated_damage_amount;incident_description.incident_type;incident_description.location_type;incident_description.police_report_number;insured_objects;policy_details,,2300
json,JSONAdapter(),insurance-claims-0026,validation_error,ValidationError,2.497431785000117,1,json_object,0,20,0.0,False,,header.channel;header.claim_id;header.incident_date;header.report_date;header.reported_by;incident_description.estimated_damage_amount;incident_description.incident_type;incident_description.location_type;incident_description.police_report_number;insured_objects[0].estimated_value;insured_objects[0].location_address;insured_objects[0].make_model;insured_objects[0].object_id;insured_objects[0].object_type;insured_objects[0].year;policy_details.coverage_type;policy_details.effective_date;policy_details.expiration_date;policy_details.policy_number;policy_details.policyholder_name,,2332
json,JSONAdapter(),insurance-claims-0027,validation_error,ValidationError,2.453789542000777,1,json_object,0,20,0.0,False,,header.channel;header.claim_id;header.incident_date;header.report_date;header.reported_by;incident_description.estimated_damage_amount;incident_description.incident_type;incident_description.location_type;incident_description.police_report_number;insured_objects[0].estimated_value;insured_objects[0].location_address;insured_objects[0].make_model;insured_objects[0].object_id;insured_objects[0].object_type;insured_objects[0].year;policy_details.coverage_type;policy_details.effective_date;policy_details.expiration_date;policy_details.policy_number;policy_details.policyholder_name,,2352
json,JSONAdapter(),insurance-claims-0028,validation_error,ValidationError,2.3365035930000886,1,json_object,0,20,0.0,False,,header.channel;header.claim_id;header.incident_date;header.report_date;header.reported_by;incident_description.estimated_damage_amount;incident_description.incident_type;incident_description.location_type;incident_description.police_report_number;insured_objects[0].estimated_value;insured_objects[0].location_address;insured_objects[0].make_model;insured_objects[0].object_id;insured_objects[0].object_type;insured_objects[0].year;policy_details.coverage_type;policy_details.effective_date;policy_details.expiration_date;policy_details.policy_number;policy_details.policyholder_name,,2292
json,JSONAdapter(),insurance-claims-0029,validation_error,ValidationError,2.039318529999946,1,json_object,0,20,0.0,False,,header.channel;header.claim_id;header.incident_date;header.report_date;header.reported_by;incident_description.estimated_damage_amount;incident_description.incident_type;incident_description.location_type;incident_description.police_report_number;insured_objects[0].estimated_value;insured_objects[0].location_address;insured_objects[0].make_model;insured_objects[0].object_id;insured_objects[0].object_type;insured_objects[0].year;policy_details.coverage_type;policy_details.effective_date;policy_details.expiration_date;policy_details.policy_number;policy_details.policyholder_name,,2248
baml,BAMLAdapter(),insurance-claims-0000,validation_error,ValidationError,2.6647047599999496,1,json_object,0,20,0.0,False,,header.channel;header.claim_id;header.incident_date;header.report_date;header.reported_by;incident_description.estimated_damage_amount;incident_description.incident_type;incident_description.location_type;incident_description.police_report_number;insured_objects[0].estimated_value;insured_objects[0].location_address;insured_objects[0].make_model;insured_objects[0].object_id;insured_objects[0].object_type;insured_objects[0].year;policy_details.coverage_type;policy_details.effective_date;policy_details.expiration_date;policy_details.policy_number;policy_details.policyholder_name,,1842
baml,BAMLAdapter(),insurance-claims-0001,ok,,2.7350225489999502,1,json_object,15,20,0.75,False,policy_details.effective_date;insured_objects[0].make_model;insured_objects[0].estimated_value;incident_description.incident_type;incident_description.location_type,,,1541
baml,BAMLAdapter(),insurance-claims-0002,validation_error,ValidationError,1.872813758999655,1,json_object,0,11,0.0,False,,header.channel;header.claim_id;header.incident_date;header.report_date;header.reported_by;incident_description.estimated_damage_amount;incident_description.incident_type;incident_description.location_type;incident_description.police_report_number;insured_objects;policy_details,,1654
baml,BAMLAdapter(),insurance-claims-0003,validation_error,ValidationError,3.0868014759998914,1,json_object,0,26,0.0,False,,header.channel;header.claim_id;header.incident_date;header.report_date;header.reported_by;incident_description.estimated_damage_amount;incident_description.incident_type;incident_description.location_type;incident_description.police_report_number;insured_objects[0].estimated_value;insured_objects[0].location_address;insured_objects[0].make_model;insured_objects[0].object_id;insured_objects[0].object_type;insured_objects[0].year;insured_objects[1].estimated_value;insured_objects[1].location_address;insured_objects[1].make_model;insured_objects[1].object_id;insured_objects[1].object_type;insured_objects[1].year;policy_details.coverage_type;policy_details.effective_date;policy_details.expiration_date;policy_details.policy_number;policy_details.policyholder_name,,1710
baml,BAMLAdapter(),insurance-claims-0004,validation_error,ValidationError,2.6021146130005945,1,json_object,0,20,0.0,False,,header.channel;header.claim_id;header.incident_date;header.report_date;header.reported_by;incident_description.estimated_damage_amount;incident_description.incident_type;incident_description.location_type;incident_description.police_report_number;insured_objects[0].estimated_value;insured_objects[0].location_address;insured_objects[0].make_model;insured_objects[0].object_id;insured_objects[0].object_type;insured_objects[0].year;policy_details.coverage_type;policy_details.effective_date;policy_details.expiration_date;policy_details.policy_number;policy_details.policyholder_name,,1887
baml,BAMLAdapter(),insurance-claims-0005,validation_error,ValidationError,2.6730918729999757,1,json_object,0,20,0.0,False,,header.channel;header.claim_id;header.incident_date;header.report_date;header.reported_by;incident_description.estimated_damage_amount;incident_description.incident_type;incident_description.location_type;incident_description.police_report_number;insured_objects[0].estimated_value;insured_objects[0].location_address;insured_objects[0].make_model;insured_objects[0].object_id;insured_objects[0].object_type;insured_objects[0].year;policy_details.coverage_type;policy_details.effective_date;policy_details.expiration_date;policy_details.policy_number;policy_details.policyholder_name,,1857
baml,BAMLAdapter(),insurance-claims-0006,validation_error,ValidationError,2.820837468000718,1,json_object,0,20,0.0,False,,header.channel;header.claim_id;header.incident_date;header.report_date;header.reported_by;incident_description.estimated_damage_amount;incident_description.incident_type;incident_description.location_type;incident_description.police_report_number;insured_objects[0].estimated_value;insured_objects[0].location_address;insured_objects[0].make_model;insured_objects[0].object_id;insured_objects[0].object_type;insured_objects[0].year;policy_details.coverage_type;policy_details.effective_date;policy_details.expiration_date;policy_details.policy_number;policy_details.policyholder_name,,1919
baml,BAMLAdapter(),insurance-claims-0007,validation_error,ValidationError,1.9615347740000288,1,json_object,0,20,0.0,False,,header.channel;header.claim_id;header.incident_date;header.report_date;header.reported_by;incident_description.estimated_damage_amount;incident_description.incident_type;incident_description.location_type;incident_description.police_report_number;insured_objects[0].estimated_value;insured_objects[0].location_address;insured_objects[0].make_model;insured_objects[0].object_id;insured_objects[0].object_type;insured_objects[0].year;policy_details.coverage_type;policy_details.effective_date;policy_details.expiration_date;policy_details.policy_number;policy_details.policyholder_name,,1772
baml,BAMLAdapter(),insurance-claims-0008,validation_error,ValidationError,2.0813503350000246,1,json_object,0,11,0.0,False,,header.channel;header.claim_id;header.incident_date;header.report_date;header.reported_by;incident_description.estimated_damage_amount;incident_description.incident_type;incident_description.location_type;incident_description.police_report_number;insured_objects;policy_details,,1773
baml,BAMLAdapter(),insurance-claims-0009,validation_error,ValidationError,2.677103313000771,1,json_object,0,20,0.0,False,,header.channel;header.claim_id;header.incident_date;header.report_date;header.reported_by;incident_description.estimated_damage_amount;incident_description.incident_type;incident_description.location_type;incident_description.police_report_number;insured_objects[0].estimated_value;insured_objects[0].location_address;insured_objects[0].make_model;insured_objects[0].object_id;insured_objects[0].object_type;insured_objects[0].year;policy_details.coverage_type;policy_details.effective_date;policy_details.expiration_date;policy_details.policy_number;policy_details.policyholder_name,,1885
baml,BAMLAdapter(),insurance-claims-0010,validation_error,ValidationError,1.9134596700005204,1,json_object,0,11,0.0,False,,header.channel;header.claim_id;header.incident_date;header.report_date;header.reported_by;incident_description.estimated_damage_amount;incident_description.incident_type;incident_description.location_type;incident_description.police_report_number;insured_objects;policy_details,,1703
baml,BAMLAdapter(),insurance-claims-0011,validation_error,ValidationError,1.6882509550005125,1,json_object,0,11,0.0,False,,header.channel;header.claim_id;header.incident_date;header.report_date;header.reported_by;incident_description.estimated_damage_amount;incident_description.incident_type;incident_description.location_type;incident_description.police_report_number;insured_objects;policy_details,,1643
baml,BAMLAdapter(),insurance-claims-0012,validation_error,ValidationError,2.477633605999472,1,json_object,0,20,0.0,False,,header.channel;header.claim_id;header.incident_date;header.report_date;header.reported_by;incident_description.estimated_damage_amount;incident_description.incident_type;incident_description.location_type;incident_description.police_report_number;insured_objects[0].estimated_value;insured_objects[0].location_address;insured_objects[0].make_model;insured_objects[0].object_id;insured_objects[0].object_type;insured_objects[0].year;policy_details.coverage_type;policy_details.effective_date;policy_details.expiration_date;policy_details.policy_number;policy_details.policyholder_name,,1875
baml,BAMLAdapter(),insurance-claims-0013,validation_error,ValidationError,2.376828041000408,1,json_object,0,20,0.0,False,,header.channel;header.claim_id;header.incident_date;header.report_date;header.reported_by;incident_description.estimated_damage_amount;incident_description.incident_type;incident_description.location_type;incident_description.police_report_number;insured_objects[0].estimated_value;insured_objects[0].location_address;insured_objects[0].make_model;insured_objects[0].object_id;insured_objects[0].object_type;insured_objects[0].year;policy_details.coverage_type;policy_details.effective_date;policy_details.expiration_date;policy_details.policy_number;policy_details.policyholder_name,,1870
baml,BAMLAdapter(),insurance-claims-0014,validation_error,ValidationError,2.584082207999927,1,json_object,0,20,0.0,False,,header.channel;header.claim_id;header.incident_date;header.report_date;header.reported_by;incident_description.estimated_damage_amount;incident_description.incident_type;incident_description.location_type;incident_description.police_report_number;insured_objects[0].estimated_value;insured_objects[0].location_address;insured_objects[0].make_model;insured_objects[0].object_id;insured_objects[0].object_type;insured_objects[0].year;policy_details.coverage_type;policy_details.effective_date;policy_details.expiration_date;policy_details.policy_number;policy_details.policyholder_name,,1461
baml,BAMLAdapter(),insurance-claims-0015,validation_error,ValidationError,2.4501129609998316,1,json_object,0,20,0.0,False,,header.channel;header.claim_id;header.incident_date;header.report_date;header.reported_by;incident_description.estimated_damage_amount;incident_description.incident_type;incident_description.location_type;incident_description.police_report_number;insured_objects[0].estimated_value;insured_objects[0].location_address;insured_objects[0].make_model;insured_objects[0].object_id;insured_objects[0].object_type;insured_objects[0].year;policy_details.coverage_type;policy_details.effective_date;policy_details.expiration_date;policy_details.policy_number;policy_details.policyholder_name,,1818
baml,BAMLAdapter(),insurance-claims-0016,validation_error,ValidationError,2.573715360999813,1,json_object,0,20,0.0,False,,header.channel;header.claim_id;header.incident_date;header.report_date;header.reported_by;incident_description.estimated_damage_amount;incident_description.incident_type;incident_description.location_type;incident_description.police_report_number;insured_objects[0].estimated_value;insured_objects[0].location_address;insured_objects[0].make_model;insured_objects[0].object_id;insured_objects[0].object_type;insured_objects[0].year;policy_details.coverage_type;policy_details.effective_date;policy_details.expiration_date;policy_details.policy_number;policy_details.policyholder_name,,1630
baml,BAMLAdapter(),insurance-claims-0017,validation_error,ValidationError,2.469057999999677,1,json_object,0,20,0.0,False,,header.channel;header.claim_id;header.incident_date;header.report_date;header.reported_by;incident_description.estimated_damage_amount;incident_description.incident_type;incident_description.location_type;incident_description.police_report_number;insured_objects[0].estimated_value;insured_objects[0].location_address;insured_objects[0].make_model;insured_objects[0].object_id;insured_objects[0].object_type;insured_objects[0].year;policy_details.coverage_type;policy_details.effective_date;policy_details.expiration_date;policy_details.policy_number;policy_details.policyholder_name,,1590
baml,BAMLAdapter(),insurance-claims-0018,validation_error,ValidationError,2.39291952900021,1,json_object,0,20,0.0,False,,header.channel;header.claim_id;header.incident_date;header.report_date;header.reported_by;incident_description.estimated_damage_amount;incident_description.incident_type;incident_description.location_type;incident_description.police_report_number;insured_objects[0].estimated_value;insured_objects[0].location_address;insured_objects[0].make_model;insured_objects[0].object_id;insured_objects[0].object_type;insured_objects[0].year;policy_details.coverage_type;policy_details.effective_date;policy_details.expiration_date;policy_details.policy_number;policy_details.policyholder_name,,1515
baml,BAMLAdapter(),insurance-claims-0019,validation_error,ValidationError,2.5661501489994407,1,json_object,0,20,0.0,False,,header.channel;header.claim_id;header.incident_date;header.report_date;header.reported_by;incident_description.estimated_damage_amount;incident_description.incident_type;incident_description.location_type;incident_description.police_report_number;insured_objects[0].estimated_value;insured_objects[0].location_address;insured_objects[0].make_model;insured_objects[0].object_id;insured_objects[0].object_type;insured_objects[0].year;policy_details.coverage_type;policy_details.effective_date;policy_details.expiration_date;policy_details.policy_number;policy_details.policyholder_name,,1501
baml,BAMLAdapter(),insurance-claims-0020,validation_error,ValidationError,2.57624388000022,1,json_object,0,20,0.0,False,,header.channel;header.claim_id;header.incident_date;header.report_date;header.reported_by;incident_description.estimated_damage_amount;incident_description.incident_type;incident_description.location_type;incident_description.police_report_number;insured_objects[0].estimated_value;insured_objects[0].location_address;insured_objects[0].make_model;insured_objects[0].object_id;insured_objects[0].object_type;insured_objects[0].year;policy_details.coverage_type;policy_details.effective_date;policy_details.expiration_date;policy_details.policy_number;policy_details.policyholder_name,,1579
baml,BAMLAdapter(),insurance-claims-0021,validation_error,ValidationError,2.957774464999602,1,json_object,0,26,0.0,False,,header.channel;header.claim_id;header.incident_date;header.report_date;header.reported_by;incident_description.estimated_damage_amount;incident_description.incident_type;incident_description.location_type;incident_description.police_report_number;insured_objects[0].estimated_value;insured_objects[0].location_address;insured_objects[0].make_model;insured_objects[0].object_id;insured_objects[0].object_type;insured_objects[0].year;insured_objects[1].estimated_value;insured_objects[1].location_address;insured_objects[1].make_model;insured_objects[1].object_id;insured_objects[1].object_type;insured_objects[1].year;policy_details.coverage_type;policy_details.effective_date;policy_details.expiration_date;policy_details.policy_number;policy_details.policyholder_name,,1652
baml,BAMLAdapter(),insurance-claims-0022,validation_error,ValidationError,2.487655112000539,1,json_object,0,20,0.0,False,,header.channel;header.claim_id;header.incident_date;header.report_date;header.reported_by;incident_description.estimated_damage_amount;incident_description.incident_type;incident_description.location_type;incident_description.police_report_number;insured_objects[0].estimated_value;insured_objects[0].location_address;insured_objects[0].make_model;insured_objects[0].object_id;insured_objects[0].object_type;insured_objects[0].year;policy_details.coverage_type;policy_details.effective_date;policy_details.expiration_date;policy_details.policy_number;policy_details.policyholder_name,,1525
baml,BAMLAdapter(),insurance-claims-0023,validation_error,ValidationError,2.3333088259996657,1,json_object,0,20,0.0,False,,header.channel;header.claim_id;header.incident_date;header.report_date;header.reported_by;incident_description.estimated_damage_amount;incident_description.incident_type;incident_description.location_type;incident_description.police_report_number;insured_objects[0].estimated_value;insured_objects[0].location_address;insured_objects[0].make_model;insured_objects[0].object_id;insured_objects[0].object_type;insured_objects[0].year;policy_details.coverage_type;policy_details.effective_date;policy_details.expiration_date;policy_details.policy_number;policy_details.policyholder_name,,1475
baml,BAMLAdapter(),insurance-claims-0024,validation_error,ValidationError,2.485645824999665,1,json_object,0,20,0.0,False,,header.channel;header.claim_id;header.incident_date;header.report_date;header.reported_by;incident_description.estimated_damage_amount;incident_description.incident_type;incident_description.location_type;incident_description.police_report_number;insured_objects[0].estimated_value;insured_objects[0].location_address;insured_objects[0].make_model;insured_objects[0].object_id;insured_objects[0].object_type;insured_objects[0].year;policy_details.coverage_type;policy_details.effective_date;policy_details.expiration_date;policy_details.policy_number;policy_details.policyholder_name,,1524
baml,BAMLAdapter(),insurance-claims-0025,validation_error,ValidationError,1.1356555500005925,1,json_object,0,11,0.0,False,,header.channel;header.claim_id;header.incident_date;header.report_date;header.reported_by;incident_description.estimated_damage_amount;incident_description.incident_type;incident_description.location_type;incident_description.police_report_number;insured_objects;policy_details,,1346
baml,BAMLAdapter(),insurance-claims-0026,validation_error,ValidationError,2.297249395000108,1,json_object,0,20,0.0,False,,header.channel;header.claim_id;header.incident_date;header.report_date;header.reported_by;incident_description.estimated_damage_amount;incident_description.incident_type;incident_description.location_type;incident_description.police_report_number;insured_objects[0].estimated_value;insured_objects[0].location_address;insured_objects[0].make_model;insured_objects[0].object_id;insured_objects[0].object_type;insured_objects[0].year;policy_details.coverage_type;policy_details.effective_date;policy_details.expiration_date;policy_details.policy_number;policy_details.policyholder_name,,1438
baml,BAMLAdapter(),insurance-claims-0027,validation_error,ValidationError,2.3725757640004304,1,json_object,0,20,0.0,False,,header.channel;header.claim_id;header.incident_date;header.report_date;header.reported_by;incident_description.estimated_damage_amount;incident_description.incident_type;incident_description.location_type;incident_description.police_report_number;insured_objects[0].estimated_value;insured_objects[0].location_address;insured_objects[0].make_model;insured_objects[0].object_id;insured_objects[0].object_type;insured_objects[0].year;policy_details.coverage_type;policy_details.effective_date;policy_details.expiration_date;policy_details.policy_number;policy_details.policyholder_name,,1497
baml,BAMLAdapter(),insurance-claims-0028,validation_error,ValidationError,2.426775405000626,1,json_object,0,20,0.0,False,,header.channel;header.claim_id;header.incident_date;header.report_date;header.reported_by;incident_description.estimated_damage_amount;incident_description.incident_type;incident_description.location_type;incident_description.police_report_number;insured_objects[0].estimated_value;insured_objects[0].location_address;insured_objects[0].make_model;insured_objects[0].object_id;insured_objects[0].object_type;insured_objects[0].year;policy_details.coverage_type;policy_details.effective_date;policy_details.expiration_date;policy_details.policy_number;policy_details.policyholder_name,,1442
baml,BAMLAdapter(),insurance-claims-0029,validation_error,ValidationError,2.275553695999406,1,json_object,0,20,0.0,False,,header.channel;header.claim_id;header.incident_date;header.report_date;header.reported_by;incident_description.estimated_damage_amount;incident_description.incident_type;incident_description.location_type;incident_description.police_report_number;insured_objects[0].estimated_value;insured_objects[0].location_address;insured_objects[0].make_model;insured_objects[0].object_id;insured_objects[0].object_type;insured_objects[0].year;policy_details.coverage_type;policy_details.effective_date;policy_details.expiration_date;policy_details.policy_number;policy_details.policyholder_name,,1423
sola-json-sections,"StructuredOutputAdapter(output_mode=JSON, prompt_layout=SECTIONS)",insurance-claims-0000,ok,,2.6271609230007016,1,json_object,13,20,0.65,False,policy_details.effective_date;policy_details.expiration_date;insured_objects[0].make_model;insured_objects[0].year;insured_objects[0].estimated_value;incident_description.incident_type;incident_description.location_type,,,2590
sola-json-sections,"StructuredOutputAdapter(output_mode=JSON, prompt_layout=SECTIONS)",insurance-claims-0001,ok,,2.5688745289999133,1,json_object,15,20,0.75,False,insured_objects[0].make_model;insured_objects[0].year;insured_objects[0].estimated_value;incident_description.incident_type;incident_description.police_report_number,,,2268
sola-json-sections,"StructuredOutputAdapter(output_mode=JSON, prompt_layout=SECTIONS)",insurance-claims-0002,ok,,2.6434504239996386,1,json_object,8,11,0.7273,False,incident_description.incident_type;incident_description.location_type,insured_objects,insured_objects[0].estimated_value;insured_objects[0].location_address;insured_objects[0].make_model;insured_objects[0].object_id;insured_objects[0].object_type;insured_objects[0].year,2514
sola-json-sections,"StructuredOutputAdapter(output_mode=JSON, prompt_layout=SECTIONS)",insurance-claims-0003,ok,,3.4165325829999347,1,json_object,13,26,0.5,False,policy_details.policyholder_name;insured_objects[0].object_id;insured_objects[0].make_model;insured_objects[0].year;insured_objects[0].location_address;insured_objects[0].estimated_value;insured_objects[1].object_id;insured_objects[1].make_model;insured_objects[1].year;insured_objects[1].location_address;insured_objects[1].estimated_value;incident_description.incident_type;incident_description.estimated_damage_amount,,,2512
sola-json-sections,"StructuredOutputAdapter(output_mode=JSON, prompt_layout=SECTIONS)",insurance-claims-0004,ok,,2.591198133999569,1,json_object,12,20,0.6,False,header.incident_date;insured_objects[0].object_id;insured_objects[0].make_model;insured_objects[0].year;insured_objects[0].location_address;insured_objects[0].estimated_value;incident_description.incident_type;incident_description.location_type,,,2628
sola-json-sections,"StructuredOutputAdapter(output_mode=JSON, prompt_layout=SECTIONS)",insurance-claims-0005,ok,,2.627528120000534,1,json_object,15,20,0.75,False,policy_details.expiration_date;insured_objects[0].object_id;insured_objects[0].make_model;incident_description.incident_type;incident_description.location_type,,,2604
sola-json-sections,"StructuredOutputAdapter(output_mode=JSON, prompt_layout=SECTIONS)",insurance-claims-0006,ok,,2.6702592439996806,1,json_object,14,20,0.7,False,policy_details.effective_date;insured_objects[0].make_model;insured_objects[0].year;insured_objects[0].location_address;incident_description.incident_type;incident_description.location_type,,,2663
sola-json-sections,"StructuredOutputAdapter(output_mode=JSON, prompt_layout=SECTIONS)",insurance-claims-0007,ok,,2.450078283000039,1,json_object,11,20,0.55,False,policy_details.coverage_type;insured_objects[0].object_id;insured_objects[0].make_model;insured_objects[0].year;insured_objects[0].location_address;insured_objects[0].estimated_value;incident_description.incident_type;incident_description.location_type;incident_description.estimated_damage_amount,,,2597
sola-json-sections,"StructuredOutputAdapter(output_mode=JSON, prompt_layout=SECTIONS)",insurance-claims-0008,ok,,2.8621744799993394,1,json_object,8,11,0.7273,False,incident_description.incident_type;incident_description.location_type,insured_objects,insured_objects[0].estimated_value;insured_objects[0].location_address;insured_objects[0].make_model;insured_objects[0].object_id;insured_objects[0].object_type;insured_objects[0].year,2636
sola-json-sections,"StructuredOutputAdapter(output_mode=JSON, prompt_layout=SECTIONS)",insurance-claims-0009,ok,,2.7630930920004175,1,json_object,16,20,0.8,False,header.incident_date;policy_details.policyholder_name;insured_objects[0].object_id;insured_objects[0].location_address,,,2650
sola-json-sections,"StructuredOutputAdapter(output_mode=JSON, prompt_layout=SECTIONS)",insurance-claims-0010,ok,,1.8707831890005764,1,json_object,8,11,0.7273,False,incident_description.incident_type;incident_description.location_type,insured_objects,insured_objects[0].estimated_value;insured_objects[0].location_address;insured_objects[0].make_model;insured_objects[0].object_id;insured_objects[0].object_type;insured_objects[0].year,2434
sola-json-sections,"StructuredOutputAdapter(output_mode=JSON, prompt_layout=SECTIONS)",insurance-claims-0011,ok,,2.30227301099967,1,json_object,6,11,0.5455,False,,insured_objects;incident_description.incident_type;incident_description.location_type;incident_description.estimated_damage_amount;incident_description.police_report_number,incident_description;insured_objects[0].estimated_value;insured_objects[0].location_address;insured_objects[0].make_model;insured_objects[0].object_id;insured_objects[0].object_type;insured_objects[0].year,2452
sola-json-sections,"StructuredOutputAdapter(output_mode=JSON, prompt_layout=SECTIONS)",insurance-claims-0012,ok,,2.8708900339997854,1,json_object,16,20,0.8,False,policy_details.effective_date;insured_objects[0].object_id;insured_objects[0].make_model;incident_description.location_type,,,2624
sola-json-sections,"StructuredOutputAdapter(output_mode=JSON, prompt_layout=SECTIONS)",insurance-claims-0013,ok,,3.7055196869996507,1,json_object,11,20,0.55,False,policy_details.policyholder_name;insured_objects[0].object_id;insured_objects[0].object_type;insured_objects[0].make_model;insured_objects[0].year;insured_objects[0].location_address;insured_objects[0].estimated_value;incident_description.incident_type;incident_description.location_type,,,2754
sola-json-sections,"StructuredOutputAdapter(output_mode=JSON, prompt_layout=SECTIONS)",insurance-claims-0014,ok,,2.7119529370002056,1,json_object,15,20,0.75,False,header.incident_date;header.channel;policy_details.policyholder_name;incident_description.incident_type;incident_description.estimated_damage_amount,,,2195
sola-json-sections,"StructuredOutputAdapter(output_mode=JSON, prompt_layout=SECTIONS)",insurance-claims-0015,ok,,2.9028068979996533,1,json_object,16,20,0.8,False,policy_details.effective_date;policy_details.expiration_date;insured_objects[0].make_model;incident_description.location_type,,,2589
sola-json-sections,"StructuredOutputAdapter(output_mode=JSON, prompt_layout=SECTIONS)",insurance-claims-0016,ok,,2.726540706999913,1,json_object,17,20,0.85,False,insured_objects[0].make_model;incident_description.location_type;incident_description.estimated_damage_amount,,,2371
sola-json-sections,"StructuredOutputAdapter(output_mode=JSON, prompt_layout=SECTIONS)",insurance-claims-0017,ok,,2.84544708500016,1,json_object,14,20,0.7,False,header.incident_date;policy_details.effective_date;policy_details.expiration_date;insured_objects[0].make_model;insured_objects[0].location_address;incident_description.incident_type,,,2348
sola-json-sections,"StructuredOutputAdapter(output_mode=JSON, prompt_layout=SECTIONS)",insurance-claims-0018,ok,,2.7274679389993253,1,json_object,15,20,0.75,False,policy_details.expiration_date;insured_objects[0].object_id;insured_objects[0].make_model;incident_description.location_type;incident_description.estimated_damage_amount,,,2262
sola-json-sections,"StructuredOutputAdapter(output_mode=JSON, prompt_layout=SECTIONS)",insurance-claims-0019,ok,,2.7788940139998886,1,json_object,15,20,0.75,False,policy_details.policyholder_name;insured_objects[0].make_model;insured_objects[0].year;incident_description.incident_type;incident_description.location_type,,,2233
sola-json-sections,"StructuredOutputAdapter(output_mode=JSON, prompt_layout=SECTIONS)",insurance-claims-0020,ok,,2.8874742609996247,1,json_object,16,20,0.8,False,header.incident_date;policy_details.coverage_type;insured_objects[0].location_address;incident_description.incident_type,,,2323
sola-json-sections,"StructuredOutputAdapter(output_mode=JSON, prompt_layout=SECTIONS)",insurance-claims-0021,ok,,3.572751251000227,1,json_object,24,26,0.9231,False,insured_objects[0].make_model;insured_objects[1].make_model,,,2444
sola-json-sections,"StructuredOutputAdapter(output_mode=JSON, prompt_layout=SECTIONS)",insurance-claims-0022,ok,,2.842095344999507,1,json_object,15,20,0.75,False,insured_objects[0].object_id;insured_objects[0].make_model;insured_objects[0].location_address;incident_description.incident_type;incident_description.location_type,,,2269
sola-json-sections,"StructuredOutputAdapter(output_mode=JSON, prompt_layout=SECTIONS)",insurance-claims-0023,ok,,2.694774014000359,1,json_object,14,20,0.7,False,policy_details.policyholder_name;policy_details.expiration_date;insured_objects[0].object_id;insured_objects[0].make_model;insured_objects[0].year;incident_description.location_type,,,2229
sola-json-sections,"StructuredOutputAdapter(output_mode=JSON, prompt_layout=SECTIONS)",insurance-claims-0024,ok,,2.912271686999702,1,json_object,15,20,0.75,False,policy_details.coverage_type;policy_details.effective_date;policy_details.expiration_date;insured_objects[0].location_address;incident_description.incident_type,,,2281
sola-json-sections,"StructuredOutputAdapter(output_mode=JSON, prompt_layout=SECTIONS)",insurance-claims-0025,ok,,1.89990307700009,1,json_object,7,11,0.6364,False,header.claim_id;incident_description.incident_type;incident_description.location_type,insured_objects,insured_objects[0].estimated_value;insured_objects[0].location_address;insured_objects[0].make_model;insured_objects[0].object_id;insured_objects[0].object_type;insured_objects[0].year,2157
sola-json-sections,"StructuredOutputAdapter(output_mode=JSON, prompt_layout=SECTIONS)",insurance-claims-0026,validation_error,ValidationError,2.8676976000006107,1,json_object,0,20,0.0,False,,header.channel;header.claim_id;header.incident_date;header.report_date;header.reported_by;incident_description.estimated_damage_amount;incident_description.incident_type;incident_description.location_type;incident_description.police_report_number;insured_objects[0].estimated_value;insured_objects[0].location_address;insured_objects[0].make_model;insured_objects[0].object_id;insured_objects[0].object_type;insured_objects[0].year;policy_details.coverage_type;policy_details.effective_date;policy_details.expiration_date;policy_details.policy_number;policy_details.policyholder_name,,2202
sola-json-sections,"StructuredOutputAdapter(output_mode=JSON, prompt_layout=SECTIONS)",insurance-claims-0027,ok,,2.7970327570001245,1,json_object,15,20,0.75,False,policy_details.effective_date;policy_details.expiration_date;insured_objects[0].object_id;insured_objects[0].year;insured_objects[0].location_address,,,2248
sola-json-sections,"StructuredOutputAdapter(output_mode=JSON, prompt_layout=SECTIONS)",insurance-claims-0028,ok,,2.752442613999847,1,json_object,14,20,0.7,False,policy_details.policy_number;policy_details.effective_date;insured_objects[0].make_model;insured_objects[0].location_address;incident_description.incident_type;incident_description.location_type,,,2181
sola-json-sections,"StructuredOutputAdapter(output_mode=JSON, prompt_layout=SECTIONS)",insurance-claims-0029,ok,,2.63320448200011,1,json_object,11,20,0.55,False,policy_details.policyholder_name;policy_details.effective_date;policy_details.expiration_date;insured_objects[0].object_type;insured_objects[0].make_model;insured_objects[0].year;insured_objects[0].location_address;incident_description.location_type;incident_description.estimated_damage_amount,,,2166
sola-jsonish-sections,"StructuredOutputAdapter(output_mode=JSONISH, prompt_layout=SECTIONS)",insurance-claims-0000,validation_error,ValidationError,2.5704589599999963,1,json_object,0,20,0.0,False,,header.channel;header.claim_id;header.incident_date;header.report_date;header.reported_by;incident_description.estimated_damage_amount;incident_description.incident_type;incident_description.location_type;incident_description.police_report_number;insured_objects[0].estimated_value;insured_objects[0].location_address;insured_objects[0].make_model;insured_objects[0].object_id;insured_objects[0].object_type;insured_objects[0].year;policy_details.coverage_type;policy_details.effective_date;policy_details.expiration_date;policy_details.policy_number;policy_details.policyholder_name,,1868
sola-jsonish-sections,"StructuredOutputAdapter(output_mode=JSONISH, prompt_layout=SECTIONS)",insurance-claims-0001,ok,,2.6544310879999102,1,json_object,14,20,0.7,False,policy_details.effective_date;insured_objects[0].make_model;insured_objects[0].year;insured_objects[0].estimated_value;incident_description.incident_type;incident_description.location_type,,,1559
sola-jsonish-sections,"StructuredOutputAdapter(output_mode=JSONISH, prompt_layout=SECTIONS)",insurance-claims-0002,validation_error,ValidationError,2.219861984999625,1,json_object,0,11,0.0,False,,header.channel;header.claim_id;header.incident_date;header.report_date;header.reported_by;incident_description.estimated_damage_amount;incident_description.incident_type;incident_description.location_type;incident_description.police_report_number;insured_objects;policy_details,,1724
sola-jsonish-sections,"StructuredOutputAdapter(output_mode=JSONISH, prompt_layout=SECTIONS)",insurance-claims-0003,validation_error,ValidationError,3.4055218359999344,1,json_object,0,26,0.0,False,,header.channel;header.claim_id;header.incident_date;header.report_date;header.reported_by;incident_description.estimated_damage_amount;incident_description.incident_type;incident_description.location_type;incident_description.police_report_number;insured_objects[0].estimated_value;insured_objects[0].location_address;insured_objects[0].make_model;insured_objects[0].object_id;insured_objects[0].object_type;insured_objects[0].year;insured_objects[1].estimated_value;insured_objects[1].location_address;insured_objects[1].make_model;insured_objects[1].object_id;insured_objects[1].object_type;insured_objects[1].year;policy_details.coverage_type;policy_details.effective_date;policy_details.expiration_date;policy_details.policy_number;policy_details.policyholder_name,,1775
sola-jsonish-sections,"StructuredOutputAdapter(output_mode=JSONISH, prompt_layout=SECTIONS)",insurance-claims-0004,ok,,2.695174130999476,1,json_object,13,20,0.65,False,header.incident_date;insured_objects[0].object_id;insured_objects[0].make_model;insured_objects[0].year;insured_objects[0].estimated_value;incident_description.incident_type;incident_description.location_type,,,1921
sola-jsonish-sections,"StructuredOutputAdapter(output_mode=JSONISH, prompt_layout=SECTIONS)",insurance-claims-0005,validation_error,ValidationError,2.582487953999589,1,json_object,0,20,0.0,False,,header.channel;header.claim_id;header.incident_date;header.report_date;header.reported_by;incident_description.estimated_damage_amount;incident_description.incident_type;incident_description.location_type;incident_description.police_report_number;insured_objects[0].estimated_value;insured_objects[0].location_address;insured_objects[0].make_model;insured_objects[0].object_id;insured_objects[0].object_type;insured_objects[0].year;policy_details.coverage_type;policy_details.effective_date;policy_details.expiration_date;policy_details.policy_number;policy_details.policyholder_name,,1874
sola-jsonish-sections,"StructuredOutputAdapter(output_mode=JSONISH, prompt_layout=SECTIONS)",insurance-claims-0006,validation_error,ValidationError,3.0064612779997333,1,json_object,0,20,0.0,False,,header.channel;header.claim_id;header.incident_date;header.report_date;header.reported_by;incident_description.estimated_damage_amount;incident_description.incident_type;incident_description.location_type;incident_description.police_report_number;insured_objects[0].estimated_value;insured_objects[0].location_address;insured_objects[0].make_model;insured_objects[0].object_id;insured_objects[0].object_type;insured_objects[0].year;policy_details.coverage_type;policy_details.effective_date;policy_details.expiration_date;policy_details.policy_number;policy_details.policyholder_name,,1941
sola-jsonish-sections,"StructuredOutputAdapter(output_mode=JSONISH, prompt_layout=SECTIONS)",insurance-claims-0007,validation_error,ValidationError,2.5126664650006205,1,json_object,0,20,0.0,False,,header.channel;header.claim_id;header.incident_date;header.report_date;header.reported_by;incident_description.estimated_damage_amount;incident_description.incident_type;incident_description.location_type;incident_description.police_report_number;insured_objects[0].estimated_value;insured_objects[0].location_address;insured_objects[0].make_model;insured_objects[0].object_id;insured_objects[0].object_type;insured_objects[0].year;policy_details.coverage_type;policy_details.effective_date;policy_details.expiration_date;policy_details.policy_number;policy_details.policyholder_name,,1871
sola-jsonish-sections,"StructuredOutputAdapter(output_mode=JSONISH, prompt_layout=SECTIONS)",insurance-claims-0008,validation_error,ValidationError,2.5020615220000764,1,json_object,0,11,0.0,False,,header.channel;header.claim_id;header.incident_date;header.report_date;header.reported_by;incident_description.estimated_damage_amount;incident_description.incident_type;incident_description.location_type;incident_description.police_report_number;insured_objects;policy_details,,1835
sola-jsonish-sections,"StructuredOutputAdapter(output_mode=JSONISH, prompt_layout=SECTIONS)",insurance-claims-0009,validation_error,ValidationError,3.1342559419999816,1,json_object,0,20,0.0,False,,header.channel;header.claim_id;header.incident_date;header.report_date;header.reported_by;incident_description.estimated_damage_amount;incident_description.incident_type;incident_description.location_type;incident_description.police_report_number;insured_objects[0].estimated_value;insured_objects[0].location_address;insured_objects[0].make_model;insured_objects[0].object_id;insured_objects[0].object_type;insured_objects[0].year;policy_details.coverage_type;policy_details.effective_date;policy_details.expiration_date;policy_details.policy_number;policy_details.policyholder_name,,1933
sola-jsonish-sections,"StructuredOutputAdapter(output_mode=JSONISH, prompt_layout=SECTIONS)",insurance-claims-0010,validation_error,ValidationError,2.5465407159999813,1,json_object,0,11,0.0,False,,header.channel;header.claim_id;header.incident_date;header.report_date;header.reported_by;incident_description.estimated_damage_amount;incident_description.incident_type;incident_description.location_type;incident_description.police_report_number;insured_objects;policy_details,,1774
sola-jsonish-sections,"StructuredOutputAdapter(output_mode=JSONISH, prompt_layout=SECTIONS)",insurance-claims-0011,validation_error,ValidationError,2.062681572000656,1,json_object,0,11,0.0,False,,header.channel;header.claim_id;header.incident_date;header.report_date;header.reported_by;incident_description.estimated_damage_amount;incident_description.incident_type;incident_description.location_type;incident_description.police_report_number;insured_objects;policy_details,,1706
sola-jsonish-sections,"StructuredOutputAdapter(output_mode=JSONISH, prompt_layout=SECTIONS)",insurance-claims-0012,validation_error,ValidationError,2.668532927000342,1,json_object,0,20,0.0,False,,header.channel;header.claim_id;header.incident_date;header.report_date;header.reported_by;incident_description.estimated_damage_amount;incident_description.incident_type;incident_description.location_type;incident_description.police_report_number;insured_objects[0].estimated_value;insured_objects[0].location_address;insured_objects[0].make_model;insured_objects[0].object_id;insured_objects[0].object_type;insured_objects[0].year;policy_details.coverage_type;policy_details.effective_date;policy_details.expiration_date;policy_details.policy_number;policy_details.policyholder_name,,1911
sola-jsonish-sections,"StructuredOutputAdapter(output_mode=JSONISH, prompt_layout=SECTIONS)",insurance-claims-0013,validation_error,ValidationError,2.6539811489992644,1,json_object,0,20,0.0,False,,header.channel;header.claim_id;header.incident_date;header.report_date;header.reported_by;incident_description.estimated_damage_amount;incident_description.incident_type;incident_description.location_type;incident_description.police_report_number;insured_objects[0].estimated_value;insured_objects[0].location_address;insured_objects[0].make_model;insured_objects[0].object_id;insured_objects[0].object_type;insured_objects[0].year;policy_details.coverage_type;policy_details.effective_date;policy_details.expiration_date;policy_details.policy_number;policy_details.policyholder_name,,1894
sola-jsonish-sections,"StructuredOutputAdapter(output_mode=JSONISH, prompt_layout=SECTIONS)",insurance-claims-0014,ok,,2.9094460060005076,1,json_object,15,20,0.75,False,header.incident_date;header.channel;insured_objects[0].estimated_value;incident_description.incident_type;incident_description.estimated_damage_amount,,,1498
sola-jsonish-sections,"StructuredOutputAdapter(output_mode=JSONISH, prompt_layout=SECTIONS)",insurance-claims-0015,validation_error,ValidationError,2.916949448000196,1,json_object,0,20,0.0,False,,header.channel;header.claim_id;header.incident_date;header.report_date;header.reported_by;incident_description.estimated_damage_amount;incident_description.incident_type;incident_description.location_type;incident_description.police_report_number;insured_objects[0].estimated_value;insured_objects[0].location_address;insured_objects[0].make_model;insured_objects[0].object_id;insured_objects[0].object_type;insured_objects[0].year;policy_details.coverage_type;policy_details.effective_date;policy_details.expiration_date;policy_details.policy_number;policy_details.policyholder_name,,1881
sola-jsonish-sections,"StructuredOutputAdapter(output_mode=JSONISH, prompt_layout=SECTIONS)",insurance-claims-0016,ok,,2.844604064000123,1,json_object,16,20,0.8,False,insured_objects[0].make_model;insured_objects[0].year;incident_description.location_type;incident_description.estimated_damage_amount,,,1656
sola-jsonish-sections,"StructuredOutputAdapter(output_mode=JSONISH, prompt_layout=SECTIONS)",insurance-claims-0017,validation_error,ValidationError,2.756924390000677,1,json_object,0,20,0.0,False,,header.channel;header.claim_id;header.incident_date;header.report_date;header.reported_by;incident_description.estimated_damage_amount;incident_description.incident_type;incident_description.location_type;incident_description.police_report_number;insured_objects[0].estimated_value;insured_objects[0].location_address;insured_objects[0].make_model;insured_objects[0].object_id;insured_objects[0].object_type;insured_objects[0].year;policy_details.coverage_type;policy_details.effective_date;policy_details.expiration_date;policy_details.policy_number;policy_details.policyholder_name,,1634
sola-jsonish-sections,"StructuredOutputAdapter(output_mode=JSONISH, prompt_layout=SECTIONS)",insurance-claims-0018,validation_error,ValidationError,2.475795749000099,1,json_object,0,20,0.0,False,,header.channel;header.claim_id;header.incident_date;header.report_date;header.reported_by;incident_description.estimated_damage_amount;incident_description.incident_type;incident_description.location_type;incident_description.police_report_number;insured_objects[0].estimated_value;insured_objects[0].location_address;insured_objects[0].make_model;insured_objects[0].object_id;insured_objects[0].object_type;insured_objects[0].year;policy_details.coverage_type;policy_details.effective_date;policy_details.expiration_date;policy_details.policy_number;policy_details.policyholder_name,,1531
sola-jsonish-sections,"StructuredOutputAdapter(output_mode=JSONISH, prompt_layout=SECTIONS)",insurance-claims-0019,validation_error,ValidationError,2.7642344000005323,1,json_object,0,20,0.0,False,,header.channel;header.claim_id;header.incident_date;header.report_date;header.reported_by;incident_description.estimated_damage_amount;incident_description.incident_type;incident_description.location_type;incident_description.police_report_number;insured_objects[0].estimated_value;insured_objects[0].location_address;insured_objects[0].make_model;insured_objects[0].object_id;insured_objects[0].object_type;insured_objects[0].year;policy_details.coverage_type;policy_details.effective_date;policy_details.expiration_date;policy_details.policy_number;policy_details.policyholder_name,,1523
sola-jsonish-sections,"StructuredOutputAdapter(output_mode=JSONISH, prompt_layout=SECTIONS)",insurance-claims-0020,validation_error,ValidationError,2.6990634750000027,1,json_object,0,20,0.0,False,,header.channel;header.claim_id;header.incident_date;header.report_date;header.reported_by;incident_description.estimated_damage_amount;incident_description.incident_type;incident_description.location_type;incident_description.police_report_number;insured_objects[0].estimated_value;insured_objects[0].location_address;insured_objects[0].make_model;insured_objects[0].object_id;insured_objects[0].object_type;insured_objects[0].year;policy_details.coverage_type;policy_details.effective_date;policy_details.expiration_date;policy_details.policy_number;policy_details.policyholder_name,,1609
sola-jsonish-sections,"StructuredOutputAdapter(output_mode=JSONISH, prompt_layout=SECTIONS)",insurance-claims-0021,ok,,4.020108364000407,1,json_object,22,26,0.8462,False,insured_objects[0].make_model;insured_objects[0].location_address;insured_objects[1].make_model;insured_objects[1].location_address,,insured_objects[2].estimated_value;insured_objects[2].location_address;insured_objects[2].make_model;insured_objects[2].object_id;insured_objects[2].object_type;insured_objects[2].year,1820
sola-jsonish-sections,"StructuredOutputAdapter(output_mode=JSONISH, prompt_layout=SECTIONS)",insurance-claims-0022,validation_error,ValidationError,2.5858909089993176,1,json_object,0,20,0.0,False,,header.channel;header.claim_id;header.incident_date;header.report_date;header.reported_by;incident_description.estimated_damage_amount;incident_description.incident_type;incident_description.location_type;incident_description.police_report_number;insured_objects[0].estimated_value;insured_objects[0].location_address;insured_objects[0].make_model;insured_objects[0].object_id;insured_objects[0].object_type;insured_objects[0].year;policy_details.coverage_type;policy_details.effective_date;policy_details.expiration_date;policy_details.policy_number;policy_details.policyholder_name,,1547
sola-jsonish-sections,"StructuredOutputAdapter(output_mode=JSONISH, prompt_layout=SECTIONS)",insurance-claims-0023,validation_error,ValidationError,2.380274912999994,1,json_object,0,20,0.0,False,,header.channel;header.claim_id;header.incident_date;header.report_date;header.reported_by;incident_description.estimated_damage_amount;incident_description.incident_type;incident_description.location_type;incident_description.police_report_number;insured_objects[0].estimated_value;insured_objects[0].location_address;insured_objects[0].make_model;insured_objects[0].object_id;insured_objects[0].object_type;insured_objects[0].year;policy_details.coverage_type;policy_details.effective_date;policy_details.expiration_date;policy_details.policy_number;policy_details.policyholder_name,,1501
sola-jsonish-sections,"StructuredOutputAdapter(output_mode=JSONISH, prompt_layout=SECTIONS)",insurance-claims-0024,ok,,2.6328125609998096,1,json_object,16,20,0.8,False,policy_details.coverage_type;policy_details.effective_date;policy_details.expiration_date;incident_description.incident_type,,,1559
sola-jsonish-sections,"StructuredOutputAdapter(output_mode=JSONISH, prompt_layout=SECTIONS)",insurance-claims-0025,validation_error,ValidationError,2.0434376519997386,1,json_object,0,11,0.0,False,,header.channel;header.claim_id;header.incident_date;header.report_date;header.reported_by;incident_description.estimated_damage_amount;incident_description.incident_type;incident_description.location_type;incident_description.police_report_number;insured_objects;policy_details,,1481
sola-jsonish-sections,"StructuredOutputAdapter(output_mode=JSONISH, prompt_layout=SECTIONS)",insurance-claims-0026,validation_error,ValidationError,2.592021477000344,1,json_object,0,20,0.0,False,,header.channel;header.claim_id;header.incident_date;header.report_date;header.reported_by;incident_description.estimated_damage_amount;incident_description.incident_type;incident_description.location_type;incident_description.police_report_number;insured_objects[0].estimated_value;insured_objects[0].location_address;insured_objects[0].make_model;insured_objects[0].object_id;insured_objects[0].object_type;insured_objects[0].year;policy_details.coverage_type;policy_details.effective_date;policy_details.expiration_date;policy_details.policy_number;policy_details.policyholder_name,,1490
sola-jsonish-sections,"StructuredOutputAdapter(output_mode=JSONISH, prompt_layout=SECTIONS)",insurance-claims-0027,ok,,2.4881839189993116,1,json_object,15,20,0.75,False,policy_details.effective_date;policy_details.expiration_date;insured_objects[0].year;incident_description.location_type;incident_description.estimated_damage_amount,,,1519
sola-jsonish-sections,"StructuredOutputAdapter(output_mode=JSONISH, prompt_layout=SECTIONS)",insurance-claims-0028,validation_error,ValidationError,2.477714219000518,1,json_object,0,20,0.0,False,,header.channel;header.claim_id;header.incident_date;header.report_date;header.reported_by;incident_description.estimated_damage_amount;incident_description.incident_type;incident_description.location_type;incident_description.police_report_number;insured_objects[0].estimated_value;insured_objects[0].location_address;insured_objects[0].make_model;insured_objects[0].object_id;insured_objects[0].object_type;insured_objects[0].year;policy_details.coverage_type;policy_details.effective_date;policy_details.expiration_date;policy_details.policy_number;policy_details.policyholder_name,,1464
sola-jsonish-sections,"StructuredOutputAdapter(output_mode=JSONISH, prompt_layout=SECTIONS)",insurance-claims-0029,ok,,2.42553877499995,1,json_object,13,20,0.65,False,policy_details.effective_date;policy_details.expiration_date;insured_objects[0].object_type;insured_objects[0].make_model;insured_objects[0].year;incident_description.incident_type;incident_description.location_type,,,1458
sola-yaml-sections,"StructuredOutputAdapter(output_mode=YAML, prompt_layout=SECTIONS)",insurance-claims-0000,ok,,2.641371543000787,1,none,13,20,0.65,False,policy_details.effective_date;policy_details.expiration_date;insured_objects[0].make_model;insured_objects[0].year;insured_objects[0].estimated_value;incident_description.incident_type;incident_description.location_type,,,1884
sola-yaml-sections,"StructuredOutputAdapter(output_mode=YAML, prompt_layout=SECTIONS)",insurance-claims-0001,ok,,2.5826008329995602,1,none,14,20,0.7,False,policy_details.effective_date;insured_objects[0].make_model;insured_objects[0].year;insured_objects[0].estimated_value;incident_description.incident_type;incident_description.location_type,,,1558
sola-yaml-sections,"StructuredOutputAdapter(output_mode=YAML, prompt_layout=SECTIONS)",insurance-claims-0002,ok,,2.008745002000069,1,none,7,11,0.6364,False,incident_description.incident_type;incident_description.location_type,policy_details;insured_objects,insured_objects[0].estimated_value;insured_objects[0].location_address;insured_objects[0].make_model;insured_objects[0].object_id;insured_objects[0].object_type;insured_objects[0].year;policy_details.coverage_type;policy_details.effective_date;policy_details.expiration_date;policy_details.policy_number;policy_details.policyholder_name,1731
sola-yaml-sections,"StructuredOutputAdapter(output_mode=YAML, prompt_layout=SECTIONS)",insurance-claims-0003,ok,,3.210510414000055,1,none,15,26,0.5769,False,insured_objects[0].object_id;insured_objects[0].make_model;insured_objects[0].year;insured_objects[0].location_address;insured_objects[0].estimated_value;insured_objects[1].object_id;insured_objects[1].make_model;insured_objects[1].year;insured_objects[1].estimated_value;incident_description.incident_type;incident_description.estimated_damage_amount,,,1783
sola-yaml-sections,"StructuredOutputAdapter(output_mode=YAML, prompt_layout=SECTIONS)",insurance-claims-0004,ok,,2.3732516359996225,1,none,13,20,0.65,False,header.incident_date;insured_objects[0].object_id;insured_objects[0].make_model;insured_objects[0].year;insured_objects[0].estimated_value;incident_description.incident_type;incident_description.location_type,,,1920
sola-yaml-sections,"StructuredOutputAdapter(output_mode=YAML, prompt_layout=SECTIONS)",insurance-claims-0005,ok,,2.358370513000409,1,none,14,20,0.7,False,policy_details.expiration_date;insured_objects[0].object_id;insured_objects[0].make_model;insured_objects[0].year;incident_description.location_type;incident_description.estimated_damage_amount,,,1886
sola-yaml-sections,"StructuredOutputAdapter(output_mode=YAML, prompt_layout=SECTIONS)",insurance-claims-0006,ok,,2.612415871999474,1,none,13,20,0.65,False,policy_details.effective_date;insured_objects[0].object_id;insured_objects[0].make_model;insured_objects[0].year;insured_objects[0].location_address;incident_description.incident_type;incident_description.location_type,,,1960
sola-yaml-sections,"StructuredOutputAdapter(output_mode=YAML, prompt_layout=SECTIONS)",insurance-claims-0007,ok,,2.4235366949997115,1,none,13,20,0.65,False,insured_objects[0].object_id;insured_objects[0].make_model;insured_objects[0].year;insured_objects[0].location_address;insured_objects[0].estimated_value;incident_description.incident_type;incident_description.location_type,,,1889
sola-yaml-sections,"StructuredOutputAdapter(output_mode=YAML, prompt_layout=SECTIONS)",insurance-claims-0008,ok,,1.8722202670005572,1,none,8,11,0.7273,False,incident_description.incident_type;incident_description.location_type,insured_objects,insured_objects[0].estimated_value;insured_objects[0].location_address;insured_objects[0].make_model;insured_objects[0].object_id;insured_objects[0].object_type;insured_objects[0].year,1805
sola-yaml-sections,"StructuredOutputAdapter(output_mode=YAML, prompt_layout=SECTIONS)",insurance-claims-0009,ok,,2.574570403000507,1,none,15,20,0.75,False,header.incident_date;policy_details.policyholder_name;insured_objects[0].object_id;insured_objects[0].location_address;incident_description.location_type,,,1939
sola-yaml-sections,"StructuredOutputAdapter(output_mode=YAML, prompt_layout=SECTIONS)",insurance-claims-0010,ok,,2.11658669299959,1,none,8,11,0.7273,False,incident_description.location_type,policy_details;insured_objects,insured_objects[0].estimated_value;insured_objects[0].location_address;insured_objects[0].make_model;insured_objects[0].object_id;insured_objects[0].object_type;insured_objects[0].year;policy_details.coverage_type;policy_details.effective_date;policy_details.expiration_date;policy_details.policy_number;policy_details.policyholder_name,1777
sola-yaml-sections,"StructuredOutputAdapter(output_mode=YAML, prompt_layout=SECTIONS)",insurance-claims-0011,ok,,1.8597152510001251,1,none,9,11,0.8182,False,incident_description.location_type,insured_objects,insured_objects[0].estimated_value;insured_objects[0].location_address;insured_objects[0].make_model;insured_objects[0].object_id;insured_objects[0].object_type;insured_objects[0].year,1713
sola-yaml-sections,"StructuredOutputAdapter(output_mode=YAML, prompt_layout=SECTIONS)",insurance-claims-0012,ok,,2.410033723000197,1,none,15,20,0.75,False,policy_details.effective_date;insured_objects[0].object_id;insured_objects[0].make_model;insured_objects[0].year;incident_description.location_type,,,1916
sola-yaml-sections,"StructuredOutputAdapter(output_mode=YAML, prompt_layout=SECTIONS)",insurance-claims-0013,ok,,2.37270300199998,1,none,15,20,0.75,False,policy_details.policyholder_name;insured_objects[0].make_model;insured_objects[0].year;incident_description.incident_type;incident_description.location_type,,,1908
sola-yaml-sections,"StructuredOutputAdapter(output_mode=YAML, prompt_layout=SECTIONS)",insurance-claims-0014,ok,,2.4758599140004662,1,none,15,20,0.75,False,header.incident_date;header.channel;insured_objects[0].estimated_value;incident_description.incident_type;incident_description.estimated_damage_amount,,,1495
sola-yaml-sections,"StructuredOutputAdapter(output_mode=YAML, prompt_layout=SECTIONS)",insurance-claims-0015,validation_error,ValidationError,2.2004659029998948,1,none,0,20,0.0,False,,header.channel;header.claim_id;header.incident_date;header.report_date;header.reported_by;incident_description.estimated_damage_amount;incident_description.incident_type;incident_description.location_type;incident_description.police_report_number;insured_objects[0].estimated_value;insured_objects[0].location_address;insured_objects[0].make_model;insured_objects[0].object_id;insured_objects[0].object_type;insured_objects[0].year;policy_details.coverage_type;policy_details.effective_date;policy_details.expiration_date;policy_details.policy_number;policy_details.policyholder_name,,1823
sola-yaml-sections,"StructuredOutputAdapter(output_mode=YAML, prompt_layout=SECTIONS)",insurance-claims-0016,ok,,2.4978389369998695,1,none,16,20,0.8,False,insured_objects[0].make_model;insured_objects[0].year;incident_description.location_type;incident_description.estimated_damage_amount,,,1655
sola-yaml-sections,"StructuredOutputAdapter(output_mode=YAML, prompt_layout=SECTIONS)",insurance-claims-0017,ok,,2.533666718000859,1,none,14,20,0.7,False,header.incident_date;policy_details.effective_date;policy_details.expiration_date;insured_objects[0].make_model;insured_objects[0].location_address;incident_description.incident_type,,,1642
sola-yaml-sections,"StructuredOutputAdapter(output_mode=YAML, prompt_layout=SECTIONS)",insurance-claims-0018,ok,,2.2912265899994964,1,none,13,20,0.65,False,policy_details.expiration_date;insured_objects[0].object_id;insured_objects[0].make_model;insured_objects[0].year;incident_description.incident_type;incident_description.location_type;incident_description.estimated_damage_amount,,,1543
sola-yaml-sections,"StructuredOutputAdapter(output_mode=YAML, prompt_layout=SECTIONS)",insurance-claims-0019,ok,,2.551576922000095,1,none,16,20,0.8,False,insured_objects[0].make_model;insured_objects[0].year;incident_description.incident_type;incident_description.location_type,,,1535
sola-yaml-sections,"StructuredOutputAdapter(output_mode=YAML, prompt_layout=SECTIONS)",insurance-claims-0020,ok,,2.568167579999681,1,none,18,20,0.9,False,insured_objects[0].location_address;incident_description.incident_type,,,1617
sola-yaml-sections,"StructuredOutputAdapter(output_mode=YAML, prompt_layout=SECTIONS)",insurance-claims-0021,validation_error,ValidationError,6.505337724000128,1,none,0,26,0.0,False,,header.channel;header.claim_id;header.incident_date;header.report_date;header.reported_by;incident_description.estimated_damage_amount;incident_description.incident_type;incident_description.location_type;incident_description.police_report_number;insured_objects[0].estimated_value;insured_objects[0].location_address;insured_objects[0].make_model;insured_objects[0].object_id;insured_objects[0].object_type;insured_objects[0].year;insured_objects[1].estimated_value;insured_objects[1].location_address;insured_objects[1].make_model;insured_objects[1].object_id;insured_objects[1].object_type;insured_objects[1].year;policy_details.coverage_type;policy_details.effective_date;policy_details.expiration_date;policy_details.policy_number;policy_details.policyholder_name,,2203
sola-yaml-sections,"StructuredOutputAdapter(output_mode=YAML, prompt_layout=SECTIONS)",insurance-claims-0022,ok,,2.5840550000002622,1,none,14,20,0.7,False,insured_objects[0].object_id;insured_objects[0].make_model;insured_objects[0].year;insured_objects[0].location_address;incident_description.incident_type;incident_description.location_type,,,1559
sola-yaml-sections,"StructuredOutputAdapter(output_mode=YAML, prompt_layout=SECTIONS)",insurance-claims-0023,ok,,2.346614000000045,1,none,14,20,0.7,False,policy_details.policyholder_name;policy_details.expiration_date;insured_objects[0].object_id;insured_objects[0].make_model;insured_objects[0].year;incident_description.location_type,,,1514
sola-yaml-sections,"StructuredOutputAdapter(output_mode=YAML, prompt_layout=SECTIONS)",insurance-claims-0024,ok,,2.4829033870000785,1,none,17,20,0.85,False,policy_details.effective_date;policy_details.expiration_date;incident_description.incident_type,,,1558
sola-yaml-sections,"StructuredOutputAdapter(output_mode=YAML, prompt_layout=SECTIONS)",insurance-claims-0025,ok,,1.8822961089999808,1,none,7,11,0.6364,False,incident_description.incident_type;incident_description.location_type,policy_details;insured_objects,insured_objects[0].estimated_value;insured_objects[0].location_address;insured_objects[0].make_model;insured_objects[0].object_id;insured_objects[0].object_type;insured_objects[0].year;policy_details.coverage_type;policy_details.effective_date;policy_details.expiration_date;policy_details.policy_number;policy_details.policyholder_name,1479
sola-yaml-sections,"StructuredOutputAdapter(output_mode=YAML, prompt_layout=SECTIONS)",insurance-claims-0026,ok,,2.5347465730001204,1,none,15,20,0.75,False,insured_objects[0].object_id;insured_objects[0].make_model;insured_objects[0].location_address;insured_objects[0].estimated_value;incident_description.incident_type,,,1503
sola-yaml-sections,"StructuredOutputAdapter(output_mode=YAML, prompt_layout=SECTIONS)",insurance-claims-0027,validation_error,ValidationError,2.1336546809998254,1,none,0,20,0.0,False,,header.channel;header.claim_id;header.incident_date;header.report_date;header.reported_by;incident_description.estimated_damage_amount;incident_description.incident_type;incident_description.location_type;incident_description.police_report_number;insured_objects[0].estimated_value;insured_objects[0].location_address;insured_objects[0].make_model;insured_objects[0].object_id;insured_objects[0].object_type;insured_objects[0].year;policy_details.coverage_type;policy_details.effective_date;policy_details.expiration_date;policy_details.policy_number;policy_details.policyholder_name,,1493
sola-yaml-sections,"StructuredOutputAdapter(output_mode=YAML, prompt_layout=SECTIONS)",insurance-claims-0028,ok,,2.4098386200003006,1,none,13,20,0.65,False,header.report_date;policy_details.policy_number;policy_details.effective_date;insured_objects[0].make_model;insured_objects[0].location_address;incident_description.incident_type;incident_description.location_type,,,1475
sola-yaml-sections,"StructuredOutputAdapter(output_mode=YAML, prompt_layout=SECTIONS)",insurance-claims-0029,ok,,2.408798155999648,1,none,12,20,0.6,False,policy_details.policyholder_name;policy_details.effective_date;policy_details.expiration_date;insured_objects[0].object_id;insured_objects[0].make_model;insured_objects[0].year;incident_description.incident_type;incident_description.location_type,,,1472
sola-jsonish-rescue,"StructuredOutputAdapter(output_mode=JSONISH, prompt_layout=SECTIONS, parse_config=ParseConfig())",insurance-claims-0000,validation_error,ValidationError,2.4442560590005087,1,json_object,0,20,0.0,False,,header.channel;header.claim_id;header.incident_date;header.report_date;header.reported_by;incident_description.estimated_damage_amount;incident_description.incident_type;incident_description.location_type;incident_description.police_report_number;insured_objects[0].estimated_value;insured_objects[0].location_address;insured_objects[0].make_model;insured_objects[0].object_id;insured_objects[0].object_type;insured_objects[0].year;policy_details.coverage_type;policy_details.effective_date;policy_details.expiration_date;policy_details.policy_number;policy_details.policyholder_name,,1876
sola-jsonish-rescue,"StructuredOutputAdapter(output_mode=JSONISH, prompt_layout=SECTIONS, parse_config=ParseConfig())",insurance-claims-0001,ok,,2.44054679600049,1,json_object,14,20,0.7,False,policy_details.effective_date;insured_objects[0].make_model;insured_objects[0].year;insured_objects[0].estimated_value;incident_description.incident_type;incident_description.location_type,,,1559
sola-jsonish-rescue,"StructuredOutputAdapter(output_mode=JSONISH, prompt_layout=SECTIONS, parse_config=ParseConfig())",insurance-claims-0002,validation_error,ValidationError,1.9989808340005766,1,json_object,0,11,0.0,False,,header.channel;header.claim_id;header.incident_date;header.report_date;header.reported_by;incident_description.estimated_damage_amount;incident_description.incident_type;incident_description.location_type;incident_description.police_report_number;insured_objects;policy_details,,1724
sola-jsonish-rescue,"StructuredOutputAdapter(output_mode=JSONISH, prompt_layout=SECTIONS, parse_config=ParseConfig())",insurance-claims-0003,validation_error,ValidationError,3.118065634999766,1,json_object,0,26,0.0,False,,header.channel;header.claim_id;header.incident_date;header.report_date;header.reported_by;incident_description.estimated_damage_amount;incident_description.incident_type;incident_description.location_type;incident_description.police_report_number;insured_objects[0].estimated_value;insured_objects[0].location_address;insured_objects[0].make_model;insured_objects[0].object_id;insured_objects[0].object_type;insured_objects[0].year;insured_objects[1].estimated_value;insured_objects[1].location_address;insured_objects[1].make_model;insured_objects[1].object_id;insured_objects[1].object_type;insured_objects[1].year;policy_details.coverage_type;policy_details.effective_date;policy_details.expiration_date;policy_details.policy_number;policy_details.policyholder_name,,1775
sola-jsonish-rescue,"StructuredOutputAdapter(output_mode=JSONISH, prompt_layout=SECTIONS, parse_config=ParseConfig())",insurance-claims-0004,ok,,2.449983348000387,1,json_object,13,20,0.65,False,header.incident_date;insured_objects[0].object_id;insured_objects[0].make_model;insured_objects[0].year;insured_objects[0].estimated_value;incident_description.incident_type;incident_description.location_type,,,1921
sola-jsonish-rescue,"StructuredOutputAdapter(output_mode=JSONISH, prompt_layout=SECTIONS, parse_config=ParseConfig())",insurance-claims-0005,validation_error,ValidationError,2.333117508000214,1,json_object,0,20,0.0,False,,header.channel;header.claim_id;header.incident_date;header.report_date;header.reported_by;incident_description.estimated_damage_amount;incident_description.incident_type;incident_description.location_type;incident_description.police_report_number;insured_objects[0].estimated_value;insured_objects[0].location_address;insured_objects[0].make_model;insured_objects[0].object_id;insured_objects[0].object_type;insured_objects[0].year;policy_details.coverage_type;policy_details.effective_date;policy_details.expiration_date;policy_details.policy_number;policy_details.policyholder_name,,1874
sola-jsonish-rescue,"StructuredOutputAdapter(output_mode=JSONISH, prompt_layout=SECTIONS, parse_config=ParseConfig())",insurance-claims-0006,validation_error,ValidationError,2.4412394609998955,1,json_object,0,20,0.0,False,,header.channel;header.claim_id;header.incident_date;header.report_date;header.reported_by;incident_description.estimated_damage_amount;incident_description.incident_type;incident_description.location_type;incident_description.police_report_number;insured_objects[0].estimated_value;insured_objects[0].location_address;insured_objects[0].make_model;insured_objects[0].object_id;insured_objects[0].object_type;insured_objects[0].year;policy_details.coverage_type;policy_details.effective_date;policy_details.expiration_date;policy_details.policy_number;policy_details.policyholder_name,,1941
sola-jsonish-rescue,"StructuredOutputAdapter(output_mode=JSONISH, prompt_layout=SECTIONS, parse_config=ParseConfig())",insurance-claims-0007,validation_error,ValidationError,2.3027023240001654,1,json_object,0,20,0.0,False,,header.channel;header.claim_id;header.incident_date;header.report_date;header.reported_by;incident_description.estimated_damage_amount;incident_description.incident_type;incident_description.location_type;incident_description.police_report_number;insured_objects[0].estimated_value;insured_objects[0].location_address;insured_objects[0].make_model;insured_objects[0].object_id;insured_objects[0].object_type;insured_objects[0].year;policy_details.coverage_type;policy_details.effective_date;policy_details.expiration_date;policy_details.policy_number;policy_details.policyholder_name,,1871
sola-jsonish-rescue,"StructuredOutputAdapter(output_mode=JSONISH, prompt_layout=SECTIONS, parse_config=ParseConfig())",insurance-claims-0008,validation_error,ValidationError,2.188136644000224,1,json_object,0,11,0.0,False,,header.channel;header.claim_id;header.incident_date;header.report_date;header.reported_by;incident_description.estimated_damage_amount;incident_description.incident_type;incident_description.location_type;incident_description.police_report_number;insured_objects;policy_details,,1835
sola-jsonish-rescue,"StructuredOutputAdapter(output_mode=JSONISH, prompt_layout=SECTIONS, parse_config=ParseConfig())",insurance-claims-0009,validation_error,ValidationError,2.7315128750005897,1,json_object,0,20,0.0,False,,header.channel;header.claim_id;header.incident_date;header.report_date;header.reported_by;incident_description.estimated_damage_amount;incident_description.incident_type;incident_description.location_type;incident_description.police_report_number;insured_objects[0].estimated_value;insured_objects[0].location_address;insured_objects[0].make_model;insured_objects[0].object_id;insured_objects[0].object_type;insured_objects[0].year;policy_details.coverage_type;policy_details.effective_date;policy_details.expiration_date;policy_details.policy_number;policy_details.policyholder_name,,1933
sola-jsonish-rescue,"StructuredOutputAdapter(output_mode=JSONISH, prompt_layout=SECTIONS, parse_config=ParseConfig())",insurance-claims-0010,ok,,2.30101633600043,1,json_object,8,11,0.7273,False,incident_description.location_type,policy_details;insured_objects,policy_details.coverage_type;policy_details.effective_date;policy_details.expiration_date;policy_details.policy_number;policy_details.policyholder_name,1774
sola-jsonish-rescue,"StructuredOutputAdapter(output_mode=JSONISH, prompt_layout=SECTIONS, parse_config=ParseConfig())",insurance-claims-0011,validation_error,ValidationError,1.9007588369995574,1,json_object,0,11,0.0,False,,header.channel;header.claim_id;header.incident_date;header.report_date;header.reported_by;incident_description.estimated_damage_amount;incident_description.incident_type;incident_description.location_type;incident_description.police_report_number;insured_objects;policy_details,,1706
sola-jsonish-rescue,"StructuredOutputAdapter(output_mode=JSONISH, prompt_layout=SECTIONS, parse_config=ParseConfig())",insurance-claims-0012,validation_error,ValidationError,2.4522777990005125,1,json_object,0,20,0.0,False,,header.channel;header.claim_id;header.incident_date;header.report_date;header.reported_by;incident_description.estimated_damage_amount;incident_description.incident_type;incident_description.location_type;incident_description.police_report_number;insured_objects[0].estimated_value;insured_objects[0].location_address;insured_objects[0].make_model;insured_objects[0].object_id;insured_objects[0].object_type;insured_objects[0].year;policy_details.coverage_type;policy_details.effective_date;policy_details.expiration_date;policy_details.policy_number;policy_details.policyholder_name,,1911
sola-jsonish-rescue,"StructuredOutputAdapter(output_mode=JSONISH, prompt_layout=SECTIONS, parse_config=ParseConfig())",insurance-claims-0013,validation_error,ValidationError,2.2986847399997714,1,json_object,0,20,0.0,False,,header.channel;header.claim_id;header.incident_date;header.report_date;header.reported_by;incident_description.estimated_damage_amount;incident_description.incident_type;incident_description.location_type;incident_description.police_report_number;insured_objects[0].estimated_value;insured_objects[0].location_address;insured_objects[0].make_model;insured_objects[0].object_id;insured_objects[0].object_type;insured_objects[0].year;policy_details.coverage_type;policy_details.effective_date;policy_details.expiration_date;policy_details.policy_number;policy_details.policyholder_name,,1894
sola-jsonish-rescue,"StructuredOutputAdapter(output_mode=JSONISH, prompt_layout=SECTIONS, parse_config=ParseConfig())",insurance-claims-0014,ok,,2.550297664000027,1,json_object,15,20,0.75,False,header.incident_date;header.channel;insured_objects[0].estimated_value;incident_description.incident_type;incident_description.estimated_damage_amount,,,1498
sola-jsonish-rescue,"StructuredOutputAdapter(output_mode=JSONISH, prompt_layout=SECTIONS, parse_config=ParseConfig())",insurance-claims-0015,validation_error,ValidationError,2.6358607520005535,1,json_object,0,20,0.0,False,,header.channel;header.claim_id;header.incident_date;header.report_date;header.reported_by;incident_description.estimated_damage_amount;incident_description.incident_type;incident_description.location_type;incident_description.police_report_number;insured_objects[0].estimated_value;insured_objects[0].location_address;insured_objects[0].make_model;insured_objects[0].object_id;insured_objects[0].object_type;insured_objects[0].year;policy_details.coverage_type;policy_details.effective_date;policy_details.expiration_date;policy_details.policy_number;policy_details.policyholder_name,,1881
sola-jsonish-rescue,"StructuredOutputAdapter(output_mode=JSONISH, prompt_layout=SECTIONS, parse_config=ParseConfig())",insurance-claims-0016,ok,,2.3861973769999167,1,json_object,16,20,0.8,False,insured_objects[0].make_model;insured_objects[0].year;incident_description.location_type;incident_description.estimated_damage_amount,,,1656
sola-jsonish-rescue,"StructuredOutputAdapter(output_mode=JSONISH, prompt_layout=SECTIONS, parse_config=ParseConfig())",insurance-claims-0017,validation_error,ValidationError,2.5312131749997206,1,json_object,0,20,0.0,False,,header.channel;header.claim_id;header.incident_date;header.report_date;header.reported_by;incident_description.estimated_damage_amount;incident_description.incident_type;incident_description.location_type;incident_description.police_report_number;insured_objects[0].estimated_value;insured_objects[0].location_address;insured_objects[0].make_model;insured_objects[0].object_id;insured_objects[0].object_type;insured_objects[0].year;policy_details.coverage_type;policy_details.effective_date;policy_details.expiration_date;policy_details.policy_number;policy_details.policyholder_name,,1634
sola-jsonish-rescue,"StructuredOutputAdapter(output_mode=JSONISH, prompt_layout=SECTIONS, parse_config=ParseConfig())",insurance-claims-0018,validation_error,ValidationError,2.2198315280002134,1,json_object,0,20,0.0,False,,header.channel;header.claim_id;header.incident_date;header.report_date;header.reported_by;incident_description.estimated_damage_amount;incident_description.incident_type;incident_description.location_type;incident_description.police_report_number;insured_objects[0].estimated_value;insured_objects[0].location_address;insured_objects[0].make_model;insured_objects[0].object_id;insured_objects[0].object_type;insured_objects[0].year;policy_details.coverage_type;policy_details.effective_date;policy_details.expiration_date;policy_details.policy_number;policy_details.policyholder_name,,1531
sola-jsonish-rescue,"StructuredOutputAdapter(output_mode=JSONISH, prompt_layout=SECTIONS, parse_config=ParseConfig())",insurance-claims-0019,validation_error,ValidationError,2.566939803000423,1,json_object,0,20,0.0,False,,header.channel;header.claim_id;header.incident_date;header.report_date;header.reported_by;incident_description.estimated_damage_amount;incident_description.incident_type;incident_description.location_type;incident_description.police_report_number;insured_objects[0].estimated_value;insured_objects[0].location_address;insured_objects[0].make_model;insured_objects[0].object_id;insured_objects[0].object_type;insured_objects[0].year;policy_details.coverage_type;policy_details.effective_date;policy_details.expiration_date;policy_details.policy_number;policy_details.policyholder_name,,1523
sola-jsonish-rescue,"StructuredOutputAdapter(output_mode=JSONISH, prompt_layout=SECTIONS, parse_config=ParseConfig())",insurance-claims-0020,validation_error,ValidationError,2.544079516000238,1,json_object,0,20,0.0,False,,header.channel;header.claim_id;header.incident_date;header.report_date;header.reported_by;incident_description.estimated_damage_amount;incident_description.incident_type;incident_description.location_type;incident_description.police_report_number;insured_objects[0].estimated_value;insured_objects[0].location_address;insured_objects[0].make_model;insured_objects[0].object_id;insured_objects[0].object_type;insured_objects[0].year;policy_details.coverage_type;policy_details.effective_date;policy_details.expiration_date;policy_details.policy_number;policy_details.policyholder_name,,1609
sola-jsonish-rescue,"StructuredOutputAdapter(output_mode=JSONISH, prompt_layout=SECTIONS, parse_config=ParseConfig())",insurance-claims-0021,ok,,3.770727285999783,1,json_object,22,26,0.8462,False,insured_objects[0].make_model;insured_objects[0].location_address;insured_objects[1].make_model;insured_objects[1].location_address,,insured_objects[2].estimated_value;insured_objects[2].location_address;insured_objects[2].make_model;insured_objects[2].object_id;insured_objects[2].object_type;insured_objects[2].year,1820
sola-jsonish-rescue,"StructuredOutputAdapter(output_mode=JSONISH, prompt_layout=SECTIONS, parse_config=ParseConfig())",insurance-claims-0022,validation_error,ValidationError,2.4272658979998596,1,json_object,0,20,0.0,False,,header.channel;header.claim_id;header.incident_date;header.report_date;header.reported_by;incident_description.estimated_damage_amount;incident_description.incident_type;incident_description.location_type;incident_description.police_report_number;insured_objects[0].estimated_value;insured_objects[0].location_address;insured_objects[0].make_model;insured_objects[0].object_id;insured_objects[0].object_type;insured_objects[0].year;policy_details.coverage_type;policy_details.effective_date;policy_details.expiration_date;policy_details.policy_number;policy_details.policyholder_name,,1547
sola-jsonish-rescue,"StructuredOutputAdapter(output_mode=JSONISH, prompt_layout=SECTIONS, parse_config=ParseConfig())",insurance-claims-0023,validation_error,ValidationError,2.235203370000818,1,json_object,0,20,0.0,False,,header.channel;header.claim_id;header.incident_date;header.report_date;header.reported_by;incident_description.estimated_damage_amount;incident_description.incident_type;incident_description.location_type;incident_description.police_report_number;insured_objects[0].estimated_value;insured_objects[0].location_address;insured_objects[0].make_model;insured_objects[0].object_id;insured_objects[0].object_type;insured_objects[0].year;policy_details.coverage_type;policy_details.effective_date;policy_details.expiration_date;policy_details.policy_number;policy_details.policyholder_name,,1501
sola-jsonish-rescue,"StructuredOutputAdapter(output_mode=JSONISH, prompt_layout=SECTIONS, parse_config=ParseConfig())",insurance-claims-0024,ok,,2.5163568970001506,1,json_object,16,20,0.8,False,policy_details.coverage_type;policy_details.effective_date;policy_details.expiration_date;incident_description.incident_type,,,1559
sola-jsonish-rescue,"StructuredOutputAdapter(output_mode=JSONISH, prompt_layout=SECTIONS, parse_config=ParseConfig())",insurance-claims-0025,validation_error,ValidationError,1.9060123089993795,1,json_object,0,11,0.0,False,,header.channel;header.claim_id;header.incident_date;header.report_date;header.reported_by;incident_description.estimated_damage_amount;incident_description.incident_type;incident_description.location_type;incident_description.police_report_number;insured_objects;policy_details,,1481
sola-jsonish-rescue,"StructuredOutputAdapter(output_mode=JSONISH, prompt_layout=SECTIONS, parse_config=ParseConfig())",insurance-claims-0026,validation_error,ValidationError,2.454809578000095,1,json_object,0,20,0.0,False,,header.channel;header.claim_id;header.incident_date;header.report_date;header.reported_by;incident_description.estimated_damage_amount;incident_description.incident_type;incident_description.location_type;incident_description.police_report_number;insured_objects[0].estimated_value;insured_objects[0].location_address;insured_objects[0].make_model;insured_objects[0].object_id;insured_objects[0].object_type;insured_objects[0].year;policy_details.coverage_type;policy_details.effective_date;policy_details.expiration_date;policy_details.policy_number;policy_details.policyholder_name,,1490
sola-jsonish-rescue,"StructuredOutputAdapter(output_mode=JSONISH, prompt_layout=SECTIONS, parse_config=ParseConfig())",insurance-claims-0027,ok,,2.3196368280005117,1,json_object,15,20,0.75,False,policy_details.effective_date;policy_details.expiration_date;insured_objects[0].year;incident_description.location_type;incident_description.estimated_damage_amount,,,1519
sola-jsonish-rescue,"StructuredOutputAdapter(output_mode=JSONISH, prompt_layout=SECTIONS, parse_config=ParseConfig())",insurance-claims-0028,validation_error,ValidationError,2.3252423120002277,1,json_object,0,20,0.0,False,,header.channel;header.claim_id;header.incident_date;header.report_date;header.reported_by;incident_description.estimated_damage_amount;incident_description.incident_type;incident_description.location_type;incident_description.police_report_number;insured_objects[0].estimated_value;insured_objects[0].location_address;insured_objects[0].make_model;insured_objects[0].object_id;insured_objects[0].object_type;insured_objects[0].year;policy_details.coverage_type;policy_details.effective_date;policy_details.expiration_date;policy_details.policy_number;policy_details.policyholder_name,,1464
sola-jsonish-rescue,"StructuredOutputAdapter(output_mode=JSONISH, prompt_layout=SECTIONS, parse_config=ParseConfig())",insurance-claims-0029,ok,,2.288184411000657,1,json_object,13,20,0.65,False,policy_details.effective_date;policy_details.expiration_date;insured_objects[0].object_type;insured_objects[0].make_model;insured_objects[0].year;incident_description.incident_type;incident_description.location_type,,,1458
sola-yaml-rescue,"StructuredOutputAdapter(output_mode=YAML, prompt_layout=SECTIONS, parse_config=ParseConfig())",insurance-claims-0000,ok,,2.483034695000242,1,none,13,20,0.65,False,policy_details.effective_date;policy_details.expiration_date;insured_objects[0].make_model;insured_objects[0].year;insured_objects[0].estimated_value;incident_description.incident_type;incident_description.location_type,,,1884
sola-yaml-rescue,"StructuredOutputAdapter(output_mode=YAML, prompt_layout=SECTIONS, parse_config=ParseConfig())",insurance-claims-0001,ok,,2.403353306000099,1,none,14,20,0.7,False,policy_details.effective_date;insured_objects[0].make_model;insured_objects[0].year;insured_objects[0].estimated_value;incident_description.incident_type;incident_description.location_type,,,1558
sola-yaml-rescue,"StructuredOutputAdapter(output_mode=YAML, prompt_layout=SECTIONS, parse_config=ParseConfig())",insurance-claims-0002,ok,,1.9835027230001288,1,none,7,11,0.6364,False,incident_description.incident_type;incident_description.location_type,policy_details;insured_objects,insured_objects[0].estimated_value;insured_objects[0].location_address;insured_objects[0].make_model;insured_objects[0].object_id;insured_objects[0].object_type;insured_objects[0].year;policy_details.coverage_type;policy_details.effective_date;policy_details.expiration_date;policy_details.policy_number;policy_details.policyholder_name,1731
sola-yaml-rescue,"StructuredOutputAdapter(output_mode=YAML, prompt_layout=SECTIONS, parse_config=ParseConfig())",insurance-claims-0003,ok,,3.1262925239998367,1,none,15,26,0.5769,False,insured_objects[0].object_id;insured_objects[0].make_model;insured_objects[0].year;insured_objects[0].location_address;insured_objects[0].estimated_value;insured_objects[1].object_id;insured_objects[1].make_model;insured_objects[1].year;insured_objects[1].estimated_value;incident_description.incident_type;incident_description.estimated_damage_amount,,,1783
sola-yaml-rescue,"StructuredOutputAdapter(output_mode=YAML, prompt_layout=SECTIONS, parse_config=ParseConfig())",insurance-claims-0004,ok,,2.355046714999844,1,none,13,20,0.65,False,header.incident_date;insured_objects[0].object_id;insured_objects[0].make_model;insured_objects[0].year;insured_objects[0].estimated_value;incident_description.incident_type;incident_description.location_type,,,1920
sola-yaml-rescue,"StructuredOutputAdapter(output_mode=YAML, prompt_layout=SECTIONS, parse_config=ParseConfig())",insurance-claims-0005,ok,,2.3685915470005057,1,none,14,20,0.7,False,policy_details.expiration_date;insured_objects[0].object_id;insured_objects[0].make_model;insured_objects[0].year;incident_description.location_type;incident_description.estimated_damage_amount,,,1886
sola-yaml-rescue,"StructuredOutputAdapter(output_mode=YAML, prompt_layout=SECTIONS, parse_config=ParseConfig())",insurance-claims-0006,ok,,2.5076379520005503,1,none,13,20,0.65,False,policy_details.effective_date;insured_objects[0].object_id;insured_objects[0].make_model;insured_objects[0].year;insured_objects[0].location_address;incident_description.incident_type;incident_description.location_type,,,1960
sola-yaml-rescue,"StructuredOutputAdapter(output_mode=YAML, prompt_layout=SECTIONS, parse_config=ParseConfig())",insurance-claims-0007,ok,,2.327944421000211,1,none,13,20,0.65,False,insured_objects[0].object_id;insured_objects[0].make_model;insured_objects[0].year;insured_objects[0].location_address;insured_objects[0].estimated_value;incident_description.incident_type;incident_description.location_type,,,1889
sola-yaml-rescue,"StructuredOutputAdapter(output_mode=YAML, prompt_layout=SECTIONS, parse_config=ParseConfig())",insurance-claims-0008,ok,,1.8688808910001171,1,none,8,11,0.7273,False,incident_description.incident_type;incident_description.location_type,insured_objects,insured_objects[0].estimated_value;insured_objects[0].location_address;insured_objects[0].make_model;insured_objects[0].object_id;insured_objects[0].object_type;insured_objects[0].year,1805
sola-yaml-rescue,"StructuredOutputAdapter(output_mode=YAML, prompt_layout=SECTIONS, parse_config=ParseConfig())",insurance-claims-0009,ok,,2.556897449000644,1,none,15,20,0.75,False,header.incident_date;policy_details.policyholder_name;insured_objects[0].object_id;insured_objects[0].location_address;incident_description.location_type,,,1939
sola-yaml-rescue,"StructuredOutputAdapter(output_mode=YAML, prompt_layout=SECTIONS, parse_config=ParseConfig())",insurance-claims-0010,ok,,2.08623972300029,1,none,8,11,0.7273,False,incident_description.location_type,policy_details;insured_objects,insured_objects[0].estimated_value;insured_objects[0].location_address;insured_objects[0].make_model;insured_objects[0].object_id;insured_objects[0].object_type;insured_objects[0].year;policy_details.coverage_type;policy_details.effective_date;policy_details.expiration_date;policy_details.policy_number;policy_details.policyholder_name,1777
sola-yaml-rescue,"StructuredOutputAdapter(output_mode=YAML, prompt_layout=SECTIONS, parse_config=ParseConfig())",insurance-claims-0011,ok,,1.8608428990000903,1,none,9,11,0.8182,False,incident_description.location_type,insured_objects,insured_objects[0].estimated_value;insured_objects[0].location_address;insured_objects[0].make_model;insured_objects[0].object_id;insured_objects[0].object_type;insured_objects[0].year,1713
sola-yaml-rescue,"StructuredOutputAdapter(output_mode=YAML, prompt_layout=SECTIONS, parse_config=ParseConfig())",insurance-claims-0012,ok,,2.416313761999845,1,none,15,20,0.75,False,policy_details.effective_date;insured_objects[0].object_id;insured_objects[0].make_model;insured_objects[0].year;incident_description.location_type,,,1916
sola-yaml-rescue,"StructuredOutputAdapter(output_mode=YAML, prompt_layout=SECTIONS, parse_config=ParseConfig())",insurance-claims-0013,ok,,2.2217719569998735,1,none,15,20,0.75,False,policy_details.policyholder_name;insured_objects[0].make_model;insured_objects[0].year;incident_description.incident_type;incident_description.location_type,,,1908
sola-yaml-rescue,"StructuredOutputAdapter(output_mode=YAML, prompt_layout=SECTIONS, parse_config=ParseConfig())",insurance-claims-0014,ok,,2.456804895999994,1,none,15,20,0.75,False,header.incident_date;header.channel;insured_objects[0].estimated_value;incident_description.incident_type;incident_description.estimated_damage_amount,,,1495
sola-yaml-rescue,"StructuredOutputAdapter(output_mode=YAML, prompt_layout=SECTIONS, parse_config=ParseConfig())",insurance-claims-0015,validation_error,ValidationError,2.1359023389995855,1,none,0,20,0.0,False,,header.channel;header.claim_id;header.incident_date;header.report_date;header.reported_by;incident_description.estimated_damage_amount;incident_description.incident_type;incident_description.location_type;incident_description.police_report_number;insured_objects[0].estimated_value;insured_objects[0].location_address;insured_objects[0].make_model;insured_objects[0].object_id;insured_objects[0].object_type;insured_objects[0].year;policy_details.coverage_type;policy_details.effective_date;policy_details.expiration_date;policy_details.policy_number;policy_details.policyholder_name,,1823
sola-yaml-rescue,"StructuredOutputAdapter(output_mode=YAML, prompt_layout=SECTIONS, parse_config=ParseConfig())",insurance-claims-0016,ok,,2.403896007000185,1,none,16,20,0.8,False,insured_objects[0].make_model;insured_objects[0].year;incident_description.location_type;incident_description.estimated_damage_amount,,,1655
sola-yaml-rescue,"StructuredOutputAdapter(output_mode=YAML, prompt_layout=SECTIONS, parse_config=ParseConfig())",insurance-claims-0017,ok,,2.5246728310003164,1,none,14,20,0.7,False,header.incident_date;policy_details.effective_date;policy_details.expiration_date;insured_objects[0].make_model;insured_objects[0].location_address;incident_description.incident_type,,,1642
sola-yaml-rescue,"StructuredOutputAdapter(output_mode=YAML, prompt_layout=SECTIONS, parse_config=ParseConfig())",insurance-claims-0018,ok,,2.295774934000292,1,none,13,20,0.65,False,policy_details.expiration_date;insured_objects[0].object_id;insured_objects[0].make_model;insured_objects[0].year;incident_description.incident_type;incident_description.location_type;incident_description.estimated_damage_amount,,,1543
sola-yaml-rescue,"StructuredOutputAdapter(output_mode=YAML, prompt_layout=SECTIONS, parse_config=ParseConfig())",insurance-claims-0019,ok,,2.5061306569996304,1,none,16,20,0.8,False,insured_objects[0].make_model;insured_objects[0].year;incident_description.incident_type;incident_description.location_type,,,1535
sola-yaml-rescue,"StructuredOutputAdapter(output_mode=YAML, prompt_layout=SECTIONS, parse_config=ParseConfig())",insurance-claims-0020,ok,,2.551547600000049,1,none,18,20,0.9,False,insured_objects[0].location_address;incident_description.incident_type,,,1617
sola-yaml-rescue,"StructuredOutputAdapter(output_mode=YAML, prompt_layout=SECTIONS, parse_config=ParseConfig())",insurance-claims-0021,ok,,3.7782523319992833,1,none,24,26,0.9231,False,insured_objects[0].make_model;insured_objects[1].make_model,,insured_objects[2].estimated_value;insured_objects[2].location_address;insured_objects[2].make_model;insured_objects[2].object_id;insured_objects[2].object_type;insured_objects[2].year,1825
sola-yaml-rescue,"StructuredOutputAdapter(output_mode=YAML, prompt_layout=SECTIONS, parse_config=ParseConfig())",insurance-claims-0022,ok,,2.5201438889998826,1,none,14,20,0.7,False,insured_objects[0].object_id;insured_objects[0].make_model;insured_objects[0].year;insured_objects[0].location_address;incident_description.incident_type;incident_description.location_type,,,1559
sola-yaml-rescue,"StructuredOutputAdapter(output_mode=YAML, prompt_layout=SECTIONS, parse_config=ParseConfig())",insurance-claims-0023,ok,,2.3454988439998488,1,none,14,20,0.7,False,policy_details.policyholder_name;policy_details.expiration_date;insured_objects[0].object_id;insured_objects[0].make_model;insured_objects[0].year;incident_description.location_type,,,1514
sola-yaml-rescue,"StructuredOutputAdapter(output_mode=YAML, prompt_layout=SECTIONS, parse_config=ParseConfig())",insurance-claims-0024,ok,,2.447265937999873,1,none,17,20,0.85,False,policy_details.effective_date;policy_details.expiration_date;incident_description.incident_type,,,1558
sola-yaml-rescue,"StructuredOutputAdapter(output_mode=YAML, prompt_layout=SECTIONS, parse_config=ParseConfig())",insurance-claims-0025,ok,,1.8461043419993075,1,none,7,11,0.6364,False,incident_description.incident_type;incident_description.location_type,policy_details;insured_objects,insured_objects[0].estimated_value;insured_objects[0].location_address;insured_objects[0].make_model;insured_objects[0].object_id;insured_objects[0].object_type;insured_objects[0].year;policy_details.coverage_type;policy_details.effective_date;policy_details.expiration_date;policy_details.policy_number;policy_details.policyholder_name,1479
sola-yaml-rescue,"StructuredOutputAdapter(output_mode=YAML, prompt_layout=SECTIONS, parse_config=ParseConfig())",insurance-claims-0026,ok,,2.4669570590003786,1,none,15,20,0.75,False,insured_objects[0].object_id;insured_objects[0].make_model;insured_objects[0].location_address;insured_objects[0].estimated_value;incident_description.incident_type,,,1503
sola-yaml-rescue,"StructuredOutputAdapter(output_mode=YAML, prompt_layout=SECTIONS, parse_config=ParseConfig())",insurance-claims-0027,validation_error,ValidationError,2.1074767580003027,1,none,0,20,0.0,False,,header.channel;header.claim_id;header.incident_date;header.report_date;header.reported_by;incident_description.estimated_damage_amount;incident_description.incident_type;incident_description.location_type;incident_description.police_report_number;insured_objects[0].estimated_value;insured_objects[0].location_address;insured_objects[0].make_model;insured_objects[0].object_id;insured_objects[0].object_type;insured_objects[0].year;policy_details.coverage_type;policy_details.effective_date;policy_details.expiration_date;policy_details.policy_number;policy_details.policyholder_name,,1493
sola-yaml-rescue,"StructuredOutputAdapter(output_mode=YAML, prompt_layout=SECTIONS, parse_config=ParseConfig())",insurance-claims-0028,ok,,2.3884259119995477,1,none,13,20,0.65,False,header.report_date;policy_details.policy_number;policy_details.effective_date;insured_objects[0].make_model;insured_objects[0].location_address;incident_description.incident_type;incident_description.location_type,,,1475
sola-yaml-rescue,"StructuredOutputAdapter(output_mode=YAML, prompt_layout=SECTIONS, parse_config=ParseConfig())",insurance-claims-0029,ok,,2.35299840100015,1,none,12,20,0.6,False,policy_details.policyholder_name;policy_details.effective_date;policy_details.expiration_date;insured_objects[0].object_id;insured_objects[0].make_model;insured_objects[0].year;incident_description.incident_type;incident_description.location_type,,,1472
