adapter,adapter_config,case_id,outcome,error_class,wall_s,lm_calls,response_format_sent,matched,total,ratio,exact,wrong,missing,spurious,total_tokens
chat,ChatAdapter(use_json_adapter_fallback=False),patient-notes-0000,parse_error,AdapterParseError,7.8507514919983805,1,none,0,19,0.0,False,,address.city;address.country;address.line;address.postalCode;address.state;age;allergy;birthDate;email;gender;immunization;maritalStatus;name.family;name.given[0];name.given[1];name.prefix;phone;practitioner;primaryLanguage,,2129
chat,ChatAdapter(use_json_adapter_fallback=False),patient-notes-0001,parse_error,AdapterParseError,1.5201858120017278,1,none,0,19,0.0,False,,address.city;address.country;address.line;address.postalCode;address.state;age;allergy;birthDate;email;gender;immunization;maritalStatus;name.family;name.given[0];name.given[1];name.prefix;phone;practitioner;primaryLanguage,,2283
chat,ChatAdapter(use_json_adapter_fallback=False),patient-notes-0002,parse_error,AdapterParseError,1.55170578400066,1,none,0,21,0.0,False,,address.city;address.country;address.line;address.postalCode;address.state;age;allergy;birthDate;email;gender;immunization[0].occurrenceDate;immunization[0].status;immunization[0].traits[0];maritalStatus;name.family;name.given[0];name.given[1];name.prefix;phone;practitioner;primaryLanguage,,2243
chat,ChatAdapter(use_json_adapter_fallback=False),patient-notes-0003,parse_error,AdapterParseError,2.9355544229983934,1,none,0,19,0.0,False,,address.city;address.country;address.line;address.postalCode;address.state;age;allergy;birthDate;email;gender;immunization;maritalStatus;name.family;name.given[0];name.given[1];name.prefix;phone;practitioner;primaryLanguage,,2893
chat,ChatAdapter(use_json_adapter_fallback=False),patient-notes-0004,parse_error,AdapterParseError,3.6688085599998885,1,none,0,18,0.0,False,,address.city;address.country;address.line;address.postalCode;address.state;age;allergy;birthDate;email;gender;immunization;maritalStatus;name.family;name.given[0];name.prefix;phone;practitioner;primaryLanguage,,2945
chat,ChatAdapter(use_json_adapter_fallback=False),patient-notes-0005,parse_error,AdapterParseError,0.8258826170022076,1,none,0,17,0.0,False,,address;age;allergy.substance[0].category;allergy.substance[0].manifestation;allergy.substance[0].name;birthDate;email;gender;immunization;maritalStatus;name.family;name.given[0];name.given[1];name.prefix;phone;practitioner;primaryLanguage,,2045
chat,ChatAdapter(use_json_adapter_fallback=False),patient-notes-0006,parse_error,AdapterParseError,1.5890050240013807,1,none,0,19,0.0,False,,address.city;address.country;address.line;address.postalCode;address.state;age;allergy;birthDate;email;gender;immunization;maritalStatus;name.family;name.given[0];name.given[1];name.prefix;phone;practitioner;primaryLanguage,,2231
chat,ChatAdapter(use_json_adapter_fallback=False),patient-notes-0007,parse_error,AdapterParseError,1.853326186999766,1,none,0,24,0.0,False,,address.city;address.country;address.line;address.postalCode;address.state;age;allergy;birthDate;email;gender;immunization;maritalStatus;name.family;name.given[0];name.given[1];name.prefix;phone;practitioner[0].address;practitioner[0].email;practitioner[0].name.family;practitioner[0].name.given[0];practitioner[0].name.prefix;practitioner[0].phone;primaryLanguage,,2406
chat,ChatAdapter(use_json_adapter_fallback=False),patient-notes-0008,parse_error,AdapterParseError,1.1652858579982421,1,none,0,20,0.0,False,,address;age;allergy;birthDate;email;gender;immunization;maritalStatus;name.family;name.given[0];name.given[1];name.prefix;phone;practitioner[0].address;practitioner[0].email;practitioner[0].name.family;practitioner[0].name.given[0];practitioner[0].name.prefix;practitioner[0].phone;primaryLanguage,,2236
chat,ChatAdapter(use_json_adapter_fallback=False),patient-notes-0009,parse_error,AdapterParseError,1.941050338999048,1,none,0,24,0.0,False,,address.city;address.country;address.line;address.postalCode;address.state;age;allergy;birthDate;email;gender;immunization;maritalStatus;name.family;name.given[0];name.given[1];name.prefix;phone;practitioner[0].address;practitioner[0].email;practitioner[0].name.family;practitioner[0].name.given[0];practitioner[0].name.prefix;practitioner[0].phone;primaryLanguage,,2374
chat,ChatAdapter(use_json_adapter_fallback=False),patient-notes-0010,parse_error,AdapterParseError,1.5612380449965713,1,none,0,15,0.0,False,,address;age;allergy;birthDate;email;gender;immunization;maritalStatus;name.family;name.given[0];name.given[1];name.prefix;phone;practitioner;primaryLanguage,,2321
chat,ChatAdapter(use_json_adapter_fallback=False),patient-notes-0011,parse_error,AdapterParseError,1.9537476810000953,1,none,0,14,0.0,False,,address;age;allergy;birthDate;email;gender;immunization;maritalStatus;name.family;name.given[0];name.prefix;phone;practitioner;primaryLanguage,,2244
chat,ChatAdapter(use_json_adapter_fallback=False),patient-notes-0012,parse_error,AdapterParseError,1.0654873679995944,1,none,0,26,0.0,False,,address.city;address.country;address.line;address.postalCode;address.state;age;allergy;birthDate;email;gender;immunization[0].occurrenceDate;immunization[0].status;immunization[0].traits[0];maritalStatus;name.family;name.given[0];name.given[1];name.prefix;phone;practitioner[0].address;practitioner[0].email;practitioner[0].name.family;practitioner[0].name.given[0];practitioner[0].name.prefix;practitioner[0].phone;primaryLanguage,,2153
chat,ChatAdapter(use_json_adapter_fallback=False),patient-notes-0013,parse_error,AdapterParseError,2.4143201999977464,1,none,0,23,0.0,False,,address;age;allergy;birthDate;email;gender;immunization;maritalStatus;name.family;name.given[0];name.prefix;phone;practitioner[0].address.city;practitioner[0].address.country;practitioner[0].address.line;practitioner[0].address.postalCode;practitioner[0].address.state;practitioner[0].email;practitioner[0].name.family;practitioner[0].name.given[0];practitioner[0].name.prefix;practitioner[0].phone;primaryLanguage,,2764
chat,ChatAdapter(use_json_adapter_fallback=False),patient-notes-0014,parse_error,AdapterParseError,1.9103910390003875,1,none,0,22,0.0,False,,address.city;address.country;address.line;address.postalCode;address.state;age;allergy;birthDate;email;gender;immunization;maritalStatus;name.family;name.given[0];name.given[1];name.prefix;phone;practitioner[0].address;practitioner[0].email;practitioner[0].name;practitioner[0].phone;primaryLanguage,,2355
chat,ChatAdapter(use_json_adapter_fallback=False),patient-notes-0015,parse_error,AdapterParseError,1.4647807179972006,1,none,0,17,0.0,False,,address;age;allergy;birthDate;email;gender;immunization[0].occurrenceDate;immunization[0].status;immunization[0].traits[0];maritalStatus;name.family;name.given[0];name.given[1];name.prefix;phone;practitioner;primaryLanguage,,2171
chat,ChatAdapter(use_json_adapter_fallback=False),patient-notes-0016,parse_error,AdapterParseError,1.0587680549979268,1,none,0,20,0.0,False,,address;age;allergy;birthDate;email;gender;immunization;maritalStatus;name.family;name.given[0];name.given[1];name.prefix;phone;practitioner[0].address;practitioner[0].email;practitioner[0].name.family;practitioner[0].name.given[0];practitioner[0].name.prefix;practitioner[0].phone;primaryLanguage,,2067
chat,ChatAdapter(use_json_adapter_fallback=False),patient-notes-0017,parse_error,AdapterParseError,1.7177229049993912,1,none,0,15,0.0,False,,address;age;allergy;birthDate;email;gender;immunization;maritalStatus;name.family;name.given[0];name.given[1];name.prefix;phone;practitioner;primaryLanguage,,2178
chat,ChatAdapter(use_json_adapter_fallback=False),patient-notes-0018,parse_error,AdapterParseError,3.618621476001863,1,none,0,15,0.0,False,,address;age;allergy;birthDate;email;gender;immunization;maritalStatus;name.family;name.given[0];name.given[1];name.prefix;phone;practitioner;primaryLanguage,,2762
chat,ChatAdapter(use_json_adapter_fallback=False),patient-notes-0019,parse_error,AdapterParseError,1.4108814579994942,1,none,0,28,0.0,False,,address.city;address.country;address.line;address.postalCode;address.state;age;allergy;birthDate;email;gender;immunization;maritalStatus;name.family;name.given[0];name.given[1];name.prefix;phone;practitioner[0].address.city;practitioner[0].address.country;practitioner[0].address.line;practitioner[0].address.postalCode;practitioner[0].address.state;practitioner[0].email;practitioner[0].name.family;practitioner[0].name.given[0];practitioner[0].name.prefix;practitioner[0].phone;primaryLanguage,,2250
chat,ChatAdapter(use_json_adapter_fallback=False),patient-notes-0020,parse_error,AdapterParseError,0.6858341439983633,1,none,0,19,0.0,False,,address.city;address.country;address.line;address.postalCode;address.state;age;allergy;birthDate;email;gender;immunization;maritalStatus;name.family;name.given[0];name.given[1];name.prefix;phone;practitioner;primaryLanguage,,1962
chat,ChatAdapter(use_json_adapter_fallback=False),patient-notes-0021,parse_error,AdapterParseError,1.7368786049992195,1,none,0,19,0.0,False,,address.city;address.country;address.line;address.postalCode;address.state;age;allergy;birthDate;email;gender;immunization;maritalStatus;name.family;name.given[0];name.given[1];name.prefix;phone;practitioner;primaryLanguage,,2239
chat,ChatAdapter(use_json_adapter_fallback=False),patient-notes-0022,parse_error,AdapterParseError,2.1257154520026234,1,none,0,22,0.0,False,,address.city;address.country;address.line;address.postalCode;address.state;age;allergy;birthDate;email;gender;immunization;maritalStatus;name.family;name.given[0];name.given[1];name.prefix;phone;practitioner[0].address;practitioner[0].email;practitioner[0].name;practitioner[0].phone;primaryLanguage,,2465
chat,ChatAdapter(use_json_adapter_fallback=False),patient-notes-0023,parse_error,AdapterParseError,4.2068804199989245,1,none,0,24,0.0,False,,address;age;allergy;birthDate;email;gender;immunization;maritalStatus;name.family;name.given[0];name.given[1];name.prefix;phone;practitioner[0].address.city;practitioner[0].address.country;practitioner[0].address.line;practitioner[0].address.postalCode;practitioner[0].address.state;practitioner[0].email;practitioner[0].name.family;practitioner[0].name.given[0];practitioner[0].name.prefix;practitioner[0].phone;primaryLanguage,,2997
chat,ChatAdapter(use_json_adapter_fallback=False),patient-notes-0024,parse_error,AdapterParseError,1.352588002999255,1,none,0,28,0.0,False,,address.city;address.country;address.line;address.postalCode;address.state;age;allergy;birthDate;email;gender;immunization;maritalStatus;name.family;name.given[0];name.given[1];name.prefix;phone;practitioner[0].address.city;practitioner[0].address.country;practitioner[0].address.line;practitioner[0].address.postalCode;practitioner[0].address.state;practitioner[0].email;practitioner[0].name.family;practitioner[0].name.given[0];practitioner[0].name.prefix;practitioner[0].phone;primaryLanguage,,2257
chat,ChatAdapter(use_json_adapter_fallback=False),patient-notes-0025,parse_error,AdapterParseError,0.9559577039981377,1,none,0,15,0.0,False,,address;age;allergy;birthDate;email;gender;immunization;maritalStatus;name.family;name.given[0];name.given[1];name.prefix;phone;practitioner;primaryLanguage,,2071
chat,ChatAdapter(use_json_adapter_fallback=False),patient-notes-0026,parse_error,AdapterParseError,3.6773517440014984,1,none,0,25,0.0,False,,address.city;address.country;address.line;address.postalCode;address.state;age;allergy;birthDate;email;gender;immunization;maritalStatus;name.family;name.given[0];name.prefix;phone;practitioner[0].address.city;practitioner[0].address.country;practitioner[0].address.line;practitioner[0].address.postalCode;practitioner[0].address.state;practitioner[0].email;practitioner[0].name;practitioner[0].phone;primaryLanguage,,2873
chat,ChatAdapter(use_json_adapter_fallback=False),patient-notes-0027,parse_error,AdapterParseError,3.701170494998223,1,none,0,32,0.0,False,,address.city;address.country;address.line;address.postalCode;address.state;age;allergy;birthDate;email;gender;immunization[0].occurrenceDate;immunization[0].status;immunization[0].traits[0];immunization[1].occurrenceDate;immunization[1].status;immunization[1].traits[0];maritalStatus;name.family;name.given[0];name.prefix;phone;practitioner[0].address.city;practitioner[0].address.country;practitioner[0].address.line;practitioner[0].address.postalCode;practitioner[0].address.state;practitioner[0].email;practitioner[0].name.family;practitioner[0].name.given[0];practitioner[0].name.prefix;practitioner[0].phone;primaryLanguage,,2903
chat,ChatAdapter(use_json_adapter_fallback=False),patient-notes-0028,parse_error,AdapterParseError,3.916713865000929,1,none,0,24,0.0,False,,address;age;allergy;birthDate;email;gender;immunization;maritalStatus;name.family;name.given[0];name.given[1];name.prefix;phone;practitioner[0].address.city;practitioner[0].address.country;practitioner[0].address.line;practitioner[0].address.postalCode;practitioner[0].address.state;practitioner[0].email;practitioner[0].name.family;practitioner[0].name.given[0];practitioner[0].name.prefix;practitioner[0].phone;primaryLanguage,,2860
chat,ChatAdapter(use_json_adapter_fallback=False),patient-notes-0029,parse_error,AdapterParseError,2.4812801359985315,1,none,0,15,0.0,False,,address;age;allergy;birthDate;email;gender;immunization;maritalStatus;name.family;name.given[0];name.given[1];name.prefix;phone;practitioner;primaryLanguage,,2519
json,JSONAdapter(),patient-notes-0000,validation_error,ValidationError,4.381122938000772,1,json_object,0,19,0.0,False,,address.city;address.country;address.line;address.postalCode;address.state;age;allergy;birthDate;email;gender;immunization;maritalStatus;name.family;name.given[0];name.given[1];name.prefix;phone;practitioner;primaryLanguage,,2956
json,JSONAdapter(),patient-notes-0001,validation_error,ValidationError,4.232059704998392,1,json_object,0,19,0.0,False,,address.city;address.country;address.line;address.postalCode;address.state;age;allergy;birthDate;email;gender;immunization;maritalStatus;name.family;name.given[0];name.given[1];name.prefix;phone;practitioner;primaryLanguage,,3043
json,JSONAdapter(),patient-notes-0002,validation_error,ValidationError,1.2992223049986933,1,json_object,0,21,0.0,False,,address.city;address.country;address.line;address.postalCode;address.state;age;allergy;birthDate;email;gender;immunization[0].occurrenceDate;immunization[0].status;immunization[0].traits[0];maritalStatus;name.family;name.given[0];name.given[1];name.prefix;phone;practitioner;primaryLanguage,,2358
json,JSONAdapter(),patient-notes-0003,validation_error,ValidationError,1.624917943001492,1,json_object,0,19,0.0,False,,address.city;address.country;address.line;address.postalCode;address.state;age;allergy;birthDate;email;gender;immunization;maritalStatus;name.family;name.given[0];name.given[1];name.prefix;phone;practitioner;primaryLanguage,,2726
json,JSONAdapter(),patient-notes-0004,validation_error,ValidationError,1.5419350010015478,1,json_object,0,18,0.0,False,,address.city;address.country;address.line;address.postalCode;address.state;age;allergy;birthDate;email;gender;immunization;maritalStatus;name.family;name.given[0];name.prefix;phone;practitioner;primaryLanguage,,2587
json,JSONAdapter(),patient-notes-0005,validation_error,ValidationError,0.9986874900023395,1,json_object,0,17,0.0,False,,address;age;allergy.substance[0].category;allergy.substance[0].manifestation;allergy.substance[0].name;birthDate;email;gender;immunization;maritalStatus;name.family;name.given[0];name.given[1];name.prefix;phone;practitioner;primaryLanguage,,2275
json,JSONAdapter(),patient-notes-0006,validation_error,ValidationError,1.972229019000224,1,json_object,0,19,0.0,False,,address.city;address.country;address.line;address.postalCode;address.state;age;allergy;birthDate;email;gender;immunization;maritalStatus;name.family;name.given[0];name.given[1];name.prefix;phone;practitioner;primaryLanguage,,2476
json,JSONAdapter(),patient-notes-0007,validation_error,ValidationError,1.417204101999232,1,json_object,0,24,0.0,False,,address.city;address.country;address.line;address.postalCode;address.state;age;allergy;birthDate;email;gender;immunization;maritalStatus;name.family;name.given[0];name.given[1];name.prefix;phone;practitioner[0].address;practitioner[0].email;practitioner[0].name.family;practitioner[0].name.given[0];practitioner[0].name.prefix;practitioner[0].phone;primaryLanguage,,2467
json,JSONAdapter(),patient-notes-0008,validation_error,ValidationError,1.6716875700003584,1,json_object,0,20,0.0,False,,address;age;allergy;birthDate;email;gender;immunization;maritalStatus;name.family;name.given[0];name.given[1];name.prefix;phone;practitioner[0].address;practitioner[0].email;practitioner[0].name.family;practitioner[0].name.given[0];practitioner[0].name.prefix;practitioner[0].phone;primaryLanguage,,2533
json,JSONAdapter(),patient-notes-0009,validation_error,ValidationError,4.321590471998206,1,json_object,0,24,0.0,False,,address.city;address.country;address.line;address.postalCode;address.state;age;allergy;birthDate;email;gender;immunization;maritalStatus;name.family;name.given[0];name.given[1];name.prefix;phone;practitioner[0].address;practitioner[0].email;practitioner[0].name.family;practitioner[0].name.given[0];practitioner[0].name.prefix;practitioner[0].phone;primaryLanguage,,3019
json,JSONAdapter(),patient-notes-0010,validation_error,ValidationError,2.1153740900008415,1,json_object,0,15,0.0,False,,address;age;allergy;birthDate;email;gender;immunization;maritalStatus;name.family;name.given[0];name.given[1];name.prefix;phone;practitioner;primaryLanguage,,2607
json,JSONAdapter(),patient-notes-0011,validation_error,ValidationError,1.823696004001249,1,json_object,0,14,0.0,False,,address;age;allergy;birthDate;email;gender;immunization;maritalStatus;name.family;name.given[0];name.prefix;phone;practitioner;primaryLanguage,,2373
json,JSONAdapter(),patient-notes-0012,validation_error,ValidationError,1.9387526820028143,1,json_object,0,26,0.0,False,,address.city;address.country;address.line;address.postalCode;address.state;age;allergy;birthDate;email;gender;immunization[0].occurrenceDate;immunization[0].status;immunization[0].traits[0];maritalStatus;name.family;name.given[0];name.given[1];name.prefix;phone;practitioner[0].address;practitioner[0].email;practitioner[0].name.family;practitioner[0].name.given[0];practitioner[0].name.prefix;practitioner[0].phone;primaryLanguage,,2529
json,JSONAdapter(),patient-notes-0013,validation_error,ValidationError,2.049452082999778,1,json_object,0,23,0.0,False,,address;age;allergy;birthDate;email;gender;immunization;maritalStatus;name.family;name.given[0];name.prefix;phone;practitioner[0].address.city;practitioner[0].address.country;practitioner[0].address.line;practitioner[0].address.postalCode;practitioner[0].address.state;practitioner[0].email;practitioner[0].name.family;practitioner[0].name.given[0];practitioner[0].name.prefix;practitioner[0].phone;primaryLanguage,,2824
json,JSONAdapter(),patient-notes-0014,validation_error,ValidationError,2.3721303150014137,1,json_object,0,22,0.0,False,,address.city;address.country;address.line;address.postalCode;address.state;age;allergy;birthDate;email;gender;immunization;maritalStatus;name.family;name.given[0];name.given[1];name.prefix;phone;practitioner[0].address;practitioner[0].email;practitioner[0].name;practitioner[0].phone;primaryLanguage,,2615
json,JSONAdapter(),patient-notes-0015,validation_error,ValidationError,1.197325320001255,1,json_object,0,17,0.0,False,,address;age;allergy;birthDate;email;gender;immunization[0].occurrenceDate;immunization[0].status;immunization[0].traits[0];maritalStatus;name.family;name.given[0];name.given[1];name.prefix;phone;practitioner;primaryLanguage,,2286
json,JSONAdapter(),patient-notes-0016,validation_error,ValidationError,2.1659299210004974,1,json_object,0,20,0.0,False,,address;age;allergy;birthDate;email;gender;immunization;maritalStatus;name.family;name.given[0];name.given[1];name.prefix;phone;practitioner[0].address;practitioner[0].email;practitioner[0].name.family;practitioner[0].name.given[0];practitioner[0].name.prefix;practitioner[0].phone;primaryLanguage,,2501
json,JSONAdapter(),patient-notes-0017,validation_error,ValidationError,1.6237915140009136,1,json_object,0,15,0.0,False,,address;age;allergy;birthDate;email;gender;immunization;maritalStatus;name.family;name.given[0];name.given[1];name.prefix;phone;practitioner;primaryLanguage,,2326
json,JSONAdapter(),patient-notes-0018,validation_error,ValidationError,2.2753998179978225,1,json_object,0,15,0.0,False,,address;age;allergy;birthDate;email;gender;immunization;maritalStatus;name.family;name.given[0];name.given[1];name.prefix;phone;practitioner;primaryLanguage,,2572
json,JSONAdapter(),patient-notes-0019,validation_error,ValidationError,1.3123045900028956,1,json_object,0,28,0.0,False,,address.city;address.country;address.line;address.postalCode;address.state;age;allergy;birthDate;email;gender;immunization;maritalStatus;name.family;name.given[0];name.given[1];name.prefix;phone;practitioner[0].address.city;practitioner[0].address.country;practitioner[0].address.line;practitioner[0].address.postalCode;practitioner[0].address.state;practitioner[0].email;practitioner[0].name.family;practitioner[0].name.given[0];practitioner[0].name.prefix;practitioner[0].phone;primaryLanguage,,2396
json,JSONAdapter(),patient-notes-0020,validation_error,ValidationError,1.4172830959978455,1,json_object,0,19,0.0,False,,address.city;address.country;address.line;address.postalCode;address.state;age;allergy;birthDate;email;gender;immunization;maritalStatus;name.family;name.given[0];name.given[1];name.prefix;phone;practitioner;primaryLanguage,,2318
json,JSONAdapter(),patient-notes-0021,validation_error,ValidationError,1.387462353999581,1,json_object,0,19,0.0,False,,address.city;address.country;address.line;address.postalCode;address.state;age;allergy;birthDate;email;gender;immunization;maritalStatus;name.family;name.given[0];name.given[1];name.prefix;phone;practitioner;primaryLanguage,,2313
json,JSONAdapter(),patient-notes-0022,validation_error,ValidationError,1.7932154410009389,1,json_object,0,22,0.0,False,,address.city;address.country;address.line;address.postalCode;address.state;age;allergy;birthDate;email;gender;immunization;maritalStatus;name.family;name.given[0];name.given[1];name.prefix;phone;practitioner[0].address;practitioner[0].email;practitioner[0].name;practitioner[0].phone;primaryLanguage,,2545
json,JSONAdapter(),patient-notes-0023,validation_error,ValidationError,2.067807609000738,1,json_object,0,24,0.0,False,,address;age;allergy;birthDate;email;gender;immunization;maritalStatus;name.family;name.given[0];name.given[1];name.prefix;phone;practitioner[0].address.city;practitioner[0].address.country;practitioner[0].address.line;practitioner[0].address.postalCode;practitioner[0].address.state;practitioner[0].email;practitioner[0].name.family;practitioner[0].name.given[0];practitioner[0].name.prefix;practitioner[0].phone;primaryLanguage,,2758
json,JSONAdapter(),patient-notes-0024,validation_error,ValidationError,2.8599639469975955,1,json_object,0,28,0.0,False,,address.city;address.country;address.line;address.postalCode;address.state;age;allergy;birthDate;email;gender;immunization;maritalStatus;name.family;name.given[0];name.given[1];name.prefix;phone;practitioner[0].address.city;practitioner[0].address.country;practitioner[0].address.line;practitioner[0].address.postalCode;practitioner[0].address.state;practitioner[0].email;practitioner[0].name.family;practitioner[0].name.given[0];practitioner[0].name.prefix;practitioner[0].phone;primaryLanguage,,2774
json,JSONAdapter(),patient-notes-0025,validation_error,ValidationError,1.2036956459996873,1,json_object,0,15,0.0,False,,address;age;allergy;birthDate;email;gender;immunization;maritalStatus;name.family;name.given[0];name.given[1];name.prefix;phone;practitioner;primaryLanguage,,2319
json,JSONAdapter(),patient-notes-0026,validation_error,ValidationError,1.9546357479994185,1,json_object,0,25,0.0,False,,address.city;address.country;address.line;address.postalCode;address.state;age;allergy;birthDate;email;gender;immunization;maritalStatus;name.family;name.given[0];name.prefix;phone;practitioner[0].address.city;practitioner[0].address.country;practitioner[0].address.line;practitioner[0].address.postalCode;practitioner[0].address.state;practitioner[0].email;practitioner[0].name;practitioner[0].phone;primaryLanguage,,2611
json,JSONAdapter(),patient-notes-0027,validation_error,ValidationError,2.8357728839982883,1,json_object,0,32,0.0,False,,address.city;address.country;address.line;address.postalCode;address.state;age;allergy;birthDate;email;gender;immunization[0].occurrenceDate;immunization[0].status;immunization[0].traits[0];immunization[1].occurrenceDate;immunization[1].status;immunization[1].traits[0];maritalStatus;name.family;name.given[0];name.prefix;phone;practitioner[0].address.city;practitioner[0].address.country;practitioner[0].address.line;practitioner[0].address.postalCode;practitioner[0].address.state;practitioner[0].email;practitioner[0].name.family;practitioner[0].name.given[0];practitioner[0].name.prefix;practitioner[0].phone;primaryLanguage,,2830
json,JSONAdapter(),patient-notes-0028,validation_error,ValidationError,1.7936945969995577,1,json_object,0,24,0.0,False,,address;age;allergy;birthDate;email;gender;immunization;maritalStatus;name.family;name.given[0];name.given[1];name.prefix;phone;practitioner[0].address.city;practitioner[0].address.country;practitioner[0].address.line;practitioner[0].address.postalCode;practitioner[0].address.state;practitioner[0].email;practitioner[0].name.family;practitioner[0].name.given[0];practitioner[0].name.prefix;practitioner[0].phone;primaryLanguage,,2568
json,JSONAdapter(),patient-notes-0029,validation_error,ValidationError,1.9143030109989922,1,json_object,0,15,0.0,False,,address;age;allergy;birthDate;email;gender;immunization;maritalStatus;name.family;name.given[0];name.given[1];name.prefix;phone;practitioner;primaryLanguage,,2614
baml,BAMLAdapter(),patient-notes-0000,format_error,ValueError,0.01356333299918333,0,none,0,19,0.0,False,,address.city;address.country;address.line;address.postalCode;address.state;age;allergy;birthDate;email;gender;immunization;maritalStatus;name.family;name.given[0];name.given[1];name.prefix;phone;practitioner;primaryLanguage,,
baml,BAMLAdapter(),patient-notes-0001,format_error,ValueError,0.008714101997611579,0,none,0,19,0.0,False,,address.city;address.country;address.line;address.postalCode;address.state;age;allergy;birthDate;email;gender;immunization;maritalStatus;name.family;name.given[0];name.given[1];name.prefix;phone;practitioner;primaryLanguage,,
baml,BAMLAdapter(),patient-notes-0002,format_error,ValueError,0.00932183699842426,0,none,0,21,0.0,False,,address.city;address.country;address.line;address.postalCode;address.state;age;allergy;birthDate;email;gender;immunization[0].occurrenceDate;immunization[0].status;immunization[0].traits[0];maritalStatus;name.family;name.given[0];name.given[1];name.prefix;phone;practitioner;primaryLanguage,,
baml,BAMLAdapter(),patient-notes-0003,format_error,ValueError,0.011275007997028297,0,none,0,19,0.0,False,,address.city;address.country;address.line;address.postalCode;address.state;age;allergy;birthDate;email;gender;immunization;maritalStatus;name.family;name.given[0];name.given[1];name.prefix;phone;practitioner;primaryLanguage,,
baml,BAMLAdapter(),patient-notes-0004,format_error,ValueError,0.010790492000523955,0,none,0,18,0.0,False,,address.city;address.country;address.line;address.postalCode;address.state;age;allergy;birthDate;email;gender;immunization;maritalStatus;name.family;name.given[0];name.prefix;phone;practitioner;primaryLanguage,,
baml,BAMLAdapter(),patient-notes-0005,format_error,ValueError,0.009444904000702081,0,none,0,17,0.0,False,,address;age;allergy.substance[0].category;allergy.substance[0].manifestation;allergy.substance[0].name;birthDate;email;gender;immunization;maritalStatus;name.family;name.given[0];name.given[1];name.prefix;phone;practitioner;primaryLanguage,,
baml,BAMLAdapter(),patient-notes-0006,format_error,ValueError,0.008867846998327877,0,none,0,19,0.0,False,,address.city;address.country;address.line;address.postalCode;address.state;age;allergy;birthDate;email;gender;immunization;maritalStatus;name.family;name.given[0];name.given[1];name.prefix;phone;practitioner;primaryLanguage,,
baml,BAMLAdapter(),patient-notes-0007,format_error,ValueError,0.008227342997997766,0,none,0,24,0.0,False,,address.city;address.country;address.line;address.postalCode;address.state;age;allergy;birthDate;email;gender;immunization;maritalStatus;name.family;name.given[0];name.given[1];name.prefix;phone;practitioner[0].address;practitioner[0].email;practitioner[0].name.family;practitioner[0].name.given[0];practitioner[0].name.prefix;practitioner[0].phone;primaryLanguage,,
baml,BAMLAdapter(),patient-notes-0008,format_error,ValueError,0.00979657099742326,0,none,0,20,0.0,False,,address;age;allergy;birthDate;email;gender;immunization;maritalStatus;name.family;name.given[0];name.given[1];name.prefix;phone;practitioner[0].address;practitioner[0].email;practitioner[0].name.family;practitioner[0].name.given[0];practitioner[0].name.prefix;practitioner[0].phone;primaryLanguage,,
baml,BAMLAdapter(),patient-notes-0009,format_error,ValueError,0.011942172000999562,0,none,0,24,0.0,False,,address.city;address.country;address.line;address.postalCode;address.state;age;allergy;birthDate;email;gender;immunization;maritalStatus;name.family;name.given[0];name.given[1];name.prefix;phone;practitioner[0].address;practitioner[0].email;practitioner[0].name.family;practitioner[0].name.given[0];practitioner[0].name.prefix;practitioner[0].phone;primaryLanguage,,
baml,BAMLAdapter(),patient-notes-0010,format_error,ValueError,0.009905024999170564,0,none,0,15,0.0,False,,address;age;allergy;birthDate;email;gender;immunization;maritalStatus;name.family;name.given[0];name.given[1];name.prefix;phone;practitioner;primaryLanguage,,
baml,BAMLAdapter(),patient-notes-0011,format_error,ValueError,0.008138225999573478,0,none,0,14,0.0,False,,address;age;allergy;birthDate;email;gender;immunization;maritalStatus;name.family;name.given[0];name.prefix;phone;practitioner;primaryLanguage,,
baml,BAMLAdapter(),patient-notes-0012,format_error,ValueError,0.00864690399976098,0,none,0,26,0.0,False,,address.city;address.country;address.line;address.postalCode;address.state;age;allergy;birthDate;email;gender;immunization[0].occurrenceDate;immunization[0].status;immunization[0].traits[0];maritalStatus;name.family;name.given[0];name.given[1];name.prefix;phone;practitioner[0].address;practitioner[0].email;practitioner[0].name.family;practitioner[0].name.given[0];practitioner[0].name.prefix;practitioner[0].phone;primaryLanguage,,
baml,BAMLAdapter(),patient-notes-0013,format_error,ValueError,0.009167061001789989,0,none,0,23,0.0,False,,address;age;allergy;birthDate;email;gender;immunization;maritalStatus;name.family;name.given[0];name.prefix;phone;practitioner[0].address.city;practitioner[0].address.country;practitioner[0].address.line;practitioner[0].address.postalCode;practitioner[0].address.state;practitioner[0].email;practitioner[0].name.family;practitioner[0].name.given[0];practitioner[0].name.prefix;practitioner[0].phone;primaryLanguage,,
baml,BAMLAdapter(),patient-notes-0014,format_error,ValueError,0.008166761999746086,0,none,0,22,0.0,False,,address.city;address.country;address.line;address.postalCode;address.state;age;allergy;birthDate;email;gender;immunization;maritalStatus;name.family;name.given[0];name.given[1];name.prefix;phone;practitioner[0].address;practitioner[0].email;practitioner[0].name;practitioner[0].phone;primaryLanguage,,
baml,BAMLAdapter(),patient-notes-0015,format_error,ValueError,0.008589860000938643,0,none,0,17,0.0,False,,address;age;allergy;birthDate;email;gender;immunization[0].occurrenceDate;immunization[0].status;immunization[0].traits[0];maritalStatus;name.family;name.given[0];name.given[1];name.prefix;phone;practitioner;primaryLanguage,,
baml,BAMLAdapter(),patient-notes-0016,format_error,ValueError,0.00836063099995954,0,none,0,20,0.0,False,,address;age;allergy;birthDate;email;gender;immunization;maritalStatus;name.family;name.given[0];name.given[1];name.prefix;phone;practitioner[0].address;practitioner[0].email;practitioner[0].name.family;practitioner[0].name.given[0];practitioner[0].name.prefix;practitioner[0].phone;primaryLanguage,,
baml,BAMLAdapter(),patient-notes-0017,format_error,ValueError,0.010514763998799026,0,none,0,15,0.0,False,,address;age;allergy;birthDate;email;gender;immunization;maritalStatus;name.family;name.given[0];name.given[1];name.prefix;phone;practitioner;primaryLanguage,,
baml,BAMLAdapter(),patient-notes-0018,format_error,ValueError,0.009627168998122215,0,none,0,15,0.0,False,,address;age;allergy;birthDate;email;gender;immunization;maritalStatus;name.family;name.given[0];name.given[1];name.prefix;phone;practitioner;primaryLanguage,,
baml,BAMLAdapter(),patient-notes-0019,format_error,ValueError,0.01055633400028455,0,none,0,28,0.0,False,,address.city;address.country;address.line;address.postalCode;address.state;age;allergy;birthDate;email;gender;immunization;maritalStatus;name.family;name.given[0];name.given[1];name.prefix;phone;practitioner[0].address.city;practitioner[0].address.country;practitioner[0].address.line;practitioner[0].address.postalCode;practitioner[0].address.state;practitioner[0].email;practitioner[0].name.family;practitioner[0].name.given[0];practitioner[0].name.prefix;practitioner[0].phone;primaryLanguage,,
baml,BAMLAdapter(),patient-notes-0020,format_error,ValueError,0.009393475000251783,0,none,0,19,0.0,False,,address.city;address.country;address.line;address.postalCode;address.state;age;allergy;birthDate;email;gender;immunization;maritalStatus;name.family;name.given[0];name.given[1];name.prefix;phone;practitioner;primaryLanguage,,
baml,BAMLAdapter(),patient-notes-0021,format_error,ValueError,0.008363482997083338,0,none,0,19,0.0,False,,address.city;address.country;address.line;address.postalCode;address.state;age;allergy;birthDate;email;gender;immunization;maritalStatus;name.family;name.given[0];name.given[1];name.prefix;phone;practitioner;primaryLanguage,,
baml,BAMLAdapter(),patient-notes-0022,format_error,ValueError,0.008004488998267334,0,none,0,22,0.0,False,,address.city;address.country;address.line;address.postalCode;address.state;age;allergy;birthDate;email;gender;immunization;maritalStatus;name.family;name.given[0];name.given[1];name.prefix;phone;practitioner[0].address;practitioner[0].email;practitioner[0].name;practitioner[0].phone;primaryLanguage,,
baml,BAMLAdapter(),patient-notes-0023,format_error,ValueError,0.00907730799735873,0,none,0,24,0.0,False,,address;age;allergy;birthDate;email;gender;immunization;maritalStatus;name.family;name.given[0];name.given[1];name.prefix;phone;practitioner[0].address.city;practitioner[0].address.country;practitioner[0].address.line;practitioner[0].address.postalCode;practitioner[0].address.state;practitioner[0].email;practitioner[0].name.family;practitioner[0].name.given[0];practitioner[0].name.prefix;practitioner[0].phone;primaryLanguage,,
baml,BAMLAdapter(),patient-notes-0024,format_error,ValueError,0.010156227999686962,0,none,0,28,0.0,False,,address.city;address.country;address.line;address.postalCode;address.state;age;allergy;birthDate;email;gender;immunization;maritalStatus;name.family;name.given[0];name.given[1];name.prefix;phone;practitioner[0].address.city;practitioner[0].address.country;practitioner[0].address.line;practitioner[0].address.postalCode;practitioner[0].address.state;practitioner[0].email;practitioner[0].name.family;practitioner[0].name.given[0];practitioner[0].name.prefix;practitioner[0].phone;primaryLanguage,,
baml,BAMLAdapter(),patient-notes-0025,format_error,ValueError,0.00965119000102277,0,none,0,15,0.0,False,,address;age;allergy;birthDate;email;gender;immunization;maritalStatus;name.family;name.given[0];name.given[1];name.prefix;phone;practitioner;primaryLanguage,,
baml,BAMLAdapter(),patient-notes-0026,format_error,ValueError,0.00942769299945212,0,none,0,25,0.0,False,,address.city;address.country;address.line;address.postalCode;address.state;age;allergy;birthDate;email;gender;immunization;maritalStatus;name.family;name.given[0];name.prefix;phone;practitioner[0].address.city;practitioner[0].address.country;practitioner[0].address.line;practitioner[0].address.postalCode;practitioner[0].address.state;practitioner[0].email;practitioner[0].name;practitioner[0].phone;primaryLanguage,,
baml,BAMLAdapter(),patient-notes-0027,format_error,ValueError,0.008949357998062624,0,none,0,32,0.0,False,,address.city;address.country;address.line;address.postalCode;address.state;age;allergy;birthDate;email;gender;immunization[0].occurrenceDate;immunization[0].status;immunization[0].traits[0];immunization[1].occurrenceDate;immunization[1].status;immunization[1].traits[0];maritalStatus;name.family;name.given[0];name.prefix;phone;practitioner[0].address.city;practitioner[0].address.country;practitioner[0].address.line;practitioner[0].address.postalCode;practitioner[0].address.state;practitioner[0].email;practitioner[0].name.family;practitioner[0].name.given[0];practitioner[0].name.prefix;practitioner[0].phone;primaryLanguage,,
baml,BAMLAdapter(),patient-notes-0028,format_error,ValueError,0.008537847999832593,0,none,0,24,0.0,False,,address;age;allergy;birthDate;email;gender;immunization;maritalStatus;name.family;name.given[0];name.given[1];name.prefix;phone;practitioner[0].address.city;practitioner[0].address.country;practitioner[0].address.line;practitioner[0].address.postalCode;practitioner[0].address.state;practitioner[0].email;practitioner[0].name.family;practitioner[0].name.given[0];practitioner[0].name.prefix;practitioner[0].phone;primaryLanguage,,
baml,BAMLAdapter(),patient-notes-0029,format_error,ValueError,0.009226185000443365,0,none,0,15,0.0,False,,address;age;allergy;birthDate;email;gender;immunization;maritalStatus;name.family;name.given[0];name.given[1];name.prefix;phone;practitioner;primaryLanguage,,
sola-json-sections,"StructuredOutputAdapter(output_mode=JSON, prompt_layout=SECTIONS)",patient-notes-0000,validation_error,ValidationError,4.464953287002572,1,json_object,0,19,0.0,False,,address.city;address.country;address.line;address.postalCode;address.state;age;allergy;birthDate;email;gender;immunization;maritalStatus;name.family;name.given[0];name.given[1];name.prefix;phone;practitioner;primaryLanguage,,2715
sola-json-sections,"StructuredOutputAdapter(output_mode=JSON, prompt_layout=SECTIONS)",patient-notes-0001,validation_error,ValidationError,4.3781267080012185,1,json_object,0,19,0.0,False,,address.city;address.country;address.line;address.postalCode;address.state;age;allergy;birthDate;email;gender;immunization;maritalStatus;name.family;name.given[0];name.given[1];name.prefix;phone;practitioner;primaryLanguage,,2802
sola-json-sections,"StructuredOutputAdapter(output_mode=JSON, prompt_layout=SECTIONS)",patient-notes-0002,validation_error,ValidationError,1.2092307769999024,1,json_object,0,21,0.0,False,,address.city;address.country;address.line;address.postalCode;address.state;age;allergy;birthDate;email;gender;immunization[0].occurrenceDate;immunization[0].status;immunization[0].traits[0];maritalStatus;name.family;name.given[0];name.given[1];name.prefix;phone;practitioner;primaryLanguage,,2094
sola-json-sections,"StructuredOutputAdapter(output_mode=JSON, prompt_layout=SECTIONS)",patient-notes-0003,validation_error,ValidationError,3.043614465997962,1,json_object,0,19,0.0,False,,address.city;address.country;address.line;address.postalCode;address.state;age;allergy;birthDate;email;gender;immunization;maritalStatus;name.family;name.given[0];name.given[1];name.prefix;phone;practitioner;primaryLanguage,,2776
sola-json-sections,"StructuredOutputAdapter(output_mode=JSON, prompt_layout=SECTIONS)",patient-notes-0004,validation_error,ValidationError,1.7582846359982796,1,json_object,0,18,0.0,False,,address.city;address.country;address.line;address.postalCode;address.state;age;allergy;birthDate;email;gender;immunization;maritalStatus;name.family;name.given[0];name.prefix;phone;practitioner;primaryLanguage,,2392
sola-json-sections,"StructuredOutputAdapter(output_mode=JSON, prompt_layout=SECTIONS)",patient-notes-0005,validation_error,ValidationError,1.802618670000811,1,json_object,0,17,0.0,False,,address;age;allergy.substance[0].category;allergy.substance[0].manifestation;allergy.substance[0].name;birthDate;email;gender;immunization;maritalStatus;name.family;name.given[0];name.given[1];name.prefix;phone;practitioner;primaryLanguage,,2218
sola-json-sections,"StructuredOutputAdapter(output_mode=JSON, prompt_layout=SECTIONS)",patient-notes-0006,validation_error,ValidationError,2.2411752619991603,1,json_object,0,19,0.0,False,,address.city;address.country;address.line;address.postalCode;address.state;age;allergy;birthDate;email;gender;immunization;maritalStatus;name.family;name.given[0];name.given[1];name.prefix;phone;practitioner;primaryLanguage,,2315
sola-json-sections,"StructuredOutputAdapter(output_mode=JSON, prompt_layout=SECTIONS)",patient-notes-0007,validation_error,ValidationError,1.7375488340003358,1,json_object,0,24,0.0,False,,address.city;address.country;address.line;address.postalCode;address.state;age;allergy;birthDate;email;gender;immunization;maritalStatus;name.family;name.given[0];name.given[1];name.prefix;phone;practitioner[0].address;practitioner[0].email;practitioner[0].name.family;practitioner[0].name.given[0];practitioner[0].name.prefix;practitioner[0].phone;primaryLanguage,,2308
sola-json-sections,"StructuredOutputAdapter(output_mode=JSON, prompt_layout=SECTIONS)",patient-notes-0008,validation_error,ValidationError,1.7521053239979665,1,json_object,0,20,0.0,False,,address;age;allergy;birthDate;email;gender;immunization;maritalStatus;name.family;name.given[0];name.given[1];name.prefix;phone;practitioner[0].address;practitioner[0].email;practitioner[0].name.family;practitioner[0].name.given[0];practitioner[0].name.prefix;practitioner[0].phone;primaryLanguage,,2328
sola-json-sections,"StructuredOutputAdapter(output_mode=JSON, prompt_layout=SECTIONS)",patient-notes-0009,validation_error,ValidationError,1.9020085350020963,1,json_object,0,24,0.0,False,,address.city;address.country;address.line;address.postalCode;address.state;age;allergy;birthDate;email;gender;immunization;maritalStatus;name.family;name.given[0];name.given[1];name.prefix;phone;practitioner[0].address;practitioner[0].email;practitioner[0].name.family;practitioner[0].name.given[0];practitioner[0].name.prefix;practitioner[0].phone;primaryLanguage,,2320
sola-json-sections,"StructuredOutputAdapter(output_mode=JSON, prompt_layout=SECTIONS)",patient-notes-0010,validation_error,ValidationError,1.1194680990010966,1,json_object,0,15,0.0,False,,address;age;allergy;birthDate;email;gender;immunization;maritalStatus;name.family;name.given[0];name.given[1];name.prefix;phone;practitioner;primaryLanguage,,2176
sola-json-sections,"StructuredOutputAdapter(output_mode=JSON, prompt_layout=SECTIONS)",patient-notes-0011,validation_error,ValidationError,2.5163269269978628,1,json_object,0,14,0.0,False,,address;age;allergy;birthDate;email;gender;immunization;maritalStatus;name.family;name.given[0];name.prefix;phone;practitioner;primaryLanguage,,2329
sola-json-sections,"StructuredOutputAdapter(output_mode=JSON, prompt_layout=SECTIONS)",patient-notes-0012,validation_error,ValidationError,1.3037237809985527,1,json_object,0,26,0.0,False,,address.city;address.country;address.line;address.postalCode;address.state;age;allergy;birthDate;email;gender;immunization[0].occurrenceDate;immunization[0].status;immunization[0].traits[0];maritalStatus;name.family;name.given[0];name.given[1];name.prefix;phone;practitioner[0].address;practitioner[0].email;practitioner[0].name.family;practitioner[0].name.given[0];practitioner[0].name.prefix;practitioner[0].phone;primaryLanguage,,2165
sola-json-sections,"StructuredOutputAdapter(output_mode=JSON, prompt_layout=SECTIONS)",patient-notes-0013,validation_error,ValidationError,2.6797472879989073,1,json_object,0,23,0.0,False,,address;age;allergy;birthDate;email;gender;immunization;maritalStatus;name.family;name.given[0];name.prefix;phone;practitioner[0].address.city;practitioner[0].address.country;practitioner[0].address.line;practitioner[0].address.postalCode;practitioner[0].address.state;practitioner[0].email;practitioner[0].name.family;practitioner[0].name.given[0];practitioner[0].name.prefix;practitioner[0].phone;primaryLanguage,,2765
sola-json-sections,"StructuredOutputAdapter(output_mode=JSON, prompt_layout=SECTIONS)",patient-notes-0014,validation_error,ValidationError,3.9019635069998913,1,json_object,0,22,0.0,False,,address.city;address.country;address.line;address.postalCode;address.state;age;allergy;birthDate;email;gender;immunization;maritalStatus;name.family;name.given[0];name.given[1];name.prefix;phone;practitioner[0].address;practitioner[0].email;practitioner[0].name;practitioner[0].phone;primaryLanguage,,2769
sola-json-sections,"StructuredOutputAdapter(output_mode=JSON, prompt_layout=SECTIONS)",patient-notes-0015,validation_error,ValidationError,1.1131087210014812,1,json_object,0,17,0.0,False,,address;age;allergy;birthDate;email;gender;immunization[0].occurrenceDate;immunization[0].status;immunization[0].traits[0];maritalStatus;name.family;name.given[0];name.given[1];name.prefix;phone;practitioner;primaryLanguage,,2047
sola-json-sections,"StructuredOutputAdapter(output_mode=JSON, prompt_layout=SECTIONS)",patient-notes-0016,validation_error,ValidationError,3.907635368999763,1,json_object,0,20,0.0,False,,address;age;allergy;birthDate;email;gender;immunization;maritalStatus;name.family;name.given[0];name.given[1];name.prefix;phone;practitioner[0].address;practitioner[0].email;practitioner[0].name.family;practitioner[0].name.given[0];practitioner[0].name.prefix;practitioner[0].phone;primaryLanguage,,2694
sola-json-sections,"StructuredOutputAdapter(output_mode=JSON, prompt_layout=SECTIONS)",patient-notes-0017,validation_error,ValidationError,1.45218830900194,1,json_object,0,15,0.0,False,,address;age;allergy;birthDate;email;gender;immunization;maritalStatus;name.family;name.given[0];name.given[1];name.prefix;phone;practitioner;primaryLanguage,,2081
sola-json-sections,"StructuredOutputAdapter(output_mode=JSON, prompt_layout=SECTIONS)",patient-notes-0018,validation_error,ValidationError,1.587669485998049,1,json_object,0,15,0.0,False,,address;age;allergy;birthDate;email;gender;immunization;maritalStatus;name.family;name.given[0];name.given[1];name.prefix;phone;practitioner;primaryLanguage,,2219
sola-json-sections,"StructuredOutputAdapter(output_mode=JSON, prompt_layout=SECTIONS)",patient-notes-0019,validation_error,ValidationError,1.6291422780013818,1,json_object,0,28,0.0,False,,address.city;address.country;address.line;address.postalCode;address.state;age;allergy;birthDate;email;gender;immunization;maritalStatus;name.family;name.given[0];name.given[1];name.prefix;phone;practitioner[0].address.city;practitioner[0].address.country;practitioner[0].address.line;practitioner[0].address.postalCode;practitioner[0].address.state;practitioner[0].email;practitioner[0].name.family;practitioner[0].name.given[0];practitioner[0].name.prefix;practitioner[0].phone;primaryLanguage,,2269
sola-json-sections,"StructuredOutputAdapter(output_mode=JSON, prompt_layout=SECTIONS)",patient-notes-0020,validation_error,ValidationError,1.2126535850002256,1,json_object,0,19,0.0,False,,address.city;address.country;address.line;address.postalCode;address.state;age;allergy;birthDate;email;gender;immunization;maritalStatus;name.family;name.given[0];name.given[1];name.prefix;phone;practitioner;primaryLanguage,,2067
sola-json-sections,"StructuredOutputAdapter(output_mode=JSON, prompt_layout=SECTIONS)",patient-notes-0021,validation_error,ValidationError,2.203585783998278,1,json_object,0,19,0.0,False,,address.city;address.country;address.line;address.postalCode;address.state;age;allergy;birthDate;email;gender;immunization;maritalStatus;name.family;name.given[0];name.given[1];name.prefix;phone;practitioner;primaryLanguage,,2315
sola-json-sections,"StructuredOutputAdapter(output_mode=JSON, prompt_layout=SECTIONS)",patient-notes-0022,validation_error,ValidationError,1.961975109999912,1,json_object,0,22,0.0,False,,address.city;address.country;address.line;address.postalCode;address.state;age;allergy;birthDate;email;gender;immunization;maritalStatus;name.family;name.given[0];name.given[1];name.prefix;phone;practitioner[0].address;practitioner[0].email;practitioner[0].name;practitioner[0].phone;primaryLanguage,,2387
sola-json-sections,"StructuredOutputAdapter(output_mode=JSON, prompt_layout=SECTIONS)",patient-notes-0023,validation_error,ValidationError,3.956258051999612,1,json_object,0,24,0.0,False,,address;age;allergy;birthDate;email;gender;immunization;maritalStatus;name.family;name.given[0];name.given[1];name.prefix;phone;practitioner[0].address.city;practitioner[0].address.country;practitioner[0].address.line;practitioner[0].address.postalCode;practitioner[0].address.state;practitioner[0].email;practitioner[0].name.family;practitioner[0].name.given[0];practitioner[0].name.prefix;practitioner[0].phone;primaryLanguage,,2984
sola-json-sections,"StructuredOutputAdapter(output_mode=JSON, prompt_layout=SECTIONS)",patient-notes-0024,validation_error,ValidationError,3.2483199289999902,1,json_object,0,28,0.0,False,,address.city;address.country;address.line;address.postalCode;address.state;age;allergy;birthDate;email;gender;immunization;maritalStatus;name.family;name.given[0];name.given[1];name.prefix;phone;practitioner[0].address.city;practitioner[0].address.country;practitioner[0].address.line;practitioner[0].address.postalCode;practitioner[0].address.state;practitioner[0].email;practitioner[0].name.family;practitioner[0].name.given[0];practitioner[0].name.prefix;practitioner[0].phone;primaryLanguage,,2668
sola-json-sections,"StructuredOutputAdapter(output_mode=JSON, prompt_layout=SECTIONS)",patient-notes-0025,parse_error,AdapterParseError,3.90395695999905,1,json_object,0,15,0.0,False,,address;age;allergy;birthDate;email;gender;immunization;maritalStatus;name.family;name.given[0];name.given[1];name.prefix;phone;practitioner;primaryLanguage,,2731
sola-json-sections,"StructuredOutputAdapter(output_mode=JSON, prompt_layout=SECTIONS)",patient-notes-0026,validation_error,ValidationError,4.085637913998653,1,json_object,0,25,0.0,False,,address.city;address.country;address.line;address.postalCode;address.state;age;allergy;birthDate;email;gender;immunization;maritalStatus;name.family;name.given[0];name.prefix;phone;practitioner[0].address.city;practitioner[0].address.country;practitioner[0].address.line;practitioner[0].address.postalCode;practitioner[0].address.state;practitioner[0].email;practitioner[0].name;practitioner[0].phone;primaryLanguage,,2860
sola-json-sections,"StructuredOutputAdapter(output_mode=JSON, prompt_layout=SECTIONS)",patient-notes-0027,validation_error,ValidationError,1.8223197700026503,1,json_object,0,32,0.0,False,,address.city;address.country;address.line;address.postalCode;address.state;age;allergy;birthDate;email;gender;immunization[0].occurrenceDate;immunization[0].status;immunization[0].traits[0];immunization[1].occurrenceDate;immunization[1].status;immunization[1].traits[0];maritalStatus;name.family;name.given[0];name.prefix;phone;practitioner[0].address.city;practitioner[0].address.country;practitioner[0].address.line;practitioner[0].address.postalCode;practitioner[0].address.state;practitioner[0].email;practitioner[0].name.family;practitioner[0].name.given[0];practitioner[0].name.prefix;practitioner[0].phone;primaryLanguage,,2389
sola-json-sections,"StructuredOutputAdapter(output_mode=JSON, prompt_layout=SECTIONS)",patient-notes-0028,validation_error,ValidationError,1.7226518009993015,1,json_object,0,24,0.0,False,,address;age;allergy;birthDate;email;gender;immunization;maritalStatus;name.family;name.given[0];name.given[1];name.prefix;phone;practitioner[0].address.city;practitioner[0].address.country;practitioner[0].address.line;practitioner[0].address.postalCode;practitioner[0].address.state;practitioner[0].email;practitioner[0].name.family;practitioner[0].name.given[0];practitioner[0].name.prefix;practitioner[0].phone;primaryLanguage,,2342
sola-json-sections,"StructuredOutputAdapter(output_mode=JSON, prompt_layout=SECTIONS)",patient-notes-0029,validation_error,ValidationError,3.108167947997572,1,json_object,0,15,0.0,False,,address;age;allergy;birthDate;email;gender;immunization;maritalStatus;name.family;name.given[0];name.given[1];name.prefix;phone;practitioner;primaryLanguage,,2667
sola-jsonish-sections,"StructuredOutputAdapter(output_mode=JSONISH, prompt_layout=SECTIONS)",patient-notes-0000,validation_error,ValidationError,1.9977863480016822,1,json_object,0,19,0.0,False,,address.city;address.country;address.line;address.postalCode;address.state;age;allergy;birthDate;email;gender;immunization;maritalStatus;name.family;name.given[0];name.given[1];name.prefix;phone;practitioner;primaryLanguage,,1425
sola-jsonish-sections,"StructuredOutputAdapter(output_mode=JSONISH, prompt_layout=SECTIONS)",patient-notes-0001,validation_error,ValidationError,1.9694861399984802,1,json_object,0,19,0.0,False,,address.city;address.country;address.line;address.postalCode;address.state;age;allergy;birthDate;email;gender;immunization;maritalStatus;name.family;name.given[0];name.given[1];name.prefix;phone;practitioner;primaryLanguage,,1542
sola-jsonish-sections,"StructuredOutputAdapter(output_mode=JSONISH, prompt_layout=SECTIONS)",patient-notes-0002,validation_error,ValidationError,1.8204192890007107,1,json_object,0,21,0.0,False,,address.city;address.country;address.line;address.postalCode;address.state;age;allergy;birthDate;email;gender;immunization[0].occurrenceDate;immunization[0].status;immunization[0].traits[0];maritalStatus;name.family;name.given[0];name.given[1];name.prefix;phone;practitioner;primaryLanguage,,1444
sola-jsonish-sections,"StructuredOutputAdapter(output_mode=JSONISH, prompt_layout=SECTIONS)",patient-notes-0003,validation_error,ValidationError,2.6231470689999696,1,json_object,0,19,0.0,False,,address.city;address.country;address.line;address.postalCode;address.state;age;allergy;birthDate;email;gender;immunization;maritalStatus;name.family;name.given[0];name.given[1];name.prefix;phone;practitioner;primaryLanguage,,1894
sola-jsonish-sections,"StructuredOutputAdapter(output_mode=JSONISH, prompt_layout=SECTIONS)",patient-notes-0004,validation_error,ValidationError,1.6113630619984178,1,json_object,0,18,0.0,False,,address.city;address.country;address.line;address.postalCode;address.state;age;allergy;birthDate;email;gender;immunization;maritalStatus;name.family;name.given[0];name.prefix;phone;practitioner;primaryLanguage,,1535
sola-jsonish-sections,"StructuredOutputAdapter(output_mode=JSONISH, prompt_layout=SECTIONS)",patient-notes-0005,validation_error,ValidationError,2.082342833000439,1,json_object,0,17,0.0,False,,address;age;allergy.substance[0].category;allergy.substance[0].manifestation;allergy.substance[0].name;birthDate;email;gender;immunization;maritalStatus;name.family;name.given[0];name.given[1];name.prefix;phone;practitioner;primaryLanguage,,1468
sola-jsonish-sections,"StructuredOutputAdapter(output_mode=JSONISH, prompt_layout=SECTIONS)",patient-notes-0006,validation_error,ValidationError,2.083464905997971,1,json_object,0,19,0.0,False,,address.city;address.country;address.line;address.postalCode;address.state;age;allergy;birthDate;email;gender;immunization;maritalStatus;name.family;name.given[0];name.given[1];name.prefix;phone;practitioner;primaryLanguage,,1447
sola-jsonish-sections,"StructuredOutputAdapter(output_mode=JSONISH, prompt_layout=SECTIONS)",patient-notes-0007,validation_error,ValidationError,1.9592010660016967,1,json_object,0,24,0.0,False,,address.city;address.country;address.line;address.postalCode;address.state;age;allergy;birthDate;email;gender;immunization;maritalStatus;name.family;name.given[0];name.given[1];name.prefix;phone;practitioner[0].address;practitioner[0].email;practitioner[0].name.family;practitioner[0].name.given[0];practitioner[0].name.prefix;practitioner[0].phone;primaryLanguage,,1520
sola-jsonish-sections,"StructuredOutputAdapter(output_mode=JSONISH, prompt_layout=SECTIONS)",patient-notes-0008,validation_error,ValidationError,2.3395805210020626,1,json_object,0,20,0.0,False,,address;age;allergy;birthDate;email;gender;immunization;maritalStatus;name.family;name.given[0];name.given[1];name.prefix;phone;practitioner[0].address;practitioner[0].email;practitioner[0].name.family;practitioner[0].name.given[0];practitioner[0].name.prefix;practitioner[0].phone;primaryLanguage,,1602
sola-jsonish-sections,"StructuredOutputAdapter(output_mode=JSONISH, prompt_layout=SECTIONS)",patient-notes-0009,validation_error,ValidationError,2.0353144380023878,1,json_object,0,24,0.0,False,,address.city;address.country;address.line;address.postalCode;address.state;age;allergy;birthDate;email;gender;immunization;maritalStatus;name.family;name.given[0];name.given[1];name.prefix;phone;practitioner[0].address;practitioner[0].email;practitioner[0].name.family;practitioner[0].name.given[0];practitioner[0].name.prefix;practitioner[0].phone;primaryLanguage,,1502
sola-jsonish-sections,"StructuredOutputAdapter(output_mode=JSONISH, prompt_layout=SECTIONS)",patient-notes-0010,validation_error,ValidationError,2.1108261690023937,1,json_object,0,15,0.0,False,,address;age;allergy;birthDate;email;gender;immunization;maritalStatus;name.family;name.given[0];name.given[1];name.prefix;phone;practitioner;primaryLanguage,,1549
sola-jsonish-sections,"StructuredOutputAdapter(output_mode=JSONISH, prompt_layout=SECTIONS)",patient-notes-0011,validation_error,ValidationError,1.9471280350007873,1,json_object,0,14,0.0,False,,address;age;allergy;birthDate;email;gender;immunization;maritalStatus;name.family;name.given[0];name.prefix;phone;practitioner;primaryLanguage,,1340
sola-jsonish-sections,"StructuredOutputAdapter(output_mode=JSONISH, prompt_layout=SECTIONS)",patient-notes-0012,validation_error,ValidationError,2.001159983999969,1,json_object,0,26,0.0,False,,address.city;address.country;address.line;address.postalCode;address.state;age;allergy;birthDate;email;gender;immunization[0].occurrenceDate;immunization[0].status;immunization[0].traits[0];maritalStatus;name.family;name.given[0];name.given[1];name.prefix;phone;practitioner[0].address;practitioner[0].email;practitioner[0].name.family;practitioner[0].name.given[0];practitioner[0].name.prefix;practitioner[0].phone;primaryLanguage,,1479
sola-jsonish-sections,"StructuredOutputAdapter(output_mode=JSONISH, prompt_layout=SECTIONS)",patient-notes-0013,validation_error,ValidationError,2.458731176000583,1,json_object,0,23,0.0,False,,address;age;allergy;birthDate;email;gender;immunization;maritalStatus;name.family;name.given[0];name.prefix;phone;practitioner[0].address.city;practitioner[0].address.country;practitioner[0].address.line;practitioner[0].address.postalCode;practitioner[0].address.state;practitioner[0].email;practitioner[0].name.family;practitioner[0].name.given[0];practitioner[0].name.prefix;practitioner[0].phone;primaryLanguage,,1857
sola-jsonish-sections,"StructuredOutputAdapter(output_mode=JSONISH, prompt_layout=SECTIONS)",patient-notes-0014,validation_error,ValidationError,1.9848613230024057,1,json_object,0,22,0.0,False,,address.city;address.country;address.line;address.postalCode;address.state;age;allergy;birthDate;email;gender;immunization;maritalStatus;name.family;name.given[0];name.given[1];name.prefix;phone;practitioner[0].address;practitioner[0].email;practitioner[0].name;practitioner[0].phone;primaryLanguage,,1459
sola-jsonish-sections,"StructuredOutputAdapter(output_mode=JSONISH, prompt_layout=SECTIONS)",patient-notes-0015,validation_error,ValidationError,2.0236042230026214,1,json_object,0,17,0.0,False,,address;age;allergy;birthDate;email;gender;immunization[0].occurrenceDate;immunization[0].status;immunization[0].traits[0];maritalStatus;name.family;name.given[0];name.given[1];name.prefix;phone;practitioner;primaryLanguage,,1411
sola-jsonish-sections,"StructuredOutputAdapter(output_mode=JSONISH, prompt_layout=SECTIONS)",patient-notes-0016,validation_error,ValidationError,1.9772955869993893,1,json_object,0,20,0.0,False,,address;age;allergy;birthDate;email;gender;immunization;maritalStatus;name.family;name.given[0];name.given[1];name.prefix;phone;practitioner[0].address;practitioner[0].email;practitioner[0].name.family;practitioner[0].name.given[0];practitioner[0].name.prefix;practitioner[0].phone;primaryLanguage,,1404
sola-jsonish-sections,"StructuredOutputAdapter(output_mode=JSONISH, prompt_layout=SECTIONS)",patient-notes-0017,validation_error,ValidationError,1.373922949002008,1,json_object,0,15,0.0,False,,address;age;allergy;birthDate;email;gender;immunization;maritalStatus;name.family;name.given[0];name.given[1];name.prefix;phone;practitioner;primaryLanguage,,1228
sola-jsonish-sections,"StructuredOutputAdapter(output_mode=JSONISH, prompt_layout=SECTIONS)",patient-notes-0018,validation_error,ValidationError,2.0627406799976598,1,json_object,0,15,0.0,False,,address;age;allergy;birthDate;email;gender;immunization;maritalStatus;name.family;name.given[0];name.given[1];name.prefix;phone;practitioner;primaryLanguage,,1471
sola-jsonish-sections,"StructuredOutputAdapter(output_mode=JSONISH, prompt_layout=SECTIONS)",patient-notes-0019,validation_error,ValidationError,2.241261006998684,1,json_object,0,28,0.0,False,,address.city;address.country;address.line;address.postalCode;address.state;age;allergy;birthDate;email;gender;immunization;maritalStatus;name.family;name.given[0];name.given[1];name.prefix;phone;practitioner[0].address.city;practitioner[0].address.country;practitioner[0].address.line;practitioner[0].address.postalCode;practitioner[0].address.state;practitioner[0].email;practitioner[0].name.family;practitioner[0].name.given[0];practitioner[0].name.prefix;practitioner[0].phone;primaryLanguage,,1548
sola-jsonish-sections,"StructuredOutputAdapter(output_mode=JSONISH, prompt_layout=SECTIONS)",patient-notes-0020,validation_error,ValidationError,0.8951889689997188,1,json_object,0,19,0.0,False,,address.city;address.country;address.line;address.postalCode;address.state;age;allergy;birthDate;email;gender;immunization;maritalStatus;name.family;name.given[0];name.given[1];name.prefix;phone;practitioner;primaryLanguage,,1154
sola-jsonish-sections,"StructuredOutputAdapter(output_mode=JSONISH, prompt_layout=SECTIONS)",patient-notes-0021,validation_error,ValidationError,1.9397654969980067,1,json_object,0,19,0.0,False,,address.city;address.country;address.line;address.postalCode;address.state;age;allergy;birthDate;email;gender;immunization;maritalStatus;name.family;name.given[0];name.given[1];name.prefix;phone;practitioner;primaryLanguage,,1399
sola-jsonish-sections,"StructuredOutputAdapter(output_mode=JSONISH, prompt_layout=SECTIONS)",patient-notes-0022,validation_error,ValidationError,2.2361319019983057,1,json_object,0,22,0.0,False,,address.city;address.country;address.line;address.postalCode;address.state;age;allergy;birthDate;email;gender;immunization;maritalStatus;name.family;name.given[0];name.given[1];name.prefix;phone;practitioner[0].address;practitioner[0].email;practitioner[0].name;practitioner[0].phone;primaryLanguage,,1593
sola-jsonish-sections,"StructuredOutputAdapter(output_mode=JSONISH, prompt_layout=SECTIONS)",patient-notes-0023,validation_error,ValidationError,2.1937090029969113,1,json_object,0,24,0.0,False,,address;age;allergy;birthDate;email;gender;immunization;maritalStatus;name.family;name.given[0];name.given[1];name.prefix;phone;practitioner[0].address.city;practitioner[0].address.country;practitioner[0].address.line;practitioner[0].address.postalCode;practitioner[0].address.state;practitioner[0].email;practitioner[0].name.family;practitioner[0].name.given[0];practitioner[0].name.prefix;practitioner[0].phone;primaryLanguage,,1733
sola-jsonish-sections,"StructuredOutputAdapter(output_mode=JSONISH, prompt_layout=SECTIONS)",patient-notes-0024,validation_error,ValidationError,2.086948152998957,1,json_object,0,28,0.0,False,,address.city;address.country;address.line;address.postalCode;address.state;age;allergy;birthDate;email;gender;immunization;maritalStatus;name.family;name.given[0];name.given[1];name.prefix;phone;practitioner[0].address.city;practitioner[0].address.country;practitioner[0].address.line;practitioner[0].address.postalCode;practitioner[0].address.state;practitioner[0].email;practitioner[0].name.family;practitioner[0].name.given[0];practitioner[0].name.prefix;practitioner[0].phone;primaryLanguage,,1542
sola-jsonish-sections,"StructuredOutputAdapter(output_mode=JSONISH, prompt_layout=SECTIONS)",patient-notes-0025,validation_error,ValidationError,1.9128363969975908,1,json_object,0,15,0.0,False,,address;age;allergy;birthDate;email;gender;immunization;maritalStatus;name.family;name.given[0];name.given[1];name.prefix;phone;practitioner;primaryLanguage,,1424
sola-jsonish-sections,"StructuredOutputAdapter(output_mode=JSONISH, prompt_layout=SECTIONS)",patient-notes-0026,validation_error,ValidationError,2.2053661169993575,1,json_object,0,25,0.0,False,,address.city;address.country;address.line;address.postalCode;address.state;age;allergy;birthDate;email;gender;immunization;maritalStatus;name.family;name.given[0];name.prefix;phone;practitioner[0].address.city;practitioner[0].address.country;practitioner[0].address.line;practitioner[0].address.postalCode;practitioner[0].address.state;practitioner[0].email;practitioner[0].name;practitioner[0].phone;primaryLanguage,,1604
sola-jsonish-sections,"StructuredOutputAdapter(output_mode=JSONISH, prompt_layout=SECTIONS)",patient-notes-0027,validation_error,ValidationError,1.9333647519997612,1,json_object,0,32,0.0,False,,address.city;address.country;address.line;address.postalCode;address.state;age;allergy;birthDate;email;gender;immunization[0].occurrenceDate;immunization[0].status;immunization[0].traits[0];immunization[1].occurrenceDate;immunization[1].status;immunization[1].traits[0];maritalStatus;name.family;name.given[0];name.prefix;phone;practitioner[0].address.city;practitioner[0].address.country;practitioner[0].address.line;practitioner[0].address.postalCode;practitioner[0].address.state;practitioner[0].email;practitioner[0].name.family;practitioner[0].name.given[0];practitioner[0].name.prefix;practitioner[0].phone;primaryLanguage,,1574
sola-jsonish-sections,"StructuredOutputAdapter(output_mode=JSONISH, prompt_layout=SECTIONS)",patient-notes-0028,validation_error,ValidationError,1.9360935370023071,1,json_object,0,24,0.0,False,,address;age;allergy;birthDate;email;gender;immunization;maritalStatus;name.family;name.given[0];name.given[1];name.prefix;phone;practitioner[0].address.city;practitioner[0].address.country;practitioner[0].address.line;practitioner[0].address.postalCode;practitioner[0].address.state;practitioner[0].email;practitioner[0].name.family;practitioner[0].name.given[0];practitioner[0].name.prefix;practitioner[0].phone;primaryLanguage,,1537
sola-jsonish-sections,"StructuredOutputAdapter(output_mode=JSONISH, prompt_layout=SECTIONS)",patient-notes-0029,validation_error,ValidationError,2.1582088520008256,1,json_object,0,15,0.0,False,,address;age;allergy;birthDate;email;gender;immunization;maritalStatus;name.family;name.given[0];name.given[1];name.prefix;phone;practitioner;primaryLanguage,,1608
sola-yaml-sections,"StructuredOutputAdapter(output_mode=YAML, prompt_layout=SECTIONS)",patient-notes-0000,parse_error,AdapterParseError,1.578154844999517,1,none,0,19,0.0,False,,address.city;address.country;address.line;address.postalCode;address.state;age;allergy;birthDate;email;gender;immunization;maritalStatus;name.family;name.given[0];name.given[1];name.prefix;phone;practitioner;primaryLanguage,,1310
sola-yaml-sections,"StructuredOutputAdapter(output_mode=YAML, prompt_layout=SECTIONS)",patient-notes-0001,parse_error,AdapterParseError,1.2556869330001064,1,none,0,19,0.0,False,,address.city;address.country;address.line;address.postalCode;address.state;age;allergy;birthDate;email;gender;immunization;maritalStatus;name.family;name.given[0];name.given[1];name.prefix;phone;practitioner;primaryLanguage,,1347
sola-yaml-sections,"StructuredOutputAdapter(output_mode=YAML, prompt_layout=SECTIONS)",patient-notes-0002,parse_error,AdapterParseError,1.3641964660018857,1,none,0,21,0.0,False,,address.city;address.country;address.line;address.postalCode;address.state;age;allergy;birthDate;email;gender;immunization[0].occurrenceDate;immunization[0].status;immunization[0].traits[0];maritalStatus;name.family;name.given[0];name.given[1];name.prefix;phone;practitioner;primaryLanguage,,1317
sola-yaml-sections,"StructuredOutputAdapter(output_mode=YAML, prompt_layout=SECTIONS)",patient-notes-0003,parse_error,AdapterParseError,1.7446165499968629,1,none,0,19,0.0,False,,address.city;address.country;address.line;address.postalCode;address.state;age;allergy;birthDate;email;gender;immunization;maritalStatus;name.family;name.given[0];name.given[1];name.prefix;phone;practitioner;primaryLanguage,,1703
sola-yaml-sections,"StructuredOutputAdapter(output_mode=YAML, prompt_layout=SECTIONS)",patient-notes-0004,parse_error,AdapterParseError,2.925102846002119,1,none,0,18,0.0,False,,address.city;address.country;address.line;address.postalCode;address.state;age;allergy;birthDate;email;gender;immunization;maritalStatus;name.family;name.given[0];name.prefix;phone;practitioner;primaryLanguage,,1820
sola-yaml-sections,"StructuredOutputAdapter(output_mode=YAML, prompt_layout=SECTIONS)",patient-notes-0005,parse_error,AdapterParseError,1.5570478290028404,1,none,0,17,0.0,False,,address;age;allergy.substance[0].category;allergy.substance[0].manifestation;allergy.substance[0].name;birthDate;email;gender;immunization;maritalStatus;name.family;name.given[0];name.given[1];name.prefix;phone;practitioner;primaryLanguage,,1329
sola-yaml-sections,"StructuredOutputAdapter(output_mode=YAML, prompt_layout=SECTIONS)",patient-notes-0006,parse_error,AdapterParseError,1.5241978129997733,1,none,0,19,0.0,False,,address.city;address.country;address.line;address.postalCode;address.state;age;allergy;birthDate;email;gender;immunization;maritalStatus;name.family;name.given[0];name.given[1];name.prefix;phone;practitioner;primaryLanguage,,1353
sola-yaml-sections,"StructuredOutputAdapter(output_mode=YAML, prompt_layout=SECTIONS)",patient-notes-0007,parse_error,AdapterParseError,1.2966352399998868,1,none,0,24,0.0,False,,address.city;address.country;address.line;address.postalCode;address.state;age;allergy;birthDate;email;gender;immunization;maritalStatus;name.family;name.given[0];name.given[1];name.prefix;phone;practitioner[0].address;practitioner[0].email;practitioner[0].name.family;practitioner[0].name.given[0];practitioner[0].name.prefix;practitioner[0].phone;primaryLanguage,,1416
sola-yaml-sections,"StructuredOutputAdapter(output_mode=YAML, prompt_layout=SECTIONS)",patient-notes-0008,parse_error,AdapterParseError,1.1350178639986552,1,none,0,20,0.0,False,,address;age;allergy;birthDate;email;gender;immunization;maritalStatus;name.family;name.given[0];name.given[1];name.prefix;phone;practitioner[0].address;practitioner[0].email;practitioner[0].name.family;practitioner[0].name.given[0];practitioner[0].name.prefix;practitioner[0].phone;primaryLanguage,,1389
sola-yaml-sections,"StructuredOutputAdapter(output_mode=YAML, prompt_layout=SECTIONS)",patient-notes-0009,parse_error,AdapterParseError,1.5188032900005055,1,none,0,24,0.0,False,,address.city;address.country;address.line;address.postalCode;address.state;age;allergy;birthDate;email;gender;immunization;maritalStatus;name.family;name.given[0];name.given[1];name.prefix;phone;practitioner[0].address;practitioner[0].email;practitioner[0].name.family;practitioner[0].name.given[0];practitioner[0].name.prefix;practitioner[0].phone;primaryLanguage,,1430
sola-yaml-sections,"StructuredOutputAdapter(output_mode=YAML, prompt_layout=SECTIONS)",patient-notes-0010,parse_error,AdapterParseError,1.165877453997382,1,none,0,15,0.0,False,,address;age;allergy;birthDate;email;gender;immunization;maritalStatus;name.family;name.given[0];name.given[1];name.prefix;phone;practitioner;primaryLanguage,,1378
sola-yaml-sections,"StructuredOutputAdapter(output_mode=YAML, prompt_layout=SECTIONS)",patient-notes-0011,parse_error,AdapterParseError,1.1836024790027295,1,none,0,14,0.0,False,,address;age;allergy;birthDate;email;gender;immunization;maritalStatus;name.family;name.given[0];name.prefix;phone;practitioner;primaryLanguage,,1213
sola-yaml-sections,"StructuredOutputAdapter(output_mode=YAML, prompt_layout=SECTIONS)",patient-notes-0012,parse_error,AdapterParseError,1.1607503080012975,1,none,0,26,0.0,False,,address.city;address.country;address.line;address.postalCode;address.state;age;allergy;birthDate;email;gender;immunization[0].occurrenceDate;immunization[0].status;immunization[0].traits[0];maritalStatus;name.family;name.given[0];name.given[1];name.prefix;phone;practitioner[0].address;practitioner[0].email;practitioner[0].name.family;practitioner[0].name.given[0];practitioner[0].name.prefix;practitioner[0].phone;primaryLanguage,,1337
sola-yaml-sections,"StructuredOutputAdapter(output_mode=YAML, prompt_layout=SECTIONS)",patient-notes-0013,validation_error,ValidationError,2.1178588019974995,1,none,0,23,0.0,False,,address;age;allergy;birthDate;email;gender;immunization;maritalStatus;name.family;name.given[0];name.prefix;phone;practitioner[0].address.city;practitioner[0].address.country;practitioner[0].address.line;practitioner[0].address.postalCode;practitioner[0].address.state;practitioner[0].email;practitioner[0].name.family;practitioner[0].name.given[0];practitioner[0].name.prefix;practitioner[0].phone;primaryLanguage,,1844
sola-yaml-sections,"StructuredOutputAdapter(output_mode=YAML, prompt_layout=SECTIONS)",patient-notes-0014,parse_error,AdapterParseError,1.3642338729987387,1,none,0,22,0.0,False,,address.city;address.country;address.line;address.postalCode;address.state;age;allergy;birthDate;email;gender;immunization;maritalStatus;name.family;name.given[0];name.given[1];name.prefix;phone;practitioner[0].address;practitioner[0].email;practitioner[0].name;practitioner[0].phone;primaryLanguage,,1351
sola-yaml-sections,"StructuredOutputAdapter(output_mode=YAML, prompt_layout=SECTIONS)",patient-notes-0015,parse_error,AdapterParseError,1.2831302419981512,1,none,0,17,0.0,False,,address;age;allergy;birthDate;email;gender;immunization[0].occurrenceDate;immunization[0].status;immunization[0].traits[0];maritalStatus;name.family;name.given[0];name.given[1];name.prefix;phone;practitioner;primaryLanguage,,1283
sola-yaml-sections,"StructuredOutputAdapter(output_mode=YAML, prompt_layout=SECTIONS)",patient-notes-0016,parse_error,AdapterParseError,1.2139382750028744,1,none,0,20,0.0,False,,address;age;allergy;birthDate;email;gender;immunization;maritalStatus;name.family;name.given[0];name.given[1];name.prefix;phone;practitioner[0].address;practitioner[0].email;practitioner[0].name.family;practitioner[0].name.given[0];practitioner[0].name.prefix;practitioner[0].phone;primaryLanguage,,1263
sola-yaml-sections,"StructuredOutputAdapter(output_mode=YAML, prompt_layout=SECTIONS)",patient-notes-0017,parse_error,AdapterParseError,1.5476607550008339,1,none,0,15,0.0,False,,address;age;allergy;birthDate;email;gender;immunization;maritalStatus;name.family;name.given[0];name.given[1];name.prefix;phone;practitioner;primaryLanguage,,1300
sola-yaml-sections,"StructuredOutputAdapter(output_mode=YAML, prompt_layout=SECTIONS)",patient-notes-0018,parse_error,AdapterParseError,1.3288199970011192,1,none,0,15,0.0,False,,address;age;allergy;birthDate;email;gender;immunization;maritalStatus;name.family;name.given[0];name.given[1];name.prefix;phone;practitioner;primaryLanguage,,1350
sola-yaml-sections,"StructuredOutputAdapter(output_mode=YAML, prompt_layout=SECTIONS)",patient-notes-0019,parse_error,AdapterParseError,1.6056805970001733,1,none,0,28,0.0,False,,address.city;address.country;address.line;address.postalCode;address.state;age;allergy;birthDate;email;gender;immunization;maritalStatus;name.family;name.given[0];name.given[1];name.prefix;phone;practitioner[0].address.city;practitioner[0].address.country;practitioner[0].address.line;practitioner[0].address.postalCode;practitioner[0].address.state;practitioner[0].email;practitioner[0].name.family;practitioner[0].name.given[0];practitioner[0].name.prefix;practitioner[0].phone;primaryLanguage,,1448
sola-yaml-sections,"StructuredOutputAdapter(output_mode=YAML, prompt_layout=SECTIONS)",patient-notes-0020,parse_error,AdapterParseError,0.8625088520020654,1,none,0,19,0.0,False,,address.city;address.country;address.line;address.postalCode;address.state;age;allergy;birthDate;email;gender;immunization;maritalStatus;name.family;name.given[0];name.given[1];name.prefix;phone;practitioner;primaryLanguage,,1167
sola-yaml-sections,"StructuredOutputAdapter(output_mode=YAML, prompt_layout=SECTIONS)",patient-notes-0021,parse_error,AdapterParseError,1.1532878429970879,1,none,0,19,0.0,False,,address.city;address.country;address.line;address.postalCode;address.state;age;allergy;birthDate;email;gender;immunization;maritalStatus;name.family;name.given[0];name.given[1];name.prefix;phone;practitioner;primaryLanguage,,1256
sola-yaml-sections,"StructuredOutputAdapter(output_mode=YAML, prompt_layout=SECTIONS)",patient-notes-0022,parse_error,AdapterParseError,1.3068776960026298,1,none,0,22,0.0,False,,address.city;address.country;address.line;address.postalCode;address.state;age;allergy;birthDate;email;gender;immunization;maritalStatus;name.family;name.given[0];name.given[1];name.prefix;phone;practitioner[0].address;practitioner[0].email;practitioner[0].name;practitioner[0].phone;primaryLanguage,,1425
sola-yaml-sections,"StructuredOutputAdapter(output_mode=YAML, prompt_layout=SECTIONS)",patient-notes-0023,parse_error,AdapterParseError,1.2797943350014975,1,none,0,24,0.0,False,,address;age;allergy;birthDate;email;gender;immunization;maritalStatus;name.family;name.given[0];name.given[1];name.prefix;phone;practitioner[0].address.city;practitioner[0].address.country;practitioner[0].address.line;practitioner[0].address.postalCode;practitioner[0].address.state;practitioner[0].email;practitioner[0].name.family;practitioner[0].name.given[0];practitioner[0].name.prefix;practitioner[0].phone;primaryLanguage,,1565
sola-yaml-sections,"StructuredOutputAdapter(output_mode=YAML, prompt_layout=SECTIONS)",patient-notes-0024,parse_error,AdapterParseError,1.7497621289985545,1,none,0,28,0.0,False,,address.city;address.country;address.line;address.postalCode;address.state;age;allergy;birthDate;email;gender;immunization;maritalStatus;name.family;name.given[0];name.given[1];name.prefix;phone;practitioner[0].address.city;practitioner[0].address.country;practitioner[0].address.line;practitioner[0].address.postalCode;practitioner[0].address.state;practitioner[0].email;practitioner[0].name.family;practitioner[0].name.given[0];practitioner[0].name.prefix;practitioner[0].phone;primaryLanguage,,1528
sola-yaml-sections,"StructuredOutputAdapter(output_mode=YAML, prompt_layout=SECTIONS)",patient-notes-0025,parse_error,AdapterParseError,1.210404051002115,1,none,0,15,0.0,False,,address;age;allergy;birthDate;email;gender;immunization;maritalStatus;name.family;name.given[0];name.given[1];name.prefix;phone;practitioner;primaryLanguage,,1300
sola-yaml-sections,"StructuredOutputAdapter(output_mode=YAML, prompt_layout=SECTIONS)",patient-notes-0026,parse_error,AdapterParseError,0.9745733409981767,1,none,0,25,0.0,False,,address.city;address.country;address.line;address.postalCode;address.state;age;allergy;birthDate;email;gender;immunization;maritalStatus;name.family;name.given[0];name.prefix;phone;practitioner[0].address.city;practitioner[0].address.country;practitioner[0].address.line;practitioner[0].address.postalCode;practitioner[0].address.state;practitioner[0].email;practitioner[0].name;practitioner[0].phone;primaryLanguage,,1366
sola-yaml-sections,"StructuredOutputAdapter(output_mode=YAML, prompt_layout=SECTIONS)",patient-notes-0027,parse_error,AdapterParseError,1.3105150210030843,1,none,0,32,0.0,False,,address.city;address.country;address.line;address.postalCode;address.state;age;allergy;birthDate;email;gender;immunization[0].occurrenceDate;immunization[0].status;immunization[0].traits[0];immunization[1].occurrenceDate;immunization[1].status;immunization[1].traits[0];maritalStatus;name.family;name.given[0];name.prefix;phone;practitioner[0].address.city;practitioner[0].address.country;practitioner[0].address.line;practitioner[0].address.postalCode;practitioner[0].address.state;practitioner[0].email;practitioner[0].name.family;practitioner[0].name.given[0];practitioner[0].name.prefix;practitioner[0].phone;primaryLanguage,,1488
sola-yaml-sections,"StructuredOutputAdapter(output_mode=YAML, prompt_layout=SECTIONS)",patient-notes-0028,parse_error,AdapterParseError,1.0947538270011137,1,none,0,24,0.0,False,,address;age;allergy;birthDate;email;gender;immunization;maritalStatus;name.family;name.given[0];name.given[1];name.prefix;phone;practitioner[0].address.city;practitioner[0].address.country;practitioner[0].address.line;practitioner[0].address.postalCode;practitioner[0].address.state;practitioner[0].email;practitioner[0].name.family;practitioner[0].name.given[0];practitioner[0].name.prefix;practitioner[0].phone;primaryLanguage,,1386
sola-yaml-sections,"StructuredOutputAdapter(output_mode=YAML, prompt_layout=SECTIONS)",patient-notes-0029,parse_error,AdapterParseError,1.2505044390018156,1,none,0,15,0.0,False,,address;age;allergy;birthDate;email;gender;immunization;maritalStatus;name.family;name.given[0];name.given[1];name.prefix;phone;practitioner;primaryLanguage,,1449
sola-jsonish-rescue,"StructuredOutputAdapter(output_mode=JSONISH, prompt_layout=SECTIONS, parse_config=ParseConfig())",patient-notes-0000,validation_error,ValidationError,1.998215143001289,1,json_object,0,19,0.0,False,,address.city;address.country;address.line;address.postalCode;address.state;age;allergy;birthDate;email;gender;immunization;maritalStatus;name.family;name.given[0];name.given[1];name.prefix;phone;practitioner;primaryLanguage,,1456
sola-jsonish-rescue,"StructuredOutputAdapter(output_mode=JSONISH, prompt_layout=SECTIONS, parse_config=ParseConfig())",patient-notes-0001,validation_error,ValidationError,1.9154154190000554,1,json_object,0,19,0.0,False,,address.city;address.country;address.line;address.postalCode;address.state;age;allergy;birthDate;email;gender;immunization;maritalStatus;name.family;name.given[0];name.given[1];name.prefix;phone;practitioner;primaryLanguage,,1542
sola-jsonish-rescue,"StructuredOutputAdapter(output_mode=JSONISH, prompt_layout=SECTIONS, parse_config=ParseConfig())",patient-notes-0002,validation_error,ValidationError,1.7522699340006511,1,json_object,0,21,0.0,False,,address.city;address.country;address.line;address.postalCode;address.state;age;allergy;birthDate;email;gender;immunization[0].occurrenceDate;immunization[0].status;immunization[0].traits[0];maritalStatus;name.family;name.given[0];name.given[1];name.prefix;phone;practitioner;primaryLanguage,,1444
sola-jsonish-rescue,"StructuredOutputAdapter(output_mode=JSONISH, prompt_layout=SECTIONS, parse_config=ParseConfig())",patient-notes-0003,validation_error,ValidationError,2.3287349630008976,1,json_object,0,19,0.0,False,,address.city;address.country;address.line;address.postalCode;address.state;age;allergy;birthDate;email;gender;immunization;maritalStatus;name.family;name.given[0];name.given[1];name.prefix;phone;practitioner;primaryLanguage,,1894
sola-jsonish-rescue,"StructuredOutputAdapter(output_mode=JSONISH, prompt_layout=SECTIONS, parse_config=ParseConfig())",patient-notes-0004,validation_error,ValidationError,2.2130806339991977,1,json_object,0,18,0.0,False,,address.city;address.country;address.line;address.postalCode;address.state;age;allergy;birthDate;email;gender;immunization;maritalStatus;name.family;name.given[0];name.prefix;phone;practitioner;primaryLanguage,,1703
sola-jsonish-rescue,"StructuredOutputAdapter(output_mode=JSONISH, prompt_layout=SECTIONS, parse_config=ParseConfig())",patient-notes-0005,validation_error,ValidationError,2.109456288999354,1,json_object,0,17,0.0,False,,address;age;allergy.substance[0].category;allergy.substance[0].manifestation;allergy.substance[0].name;birthDate;email;gender;immunization;maritalStatus;name.family;name.given[0];name.given[1];name.prefix;phone;practitioner;primaryLanguage,,1468
sola-jsonish-rescue,"StructuredOutputAdapter(output_mode=JSONISH, prompt_layout=SECTIONS, parse_config=ParseConfig())",patient-notes-0006,validation_error,ValidationError,1.927067207001528,1,json_object,0,19,0.0,False,,address.city;address.country;address.line;address.postalCode;address.state;age;allergy;birthDate;email;gender;immunization;maritalStatus;name.family;name.given[0];name.given[1];name.prefix;phone;practitioner;primaryLanguage,,1447
sola-jsonish-rescue,"StructuredOutputAdapter(output_mode=JSONISH, prompt_layout=SECTIONS, parse_config=ParseConfig())",patient-notes-0007,validation_error,ValidationError,1.720653411000967,1,json_object,0,24,0.0,False,,address.city;address.country;address.line;address.postalCode;address.state;age;allergy;birthDate;email;gender;immunization;maritalStatus;name.family;name.given[0];name.given[1];name.prefix;phone;practitioner[0].address;practitioner[0].email;practitioner[0].name.family;practitioner[0].name.given[0];practitioner[0].name.prefix;practitioner[0].phone;primaryLanguage,,1520
sola-jsonish-rescue,"StructuredOutputAdapter(output_mode=JSONISH, prompt_layout=SECTIONS, parse_config=ParseConfig())",patient-notes-0008,validation_error,ValidationError,2.007539407997683,1,json_object,0,20,0.0,False,,address;age;allergy;birthDate;email;gender;immunization;maritalStatus;name.family;name.given[0];name.given[1];name.prefix;phone;practitioner[0].address;practitioner[0].email;practitioner[0].name.family;practitioner[0].name.given[0];practitioner[0].name.prefix;practitioner[0].phone;primaryLanguage,,1602
sola-jsonish-rescue,"StructuredOutputAdapter(output_mode=JSONISH, prompt_layout=SECTIONS, parse_config=ParseConfig())",patient-notes-0009,validation_error,ValidationError,1.8394016120000742,1,json_object,0,24,0.0,False,,address.city;address.country;address.line;address.postalCode;address.state;age;allergy;birthDate;email;gender;immunization;maritalStatus;name.family;name.given[0];name.given[1];name.prefix;phone;practitioner[0].address;practitioner[0].email;practitioner[0].name.family;practitioner[0].name.given[0];practitioner[0].name.prefix;practitioner[0].phone;primaryLanguage,,1502
sola-jsonish-rescue,"StructuredOutputAdapter(output_mode=JSONISH, prompt_layout=SECTIONS, parse_config=ParseConfig())",patient-notes-0010,validation_error,ValidationError,1.8711084950009536,1,json_object,0,15,0.0,False,,address;age;allergy;birthDate;email;gender;immunization;maritalStatus;name.family;name.given[0];name.given[1];name.prefix;phone;practitioner;primaryLanguage,,1549
sola-jsonish-rescue,"StructuredOutputAdapter(output_mode=JSONISH, prompt_layout=SECTIONS, parse_config=ParseConfig())",patient-notes-0011,validation_error,ValidationError,1.7151024359991425,1,json_object,0,14,0.0,False,,address;age;allergy;birthDate;email;gender;immunization;maritalStatus;name.family;name.given[0];name.prefix;phone;practitioner;primaryLanguage,,1340
sola-jsonish-rescue,"StructuredOutputAdapter(output_mode=JSONISH, prompt_layout=SECTIONS, parse_config=ParseConfig())",patient-notes-0012,validation_error,ValidationError,1.7433573809976224,1,json_object,0,26,0.0,False,,address.city;address.country;address.line;address.postalCode;address.state;age;allergy;birthDate;email;gender;immunization[0].occurrenceDate;immunization[0].status;immunization[0].traits[0];maritalStatus;name.family;name.given[0];name.given[1];name.prefix;phone;practitioner[0].address;practitioner[0].email;practitioner[0].name.family;practitioner[0].name.given[0];practitioner[0].name.prefix;practitioner[0].phone;primaryLanguage,,1479
sola-jsonish-rescue,"StructuredOutputAdapter(output_mode=JSONISH, prompt_layout=SECTIONS, parse_config=ParseConfig())",patient-notes-0013,validation_error,ValidationError,2.145135218001087,1,json_object,0,23,0.0,False,,address;age;allergy;birthDate;email;gender;immunization;maritalStatus;name.family;name.given[0];name.prefix;phone;practitioner[0].address.city;practitioner[0].address.country;practitioner[0].address.line;practitioner[0].address.postalCode;practitioner[0].address.state;practitioner[0].email;practitioner[0].name.family;practitioner[0].name.given[0];practitioner[0].name.prefix;practitioner[0].phone;primaryLanguage,,1857
sola-jsonish-rescue,"StructuredOutputAdapter(output_mode=JSONISH, prompt_layout=SECTIONS, parse_config=ParseConfig())",patient-notes-0014,validation_error,ValidationError,1.6919245440003579,1,json_object,0,22,0.0,False,,address.city;address.country;address.line;address.postalCode;address.state;age;allergy;birthDate;email;gender;immunization;maritalStatus;name.family;name.given[0];name.given[1];name.prefix;phone;practitioner[0].address;practitioner[0].email;practitioner[0].name;practitioner[0].phone;primaryLanguage,,1459
sola-jsonish-rescue,"StructuredOutputAdapter(output_mode=JSONISH, prompt_layout=SECTIONS, parse_config=ParseConfig())",patient-notes-0015,validation_error,ValidationError,1.7902585019983235,1,json_object,0,17,0.0,False,,address;age;allergy;birthDate;email;gender;immunization[0].occurrenceDate;immunization[0].status;immunization[0].traits[0];maritalStatus;name.family;name.given[0];name.given[1];name.prefix;phone;practitioner;primaryLanguage,,1411
sola-jsonish-rescue,"StructuredOutputAdapter(output_mode=JSONISH, prompt_layout=SECTIONS, parse_config=ParseConfig())",patient-notes-0016,validation_error,ValidationError,1.7557230060010625,1,json_object,0,20,0.0,False,,address;age;allergy;birthDate;email;gender;immunization;maritalStatus;name.family;name.given[0];name.given[1];name.prefix;phone;practitioner[0].address;practitioner[0].email;practitioner[0].name.family;practitioner[0].name.given[0];practitioner[0].name.prefix;practitioner[0].phone;primaryLanguage,,1404
sola-jsonish-rescue,"StructuredOutputAdapter(output_mode=JSONISH, prompt_layout=SECTIONS, parse_config=ParseConfig())",patient-notes-0017,validation_error,ValidationError,1.2228974150020804,1,json_object,0,15,0.0,False,,address;age;allergy;birthDate;email;gender;immunization;maritalStatus;name.family;name.given[0];name.given[1];name.prefix;phone;practitioner;primaryLanguage,,1228
sola-jsonish-rescue,"StructuredOutputAdapter(output_mode=JSONISH, prompt_layout=SECTIONS, parse_config=ParseConfig())",patient-notes-0018,validation_error,ValidationError,1.7977381240016257,1,json_object,0,15,0.0,False,,address;age;allergy;birthDate;email;gender;immunization;maritalStatus;name.family;name.given[0];name.given[1];name.prefix;phone;practitioner;primaryLanguage,,1471
sola-jsonish-rescue,"StructuredOutputAdapter(output_mode=JSONISH, prompt_layout=SECTIONS, parse_config=ParseConfig())",patient-notes-0019,validation_error,ValidationError,1.9526060210009746,1,json_object,0,28,0.0,False,,address.city;address.country;address.line;address.postalCode;address.state;age;allergy;birthDate;email;gender;immunization;maritalStatus;name.family;name.given[0];name.given[1];name.prefix;phone;practitioner[0].address.city;practitioner[0].address.country;practitioner[0].address.line;practitioner[0].address.postalCode;practitioner[0].address.state;practitioner[0].email;practitioner[0].name.family;practitioner[0].name.given[0];practitioner[0].name.prefix;practitioner[0].phone;primaryLanguage,,1548
sola-jsonish-rescue,"StructuredOutputAdapter(output_mode=JSONISH, prompt_layout=SECTIONS, parse_config=ParseConfig())",patient-notes-0020,validation_error,ValidationError,0.8045047790001263,1,json_object,0,19,0.0,False,,address.city;address.country;address.line;address.postalCode;address.state;age;allergy;birthDate;email;gender;immunization;maritalStatus;name.family;name.given[0];name.given[1];name.prefix;phone;practitioner;primaryLanguage,,1154
sola-jsonish-rescue,"StructuredOutputAdapter(output_mode=JSONISH, prompt_layout=SECTIONS, parse_config=ParseConfig())",patient-notes-0021,validation_error,ValidationError,1.7035421059990767,1,json_object,0,19,0.0,False,,address.city;address.country;address.line;address.postalCode;address.state;age;allergy;birthDate;email;gender;immunization;maritalStatus;name.family;name.given[0];name.given[1];name.prefix;phone;practitioner;primaryLanguage,,1399
sola-jsonish-rescue,"StructuredOutputAdapter(output_mode=JSONISH, prompt_layout=SECTIONS, parse_config=ParseConfig())",patient-notes-0022,validation_error,ValidationError,1.9881826220007497,1,json_object,0,22,0.0,False,,address.city;address.country;address.line;address.postalCode;address.state;age;allergy;birthDate;email;gender;immunization;maritalStatus;name.family;name.given[0];name.given[1];name.prefix;phone;practitioner[0].address;practitioner[0].email;practitioner[0].name;practitioner[0].phone;primaryLanguage,,1593
sola-jsonish-rescue,"StructuredOutputAdapter(output_mode=JSONISH, prompt_layout=SECTIONS, parse_config=ParseConfig())",patient-notes-0023,validation_error,ValidationError,2.2476331629986817,1,json_object,0,24,0.0,False,,address;age;allergy;birthDate;email;gender;immunization;maritalStatus;name.family;name.given[0];name.given[1];name.prefix;phone;practitioner[0].address.city;practitioner[0].address.country;practitioner[0].address.line;practitioner[0].address.postalCode;practitioner[0].address.state;practitioner[0].email;practitioner[0].name.family;practitioner[0].name.given[0];practitioner[0].name.prefix;practitioner[0].phone;primaryLanguage,,1733
sola-jsonish-rescue,"StructuredOutputAdapter(output_mode=JSONISH, prompt_layout=SECTIONS, parse_config=ParseConfig())",patient-notes-0024,validation_error,ValidationError,2.0961743139996543,1,json_object,0,28,0.0,False,,address.city;address.country;address.line;address.postalCode;address.state;age;allergy;birthDate;email;gender;immunization;maritalStatus;name.family;name.given[0];name.given[1];name.prefix;phone;practitioner[0].address.city;practitioner[0].address.country;practitioner[0].address.line;practitioner[0].address.postalCode;practitioner[0].address.state;practitioner[0].email;practitioner[0].name.family;practitioner[0].name.given[0];practitioner[0].name.prefix;practitioner[0].phone;primaryLanguage,,1542
sola-jsonish-rescue,"StructuredOutputAdapter(output_mode=JSONISH, prompt_layout=SECTIONS, parse_config=ParseConfig())",patient-notes-0025,validation_error,ValidationError,2.0098994500003755,1,json_object,0,15,0.0,False,,address;age;allergy;birthDate;email;gender;immunization;maritalStatus;name.family;name.given[0];name.given[1];name.prefix;phone;practitioner;primaryLanguage,,1424
sola-jsonish-rescue,"StructuredOutputAdapter(output_mode=JSONISH, prompt_layout=SECTIONS, parse_config=ParseConfig())",patient-notes-0026,validation_error,ValidationError,2.2339024590000918,1,json_object,0,25,0.0,False,,address.city;address.country;address.line;address.postalCode;address.state;age;allergy;birthDate;email;gender;immunization;maritalStatus;name.family;name.given[0];name.prefix;phone;practitioner[0].address.city;practitioner[0].address.country;practitioner[0].address.line;practitioner[0].address.postalCode;practitioner[0].address.state;practitioner[0].email;practitioner[0].name;practitioner[0].phone;primaryLanguage,,1604
sola-jsonish-rescue,"StructuredOutputAdapter(output_mode=JSONISH, prompt_layout=SECTIONS, parse_config=ParseConfig())",patient-notes-0027,validation_error,ValidationError,1.795730450998235,1,json_object,0,32,0.0,False,,address.city;address.country;address.line;address.postalCode;address.state;age;allergy;birthDate;email;gender;immunization[0].occurrenceDate;immunization[0].status;immunization[0].traits[0];immunization[1].occurrenceDate;immunization[1].status;immunization[1].traits[0];maritalStatus;name.family;name.given[0];name.prefix;phone;practitioner[0].address.city;practitioner[0].address.country;practitioner[0].address.line;practitioner[0].address.postalCode;practitioner[0].address.state;practitioner[0].email;practitioner[0].name.family;practitioner[0].name.given[0];practitioner[0].name.prefix;practitioner[0].phone;primaryLanguage,,1574
sola-jsonish-rescue,"StructuredOutputAdapter(output_mode=JSONISH, prompt_layout=SECTIONS, parse_config=ParseConfig())",patient-notes-0028,validation_error,ValidationError,1.8617185200018866,1,json_object,0,24,0.0,False,,address;age;allergy;birthDate;email;gender;immunization;maritalStatus;name.family;name.given[0];name.given[1];name.prefix;phone;practitioner[0].address.city;practitioner[0].address.country;practitioner[0].address.line;practitioner[0].address.postalCode;practitioner[0].address.state;practitioner[0].email;practitioner[0].name.family;practitioner[0].name.given[0];practitioner[0].name.prefix;practitioner[0].phone;primaryLanguage,,1537
sola-jsonish-rescue,"StructuredOutputAdapter(output_mode=JSONISH, prompt_layout=SECTIONS, parse_config=ParseConfig())",patient-notes-0029,validation_error,ValidationError,2.055022373999236,1,json_object,0,15,0.0,False,,address;age;allergy;birthDate;email;gender;immunization;maritalStatus;name.family;name.given[0];name.given[1];name.prefix;phone;practitioner;primaryLanguage,,1608
sola-yaml-rescue,"StructuredOutputAdapter(output_mode=YAML, prompt_layout=SECTIONS, parse_config=ParseConfig())",patient-notes-0000,parse_error,AdapterParseError,1.2781044319999637,1,none,0,19,0.0,False,,address.city;address.country;address.line;address.postalCode;address.state;age;allergy;birthDate;email;gender;immunization;maritalStatus;name.family;name.given[0];name.given[1];name.prefix;phone;practitioner;primaryLanguage,,1297
sola-yaml-rescue,"StructuredOutputAdapter(output_mode=YAML, prompt_layout=SECTIONS, parse_config=ParseConfig())",patient-notes-0001,parse_error,AdapterParseError,1.092920219998632,1,none,0,19,0.0,False,,address.city;address.country;address.line;address.postalCode;address.state;age;allergy;birthDate;email;gender;immunization;maritalStatus;name.family;name.given[0];name.given[1];name.prefix;phone;practitioner;primaryLanguage,,1347
sola-yaml-rescue,"StructuredOutputAdapter(output_mode=YAML, prompt_layout=SECTIONS, parse_config=ParseConfig())",patient-notes-0002,parse_error,AdapterParseError,1.1928185380020295,1,none,0,21,0.0,False,,address.city;address.country;address.line;address.postalCode;address.state;age;allergy;birthDate;email;gender;immunization[0].occurrenceDate;immunization[0].status;immunization[0].traits[0];maritalStatus;name.family;name.given[0];name.given[1];name.prefix;phone;practitioner;primaryLanguage,,1317
sola-yaml-rescue,"StructuredOutputAdapter(output_mode=YAML, prompt_layout=SECTIONS, parse_config=ParseConfig())",patient-notes-0003,parse_error,AdapterParseError,1.5737380150021636,1,none,0,19,0.0,False,,address.city;address.country;address.line;address.postalCode;address.state;age;allergy;birthDate;email;gender;immunization;maritalStatus;name.family;name.given[0];name.given[1];name.prefix;phone;practitioner;primaryLanguage,,1703
sola-yaml-rescue,"StructuredOutputAdapter(output_mode=YAML, prompt_layout=SECTIONS, parse_config=ParseConfig())",patient-notes-0004,parse_error,AdapterParseError,2.7747112159995595,1,none,0,18,0.0,False,,address.city;address.country;address.line;address.postalCode;address.state;age;allergy;birthDate;email;gender;immunization;maritalStatus;name.family;name.given[0];name.prefix;phone;practitioner;primaryLanguage,,1820
sola-yaml-rescue,"StructuredOutputAdapter(output_mode=YAML, prompt_layout=SECTIONS, parse_config=ParseConfig())",patient-notes-0005,parse_error,AdapterParseError,1.466459217001102,1,none,0,17,0.0,False,,address;age;allergy.substance[0].category;allergy.substance[0].manifestation;allergy.substance[0].name;birthDate;email;gender;immunization;maritalStatus;name.family;name.given[0];name.given[1];name.prefix;phone;practitioner;primaryLanguage,,1329
sola-yaml-rescue,"StructuredOutputAdapter(output_mode=YAML, prompt_layout=SECTIONS, parse_config=ParseConfig())",patient-notes-0006,parse_error,AdapterParseError,1.5428683319987613,1,none,0,19,0.0,False,,address.city;address.country;address.line;address.postalCode;address.state;age;allergy;birthDate;email;gender;immunization;maritalStatus;name.family;name.given[0];name.given[1];name.prefix;phone;practitioner;primaryLanguage,,1353
sola-yaml-rescue,"StructuredOutputAdapter(output_mode=YAML, prompt_layout=SECTIONS, parse_config=ParseConfig())",patient-notes-0007,parse_error,AdapterParseError,1.4549946750012168,1,none,0,24,0.0,False,,address.city;address.country;address.line;address.postalCode;address.state;age;allergy;birthDate;email;gender;immunization;maritalStatus;name.family;name.given[0];name.given[1];name.prefix;phone;practitioner[0].address;practitioner[0].email;practitioner[0].name.family;practitioner[0].name.given[0];practitioner[0].name.prefix;practitioner[0].phone;primaryLanguage,,1416
sola-yaml-rescue,"StructuredOutputAdapter(output_mode=YAML, prompt_layout=SECTIONS, parse_config=ParseConfig())",patient-notes-0008,parse_error,AdapterParseError,1.1266016179979488,1,none,0,20,0.0,False,,address;age;allergy;birthDate;email;gender;immunization;maritalStatus;name.family;name.given[0];name.given[1];name.prefix;phone;practitioner[0].address;practitioner[0].email;practitioner[0].name.family;practitioner[0].name.given[0];practitioner[0].name.prefix;practitioner[0].phone;primaryLanguage,,1389
sola-yaml-rescue,"StructuredOutputAdapter(output_mode=YAML, prompt_layout=SECTIONS, parse_config=ParseConfig())",patient-notes-0009,parse_error,AdapterParseError,1.6155405119970965,1,none,0,24,0.0,False,,address.city;address.country;address.line;address.postalCode;address.state;age;allergy;birthDate;email;gender;immunization;maritalStatus;name.family;name.given[0];name.given[1];name.prefix;phone;practitioner[0].address;practitioner[0].email;practitioner[0].name.family;practitioner[0].name.given[0];practitioner[0].name.prefix;practitioner[0].phone;primaryLanguage,,1430
sola-yaml-rescue,"StructuredOutputAdapter(output_mode=YAML, prompt_layout=SECTIONS, parse_config=ParseConfig())",patient-notes-0010,parse_error,AdapterParseError,1.1866538120011683,1,none,0,15,0.0,False,,address;age;allergy;birthDate;email;gender;immunization;maritalStatus;name.family;name.given[0];name.given[1];name.prefix;phone;practitioner;primaryLanguage,,1378
sola-yaml-rescue,"StructuredOutputAdapter(output_mode=YAML, prompt_layout=SECTIONS, parse_config=ParseConfig())",patient-notes-0011,parse_error,AdapterParseError,1.2556179839994002,1,none,0,14,0.0,False,,address;age;allergy;birthDate;email;gender;immunization;maritalStatus;name.family;name.given[0];name.prefix;phone;practitioner;primaryLanguage,,1213
sola-yaml-rescue,"StructuredOutputAdapter(output_mode=YAML, prompt_layout=SECTIONS, parse_config=ParseConfig())",patient-notes-0012,parse_error,AdapterParseError,1.1557743630000914,1,none,0,26,0.0,False,,address.city;address.country;address.line;address.postalCode;address.state;age;allergy;birthDate;email;gender;immunization[0].occurrenceDate;immunization[0].status;immunization[0].traits[0];maritalStatus;name.family;name.given[0];name.given[1];name.prefix;phone;practitioner[0].address;practitioner[0].email;practitioner[0].name.family;practitioner[0].name.given[0];practitioner[0].name.prefix;practitioner[0].phone;primaryLanguage,,1337
sola-yaml-rescue,"StructuredOutputAdapter(output_mode=YAML, prompt_layout=SECTIONS, parse_config=ParseConfig())",patient-notes-0013,validation_error,ValidationError,2.0992766179988394,1,none,0,23,0.0,False,,address;age;allergy;birthDate;email;gender;immunization;maritalStatus;name.family;name.given[0];name.prefix;phone;practitioner[0].address.city;practitioner[0].address.country;practitioner[0].address.line;practitioner[0].address.postalCode;practitioner[0].address.state;practitioner[0].email;practitioner[0].name.family;practitioner[0].name.given[0];practitioner[0].name.prefix;practitioner[0].phone;primaryLanguage,,1844
sola-yaml-rescue,"StructuredOutputAdapter(output_mode=YAML, prompt_layout=SECTIONS, parse_config=ParseConfig())",patient-notes-0014,parse_error,AdapterParseError,1.235601931999554,1,none,0,22,0.0,False,,address.city;address.country;address.line;address.postalCode;address.state;age;allergy;birthDate;email;gender;immunization;maritalStatus;name.family;name.given[0];name.given[1];name.prefix;phone;practitioner[0].address;practitioner[0].email;practitioner[0].name;practitioner[0].phone;primaryLanguage,,1351
sola-yaml-rescue,"StructuredOutputAdapter(output_mode=YAML, prompt_layout=SECTIONS, parse_config=ParseConfig())",patient-notes-0015,parse_error,AdapterParseError,1.2611540370016883,1,none,0,17,0.0,False,,address;age;allergy;birthDate;email;gender;immunization[0].occurrenceDate;immunization[0].status;immunization[0].traits[0];maritalStatus;name.family;name.given[0];name.given[1];name.prefix;phone;practitioner;primaryLanguage,,1283
sola-yaml-rescue,"StructuredOutputAdapter(output_mode=YAML, prompt_layout=SECTIONS, parse_config=ParseConfig())",patient-notes-0016,parse_error,AdapterParseError,1.1791720500004885,1,none,0,20,0.0,False,,address;age;allergy;birthDate;email;gender;immunization;maritalStatus;name.family;name.given[0];name.given[1];name.prefix;phone;practitioner[0].address;practitioner[0].email;practitioner[0].name.family;practitioner[0].name.given[0];practitioner[0].name.prefix;practitioner[0].phone;primaryLanguage,,1263
sola-yaml-rescue,"StructuredOutputAdapter(output_mode=YAML, prompt_layout=SECTIONS, parse_config=ParseConfig())",patient-notes-0017,parse_error,AdapterParseError,1.5204652180000267,1,none,0,15,0.0,False,,address;age;allergy;birthDate;email;gender;immunization;maritalStatus;name.family;name.given[0];name.given[1];name.prefix;phone;practitioner;primaryLanguage,,1300
sola-yaml-rescue,"StructuredOutputAdapter(output_mode=YAML, prompt_layout=SECTIONS, parse_config=ParseConfig())",patient-notes-0018,parse_error,AdapterParseError,1.323502384002495,1,none,0,15,0.0,False,,address;age;allergy;birthDate;email;gender;immunization;maritalStatus;name.family;name.given[0];name.given[1];name.prefix;phone;practitioner;primaryLanguage,,1350
sola-yaml-rescue,"StructuredOutputAdapter(output_mode=YAML, prompt_layout=SECTIONS, parse_config=ParseConfig())",patient-notes-0019,parse_error,AdapterParseError,1.533092536003096,1,none,0,28,0.0,False,,address.city;address.country;address.line;address.postalCode;address.state;age;allergy;birthDate;email;gender;immunization;maritalStatus;name.family;name.given[0];name.given[1];name.prefix;phone;practitioner[0].address.city;practitioner[0].address.country;practitioner[0].address.line;practitioner[0].address.postalCode;practitioner[0].address.state;practitioner[0].email;practitioner[0].name.family;practitioner[0].name.given[0];practitioner[0].name.prefix;practitioner[0].phone;primaryLanguage,,1448
sola-yaml-rescue,"StructuredOutputAdapter(output_mode=YAML, prompt_layout=SECTIONS, parse_config=ParseConfig())",patient-notes-0020,parse_error,AdapterParseError,0.8427295769979537,1,none,0,19,0.0,False,,address.city;address.country;address.line;address.postalCode;address.state;age;allergy;birthDate;email;gender;immunization;maritalStatus;name.family;name.given[0];name.given[1];name.prefix;phone;practitioner;primaryLanguage,,1167
sola-yaml-rescue,"StructuredOutputAdapter(output_mode=YAML, prompt_layout=SECTIONS, parse_config=ParseConfig())",patient-notes-0021,parse_error,AdapterParseError,1.1282951369976217,1,none,0,19,0.0,False,,address.city;address.country;address.line;address.postalCode;address.state;age;allergy;birthDate;email;gender;immunization;maritalStatus;name.family;name.given[0];name.given[1];name.prefix;phone;practitioner;primaryLanguage,,1256
sola-yaml-rescue,"StructuredOutputAdapter(output_mode=YAML, prompt_layout=SECTIONS, parse_config=ParseConfig())",patient-notes-0022,parse_error,AdapterParseError,1.2918376599991461,1,none,0,22,0.0,False,,address.city;address.country;address.line;address.postalCode;address.state;age;allergy;birthDate;email;gender;immunization;maritalStatus;name.family;name.given[0];name.given[1];name.prefix;phone;practitioner[0].address;practitioner[0].email;practitioner[0].name;practitioner[0].phone;primaryLanguage,,1425
sola-yaml-rescue,"StructuredOutputAdapter(output_mode=YAML, prompt_layout=SECTIONS, parse_config=ParseConfig())",patient-notes-0023,parse_error,AdapterParseError,1.259371871001349,1,none,0,24,0.0,False,,address;age;allergy;birthDate;email;gender;immunization;maritalStatus;name.family;name.given[0];name.given[1];name.prefix;phone;practitioner[0].address.city;practitioner[0].address.country;practitioner[0].address.line;practitioner[0].address.postalCode;practitioner[0].address.state;practitioner[0].email;practitioner[0].name.family;practitioner[0].name.given[0];practitioner[0].name.prefix;practitioner[0].phone;primaryLanguage,,1565
sola-yaml-rescue,"StructuredOutputAdapter(output_mode=YAML, prompt_layout=SECTIONS, parse_config=ParseConfig())",patient-notes-0024,parse_error,AdapterParseError,1.709935109000071,1,none,0,28,0.0,False,,address.city;address.country;address.line;address.postalCode;address.state;age;allergy;birthDate;email;gender;immunization;maritalStatus;name.family;name.given[0];name.given[1];name.prefix;phone;practitioner[0].address.city;practitioner[0].address.country;practitioner[0].address.line;practitioner[0].address.postalCode;practitioner[0].address.state;practitioner[0].email;practitioner[0].name.family;practitioner[0].name.given[0];practitioner[0].name.prefix;practitioner[0].phone;primaryLanguage,,1528
sola-yaml-rescue,"StructuredOutputAdapter(output_mode=YAML, prompt_layout=SECTIONS, parse_config=ParseConfig())",patient-notes-0025,parse_error,AdapterParseError,1.2049564459994144,1,none,0,15,0.0,False,,address;age;allergy;birthDate;email;gender;immunization;maritalStatus;name.family;name.given[0];name.given[1];name.prefix;phone;practitioner;primaryLanguage,,1300
sola-yaml-rescue,"StructuredOutputAdapter(output_mode=YAML, prompt_layout=SECTIONS, parse_config=ParseConfig())",patient-notes-0026,parse_error,AdapterParseError,0.9416077519999817,1,none,0,25,0.0,False,,address.city;address.country;address.line;address.postalCode;address.state;age;allergy;birthDate;email;gender;immunization;maritalStatus;name.family;name.given[0];name.prefix;phone;practitioner[0].address.city;practitioner[0].address.country;practitioner[0].address.line;practitioner[0].address.postalCode;practitioner[0].address.state;practitioner[0].email;practitioner[0].name;practitioner[0].phone;primaryLanguage,,1366
sola-yaml-rescue,"StructuredOutputAdapter(output_mode=YAML, prompt_layout=SECTIONS, parse_config=ParseConfig())",patient-notes-0027,parse_error,AdapterParseError,1.2981428509992838,1,none,0,32,0.0,False,,address.city;address.country;address.line;address.postalCode;address.state;age;allergy;birthDate;email;gender;immunization[0].occurrenceDate;immunization[0].status;immunization[0].traits[0];immunization[1].occurrenceDate;immunization[1].status;immunization[1].traits[0];maritalStatus;name.family;name.given[0];name.prefix;phone;practitioner[0].address.city;practitioner[0].address.country;practitioner[0].address.line;practitioner[0].address.postalCode;practitioner[0].address.state;practitioner[0].email;practitioner[0].name.family;practitioner[0].name.given[0];practitioner[0].name.prefix;practitioner[0].phone;primaryLanguage,,1488
sola-yaml-rescue,"StructuredOutputAdapter(output_mode=YAML, prompt_layout=SECTIONS, parse_config=ParseConfig())",patient-notes-0028,parse_error,AdapterParseError,1.0883384900007513,1,none,0,24,0.0,False,,address;age;allergy;birthDate;email;gender;immunization;maritalStatus;name.family;name.given[0];name.given[1];name.prefix;phone;practitioner[0].address.city;practitioner[0].address.country;practitioner[0].address.line;practitioner[0].address.postalCode;practitioner[0].address.state;practitioner[0].email;practitioner[0].name.family;practitioner[0].name.given[0];practitioner[0].name.prefix;practitioner[0].phone;primaryLanguage,,1386
sola-yaml-rescue,"StructuredOutputAdapter(output_mode=YAML, prompt_layout=SECTIONS, parse_config=ParseConfig())",patient-notes-0029,parse_error,AdapterParseError,1.2375785529984569,1,none,0,15,0.0,False,,address;age;allergy;birthDate;email;gender;immunization;maritalStatus;name.family;name.given[0];name.given[1];name.prefix;phone;practitioner;primaryLanguage,,1449
