adapter,adapter_config,case_id,outcome,error_class,wall_s,lm_calls,response_format_sent,matched,total,ratio,exact,wrong,missing,spurious,total_tokens,recall_matched,recall_total,recall,invented,replies
chat,ChatAdapter(use_json_adapter_fallback=False),case-0000,parse_error,AdapterParseError,9.735939721984323,1,none,0,12,0.0,False,,address.city;address.postcode;address.street;age;contacts[0].email;contacts[0].phone;contacts[1].email;contacts[1].phone;employment;name;tags[0];tags[1],,963,0,10,0.0,0,"[""```json\n{\n  \""record\"": {\n    \""name\"": \""Edsger Dijkstra\"",\n    \""age\"": 57,\n    \""address\"": {\n      \""city\"": \""Cupertino\"",\n      \""postcode\"": \""40212\"",\n      \""street\"": \""88 Königsallee\""\n    },\n    \""contacts\"": [\n      {\n        \""email\"": \""edsger.dijkstra@mail.test\"",\n        \""phone\"": \""+13 733 5104\""\n      },\n      {\n        \""email\"": \""edsger.dijkstra1@corp.example\"",\n        \""phone\"": null\n      }\n    ],\n    \""employment\"": null,\n    \""tags\"": [\""distributed-systems\"", \""cryptography\""]\n  }\n}\n```""]"
chat,ChatAdapter(use_json_adapter_fallback=False),case-0001,parse_error,AdapterParseError,2.5996958749892656,1,none,0,14,0.0,False,,address.city;address.postcode;address.street;age;contacts[0].email;contacts[0].phone;contacts[1].email;contacts[1].phone;employment.company;employment.role;employment.years;name;tags[0];tags[1],,1023,0,14,0.0,0,"[""```json\n{\n  \""record\"": {\n    \""name\"": \""Alan Hopper\"",\n    \""age\"": 20,\n    \""address\"": {\n      \""city\"": \""Osaka\"",\n      \""postcode\"": \""75009\"",\n      \""street\"": \""1 Infinite Loop\""\n    },\n    \""contacts\"": [\n      {\n        \""email\"": \""alan.hopper@post.example\"",\n        \""phone\"": \""+98 885 1034\""\n      },\n      {\n        \""email\"": \""alan.hopper1@post.example\"",\n        \""phone\"": \""+30 705 2674\""\n      }\n    ],\n    \""employment\"": {\n      \""company\"": \""Analytical Engines Ltd\"",\n      \""role\"": \""network designer\"",\n      \""years\"": 1\n    },\n    \""tags\"": [\""compilers\"", \""mathematics\""]\n  }\n}\n```""]"
chat,ChatAdapter(use_json_adapter_fallback=False),case-0002,parse_error,AdapterParseError,6.1711946980212815,1,none,0,10,0.0,False,,address.city;address.postcode;address.street;age;contacts[0].email;contacts[0].phone;employment;name;tags[0];tags[1],,1383,0,8,0.0,0,"[""```json\n{\n  \""type\"": \""object\"",\n  \""$defs\"": {\n    \""Address\"": {\n      \""city\"": {\""type\"": \""string\""},\n      \""postcode\"": {\""anyOf\"": [{\""type\"": \""string\""}, {\""type\"": \""null\""}], \""default\"": null, \""title\"": \""Postcode\""},\n      \""street\"": {\""type\"": \""string\"", \""title\"": \""Street\""}\n    },\n    \""Contact\"": {\n      \""email\"": {\""type\"": \""string\"", \""title\"": \""Email\""},\n      \""phone\"": {\""anyOf\"": [{\""type\"": \""string\""}, {\""type\"": \""null\""}], \""default\"": null, \""title\"": \""Phone\""}\n    },\n    \""Employment\"": {\n      \""company\"": {\""type\"": \""string\"", \""title\"": \""Company\""},\n      \""role\"": {\""type\"": \""string\"", \""title\"": \""Role\""},\n      \""years\"": {\""type\"": \""integer\"", \""maximum\"": 50, \""minimum\"": 0, \""title\"": \""Years\""}\n    },\n    \""PersonRecord\"": {\n      \""address\"": {\""$ref\"": \""#/$defs/Address\""},\n      \""age\"": {\""type\"": \""integer\"", \""maximum\"": 120, \""minimum\"": 0, \""title\"": \""Age\""},\n      \""contacts\"": {\""type\"": \""array\"", \""items\"": {\""$ref\"": \""#/$defs/Contact\""}},\n      \""employment\"": {\""anyOf\"": [{\""$ref\"": \""#/$defs/Employment\""}, {\""type\"": \""null\""}], \""default\"": null},\n      \""name\"": {\""type\"": \""string\"", \""title\"": \""Name\""},\n      \""tags\"": {\""type\"": \""array\"", \""items\"": {\""type\"": \""string\""}, \""title\"": \""Tags\""}\n    }\n  },\n  \""description\"": \""The extraction target: nested models, an optional object, and two lists.\\n\\nDeliberately shaped like the reference benchmarks' targets - nesting, optionality and\\nrepetition are where schema-following actually breaks down, and a flat model would\\nmake every adapter look identical.\"",\n  \""properties\"": {\n    \""address\"": {\""$ref\"": \""#/$defs/Address\""},\n    \""age\"": {\""type\"": \""integer\"", \""maximum\"": 120, \""minimum\"": 0, \""title\"": \""Age\""},\n    \""contacts\"": {\""type\"": \""array\"", \""items\"": {\""$ref\"": \""#/$defs/Contact\""}},\n    \""employment\"": {\""anyOf\"": [{\""$ref\"": \""#/$defs/Employment\""}, {\""type\"": \""null\""}], \""default\"": null},\n    \""name\"": {\""type\"": \""string\"", \""title\"": \""Name\""},\n    \""tags\"": {\""type\"": \""array\"", \""items\"": {\""type\"": \""string\""}, \""title\"": \""Tags\""}\n  },\n  \""required\"": [\""name\"", \""age\"", \""address\""],\n  \""title\"": \""PersonRecord\""\n}\n```""]"
chat,ChatAdapter(use_json_adapter_fallback=False),case-0003,parse_error,AdapterParseError,1.3454985799908172,1,none,0,11,0.0,False,,address.city;address.postcode;address.street;age;employment.company;employment.role;employment.years;name;tags[0];tags[1];tags[2],,929,0,11,0.0,0,"[""```json\n{\n  \""record\"": {\n    \""name\"": \""Katherine Turing\"",\n    \""age\"": 37,\n    \""address\"": {\n      \""city\"": \""Osaka\"",\n      \""postcode\"": \""95014\"",\n      \""street\"": \""12 Baker St\""\n    },\n    \""contacts\"": [\n      {\n        \""email\"": \""\"",\n        \""phone\"": \""\""\n      }\n    ],\n    \""employment\"": {\n      \""company\"": \""Bell Labs\"",\n      \""role\"": \""research lead\"",\n      \""years\"": 7\n    },\n    \""tags\"": [\""networking\"", \""distributed-systems\"", \""cryptography\""]\n  }\n}\n```""]"
chat,ChatAdapter(use_json_adapter_fallback=False),case-0004,parse_error,AdapterParseError,2.0491772259993013,1,none,0,10,0.0,False,,address.city;address.postcode;address.street;age;contacts[0].email;contacts[0].phone;employment.company;employment.role;employment.years;name,,1074,0,10,0.0,0,"[""```json\n{\n  \""type\"": \""object\"",\n  \""$defs\"": {\n    \""Address\"": {\n      \""city\"": \""London\"",\n      \""postcode\"": \""95014\"",\n      \""street\"": \""12 Baker St\""\n    },\n    \""Contact\"": {\n      \""email\"": \""katherine.torvalds@example.com\"",\n      \""phone\"": \""+69 468 5533\""\n    },\n    \""Employment\"": {\n      \""company\"": \""Sun Micro\"",\n      \""role\"": \""compiler architect\"",\n      \""years\"": 26\n    }\n  },\n  \""name\"": \""Katherine Torvalds\"",\n  \""age\"": 40,\n  \""address\"": {\n    \""city\"": \""London\"",\n    \""postcode\"": \""95014\"",\n    \""street\"": \""12 Baker St\""\n  },\n  \""contacts\"": [\n    {\n      \""email\"": \""katherine.torvalds@example.com\"",\n      \""phone\"": \""+69 468 5533\""\n    }\n  ],\n  \""employment\"": {\n    \""company\"": \""Sun Micro\"",\n    \""role\"": \""compiler architect\"",\n    \""years\"": 26\n  }\n}\n```""]"
chat,ChatAdapter(use_json_adapter_fallback=False),case-0005,parse_error,AdapterParseError,0.7780991810141131,1,none,0,8,0.0,False,,address.city;address.postcode;address.street;age;employment;name;tags[0];tags[1],,840,0,6,0.0,0,"[""```json\n{\n  \""record\"": {\n    \""name\"": \""Linus Liskov\"",\n    \""age\"": 32,\n    \""address\"": {\n      \""city\"": \""Kraków\"",\n      \""postcode\"": null,\n      \""street\"": \""5 Rue Lafayette\""\n    },\n    \""contacts\"": [],\n    \""employment\"": null,\n    \""tags\"": [\""mathematics\"", \""cryptography\""]\n  }\n}\n```""]"
chat,ChatAdapter(use_json_adapter_fallback=False),case-0006,parse_error,AdapterParseError,1.301897477998864,1,none,0,13,0.0,False,,address.city;address.postcode;address.street;age;contacts[0].email;contacts[0].phone;employment.company;employment.role;employment.years;name;tags[0];tags[1];tags[2],,953,0,12,0.0,0,"[""```json\n{\n  \""record\"": {\n    \""name\"": \""Grace Perlman\"",\n    \""age\"": 90,\n    \""address\"": {\n      \""city\"": \""Osaka\"",\n      \""postcode\"": null,\n      \""street\"": \""Infinite Loop\""\n    },\n    \""contacts\"": [\n      {\n        \""email\"": \""grace.perlman@example.com\"",\n        \""phone\"": \""+26 847 7783\""\n      }\n    ],\n    \""employment\"": {\n      \""company\"": \""Bell Labs\"",\n      \""role\"": \""compiler architect\"",\n      \""years\"": 25\n    },\n    \""tags\"": [\""distributed-systems\"", \""mathematics\"", \""networking\""]\n  }\n}\n```""]"
chat,ChatAdapter(use_json_adapter_fallback=False),case-0007,parse_error,AdapterParseError,1.145205953012919,1,none,0,10,0.0,False,,address.city;address.postcode;address.street;age;employment.company;employment.role;employment.years;name;tags[0];tags[1],,923,0,10,0.0,0,"[""```json\n{\n  \""record\"": {\n    \""name\"": \""Barbara Turing\"",\n    \""age\"": 26,\n    \""address\"": {\n      \""city\"": \""London\"",\n      \""postcode\"": \""08540\"",\n      \""street\"": \""7 Nassau St\""\n    },\n    \""contacts\"": [\n      {\n        \""email\"": \""\"",\n        \""phone\"": \""\""\n      }\n    ],\n    \""employment\"": {\n      \""company\"": \""Naval Systems\"",\n      \""role\"": \""staff engineer\"",\n      \""years\"": 3\n    },\n    \""tags\"": [\""networking\"", \""distributed-systems\""]\n  }\n}\n```""]"
chat,ChatAdapter(use_json_adapter_fallback=False),case-0008,parse_error,AdapterParseError,0.8361782350111753,1,none,0,8,0.0,False,,address.city;address.postcode;address.street;age;employment.company;employment.role;employment.years;name,,857,0,7,0.0,0,"[""```json\n{\n  \""name\"": \""Katherine Liskov\"",\n  \""age\"": 21,\n  \""address\"": {\n    \""city\"": \""Paris\"",\n    \""postcode\"": null,\n    \""street\"": \""5 Rue Lafayette\""\n  },\n  \""contacts\"": [],\n  \""employment\"": {\n    \""company\"": \""Sun Micro\"",\n    \""role\"": \""research lead\"",\n    \""years\"": 13\n  }\n}\n```""]"
chat,ChatAdapter(use_json_adapter_fallback=False),case-0009,parse_error,AdapterParseError,1.2168990799982566,1,none,0,10,0.0,False,,address.city;address.postcode;address.street;age;employment.company;employment.role;employment.years;name;tags[0];tags[1],,933,0,10,0.0,0,"[""```json\n{\n  \""record\"": {\n    \""name\"": \""Radia Liskov\"",\n    \""age\"": 66,\n    \""address\"": {\n      \""city\"": \""Cupertino\"",\n      \""postcode\"": \""08540\"",\n      \""street\"": \""7 Nassau St\""\n    },\n    \""contacts\"": [\n      {\n        \""email\"": \""\"",\n        \""phone\"": \""\""\n      }\n    ],\n    \""employment\"": {\n      \""company\"": \""Analytical Engines Ltd\"",\n      \""role\"": \""compiler architect\"",\n      \""years\"": 18\n    },\n    \""tags\"": [\""distributed-systems\"", \""mathematics\""]\n  }\n}\n```""]"
chat,ChatAdapter(use_json_adapter_fallback=False),case-0010,parse_error,AdapterParseError,1.4917528899968602,1,none,0,14,0.0,False,,address.city;address.postcode;address.street;age;contacts[0].email;contacts[0].phone;contacts[1].email;contacts[1].phone;employment.company;employment.role;employment.years;name;tags[0];tags[1],,1008,0,13,0.0,0,"[""```json\n{\n  \""record\"": {\n    \""name\"": \""Ada Dijkstra\"",\n    \""age\"": 66,\n    \""address\"": {\n      \""city\"": \""Kraków\"",\n      \""postcode\"": \""75009\"",\n      \""street\"": \""88 Königsallee\""\n    },\n    \""contacts\"": [\n      {\n        \""email\"": \""ada.dijkstra1@post.example\"",\n        \""phone\"": \""+96 469 1730\""\n      },\n      {\n        \""email\"": \""ada.dijkstra@example.com\"",\n        \""phone\"": null\n      }\n    ],\n    \""employment\"": {\n      \""company\"": \""Analytical Engines Ltd\"",\n      \""role\"": \""network designer\"",\n      \""years\"": 11\n    },\n    \""tags\"": [\""distributed-systems\"", \""compilers\""]\n  }\n}\n```""]"
chat,ChatAdapter(use_json_adapter_fallback=False),case-0011,parse_error,AdapterParseError,1.0796245870005805,1,none,0,9,0.0,False,,address.city;address.postcode;address.street;age;contacts[0].email;contacts[0].phone;employment;name;tags[0],,916,0,8,0.0,0,"[""```json\n{\n  \""record\"": {\n    \""name\"": \""Radia Perlman\"",\n    \""age\"": 23,\n    \""address\"": {\n      \""city\"": \""Cupertino\"",\n      \""postcode\"": \""08540\"",\n      \""street\"": \""7 Nassau St\""\n    },\n    \""contacts\"": [\n      {\n        \""email\"": \""radia.perlman@mail.test\"",\n        \""phone\"": \""+39 245 2485\""\n      }\n    ],\n    \""employment\"": null,\n    \""tags\"": []\n  }\n}\n```""]"
chat,ChatAdapter(use_json_adapter_fallback=False),case-0012,parse_error,AdapterParseError,2.0394676880096085,1,none,0,12,0.0,False,,address.city;address.postcode;address.street;age;contacts[0].email;contacts[0].phone;employment.company;employment.role;employment.years;name;tags[0];tags[1],,1050,0,10,0.0,0,"[""```json\n{\n  \""type\"": \""object\"",\n  \""$defs\"": {\n    \""Address\"": {\n      \""city\"": \""Düsseldorf\"",\n      \""postcode\"": null,\n      \""street\"": \""12 Baker St\""\n    },\n    \""Contact\"": {\n      \""email\"": \""radia.torvalds@post.example\"",\n      \""phone\"": null\n    },\n    \""Employment\"": {\n      \""company\"": \""Xerox PARC\"",\n      \""role\"": \""compiler architect\"",\n      \""years\"": 21\n    }\n  },\n  \""name\"": \""Radia Torvalds\"",\n  \""age\"": 89,\n  \""address\"": {\n    \""city\"": \""Düsseldorf\"",\n    \""postcode\"": null,\n    \""street\"": \""12 Baker St\""\n  },\n  \""contacts\"": [\n    {\n      \""email\"": \""radia.torvalds@post.example\"",\n      \""phone\"": null\n    }\n  ],\n  \""employment\"": {\n    \""company\"": \""Xerox PARC\"",\n    \""role\"": \""compiler architect\"",\n    \""years\"": 21\n  },\n  \""tags\"": [\""distributed-systems\"", \""cryptography\""]\n}\n```""]"
chat,ChatAdapter(use_json_adapter_fallback=False),case-0013,parse_error,AdapterParseError,1.1652898229949642,1,none,0,11,0.0,False,,address.city;address.postcode;address.street;age;contacts[0].email;contacts[0].phone;employment.company;employment.role;employment.years;name;tags[0],,919,0,9,0.0,0,"[""```json\n{\n  \""record\"": {\n    \""name\"": \""Linus Torvalds\"",\n    \""age\"": 55,\n    \""address\"": {\n      \""city\"": \""Osaka\"",\n      \""postcode\"": null,\n      \""street\"": \""5 Rue Lafayette\""\n    },\n    \""contacts\"": [\n      {\n        \""email\"": \""linus.torvalds@example.com\"",\n        \""phone\"": null\n      }\n    ],\n    \""employment\"": {\n      \""company\"": \""Naval Systems\"",\n      \""role\"": \""research lead\"",\n      \""years\"": 5\n    },\n    \""tags\"": [\""cryptography\""]\n  }\n}\n```""]"
chat,ChatAdapter(use_json_adapter_fallback=False),case-0014,parse_error,AdapterParseError,1.71733224298805,1,none,0,10,0.0,False,,address.city;address.postcode;address.street;age;employment.company;employment.role;employment.years;name;tags[0];tags[1],,995,0,10,0.0,0,"[""```json\n{\n  \""type\"": \""object\"",\n  \""$defs\"": {\n    \""Address\"": {\n      \""city\"": \""Cupertino\"",\n      \""postcode\"": \""95014\"",\n      \""street\"": \""88 Königsallee\""\n    },\n    \""Contact\"": {\n      \""email\"": null,\n      \""phone\"": null\n    },\n    \""Employment\"": {\n      \""company\"": \""Xerox PARC\"",\n      \""role\"": \""staff engineer\"",\n      \""years\"": 9\n    }\n  },\n  \""name\"": \""Grace Johnson\"",\n  \""age\"": 63,\n  \""address\"": {\n    \""city\"": \""Cupertino\"",\n    \""postcode\"": \""95014\"",\n    \""street\"": \""88 Königsallee\""\n  },\n  \""contacts\"": [],\n  \""employment\"": {\n    \""company\"": \""Xerox PARC\"",\n    \""role\"": \""staff engineer\"",\n    \""years\"": 9\n  }\n}\n```""]"
chat,ChatAdapter(use_json_adapter_fallback=False),case-0015,parse_error,AdapterParseError,2.186690626986092,1,none,0,10,0.0,False,,address.city;address.postcode;address.street;age;contacts[0].email;contacts[0].phone;employment.company;employment.role;employment.years;name,,1071,0,10,0.0,0,"[""```json\n{\n  \""type\"": \""object\"",\n  \""$defs\"": {\n    \""Address\"": {\n      \""city\"": \""Osaka\"",\n      \""postcode\"": \""75009\"",\n      \""street\"": \""12 Baker St\""\n    },\n    \""Contact\"": {\n      \""email\"": \""katherine.lovelace@corp.example\"",\n      \""phone\"": \""+46 387 7427\""\n    },\n    \""Employment\"": {\n      \""company\"": \""Bell Labs\"",\n      \""role\"": \""research lead\"",\n      \""years\"": 4\n    }\n  },\n  \""name\"": \""Katherine Lovelace\"",\n  \""age\"": 51,\n  \""address\"": {\n    \""city\"": \""Osaka\"",\n    \""postcode\"": \""75009\"",\n    \""street\"": \""12 Baker St\""\n  },\n  \""contacts\"": [\n    {\n      \""email\"": \""katherine.lovelace@corp.example\"",\n      \""phone\"": \""+46 387 7427\""\n    }\n  ],\n  \""employment\"": {\n    \""company\"": \""Bell Labs\"",\n    \""role\"": \""research lead\"",\n    \""years\"": 4\n  }\n}\n```""]"
chat,ChatAdapter(use_json_adapter_fallback=False),case-0016,parse_error,AdapterParseError,1.5217422569985501,1,none,0,12,0.0,False,,address.city;address.postcode;address.street;age;contacts[0].email;contacts[0].phone;contacts[1].email;contacts[1].phone;employment.company;employment.role;employment.years;name,,1013,0,12,0.0,0,"[""```json\n{\n  \""record\"": {\n    \""name\"": \""Barbara Perlman\"",\n    \""age\"": 20,\n    \""address\"": {\n      \""city\"": \""Osaka\"",\n      \""postcode\"": \""40212\"",\n      \""street\"": \""Infinite Loop\""\n    },\n    \""contacts\"": [\n      {\n        \""email\"": \""barbara.perlman1@corp.example\"",\n        \""phone\"": \""+29 717 5153\""\n      },\n      {\n        \""email\"": \""barbara.perlman@corp.example\"",\n        \""phone\"": \""+43 782 3325\""\n      }\n    ],\n    \""employment\"": {\n      \""company\"": \""Naval Systems\"",\n      \""role\"": \""research lead\"",\n      \""years\"": 1\n    }\n  }\n}\n```""]"
chat,ChatAdapter(use_json_adapter_fallback=False),case-0017,parse_error,AdapterParseError,1.9275505109981168,1,none,0,10,0.0,False,,address.city;address.postcode;address.street;age;contacts[0].email;contacts[0].phone;employment.company;employment.role;employment.years;name,,1027,0,8,0.0,0,"[""```json\n{\n  \""type\"": \""object\"",\n  \""$defs\"": {\n    \""Address\"": {\n      \""city\"": \""Paris\"",\n      \""postcode\"": null,\n      \""street\"": \""12 Baker St\""\n    },\n    \""Contact\"": {\n      \""email\"": \""edsger.torvalds@corp.example\"",\n      \""phone\"": null\n    },\n    \""Employment\"": {\n      \""company\"": \""Xerox PARC\"",\n      \""role\"": \""network designer\"",\n      \""years\"": 9\n    }\n  },\n  \""name\"": \""Edsger Torvalds\"",\n  \""age\"": 69,\n  \""address\"": {\n    \""city\"": \""Paris\"",\n    \""postcode\"": null,\n    \""street\"": \""12 Baker St\""\n  },\n  \""contacts\"": [\n    {\n      \""email\"": \""edsger.torvalds@corp.example\"",\n      \""phone\"": null\n    }\n  ],\n  \""employment\"": {\n    \""company\"": \""Xerox PARC\"",\n    \""role\"": \""network designer\"",\n    \""years\"": 9\n  }\n}\n```""]"
chat,ChatAdapter(use_json_adapter_fallback=False),case-0018,parse_error,AdapterParseError,2.133721283986233,1,none,0,12,0.0,False,,address.city;address.postcode;address.street;age;contacts[0].email;contacts[0].phone;employment.company;employment.role;employment.years;name;tags[0];tags[1],,1073,0,11,0.0,0,"[""```json\n{\n  \""type\"": \""object\"",\n  \""$defs\"": {\n    \""Address\"": {\n      \""city\"": \""Paris\"",\n      \""postcode\"": null,\n      \""street\"": \""1 Infinite Loop\""\n    },\n    \""Contact\"": {\n      \""email\"": \""alan.hopper@corp.example\"",\n      \""phone\"": \""+89 220 6315\""\n    },\n    \""Employment\"": {\n      \""company\"": \""Xerox PARC\"",\n      \""role\"": \""compiler architect\"",\n      \""years\"": 15\n    }\n  },\n  \""name\"": \""Alan Hopper\"",\n  \""age\"": 48,\n  \""address\"": {\n    \""city\"": \""Paris\"",\n    \""postcode\"": null,\n    \""street\"": \""1 Infinite Loop\""\n  },\n  \""contacts\"": [\n    {\n      \""email\"": \""alan.hopper@corp.example\"",\n      \""phone\"": \""+89 220 6315\""\n    }\n  ],\n  \""employment\"": {\n    \""company\"": \""Xerox PARC\"",\n    \""role\"": \""compiler architect\"",\n    \""years\"": 15\n  },\n  \""tags\"": [\""distributed-systems\"", \""cryptography\""]\n}\n```""]"
chat,ChatAdapter(use_json_adapter_fallback=False),case-0019,parse_error,AdapterParseError,2.058263381011784,1,none,0,13,0.0,False,,address.city;address.postcode;address.street;age;contacts[0].email;contacts[0].phone;employment.company;employment.role;employment.years;name;tags[0];tags[1];tags[2],,1060,0,12,0.0,0,"[""```json\n{\n  \""type\"": \""object\"",\n  \""$defs\"": {\n    \""Address\"": {\n      \""city\"": \""Princeton\"",\n      \""postcode\"": \""40212\"",\n      \""street\"": \""5 Rue Lafayette\""\n    },\n    \""Contact\"": {\n      \""email\"": \""ada.hopper@corp.example\"",\n      \""phone\"": null\n    },\n    \""Employment\"": {\n      \""company\"": \""Analytical Engines Ltd\"",\n      \""role\"": \""compiler architect\"",\n      \""years\"": 14\n    }\n  },\n  \""name\"": \""Ada Hopper\"",\n  \""age\"": 20,\n  \""address\"": {\n    \""city\"": \""Princeton\"",\n    \""postcode\"": \""40212\"",\n    \""street\"": \""5 Rue Lafayette\""\n  },\n  \""contacts\"": [\n    {\n      \""email\"": \""ada.hopper@corp.example\"",\n      \""phone\"": null\n    }\n  ],\n  \""employment\"": {\n    \""company\"": \""Analytical Engines Ltd\"",\n    \""role\"": \""compiler architect\"",\n    \""years\"": 14\n  },\n  \""tags\"": [\""mathematics\"", \""compilers\"", \""cryptography\""]\n}\n```""]"
chat,ChatAdapter(use_json_adapter_fallback=False),case-0020,parse_error,AdapterParseError,0.8069270229898393,1,none,0,8,0.0,False,,address.city;address.postcode;address.street;age;employment;name;tags[0];tags[1],,839,0,6,0.0,0,"[""```json\n{\n  \""record\"": {\n    \""name\"": \""Alan Torvalds\"",\n    \""age\"": 70,\n    \""address\"": {\n      \""city\"": \""Paris\"",\n      \""postcode\"": null,\n      \""street\"": \""7 Nassau St\""\n    },\n    \""contacts\"": [],\n    \""employment\"": null,\n    \""tags\"": [\""mathematics\"", \""networking\""]\n  }\n}\n```""]"
chat,ChatAdapter(use_json_adapter_fallback=False),case-0021,parse_error,AdapterParseError,1.409132356988266,1,none,0,13,0.0,False,,address.city;address.postcode;address.street;age;contacts[0].email;contacts[0].phone;contacts[1].email;contacts[1].phone;employment.company;employment.role;employment.years;name;tags[0],,973,0,11,0.0,0,"[""```json\n{\n  \""record\"": {\n    \""name\"": \""Alan Dijkstra\"",\n    \""age\"": 47,\n    \""address\"": {\n      \""city\"": \""Osaka\"",\n      \""postcode\"": null,\n      \""street\"": \""1 Infinite Loop\""\n    },\n    \""contacts\"": [\n      {\n        \""email\"": \""alan.dijkstra1@example.com\"",\n        \""phone\"": \""+75 538 2134\""\n      },\n      {\n        \""email\"": \""alan.dijkstra@mail.test\"",\n        \""phone\"": null\n      }\n    ],\n    \""employment\"": {\n      \""company\"": \""Sun Micro\"",\n      \""role\"": \""research lead\"",\n      \""years\"": 17\n    },\n    \""tags\"": [\""cryptography\""]\n  }\n}\n```""]"
chat,ChatAdapter(use_json_adapter_fallback=False),case-0022,parse_error,AdapterParseError,1.0831159910012502,1,none,0,8,0.0,False,,address.city;address.postcode;address.street;age;contacts[0].email;contacts[0].phone;employment;name,,902,0,7,0.0,0,"[""```json\n{\n  \""record\"": {\n    \""name\"": \""Alan Johnson\"",\n    \""age\"": 88,\n    \""address\"": {\n      \""city\"": \""Osaka\"",\n      \""postcode\"": \""NW1 6XE\"",\n      \""street\"": \""88 Königsallee\""\n    },\n    \""contacts\"": [\n      {\n        \""email\"": \""alan.johnson@mail.test\"",\n        \""phone\"": \""+7 427 3934\""\n      }\n    ],\n    \""employment\"": null,\n    \""tags\"": []\n  }\n}\n```""]"
chat,ChatAdapter(use_json_adapter_fallback=False),case-0023,parse_error,AdapterParseError,2.2026043929799926,1,none,0,15,0.0,False,,address.city;address.postcode;address.street;age;contacts[0].email;contacts[0].phone;contacts[1].email;contacts[1].phone;employment.company;employment.role;employment.years;name;tags[0];tags[1];tags[2],,1080,0,14,0.0,0,"[""```json\n{\n  \""type\"": \""object\"",\n  \""$defs\"": {\n    \""Address\"": {\n      \""city\"": \""Paris\"",\n      \""postcode\"": \""75009\"",\n      \""street\"": \""88 Königsallee\""\n    },\n    \""Contact\"": {\n      \""email\"": \""linus.hopper1@example.com\"",\n      \""phone\"": \""+91 610 7901\""\n    }\n  },\n  \""name\"": \""Linus Hopper\"",\n  \""age\"": 25,\n  \""address\"": {\n    \""city\"": \""Paris\"",\n    \""postcode\"": \""75009\"",\n    \""street\"": \""88 Königsallee\""\n  },\n  \""contacts\"": [\n    {\n      \""email\"": \""linus.hopper1@example.com\"",\n      \""phone\"": \""+91 610 7901\""\n    },\n    {\n      \""email\"": \""linus.hopper@mail.test\"",\n      \""phone\"": null\n    }\n  ],\n  \""employment\"": {\n    \""company\"": \""Bell Labs\"",\n    \""role\"": \""network designer\"",\n    \""years\"": 1\n  }\n}\n```""]"
chat,ChatAdapter(use_json_adapter_fallback=False),case-0024,parse_error,AdapterParseError,1.5563292779843323,1,none,0,10,0.0,False,,address.city;address.postcode;address.street;age;contacts[0].email;contacts[0].phone;employment.company;employment.role;employment.years;name,,948,0,10,0.0,0,"[""```json\n{\n  \""record\"": {\n    \""name\"": \""Edsger Turing\"",\n    \""age\"": 56,\n    \""address\"": {\n      \""city\"": \""Osaka\"",\n      \""postcode\"": \""40212\"",\n      \""street\"": \""5 Rue Lafayette\""\n    },\n    \""contacts\"": [\n      {\n        \""email\"": \""edsger.turing@example.com\"",\n        \""phone\"": \""+22 603 8277\""\n      }\n    ],\n    \""employment\"": {\n      \""company\"": \""Analytical Engines Ltd\"",\n      \""role\"": \""network designer\"",\n      \""years\"": 15\n    }\n  }\n}\n```""]"
chat,ChatAdapter(use_json_adapter_fallback=False),case-0025,parse_error,AdapterParseError,1.6236539599776734,1,none,0,10,0.0,False,,address.city;address.postcode;address.street;age;contacts[0].email;contacts[0].phone;contacts[1].email;contacts[1].phone;employment;name,,952,0,8,0.0,0,"[""```json\n{\n  \""record\"": {\n    \""name\"": \""Edsger Lovelace\"",\n    \""age\"": 41,\n    \""address\"": {\n      \""city\"": \""London\"",\n      \""postcode\"": \""40212\"",\n      \""street\"": \""88 Königsallee\""\n    },\n    \""contacts\"": [\n      {\n        \""email\"": \""edsger.lovelace@post.example\"",\n        \""phone\"": \""+16 689 4229\""\n      },\n      {\n        \""email\"": \""edsger.lovelace1@corp.example\"",\n        \""phone\"": null\n      }\n    ],\n    \""employment\"": null,\n    \""tags\"": []\n  }\n}\n```""]"
chat,ChatAdapter(use_json_adapter_fallback=False),case-0026,parse_error,AdapterParseError,2.5949086119944695,1,none,0,12,0.0,False,,address.city;address.postcode;address.street;age;contacts[0].email;contacts[0].phone;employment.company;employment.role;employment.years;name;tags[0];tags[1],,1058,0,11,0.0,0,"[""```json\n{\n  \""type\"": \""object\"",\n  \""$defs\"": {\n    \""Address\"": {\n      \""city\"": \""Kraków\"",\n      \""postcode\"": \""08540\"",\n      \""street\"": \""12 Baker St\""\n    },\n    \""Contact\"": {\n      \""email\"": \""katherine.johnson@post.example\"",\n      \""phone\"": null\n    },\n    \""Employment\"": {\n      \""company\"": \""Sun Micro\"",\n      \""role\"": \""research lead\"",\n      \""years\"": 21\n    }\n  },\n  \""name\"": \""Katherine Johnson\"",\n  \""age\"": 21,\n  \""address\"": {\n    \""city\"": \""Kraków\"",\n    \""postcode\"": \""08540\"",\n    \""street\"": \""12 Baker St\""\n  },\n  \""contacts\"": [\n    {\n      \""email\"": \""katherine.johnson@post.example\"",\n      \""phone\"": null\n    }\n  ],\n  \""employment\"": {\n    \""company\"": \""Sun Micro\"",\n    \""role\"": \""research lead\"",\n    \""years\"": 21\n  },\n  \""tags\"": [\""networking\"", \""cryptography\""]\n}\n```""]"
chat,ChatAdapter(use_json_adapter_fallback=False),case-0027,parse_error,AdapterParseError,1.8531948099844158,1,none,0,10,0.0,False,,address.city;address.postcode;address.street;age;employment.company;employment.role;employment.years;name;tags[0];tags[1],,912,0,9,0.0,0,"[""```json\n{\n  \""record\"": {\n    \""name\"": \""Radia Torvalds\"",\n    \""age\"": 49,\n    \""address\"": {\n      \""city\"": \""Düsseldorf\"",\n      \""postcode\"": null,\n      \""street\"": \""7 Nassau St\""\n    },\n    \""contacts\"": [\n      {\n        \""email\"": null,\n        \""phone\"": null\n      }\n    ],\n    \""employment\"": {\n      \""company\"": \""Bell Labs\"",\n      \""role\"": \""compiler architect\"",\n      \""years\"": 27\n    },\n    \""tags\"": [\""networking\"", \""cryptography\""]\n  }\n}\n```""]"
chat,ChatAdapter(use_json_adapter_fallback=False),case-0028,parse_error,AdapterParseError,1.465845172002446,1,none,0,9,0.0,False,,address.city;address.postcode;address.street;age;contacts[0].email;contacts[0].phone;employment;name;tags[0],,911,0,8,0.0,0,"[""```json\n{\n  \""record\"": {\n    \""name\"": \""Grace Turing\"",\n    \""age\"": 42,\n    \""address\"": {\n      \""city\"": \""Osaka\"",\n      \""postcode\"": \""95014\"",\n      \""street\"": \""Infinite Loop\""\n    },\n    \""contacts\"": [\n      {\n        \""email\"": \""grace.turing@mail.test\"",\n        \""phone\"": \""+51 266 3147\""\n      }\n    ],\n    \""employment\"": null,\n    \""tags\"": [\""distributed-systems\""]\n  }\n}\n```""]"
chat,ChatAdapter(use_json_adapter_fallback=False),case-0029,parse_error,AdapterParseError,2.491565478994744,1,none,0,11,0.0,False,,address.city;address.postcode;address.street;age;employment.company;employment.role;employment.years;name;tags[0];tags[1];tags[2],,1007,0,11,0.0,0,"[""```json\n{\n  \""type\"": \""object\"",\n  \""$defs\"": {\n    \""Address\"": {\n      \""city\"": \""Cupertino\"",\n      \""postcode\"": \""95014\"",\n      \""street\"": \""88 Königsallee\""\n    },\n    \""Contact\"": {\n      \""email\"": null,\n      \""phone\"": null\n    },\n    \""Employment\"": {\n      \""company\"": \""Analytical Engines Ltd\"",\n      \""role\"": \""staff engineer\"",\n      \""years\"": 4\n    }\n  },\n  \""name\"": \""Grace Liskov\"",\n  \""age\"": 28,\n  \""address\"": {\n    \""city\"": \""Cupertino\"",\n    \""postcode\"": \""95014\"",\n    \""street\"": \""88 Königsallee\""\n  },\n  \""contacts\"": [],\n  \""employment\"": {\n    \""company\"": \""Analytical Engines Ltd\"",\n    \""role\"": \""staff engineer\"",\n    \""years\"": 4\n  }\n}\n```""]"
json,JSONAdapter(),case-0000,ok,,1.8680881399777718,1,json_object,10,12,0.8333,False,contacts[0].phone;contacts[1].phone,,,1024,9,10,0.9,1,"[""{\n  \""record\"": {\n    \""name\"": \""Edsger Dijkstra\"",\n    \""age\"": 57,\n    \""address\"": {\n      \""city\"": \""Cupertino\"",\n      \""postcode\"": \""40212\"",\n      \""street\"": \""88 Königsallee\""\n    },\n    \""contacts\"": [\n      {\n        \""email\"": \""edsger.dijkstra@mail.test\"",\n        \""phone\"": \""+13 733 5104\""\n      },\n      {\n        \""email\"": \""edsger.dijkstra1@corp.example\"",\n        \""phone\"": null\n      }\n    ],\n    \""employment\"": null,\n    \""tags\"": [\""distributed-systems\"", \""cryptography\""]\n  }\n}""]"
json,JSONAdapter(),case-0001,ok,,1.9801296990190167,1,json_object,14,14,1.0,True,,,,1084,14,14,1.0,0,"[""{\n  \""record\"": {\n    \""name\"": \""Alan Hopper\"",\n    \""age\"": 20,\n    \""address\"": {\n      \""city\"": \""Osaka\"",\n      \""postcode\"": \""75009\"",\n      \""street\"": \""1 Infinite Loop\""\n    },\n    \""contacts\"": [\n      {\n        \""email\"": \""alan.hopper@post.example\"",\n        \""phone\"": \""+98 885 1034\""\n      },\n      {\n        \""email\"": \""alan.hopper1@post.example\"",\n        \""phone\"": \""+30 705 2674\""\n      }\n    ],\n    \""employment\"": {\n      \""company\"": \""Analytical Engines Ltd\"",\n      \""role\"": \""network designer\"",\n      \""years\"": 1\n    },\n    \""tags\"": [\""compilers\"", \""mathematics\""]\n  }\n}""]"
json,JSONAdapter(),case-0002,ok,,1.2019685650011525,1,json_object,10,10,1.0,True,,,,941,8,8,1.0,0,"[""{\n  \""record\"": {\n    \""name\"": \""Ada Hopper\"",\n    \""age\"": 68,\n    \""address\"": {\n      \""city\"": \""Paris\"",\n      \""postcode\"": \""08540\"",\n      \""street\"": \""7 Nassau St\""\n    },\n    \""contacts\"": [\n      {\n        \""email\"": \""ada.hopper@example.com\""\n      }\n    ],\n    \""employment\"": null,\n    \""tags\"": [\""cryptography\"", \""networking\""]\n  }\n}""]"
json,JSONAdapter(),case-0003,ok,,1.2525595729821362,1,json_object,11,11,1.0,True,,,,969,11,11,1.0,0,"[""{\n  \""record\"": {\n    \""name\"": \""Katherine Turing\"",\n    \""age\"": 37,\n    \""address\"": {\n      \""city\"": \""Osaka\"",\n      \""postcode\"": \""95014\"",\n      \""street\"": \""12 Baker St\""\n    },\n    \""contacts\"": [],\n    \""employment\"": {\n      \""company\"": \""Bell Labs\"",\n      \""role\"": \""research lead\"",\n      \""years\"": 7\n    },\n    \""tags\"": [\""networking\"", \""distributed-systems\"", \""cryptography\""]\n  }\n}""]"
json,JSONAdapter(),case-0004,ok,,1.551563223998528,1,json_object,10,10,1.0,True,,,,1009,10,10,1.0,0,"[""{\n  \""record\"": {\n    \""name\"": \""Katherine Torvalds\"",\n    \""age\"": 40,\n    \""address\"": {\n      \""city\"": \""London\"",\n      \""postcode\"": \""95014\"",\n      \""street\"": \""12 Baker St\""\n    },\n    \""contacts\"": [\n      {\n        \""email\"": \""katherine.torvalds@example.com\"",\n        \""phone\"": \""+69 468 5533\""\n      }\n    ],\n    \""employment\"": {\n      \""company\"": \""Sun Micro\"",\n      \""role\"": \""compiler architect\"",\n      \""years\"": 26\n    }\n  }\n}""]"
json,JSONAdapter(),case-0005,ok,,0.996937841991894,1,json_object,8,8,1.0,True,,,,901,6,6,1.0,0,"[""{\n  \""record\"": {\n    \""name\"": \""Linus Liskov\"",\n    \""age\"": 32,\n    \""address\"": {\n      \""city\"": \""Kraków\"",\n      \""postcode\"": null,\n      \""street\"": \""5 Rue Lafayette\""\n    },\n    \""contacts\"": [],\n    \""employment\"": null,\n    \""tags\"": [\""mathematics\"", \""cryptography\""]\n  }\n}""]"
json,JSONAdapter(),case-0006,ok,,1.7348667829937767,1,json_object,13,13,1.0,True,,,,1024,12,12,1.0,0,"[""{\n  \""record\"": {\n    \""name\"": \""Grace Perlman\"",\n    \""age\"": 90,\n    \""address\"": {\n      \""city\"": \""Osaka\"",\n      \""postcode\"": null,\n      \""street\"": \""1 Infinite Loop\""\n    },\n    \""contacts\"": [\n      {\n        \""email\"": \""grace.perlman@example.com\"",\n        \""phone\"": \""+26 847 7783\""\n      }\n    ],\n    \""employment\"": {\n      \""company\"": \""Bell Labs\"",\n      \""role\"": \""compiler architect\"",\n      \""years\"": 25\n    },\n    \""tags\"": [\n      \""distributed-systems\"",\n      \""mathematics\"",\n      \""networking\""\n    ]\n  }\n}""]"
json,JSONAdapter(),case-0007,ok,,1.1900829049991444,1,json_object,10,10,1.0,False,,,contacts[0].email;contacts[0].phone,984,10,10,1.0,0,"[""{\n  \""record\"": {\n    \""name\"": \""Barbara Turing\"",\n    \""age\"": 26,\n    \""address\"": {\n      \""city\"": \""London\"",\n      \""postcode\"": \""08540\"",\n      \""street\"": \""7 Nassau St\""\n    },\n    \""contacts\"": [\n      {\n        \""email\"": \""\"",\n        \""phone\"": \""\""\n      }\n    ],\n    \""employment\"": {\n      \""company\"": \""Naval Systems\"",\n      \""role\"": \""staff engineer\"",\n      \""years\"": 3\n    },\n    \""tags\"": [\""networking\"", \""distributed-systems\""]\n  }\n}""]"
json,JSONAdapter(),case-0008,ok,,0.8968102170038037,1,json_object,8,8,1.0,True,,,,927,7,7,1.0,0,"[""{\n  \""record\"": {\n    \""name\"": \""Katherine Liskov\"",\n    \""age\"": 21,\n    \""address\"": {\n      \""city\"": \""Paris\"",\n      \""postcode\"": null,\n      \""street\"": \""5 Rue Lafayette\""\n    },\n    \""contacts\"": [],\n    \""employment\"": {\n      \""company\"": \""Sun Micro\"",\n      \""role\"": \""research lead\"",\n      \""years\"": 13\n    }\n  }\n}""]"
json,JSONAdapter(),case-0009,ok,,1.1372524500184227,1,json_object,10,10,1.0,True,,,,973,10,10,1.0,0,"[""{\n  \""record\"": {\n    \""name\"": \""Radia Liskov\"",\n    \""age\"": 66,\n    \""address\"": {\n      \""city\"": \""Cupertino\"",\n      \""postcode\"": \""08540\"",\n      \""street\"": \""7 Nassau St\""\n    },\n    \""contacts\"": [],\n    \""employment\"": {\n      \""company\"": \""Analytical Engines Ltd\"",\n      \""role\"": \""compiler architect\"",\n      \""years\"": 18\n    },\n    \""tags\"": [\""distributed-systems\"", \""mathematics\""]\n  }\n}""]"
json,JSONAdapter(),case-0010,ok,,1.4702100070135202,1,json_object,10,14,0.7143,False,contacts[0].email;contacts[1].email,tags[0];tags[1],,1055,9,13,0.6923,0,"[""{\n  \""record\"": {\n    \""name\"": \""Ada Dijkstra\"",\n    \""age\"": 66,\n    \""address\"": {\n      \""city\"": \""Kraków\"",\n      \""postcode\"": \""75009\"",\n      \""street\"": \""88 Königsallee\""\n    },\n    \""contacts\"": [\n      {\n        \""email\"": \""ada.dijkstra1@post.example\"",\n        \""phone\"": \""+96 469 1730\""\n      },\n      {\n        \""email\"": \""ada.dijkstra@example.com\"",\n        \""phone\"": null\n      }\n    ],\n    \""employment\"": {\n      \""company\"": \""Analytical Engines Ltd\"",\n      \""role\"": \""network designer\"",\n      \""years\"": 11\n    }\n  }\n}""]"
json,JSONAdapter(),case-0011,ok,,1.1164513190160505,1,json_object,9,9,1.0,True,,,,981,8,8,1.0,0,"[""{\n  \""record\"": {\n    \""name\"": \""Radia Perlman\"",\n    \""age\"": 23,\n    \""address\"": {\n      \""city\"": \""Cupertino\"",\n      \""postcode\"": \""08540\"",\n      \""street\"": \""7 Nassau St\""\n    },\n    \""contacts\"": [\n      {\n        \""email\"": \""radia.perlman@mail.test\"",\n        \""phone\"": \""+39 245 2485\""\n      }\n    ],\n    \""employment\"": null,\n    \""tags\"": [\""distributed-systems\""]\n  }\n}""]"
json,JSONAdapter(),case-0012,ok,,1.3332253889821004,1,json_object,12,12,1.0,True,,,,1006,10,10,1.0,0,"[""{\n  \""record\"": {\n    \""name\"": \""Radia Torvalds\"",\n    \""age\"": 89,\n    \""address\"": {\n      \""city\"": \""Düsseldorf\"",\n      \""postcode\"": null,\n      \""street\"": \""12 Baker St\""\n    },\n    \""contacts\"": [\n      {\n        \""email\"": \""radia.torvalds@post.example\"",\n        \""phone\"": null\n      }\n    ],\n    \""employment\"": {\n      \""company\"": \""Xerox PARC\"",\n      \""role\"": \""compiler architect\"",\n      \""years\"": 21\n    },\n    \""tags\"": [\n      \""distributed-systems\"",\n      \""cryptography\""\n    ]\n  }\n}""]"
json,JSONAdapter(),case-0013,ok,,1.2216953850002028,1,json_object,11,11,1.0,True,,,,980,9,9,1.0,0,"[""{\n  \""record\"": {\n    \""name\"": \""Linus Torvalds\"",\n    \""age\"": 55,\n    \""address\"": {\n      \""city\"": \""Osaka\"",\n      \""postcode\"": null,\n      \""street\"": \""5 Rue Lafayette\""\n    },\n    \""contacts\"": [\n      {\n        \""email\"": \""linus.torvalds@example.com\"",\n        \""phone\"": null\n      }\n    ],\n    \""employment\"": {\n      \""company\"": \""Naval Systems\"",\n      \""role\"": \""research lead\"",\n      \""years\"": 5\n    },\n    \""tags\"": [\""cryptography\""]\n  }\n}""]"
json,JSONAdapter(),case-0014,ok,,0.958623862999957,1,json_object,8,10,0.8,False,,tags[0];tags[1],,947,8,10,0.8,0,"[""{\n  \""record\"": {\n    \""name\"": \""Grace Johnson\"",\n    \""age\"": 63,\n    \""address\"": {\n      \""city\"": \""Cupertino\"",\n      \""postcode\"": \""95014\"",\n      \""street\"": \""88 Königsallee\""\n    },\n    \""contacts\"": [],\n    \""employment\"": {\n      \""company\"": \""Xerox PARC\"",\n      \""role\"": \""staff engineer\"",\n      \""years\"": 9\n    }\n  }\n}""]"
json,JSONAdapter(),case-0015,ok,,1.2531702920095995,1,json_object,10,10,1.0,True,,,,1012,10,10,1.0,0,"[""{\n  \""record\"": {\n    \""name\"": \""Katherine Lovelace\"",\n    \""age\"": 51,\n    \""address\"": {\n      \""city\"": \""Osaka\"",\n      \""postcode\"": \""75009\"",\n      \""street\"": \""12 Baker St\""\n    },\n    \""contacts\"": [\n      {\n        \""email\"": \""katherine.lovelace@corp.example\"",\n        \""phone\"": \""+46 387 7427\""\n      }\n    ],\n    \""employment\"": {\n      \""company\"": \""Bell Labs\"",\n      \""role\"": \""research lead\"",\n      \""years\"": 4\n    },\n    \""tags\"": []\n  }\n}""]"
json,JSONAdapter(),case-0016,ok,,1.4929357460059691,1,json_object,7,12,0.5833,False,address.street;contacts[0].email;contacts[0].phone;contacts[1].email;contacts[1].phone,,,1074,7,12,0.5833,0,"[""{\n  \""record\"": {\n    \""name\"": \""Barbara Perlman\"",\n    \""age\"": 20,\n    \""address\"": {\n      \""city\"": \""Osaka\"",\n      \""postcode\"": \""40212\"",\n      \""street\"": \""Infinite Loop\""\n    },\n    \""contacts\"": [\n      {\n        \""email\"": \""barbara.perlman1@corp.example\"",\n        \""phone\"": \""+29 717 5153\""\n      },\n      {\n        \""email\"": \""barbara.perlman@corp.example\"",\n        \""phone\"": \""+43 782 3325\""\n      }\n    ],\n    \""employment\"": {\n      \""company\"": \""Naval Systems\"",\n      \""role\"": \""research lead\"",\n      \""years\"": 1\n    }\n  }\n}""]"
json,JSONAdapter(),case-0017,ok,,1.120555676985532,1,json_object,10,10,1.0,True,,,,977,8,8,1.0,0,"[""{\n  \""record\"": {\n    \""name\"": \""Edsger Torvalds\"",\n    \""age\"": 69,\n    \""address\"": {\n      \""city\"": \""Paris\"",\n      \""postcode\"": null,\n      \""street\"": \""12 Baker St\""\n    },\n    \""contacts\"": [\n      {\n        \""email\"": \""edsger.torvalds@corp.example\"",\n        \""phone\"": null\n      }\n    ],\n    \""employment\"": {\n      \""company\"": \""Xerox PARC\"",\n      \""role\"": \""network designer\"",\n      \""years\"": 9\n    }\n  }\n}""]"
json,JSONAdapter(),case-0018,ok,,1.4576931339979637,1,json_object,10,12,0.8333,False,,tags[0];tags[1],,1041,9,11,0.8182,0,"[""{\n  \""record\"": {\n    \""name\"": \""Alan Hopper\"",\n    \""age\"": 48,\n    \""address\"": {\n      \""city\"": \""Paris\"",\n      \""postcode\"": null,\n      \""street\"": \""1 Infinite Loop\""\n    },\n    \""contacts\"": [\n      {\n        \""email\"": \""alan.hopper@corp.example\"",\n        \""phone\"": \""+89 220 6315\""\n      }\n    ],\n    \""employment\"": {\n      \""company\"": \""Xerox PARC\"",\n      \""role\"": \""compiler architect\"",\n      \""years\"": 15\n    },\n    \""description\"": [\n      \""Distributed-systems, cryptography\"",\n      \""They work at Xerox PARC as a compiler architect, 15 years so far.\""\n    ]\n  }\n}""]"
json,JSONAdapter(),case-0019,ok,,1.2952736449951772,1,json_object,13,13,1.0,True,,,,1017,12,12,1.0,0,"[""{\n  \""record\"": {\n    \""name\"": \""Ada Hopper\"",\n    \""age\"": 20,\n    \""address\"": {\n      \""city\"": \""Princeton\"",\n      \""postcode\"": \""40212\"",\n      \""street\"": \""5 Rue Lafayette\""\n    },\n    \""contacts\"": [\n      {\n        \""email\"": \""ada.hopper@corp.example\"",\n        \""phone\"": null\n      }\n    ],\n    \""employment\"": {\n      \""company\"": \""Analytical Engines Ltd\"",\n      \""role\"": \""compiler architect\"",\n      \""years\"": 14\n    },\n    \""tags\"": [\n      \""mathematics\"",\n      \""compilers\"",\n      \""cryptography\""\n    ]\n  }\n}""]"
json,JSONAdapter(),case-0020,ok,,0.7768984790018294,1,json_object,8,8,1.0,True,,,,900,6,6,1.0,0,"[""{\n  \""record\"": {\n    \""name\"": \""Alan Torvalds\"",\n    \""age\"": 70,\n    \""address\"": {\n      \""city\"": \""Paris\"",\n      \""postcode\"": null,\n      \""street\"": \""7 Nassau St\""\n    },\n    \""contacts\"": [],\n    \""employment\"": null,\n    \""tags\"": [\""mathematics\"", \""networking\""]\n  }\n}""]"
json,JSONAdapter(),case-0021,ok,,1.811361575993942,1,json_object,8,13,0.6154,False,contacts[0].email;contacts[0].phone;contacts[1].email;contacts[1].phone,tags[0],,1092,7,11,0.6364,1,"[""{\n  \""record\"": {\n    \""name\"": \""Alan Dijkstra\"",\n    \""age\"": 47,\n    \""address\"": {\n      \""city\"": \""Osaka\"",\n      \""postcode\"": null,\n      \""street\"": \""1 Infinite Loop\""\n    },\n    \""contacts\"": [\n      {\n        \""email\"": \""alan.dijkstra1@example.com\"",\n        \""phone\"": \""+75 538 2134\""\n      },\n      {\n        \""email\"": \""alan.dijkstra@mail.test\"",\n        \""phone\"": null\n      }\n    ],\n    \""employment\"": {\n      \""company\"": \""Sun Micro\"",\n      \""role\"": \""research lead\"",\n      \""years\"": 17\n    }\n  },\n  \""description\"": \""The extraction target: nested models, an optional object, and two lists.\\\\n\\\\nDeliberately shaped like the reference benchmarks' targets - nesting, optionality and\\\\nrepetition are where schema-following actually breaks down, and a flat model would\\\\nmake every adapter look identical.\""\n}""]"
json,JSONAdapter(),case-0022,ok,,1.0301464139774907,1,json_object,8,8,1.0,True,,,,963,7,7,1.0,0,"[""{\n  \""record\"": {\n    \""name\"": \""Alan Johnson\"",\n    \""age\"": 88,\n    \""address\"": {\n      \""city\"": \""Osaka\"",\n      \""postcode\"": \""NW1 6XE\"",\n      \""street\"": \""88 Königsallee\""\n    },\n    \""contacts\"": [\n      {\n        \""email\"": \""alan.johnson@mail.test\"",\n        \""phone\"": \""+7 427 3934\""\n      }\n    ],\n    \""employment\"": null,\n    \""tags\"": []\n  }\n}""]"
json,JSONAdapter(),case-0023,ok,,1.5710583129839506,1,json_object,11,15,0.7333,False,contacts[0].email;contacts[0].phone;contacts[1].email;contacts[1].phone,,,1078,11,14,0.7857,1,"[""{\n  \""record\"": {\n    \""name\"": \""Linus Hopper\"",\n    \""age\"": 25,\n    \""address\"": {\n      \""city\"": \""Paris\"",\n      \""postcode\"": \""75009\"",\n      \""street\"": \""88 Königsallee\""\n    },\n    \""contacts\"": [\n      {\n        \""email\"": \""linus.hopper1@example.com\"",\n        \""phone\"": \""+91 610 7901\""\n      },\n      {\n        \""email\"": \""linus.hopper@mail.test\"",\n        \""phone\"": null\n      }\n    ],\n    \""employment\"": {\n      \""company\"": \""Bell Labs\"",\n      \""role\"": \""network designer\"",\n      \""years\"": 1\n    },\n    \""tags\"": [\n      \""mathematics\"",\n      \""networking\"",\n      \""cryptography\""\n    ]\n  }\n}""]"
json,JSONAdapter(),case-0024,ok,,1.2308891080028843,1,json_object,10,10,1.0,True,,,,1009,10,10,1.0,0,"[""{\n  \""record\"": {\n    \""name\"": \""Edsger Turing\"",\n    \""age\"": 56,\n    \""address\"": {\n      \""city\"": \""Osaka\"",\n      \""postcode\"": \""40212\"",\n      \""street\"": \""5 Rue Lafayette\""\n    },\n    \""contacts\"": [\n      {\n        \""email\"": \""edsger.turing@example.com\"",\n        \""phone\"": \""+22 603 8277\""\n      }\n    ],\n    \""employment\"": {\n      \""company\"": \""Analytical Engines Ltd\"",\n      \""role\"": \""network designer\"",\n      \""years\"": 15\n    }\n  }\n}""]"
json,JSONAdapter(),case-0025,ok,,1.2751628579862881,1,json_object,10,10,1.0,True,,,,1013,8,8,1.0,0,"[""{\n  \""record\"": {\n    \""name\"": \""Edsger Lovelace\"",\n    \""age\"": 41,\n    \""address\"": {\n      \""city\"": \""London\"",\n      \""postcode\"": \""40212\"",\n      \""street\"": \""88 Königsallee\""\n    },\n    \""contacts\"": [\n      {\n        \""email\"": \""edsger.lovelace@post.example\"",\n        \""phone\"": \""+16 689 4229\""\n      },\n      {\n        \""email\"": \""edsger.lovelace1@corp.example\"",\n        \""phone\"": null\n      }\n    ],\n    \""employment\"": null,\n    \""tags\"": []\n  }\n}""]"
json,JSONAdapter(),case-0026,ok,,1.2794082220061682,1,json_object,12,12,1.0,True,,,,1012,11,11,1.0,0,"[""{\n  \""record\"": {\n    \""name\"": \""Katherine Johnson\"",\n    \""age\"": 21,\n    \""address\"": {\n      \""city\"": \""Kraków\"",\n      \""postcode\"": \""08540\"",\n      \""street\"": \""12 Baker St\""\n    },\n    \""contacts\"": [\n      {\n        \""email\"": \""katherine.johnson@post.example\"",\n        \""phone\"": null\n      }\n    ],\n    \""employment\"": {\n      \""company\"": \""Sun Micro\"",\n      \""role\"": \""research lead\"",\n      \""years\"": 21\n    },\n    \""tags\"": [\n      \""networking\"",\n      \""cryptography\""\n    ]\n  }\n}""]"
json,JSONAdapter(),case-0027,ok,,0.9823510720161721,1,json_object,10,10,1.0,True,,,,951,9,9,1.0,0,"[""{\n  \""record\"": {\n    \""name\"": \""Radia Torvalds\"",\n    \""age\"": 49,\n    \""address\"": {\n      \""city\"": \""Düsseldorf\"",\n      \""postcode\"": null,\n      \""street\"": \""7 Nassau St\""\n    },\n    \""contacts\"": [],\n    \""employment\"": {\n      \""company\"": \""Bell Labs\"",\n      \""role\"": \""compiler architect\"",\n      \""years\"": 27\n    },\n    \""tags\"": [\""networking\"", \""cryptography\""]\n  }\n}""]"
json,JSONAdapter(),case-0028,ok,,1.0443401749944314,1,json_object,8,9,0.8889,False,address.street,,,972,7,8,0.875,0,"[""{\n  \""record\"": {\n    \""name\"": \""Grace Turing\"",\n    \""age\"": 42,\n    \""address\"": {\n      \""city\"": \""Osaka\"",\n      \""postcode\"": \""95014\"",\n      \""street\"": \""Infinite Loop\""\n    },\n    \""contacts\"": [\n      {\n        \""email\"": \""grace.turing@mail.test\"",\n        \""phone\"": \""+51 266 3147\""\n      }\n    ],\n    \""employment\"": null,\n    \""tags\"": [\""distributed-systems\""]\n  }\n}""]"
json,JSONAdapter(),case-0029,validation_error,ValidationError,0.8556371020094957,1,json_object,0,11,0.0,False,,address.city;address.postcode;address.street;age;employment.company;employment.role;employment.years;name;tags[0];tags[1];tags[2],,947,0,11,0.0,0,"[""{\n  \""record\"": {\n    \""name\"": \""Grace Liskov\"",\n    \""age\"": 28,\n    \""address\"": {\n      \""city\"": \""Cupertino\"",\n      \""postcode\"": \""95014\""\n    },\n    \""contacts\"": [],\n    \""employment\"": {\n      \""company\"": \""Analytical Engines Ltd\"",\n      \""role\"": \""staff engineer\"",\n      \""years\"": 4\n    }\n  }\n}""]"
baml,BAMLAdapter(),case-0000,parse_error,AdapterParseError,1.3453750899934676,1,json_object,0,12,0.0,False,,address.city;address.postcode;address.street;age;contacts[0].email;contacts[0].phone;contacts[1].email;contacts[1].phone;employment;name;tags[0];tags[1],,596,0,10,0.0,0,"[""{\n  \""name\"": \""Edsger Dijkstra\"",\n  \""age\"": 57,\n  \""address\"": {\n    \""street\"": \""88 Königsallee\"",\n    \""city\"": \""Cupertino\"",\n    \""postcode\"": \""40212\""\n  },\n  \""employment\"": null,\n  \""contacts\"": [\n    {\n      \""email\"": \""edsger.dijkstra@mail.test\"",\n      \""phone\"": \""+13 733 5104\""\n    },\n    {\n      \""email\"": \""edsger.dijkstra1@corp.example\"",\n      \""phone\"": null\n    }\n  ],\n  \""tags\"": [\""distributed-systems\"", \""cryptography\""],\n  \""completed\"": false\n}""]"
baml,BAMLAdapter(),case-0001,parse_error,AdapterParseError,1.4609566899889614,1,json_object,0,14,0.0,False,,address.city;address.postcode;address.street;age;contacts[0].email;contacts[0].phone;contacts[1].email;contacts[1].phone;employment.company;employment.role;employment.years;name;tags[0];tags[1],,649,0,14,0.0,0,"[""{\n  \""name\"": \""Alan Hopper\"",\n  \""age\"": 20,\n  \""address\"": {\n    \""street\"": \""1 Infinite Loop\"",\n    \""city\"": \""Osaka\"",\n    \""postcode\"": \""75009\""\n  },\n  \""employment\"": {\n    \""company\"": \""Analytical Engines Ltd\"",\n    \""role\"": \""network designer\"",\n    \""years\"": 1\n  },\n  \""contacts\"": [\n    {\n      \""email\"": \""alan.hopper@post.example\"",\n      \""phone\"": \""+98 885 1034\""\n    },\n    {\n      \""email\"": \""alan.hopper1@post.example\"",\n      \""phone\"": \""+30 705 2674\""\n    }\n  ],\n  \""tags\"": [\""compiler\"", \""mathematics\""]\n}""]"
baml,BAMLAdapter(),case-0002,parse_error,AdapterParseError,0.9520848139945883,1,json_object,0,10,0.0,False,,address.city;address.postcode;address.street;age;contacts[0].email;contacts[0].phone;employment;name;tags[0];tags[1],,513,0,8,0.0,0,"[""{\n  \""name\"": \""Ada Hopper\"",\n  \""age\"": 68,\n  \""address\"": {\n    \""street\"": \""7 Nassau St\"",\n    \""city\"": \""Paris\"",\n    \""postcode\"": \""08540\""\n  },\n  \""employment\"": null,\n  \""contacts\"": [\n    {\n      \""email\"": \""ada.hopper@example.com\"",\n      \""phone\"": null\n    }\n  ],\n  \""tags\"": [\""cryptography\"", \""networking\""]\n}""]"
baml,BAMLAdapter(),case-0003,parse_error,AdapterParseError,1.4262811229855288,1,json_object,0,11,0.0,False,,address.city;address.postcode;address.street;age;employment.company;employment.role;employment.years;name;tags[0];tags[1];tags[2],,556,0,11,0.0,0,"[""{\n  \""name\"": \""Katherine Turing\"",\n  \""age\"": 37,\n  \""address\"": {\n    \""street\"": \""12 Baker St\"",\n    \""city\"": \""Osaka\"",\n    \""postcode\"": \""95014\""\n  },\n  \""employment\"": {\n    \""company\"": \""Bell Labs\"",\n    \""role\"": \""research lead\"",\n    \""years\"": 7\n  },\n  \""contacts\"": [\n    {\n      \""email\"": \""\"",\n      \""phone\"": \""\""\n    }\n  ],\n  \""tags\"": [\""networking\"", \""distributed-systems\"", \""cryptography\""]\n}""]"
baml,BAMLAdapter(),case-0004,parse_error,AdapterParseError,1.532018825004343,1,json_object,0,10,0.0,False,,address.city;address.postcode;address.street;age;contacts[0].email;contacts[0].phone;employment.company;employment.role;employment.years;name,,581,0,10,0.0,0,"[""{\n  \""name\"": \""Katherine Torvalds\"",\n  \""age\"": 40,\n  \""address\"": {\n    \""street\"": \""12 Baker St\"",\n    \""city\"": \""London\"",\n    \""postcode\"": \""95014\""\n  },\n  \""employment\"": {\n    \""company\"": \""Sun Micro\"",\n    \""role\"": \""compiler architect\"",\n    \""years\"": 26\n  },\n  \""contacts\"": [\n    {\n      \""email\"": \""katherine.torvalds@example.com\"",\n      \""phone\"": \""+69 468 5533\""\n    }\n  ],\n  \""tags\"": []\n}""]"
baml,BAMLAdapter(),case-0005,parse_error,AdapterParseError,0.8843190440093167,1,json_object,0,8,0.0,False,,address.city;address.postcode;address.street;age;employment;name;tags[0];tags[1],,466,0,6,0.0,0,"[""{\n  \""name\"": \""Linus Liskov\"",\n  \""age\"": 32,\n  \""address\"": {\n    \""street\"": \""5 Rue Lafayette\"",\n    \""city\"": \""Kraków\"",\n    \""postcode\"": null\n  },\n  \""employment\"": null,\n  \""contacts\"": [],\n  \""tags\"": [\""mathematics\"", \""cryptography\""]\n}""]"
baml,BAMLAdapter(),case-0006,parse_error,AdapterParseError,1.5770872980065178,1,json_object,0,13,0.0,False,,address.city;address.postcode;address.street;age;contacts[0].email;contacts[0].phone;employment.company;employment.role;employment.years;name;tags[0];tags[1];tags[2],,579,0,12,0.0,0,"[""{\n  \""name\"": \""Grace Perlman\"",\n  \""age\"": 90,\n  \""address\"": {\n    \""street\"": \""1 Infinite Loop\"",\n    \""city\"": \""Osaka\"",\n    \""postcode\"": null\n  },\n  \""employment\"": {\n    \""company\"": \""Bell Labs\"",\n    \""role\"": \""compiler architect\"",\n    \""years\"": 25\n  },\n  \""contacts\"": [\n    {\n      \""email\"": \""grace.perlman@example.com\"",\n      \""phone\"": \""+26 847 7783\""\n    }\n  ],\n  \""tags\"": [\""distributed-systems\"", \""mathematics\"", \""networking\""]\n}""]"
baml,BAMLAdapter(),case-0007,parse_error,AdapterParseError,1.351400982006453,1,json_object,0,10,0.0,False,,address.city;address.postcode;address.street;age;employment.company;employment.role;employment.years;name;tags[0];tags[1],,550,0,10,0.0,0,"[""{\n  \""name\"": \""Barbara Turing\"",\n  \""age\"": 26,\n  \""address\"": {\n    \""street\"": \""7 Nassau St\"",\n    \""city\"": \""London\"",\n    \""postcode\"": \""08540\""\n  },\n  \""employment\"": {\n    \""company\"": \""Naval Systems\"",\n    \""role\"": \""staff engineer\"",\n    \""years\"": 3\n  },\n  \""contacts\"": [\n    {\n      \""email\"": \""\"",\n      \""phone\"": \""\""\n    }\n  ],\n  \""tags\"": [\""networking\"", \""distributed-systems\""]\n}""]"
baml,BAMLAdapter(),case-0008,parse_error,AdapterParseError,1.3255915670015384,1,json_object,0,8,0.0,False,,address.city;address.postcode;address.street;age;employment.company;employment.role;employment.years;name,,498,0,7,0.0,0,"[""{\n  \""name\"": \""Katherine Liskov\"",\n  \""age\"": 21,\n  \""address\"": {\n    \""street\"": \""5 Rue Lafayette\"",\n    \""city\"": \""Paris\"",\n    \""postcode\"": null\n  },\n  \""employment\"": {\n    \""company\"": \""Sun Micro\"",\n    \""role\"": \""research lead\"",\n    \""years\"": 13\n  },\n  \""contacts\"": [],\n  \""tags\"": []\n}""]"
baml,BAMLAdapter(),case-0009,parse_error,AdapterParseError,1.7811541249975562,1,json_object,0,10,0.0,False,,address.city;address.postcode;address.street;age;employment.company;employment.role;employment.years;name;tags[0];tags[1],,560,0,10,0.0,0,"[""{\n  \""name\"": \""Radia Liskov\"",\n  \""age\"": 66,\n  \""address\"": {\n    \""street\"": \""7 Nassau St\"",\n    \""city\"": \""Cupertino\"",\n    \""postcode\"": \""08540\""\n  },\n  \""employment\"": {\n    \""company\"": \""Analytical Engines Ltd\"",\n    \""role\"": \""compiler architect\"",\n    \""years\"": 18\n  },\n  \""contacts\"": [\n    {\n      \""email\"": \""\"",\n      \""phone\"": \""\""\n    }\n  ],\n  \""tags\"": [\""distributed-systems\"", \""mathematics\""]\n}""]"
baml,BAMLAdapter(),case-0010,parse_error,AdapterParseError,1.8829200750042219,1,json_object,0,14,0.0,False,,address.city;address.postcode;address.street;age;contacts[0].email;contacts[0].phone;contacts[1].email;contacts[1].phone;employment.company;employment.role;employment.years;name;tags[0];tags[1],,609,0,13,0.0,0,"[""{\n  \""name\"": \""Ada Dijkstra\"",\n  \""age\"": 66,\n  \""address\"": {\n    \""street\"": \""88 Königsallee\"",\n    \""city\"": \""Kraków\"",\n    \""postcode\"": \""75009\""\n  },\n  \""employment\"": {\n    \""company\"": \""Analytical Engines Ltd\"",\n    \""role\"": \""network designer\"",\n    \""years\"": 11\n  },\n  \""contacts\"": [\n    {\n      \""email\"": \""ada.dijkstra@example.com\"",\n      \""phone\"": \""+96 469 1730\""\n    }\n  ],\n  \""tags\"": [\""distributed-systems\"", \""compilers\""]\n}""]"
baml,BAMLAdapter(),case-0011,parse_error,AdapterParseError,1.381672533985693,1,json_object,0,9,0.0,False,,address.city;address.postcode;address.street;age;contacts[0].email;contacts[0].phone;employment;name;tags[0],,547,0,8,0.0,0,"[""{\n  \""name\"": \""Radia Perlman\"",\n  \""age\"": 23,\n  \""address\"": {\n    \""street\"": \""7 Nassau St\"",\n    \""city\"": \""Cupertino\"",\n    \""postcode\"": \""08540\""\n  },\n  \""employment\"": null,\n  \""contacts\"": [\n    {\n      \""email\"": \""radia.perlman@mail.test\"",\n      \""phone\"": \""+39 245 2485\""\n    }\n  ],\n  \""tags\"": [\""distributed-systems\""]\n}""]"
baml,BAMLAdapter(),case-0012,parse_error,AdapterParseError,1.4542044010013342,1,json_object,0,12,0.0,False,,address.city;address.postcode;address.street;age;contacts[0].email;contacts[0].phone;employment.company;employment.role;employment.years;name;tags[0];tags[1],,563,0,10,0.0,0,"[""{\n  \""name\"": \""Radia Torvalds\"",\n  \""age\"": 89,\n  \""address\"": {\n    \""street\"": \""12 Baker St\"",\n    \""city\"": \""Düsseldorf\"",\n    \""postcode\"": null\n  },\n  \""employment\"": {\n    \""company\"": \""Xerox PARC\"",\n    \""role\"": \""compiler architect\"",\n    \""years\"": 21\n  },\n  \""contacts\"": [\n    {\n      \""email\"": \""radia.torvalds@post.example\"",\n      \""phone\"": null\n    }\n  ],\n  \""tags\"": [\""distributed-systems\"", \""cryptography\""]\n}""]"
baml,BAMLAdapter(),case-0013,parse_error,AdapterParseError,1.766067260003183,1,json_object,0,11,0.0,False,,address.city;address.postcode;address.street;age;contacts[0].email;contacts[0].phone;employment.company;employment.role;employment.years;name;tags[0],,591,0,9,0.0,0,"[""{\n  \""name\"": \""Linus Torvalds\"",\n  \""age\"": 55,\n  \""address\"": {\n    \""street\"": \""5 Rue Lafayette\"",\n    \""city\"": \""Osaka\"",\n    \""postcode\"": null\n  },\n  \""employment\"": {\n    \""company\"": \""Naval Systems\"",\n    \""role\"": \""research lead\"",\n    \""years\"": 5\n  },\n  \""contacts\"": [\n    {\n      \""email\"": \""linus.torvalds@example.com\""\n    }\n  ],\n  \""tags\"": [\""python\"", \""os\"", \""git\""],\n  \""description\"": \""Linus Torvalds, aged 55, lives at 5 Rue Lafayette in Osaka. Interests: cryptography. They work at Naval Systems as a research lead, 5 years so far.\""\n}""]"
baml,BAMLAdapter(),case-0014,parse_error,AdapterParseError,1.4243072049866896,1,json_object,0,10,0.0,False,,address.city;address.postcode;address.street;age;employment.company;employment.role;employment.years;name;tags[0];tags[1],,548,0,10,0.0,0,"[""{\n  \""name\"": \""Grace Johnson\"",\n  \""age\"": 63,\n  \""address\"": {\n    \""street\"": \""88 Königsallee\"",\n    \""city\"": \""Cupertino\"",\n    \""postcode\"": \""95014\""\n  },\n  \""employment\"": {\n    \""company\"": \""Xerox PARC\"",\n    \""role\"": \""staff engineer\"",\n    \""years\"": 9\n  },\n  \""contacts\"": [\n    {\n      \""email\"": null,\n      \""phone\"": null\n    }\n  ],\n  \""tags\"": [\""cryptography\"", \""compilers\""]\n}""]"
baml,BAMLAdapter(),case-0015,parse_error,AdapterParseError,1.3885288379970007,1,json_object,0,10,0.0,False,,address.city;address.postcode;address.street;age;contacts[0].email;contacts[0].phone;employment.company;employment.role;employment.years;name,,578,0,10,0.0,0,"[""{\n  \""name\"": \""Katherine Lovelace\"",\n  \""age\"": 51,\n  \""address\"": {\n    \""street\"": \""12 Baker St\"",\n    \""city\"": \""Osaka\"",\n    \""postcode\"": \""75009\""\n  },\n  \""employment\"": {\n    \""company\"": \""Bell Labs\"",\n    \""role\"": \""research lead\"",\n    \""years\"": 4\n  },\n  \""contacts\"": [\n    {\n      \""email\"": \""katherine.lovelace@corp.example\"",\n      \""phone\"": \""+46 387 7427\""\n    }\n  ],\n  \""tags\"": []\n}""]"
baml,BAMLAdapter(),case-0016,parse_error,AdapterParseError,1.7737452820001636,1,json_object,0,12,0.0,False,,address.city;address.postcode;address.street;age;contacts[0].email;contacts[0].phone;contacts[1].email;contacts[1].phone;employment.company;employment.role;employment.years;name,,646,0,12,0.0,0,"[""{\n  \""name\"": \""Barbara Perlman\"",\n  \""age\"": 20,\n  \""address\"": {\n    \""street\"": \""1 Infinite Loop\"",\n    \""city\"": \""Osaka\"",\n    \""postcode\"": \""40212\""\n  },\n  \""employment\"": {\n    \""company\"": \""Naval Systems\"",\n    \""role\"": \""research lead\"",\n    \""years\"": 1\n  },\n  \""contacts\"": [\n    {\n      \""email\"": \""barbara.perlman1@corp.example\"",\n      \""phone\"": \""+29 717 5153\""\n    },\n    {\n      \""email\"": \""barbara.perlman@corp.example\"",\n      \""phone\"": \""+43 782 3325\""\n    }\n  ],\n  \""tags\"": []\n}""]"
baml,BAMLAdapter(),case-0017,parse_error,AdapterParseError,1.9769132249930408,1,json_object,0,10,0.0,False,,address.city;address.postcode;address.street;age;contacts[0].email;contacts[0].phone;employment.company;employment.role;employment.years;name,,625,0,8,0.0,0,"[""{\n  \""name\"": \""Edsger Torvalds\"",\n  \""age\"": 69,\n  \""address\"": {\n    \""street\"": \""12 Baker St\"",\n    \""city\"": \""Paris\"",\n    \""postcode\"": null\n  },\n  \""employment\"": {\n    \""company\"": \""Xerox PARC\"",\n    \""role\"": \""network designer\"",\n    \""years\"": 9\n  },\n  \""contacts\"": [\n    {\n      \""email\"": \""edsger.torvalds@corp.example\"",\n      \""phone\"": null\n    }\n  ],\n  \""tags\"": [\""Python\"", \""OS\"", \""Linux\""],\n  \""description\"": \""Edsger Torvalds is a renowned computer scientist and software engineer known for creating the Python programming language. He is also a co-founder of Xerox PARC, where he worked as a network designer. He lives in Paris, France, and has been working at Xerox PARC for 9 years.\""\n}""]"
baml,BAMLAdapter(),case-0018,parse_error,AdapterParseError,1.1888338420249056,1,json_object,0,12,0.0,False,,address.city;address.postcode;address.street;age;contacts[0].email;contacts[0].phone;employment.company;employment.role;employment.years;name;tags[0];tags[1],,579,0,11,0.0,0,"[""{\n  \""name\"": \""Alan Hopper\"",\n  \""age\"": 48,\n  \""address\"": {\n    \""street\"": \""1 Infinite Loop\"",\n    \""city\"": \""Paris\"",\n    \""postcode\"": null\n  },\n  \""employment\"": {\n    \""company\"": \""Xerox PARC\"",\n    \""role\"": \""compiler architect\"",\n    \""years\"": 15\n  },\n  \""contacts\"": [\n    {\n      \""email\"": \""alan.hopper@corp.example\"",\n      \""phone\"": \""+89 220 6315\""\n    }\n  ],\n  \""tags\"": [\""distributed-systems\"", \""cryptography\""]\n}""]"
baml,BAMLAdapter(),case-0019,parse_error,AdapterParseError,1.15528264499153,1,json_object,0,13,0.0,False,,address.city;address.postcode;address.street;age;contacts[0].email;contacts[0].phone;employment.company;employment.role;employment.years;name;tags[0];tags[1];tags[2],,573,0,12,0.0,0,"[""{\n  \""name\"": \""Ada Hopper\"",\n  \""age\"": 20,\n  \""address\"": {\n    \""street\"": \""5 Rue Lafayette\"",\n    \""city\"": \""Princeton\"",\n    \""postcode\"": \""40212\""\n  },\n  \""employment\"": {\n    \""company\"": \""Analytical Engines Ltd\"",\n    \""role\"": \""compiler architect\"",\n    \""years\"": 14\n  },\n  \""contacts\"": [\n    {\n      \""email\"": \""ada.hopper@corp.example\"",\n      \""phone\"": null\n    }\n  ],\n  \""tags\"": [\""mathematics\"", \""compilers\"", \""cryptography\""]\n}""]"
baml,BAMLAdapter(),case-0020,parse_error,AdapterParseError,0.6871155539993197,1,json_object,0,8,0.0,False,,address.city;address.postcode;address.street;age;employment;name;tags[0];tags[1],,465,0,6,0.0,0,"[""{\n  \""name\"": \""Alan Torvalds\"",\n  \""age\"": 70,\n  \""address\"": {\n    \""street\"": \""7 Nassau St\"",\n    \""city\"": \""Paris\"",\n    \""postcode\"": null\n  },\n  \""employment\"": null,\n  \""contacts\"": [],\n  \""tags\"": [\""mathematics\"", \""networking\""]\n}""]"
baml,BAMLAdapter(),case-0021,parse_error,AdapterParseError,1.6480399520078208,1,json_object,0,13,0.0,False,,address.city;address.postcode;address.street;age;contacts[0].email;contacts[0].phone;contacts[1].email;contacts[1].phone;employment.company;employment.role;employment.years;name;tags[0],,643,0,11,0.0,0,"[""{\n  \""name\"": \""Alan Dijkstra\"",\n  \""age\"": 47,\n  \""address\"": {\n    \""street\"": \""1 Infinite Loop\"",\n    \""city\"": \""Osaka\"",\n    \""postcode\"": null\n  },\n  \""employment\"": {\n    \""company\"": \""Sun Micro\"",\n    \""role\"": \""research lead\"",\n    \""years\"": 17\n  },\n  \""contacts\"": [\n    {\n      \""email\"": \""alan.dijkstra1@example.com\"",\n      \""phone\"": \""+75 538 2134\""\n    },\n    {\n      \""email\"": \""alan.dijkstra@mail.test\"",\n      \""phone\"": null\n    }\n  ],\n  \""tags\"": [\""cryptography\""],\n  \""description\"": \""Alan Dijkstra is a renowned computer scientist known for his work in the field of cryptography. He is currently employed at Sun Micro as a research lead with over 17 years of experience.\""\n}""]"
baml,BAMLAdapter(),case-0022,parse_error,AdapterParseError,1.0163187079888303,1,json_object,0,8,0.0,False,,address.city;address.postcode;address.street;age;contacts[0].email;contacts[0].phone;employment;name,,529,0,7,0.0,0,"[""{\n  \""name\"": \""Alan Johnson\"",\n  \""age\"": 88,\n  \""address\"": {\n    \""street\"": \""88 Königsallee\"",\n    \""city\"": \""Osaka\"",\n    \""postcode\"": \""NW1 6XE\""\n  },\n  \""employment\"": null,\n  \""contacts\"": [\n    {\n      \""email\"": \""alan.johnson@mail.test\"",\n      \""phone\"": \""+7 427 3934\""\n    }\n  ],\n  \""tags\"": []\n}""]"
baml,BAMLAdapter(),case-0023,parse_error,AdapterParseError,1.4649859349883627,1,json_object,0,15,0.0,False,,address.city;address.postcode;address.street;age;contacts[0].email;contacts[0].phone;contacts[1].email;contacts[1].phone;employment.company;employment.role;employment.years;name;tags[0];tags[1];tags[2],,640,0,14,0.0,0,"[""{\n  \""name\"": \""Linus Hopper\"",\n  \""age\"": 25,\n  \""address\"": {\n    \""street\"": \""88 Königsallee\"",\n    \""city\"": \""Paris\"",\n    \""postcode\"": \""75009\""\n  },\n  \""employment\"": {\n    \""company\"": \""Bell Labs\"",\n    \""role\"": \""network designer\"",\n    \""years\"": 1\n  },\n  \""contacts\"": [\n    {\n      \""email\"": \""linus.hopper1@example.com\"",\n      \""phone\"": \""+91 610 7901\""\n    },\n    {\n      \""email\"": \""linus.hopper@mail.test\"",\n      \""phone\"": null\n    }\n  ],\n  \""tags\"": [\""networking\"", \""mathematics\"", \""cryptography\""],\n  \""completed\"": false\n}""]"
baml,BAMLAdapter(),case-0024,parse_error,AdapterParseError,1.2703023559879512,1,json_object,0,10,0.0,False,,address.city;address.postcode;address.street;age;contacts[0].email;contacts[0].phone;employment.company;employment.role;employment.years;name,,588,0,10,0.0,0,"[""{\n  \""name\"": \""Edsger Turing\"",\n  \""age\"": 56,\n  \""address\"": {\n    \""street\"": \""5 Rue Lafayette\"",\n    \""city\"": \""Osaka\"",\n    \""postcode\"": \""40212\""\n  },\n  \""employment\"": {\n    \""company\"": \""Analytical Engines Ltd\"",\n    \""role\"": \""network designer\"",\n    \""years\"": 15\n  },\n  \""contacts\"": [\n    {\n      \""email\"": \""edsger.turing@example.com\"",\n      \""phone\"": \""+22 603 8277\""\n    }\n  ],\n  \""tags\"": [\""network designer\"", \""Osaka\""]\n}""]"
baml,BAMLAdapter(),case-0025,parse_error,AdapterParseError,1.1942847900209017,1,json_object,0,10,0.0,False,,address.city;address.postcode;address.street;age;contacts[0].email;contacts[0].phone;contacts[1].email;contacts[1].phone;employment;name,,579,0,8,0.0,0,"[""{\n  \""name\"": \""Edsger Lovelace\"",\n  \""age\"": 41,\n  \""address\"": {\n    \""street\"": \""88 Königsallee\"",\n    \""city\"": \""London\"",\n    \""postcode\"": \""40212\""\n  },\n  \""employment\"": null,\n  \""contacts\"": [\n    {\n      \""email\"": \""edsger.lovelace@post.example\"",\n      \""phone\"": \""+16 689 4229\""\n    },\n    {\n      \""email\"": \""edsger.lovelace1@corp.example\"",\n      \""phone\"": null\n    }\n  ],\n  \""tags\"": []\n}""]"
baml,BAMLAdapter(),case-0026,parse_error,AdapterParseError,1.1400680389779154,1,json_object,0,12,0.0,False,,address.city;address.postcode;address.street;age;contacts[0].email;contacts[0].phone;employment.company;employment.role;employment.years;name;tags[0];tags[1],,570,0,11,0.0,0,"[""{\n  \""name\"": \""Katherine Johnson\"",\n  \""age\"": 21,\n  \""address\"": {\n    \""street\"": \""12 Baker St\"",\n    \""city\"": \""Kraków\"",\n    \""postcode\"": \""08540\""\n  },\n  \""employment\"": {\n    \""company\"": \""Sun Micro\"",\n    \""role\"": \""research lead\"",\n    \""years\"": 21\n  },\n  \""contacts\"": [\n    {\n      \""email\"": \""katherine.johnson@post.example\"",\n      \""phone\"": null\n    }\n  ],\n  \""tags\"": [\""networking\"", \""cryptography\""]\n}""]"
baml,BAMLAdapter(),case-0027,parse_error,AdapterParseError,1.0425556559930556,1,json_object,0,10,0.0,False,,address.city;address.postcode;address.street;age;employment.company;employment.role;employment.years;name;tags[0];tags[1],,538,0,9,0.0,0,"[""{\n  \""name\"": \""Radia Torvalds\"",\n  \""age\"": 49,\n  \""address\"": {\n    \""street\"": \""7 Nassau St\"",\n    \""city\"": \""Düsseldorf\"",\n    \""postcode\"": null\n  },\n  \""employment\"": {\n    \""company\"": \""Bell Labs\"",\n    \""role\"": \""compiler architect\"",\n    \""years\"": 27\n  },\n  \""contacts\"": [\n    {\n      \""email\"": null,\n      \""phone\"": null\n    }\n  ],\n  \""tags\"": [\""networking\"", \""cryptography\""]\n}""]"
baml,BAMLAdapter(),case-0028,parse_error,AdapterParseError,1.0564945969963446,1,json_object,0,9,0.0,False,,address.city;address.postcode;address.street;age;contacts[0].email;contacts[0].phone;employment;name;tags[0],,544,0,8,0.0,0,"[""{\n  \""name\"": \""Grace Turing\"",\n  \""age\"": 42,\n  \""address\"": {\n    \""street\"": \""1 Infinite Loop\"",\n    \""city\"": \""Osaka\"",\n    \""postcode\"": \""95014\""\n  },\n  \""employment\"": null,\n  \""contacts\"": [\n    {\n      \""email\"": \""grace.turing@mail.test\"",\n      \""phone\"": \""+51 266 3147\""\n    }\n  ],\n  \""tags\"": [\""distributed-systems\""],\n  \""completed\"": false\n}""]"
baml,BAMLAdapter(),case-0029,parse_error,AdapterParseError,1.1514035309955943,1,json_object,0,11,0.0,False,,address.city;address.postcode;address.street;age;employment.company;employment.role;employment.years;name;tags[0];tags[1];tags[2],,565,0,11,0.0,0,"[""{\n  \""name\"": \""Grace Liskov\"",\n  \""age\"": 28,\n  \""address\"": {\n    \""street\"": \""88 Königsallee\"",\n    \""city\"": \""Cupertino\"",\n    \""postcode\"": \""95014\""\n  },\n  \""employment\"": {\n    \""company\"": \""Analytical Engines Ltd\"",\n    \""role\"": \""staff engineer\"",\n    \""years\"": 4\n  },\n  \""contacts\"": [\n    {\n      \""email\"": null,\n      \""phone\"": null\n    }\n  ],\n  \""tags\"": [\""networking\"", \""cryptography\"", \""distributed-systems\""]\n}""]"
sola-json-sections,"StructuredOutputAdapter(output_mode=JSON, prompt_layout=SECTIONS)",case-0000,ok,,1.3511924050108064,1,json_object,10,12,0.8333,False,contacts[0].phone;contacts[1].phone,,,948,9,10,0.9,1,"[""{\n  \""record\"": {\n    \""name\"": \""Edsger Dijkstra\"",\n    \""age\"": 57,\n    \""address\"": {\n      \""street\"": \""88 Königsallee\"",\n      \""city\"": \""Cupertino\"",\n      \""postcode\"": \""40212\""\n    },\n    \""employment\"": null,\n    \""contacts\"": [\n      {\n        \""email\"": \""edsger.dijkstra@mail.test\"",\n        \""phone\"": \""+13 733 5104\""\n      },\n      {\n        \""email\"": \""edsger.dijkstra1@corp.example\"",\n        \""phone\"": null\n      }\n    ],\n    \""tags\"": [\""distributed-systems\"", \""cryptography\""]\n  }\n}""]"
sola-json-sections,"StructuredOutputAdapter(output_mode=JSON, prompt_layout=SECTIONS)",case-0001,ok,,1.5749757190060336,1,json_object,13,14,0.9286,False,tags[0],,,1007,13,14,0.9286,0,"[""{\n  \""record\"": {\n    \""name\"": \""Alan Hopper\"",\n    \""age\"": 20,\n    \""address\"": {\n      \""street\"": \""1 Infinite Loop\"",\n      \""city\"": \""Osaka\"",\n      \""postcode\"": \""75009\""\n    },\n    \""employment\"": {\n      \""company\"": \""Analytical Engines Ltd\"",\n      \""role\"": \""network designer\"",\n      \""years\"": 1\n    },\n    \""contacts\"": [\n      {\n        \""email\"": \""alan.hopper@post.example\"",\n        \""phone\"": \""+98 885 1034\""\n      },\n      {\n        \""email\"": \""alan.hopper1@post.example\"",\n        \""phone\"": \""+30 705 2674\""\n      }\n    ],\n    \""tags\"": [\""compiler\"", \""mathematics\""]\n  }\n}""]"
sola-json-sections,"StructuredOutputAdapter(output_mode=JSON, prompt_layout=SECTIONS)",case-0002,ok,,0.970681329985382,1,json_object,10,10,1.0,True,,,,865,8,8,1.0,0,"[""{\n  \""record\"": {\n    \""name\"": \""Ada Hopper\"",\n    \""age\"": 68,\n    \""address\"": {\n      \""street\"": \""7 Nassau St\"",\n      \""city\"": \""Paris\"",\n      \""postcode\"": \""08540\""\n    },\n    \""employment\"": null,\n    \""contacts\"": [\n      {\n        \""email\"": \""ada.hopper@example.com\""\n      }\n    ],\n    \""tags\"": [\""cryptography\"", \""networking\""]\n  }\n}""]"
sola-json-sections,"StructuredOutputAdapter(output_mode=JSON, prompt_layout=SECTIONS)",case-0003,ok,,0.9835279769904446,1,json_object,8,11,0.7273,False,,tags[0];tags[1];tags[2],,881,8,11,0.7273,0,"[""{\n  \""record\"": {\n    \""name\"": \""Katherine Turing\"",\n    \""age\"": 37,\n    \""address\"": {\n      \""street\"": \""12 Baker St\"",\n      \""city\"": \""Osaka\"",\n      \""postcode\"": \""95014\""\n    },\n    \""employment\"": {\n      \""company\"": \""Bell Labs\"",\n      \""role\"": \""research lead\"",\n      \""years\"": 7\n    },\n    \""contacts\"": [],\n    \""tags\"": []\n  }\n}""]"
sola-json-sections,"StructuredOutputAdapter(output_mode=JSON, prompt_layout=SECTIONS)",case-0004,ok,,1.288365081010852,1,json_object,10,10,1.0,True,,,,939,10,10,1.0,0,"[""{\n  \""record\"": {\n    \""name\"": \""Katherine Torvalds\"",\n    \""age\"": 40,\n    \""address\"": {\n      \""street\"": \""12 Baker St\"",\n      \""city\"": \""London\"",\n      \""postcode\"": \""95014\""\n    },\n    \""employment\"": {\n      \""company\"": \""Sun Micro\"",\n      \""role\"": \""compiler architect\"",\n      \""years\"": 26\n    },\n    \""contacts\"": [\n      {\n        \""email\"": \""katherine.torvalds@example.com\"",\n        \""phone\"": \""+69 468 5533\""\n      }\n    ],\n    \""tags\"": []\n  }\n}""]"
sola-json-sections,"StructuredOutputAdapter(output_mode=JSON, prompt_layout=SECTIONS)",case-0005,ok,,0.8030693790060468,1,json_object,8,8,1.0,True,,,,824,6,6,1.0,0,"[""{\n  \""record\"": {\n    \""name\"": \""Linus Liskov\"",\n    \""age\"": 32,\n    \""address\"": {\n      \""street\"": \""5 Rue Lafayette\"",\n      \""city\"": \""Kraków\"",\n      \""postcode\"": null\n    },\n    \""employment\"": null,\n    \""contacts\"": [],\n    \""tags\"": [\""mathematics\"", \""cryptography\""]\n  }\n}""]"
sola-json-sections,"StructuredOutputAdapter(output_mode=JSON, prompt_layout=SECTIONS)",case-0006,ok,,1.2842773220036179,1,json_object,12,13,0.9231,False,address.street,,,937,11,12,0.9167,0,"[""{\n  \""record\"": {\n    \""name\"": \""Grace Perlman\"",\n    \""age\"": 90,\n    \""address\"": {\n      \""street\"": \""Infinite Loop\"",\n      \""city\"": \""Osaka\"",\n      \""postcode\"": null\n    },\n    \""employment\"": {\n      \""company\"": \""Bell Labs\"",\n      \""role\"": \""compiler architect\"",\n      \""years\"": 25\n    },\n    \""contacts\"": [\n      {\n        \""email\"": \""grace.perlman@example.com\"",\n        \""phone\"": \""+26 847 7783\""\n      }\n    ],\n    \""tags\"": [\""distributed-systems\"", \""mathematics\"", \""networking\""]\n  }\n}""]"
sola-json-sections,"StructuredOutputAdapter(output_mode=JSON, prompt_layout=SECTIONS)",case-0007,ok,,0.9563267859921325,1,json_object,8,10,0.8,False,,tags[0];tags[1],,879,8,10,0.8,0,"[""{\n  \""record\"": {\n    \""name\"": \""Barbara Turing\"",\n    \""age\"": 26,\n    \""address\"": {\n      \""street\"": \""7 Nassau St\"",\n      \""city\"": \""London\"",\n      \""postcode\"": \""08540\""\n    },\n    \""employment\"": {\n      \""company\"": \""Naval Systems\"",\n      \""role\"": \""staff engineer\"",\n      \""years\"": 3\n    },\n    \""contacts\"": [],\n    \""tags\"": []\n  }\n}""]"
sola-json-sections,"StructuredOutputAdapter(output_mode=JSON, prompt_layout=SECTIONS)",case-0008,ok,,0.8956854169955477,1,json_object,8,8,1.0,True,,,,850,7,7,1.0,0,"[""{\n  \""record\"": {\n    \""name\"": \""Katherine Liskov\"",\n    \""age\"": 21,\n    \""address\"": {\n      \""street\"": \""5 Rue Lafayette\"",\n      \""city\"": \""Paris\""\n    },\n    \""employment\"": {\n      \""company\"": \""Sun Micro\"",\n      \""role\"": \""research lead\"",\n      \""years\"": 13\n    },\n    \""contacts\"": [],\n    \""tags\"": []\n  }\n}""]"
sola-json-sections,"StructuredOutputAdapter(output_mode=JSON, prompt_layout=SECTIONS)",case-0009,ok,,1.0120819350122474,1,json_object,8,10,0.8,False,,tags[0];tags[1],,889,8,10,0.8,0,"[""{\n  \""record\"": {\n    \""name\"": \""Radia Liskov\"",\n    \""age\"": 66,\n    \""address\"": {\n      \""street\"": \""7 Nassau St\"",\n      \""city\"": \""Cupertino\"",\n      \""postcode\"": \""08540\""\n    },\n    \""employment\"": {\n      \""company\"": \""Analytical Engines Ltd\"",\n      \""role\"": \""compiler architect\"",\n      \""years\"": 18\n    },\n    \""contacts\"": [],\n    \""tags\"": []\n  }\n}""]"
sola-json-sections,"StructuredOutputAdapter(output_mode=JSON, prompt_layout=SECTIONS)",case-0010,ok,,1.5927252690016758,1,json_object,14,14,1.0,True,,,,1001,13,13,1.0,0,"[""{\n  \""record\"": {\n    \""name\"": \""Ada Dijkstra\"",\n    \""age\"": 66,\n    \""address\"": {\n      \""street\"": \""88 Königsallee\"",\n      \""city\"": \""Kraków\"",\n      \""postcode\"": \""75009\""\n    },\n    \""employment\"": {\n      \""company\"": \""Analytical Engines Ltd\"",\n      \""role\"": \""network designer\"",\n      \""years\"": 11\n    },\n    \""contacts\"": [\n      {\n        \""email\"": \""ada.dijkstra@example.com\"",\n        \""phone\"": \""+96 469 1730\""\n      },\n      {\n        \""email\"": \""ada.dijkstra1@post.example\"",\n        \""phone\"": null\n      }\n    ],\n    \""tags\"": [\n      \""distributed-systems\"",\n      \""compilers\""\n    ]\n  }\n}""]"
sola-json-sections,"StructuredOutputAdapter(output_mode=JSON, prompt_layout=SECTIONS)",case-0011,ok,,1.079161768022459,1,json_object,8,9,0.8889,False,,tags[0],,901,7,8,0.875,0,"[""{\n  \""record\"": {\n    \""name\"": \""Radia Perlman\"",\n    \""age\"": 23,\n    \""address\"": {\n      \""street\"": \""7 Nassau St\"",\n      \""city\"": \""Cupertino\"",\n      \""postcode\"": \""08540\""\n    },\n    \""employment\"": null,\n    \""contacts\"": [\n      {\n        \""email\"": \""radia.perlman@mail.test\"",\n        \""phone\"": \""+39 245 2485\""\n      }\n    ],\n    \""tags\"": []\n  }\n}""]"
sola-json-sections,"StructuredOutputAdapter(output_mode=JSON, prompt_layout=SECTIONS)",case-0012,ok,,1.1694678229978308,1,json_object,12,12,1.0,True,,,,909,10,10,1.0,0,"[""{\n  \""record\"": {\n    \""name\"": \""Radia Torvalds\"",\n    \""age\"": 89,\n    \""address\"": {\n      \""street\"": \""12 Baker St\"",\n      \""city\"": \""Düsseldorf\""\n    },\n    \""employment\"": {\n      \""company\"": \""Xerox PARC\"",\n      \""role\"": \""compiler architect\"",\n      \""years\"": 21\n    },\n    \""contacts\"": [\n      {\n        \""email\"": \""radia.torvalds@post.example\""\n      }\n    ],\n    \""tags\"": [\""distributed-systems\"", \""cryptography\""]\n  }\n}""]"
sola-json-sections,"StructuredOutputAdapter(output_mode=JSON, prompt_layout=SECTIONS)",case-0013,ok,,1.115176879975479,1,json_object,10,11,0.9091,False,,tags[0],,894,8,9,0.8889,0,"[""{\n  \""record\"": {\n    \""name\"": \""Linus Torvalds\"",\n    \""age\"": 55,\n    \""address\"": {\n      \""street\"": \""5 Rue Lafayette\"",\n      \""city\"": \""Osaka\"",\n      \""postcode\"": null\n    },\n    \""employment\"": {\n      \""company\"": \""Naval Systems\"",\n      \""role\"": \""research lead\"",\n      \""years\"": 5\n    },\n    \""contacts\"": [\n      {\n        \""email\"": \""linus.torvalds@example.com\""\n      }\n    ],\n    \""tags\"": []\n  }\n}""]"
sola-json-sections,"StructuredOutputAdapter(output_mode=JSON, prompt_layout=SECTIONS)",case-0014,ok,,1.0005301890196279,1,json_object,8,10,0.8,False,,tags[0];tags[1],,877,8,10,0.8,0,"[""{\n  \""record\"": {\n    \""name\"": \""Grace Johnson\"",\n    \""age\"": 63,\n    \""address\"": {\n      \""street\"": \""88 Königsallee\"",\n      \""city\"": \""Cupertino\"",\n      \""postcode\"": \""95014\""\n    },\n    \""employment\"": {\n      \""company\"": \""Xerox PARC\"",\n      \""role\"": \""staff engineer\"",\n      \""years\"": 9\n    },\n    \""contacts\"": [],\n    \""tags\"": []\n  }\n}""]"
sola-json-sections,"StructuredOutputAdapter(output_mode=JSON, prompt_layout=SECTIONS)",case-0015,ok,,1.3182694889837876,1,json_object,10,10,1.0,True,,,,936,10,10,1.0,0,"[""{\n  \""record\"": {\n    \""name\"": \""Katherine Lovelace\"",\n    \""age\"": 51,\n    \""address\"": {\n      \""street\"": \""12 Baker St\"",\n      \""city\"": \""Osaka\"",\n      \""postcode\"": \""75009\""\n    },\n    \""employment\"": {\n      \""company\"": \""Bell Labs\"",\n      \""role\"": \""research lead\"",\n      \""years\"": 4\n    },\n    \""contacts\"": [\n      {\n        \""email\"": \""katherine.lovelace@corp.example\"",\n        \""phone\"": \""+46 387 7427\""\n      }\n    ],\n    \""tags\"": []\n  }\n}""]"
sola-json-sections,"StructuredOutputAdapter(output_mode=JSON, prompt_layout=SECTIONS)",case-0016,ok,,1.8064398790011182,1,json_object,8,12,0.6667,False,contacts[0].email;contacts[0].phone;contacts[1].email;contacts[1].phone,,,1004,8,12,0.6667,0,"[""{\n  \""record\"": {\n    \""name\"": \""Barbara Perlman\"",\n    \""age\"": 20,\n    \""address\"": {\n      \""street\"": \""1 Infinite Loop\"",\n      \""city\"": \""Osaka\"",\n      \""postcode\"": \""40212\""\n    },\n    \""employment\"": {\n      \""company\"": \""Naval Systems\"",\n      \""role\"": \""research lead\"",\n      \""years\"": 1\n    },\n    \""contacts\"": [\n      {\n        \""email\"": \""barbara.perlman1@corp.example\"",\n        \""phone\"": \""+29 717 5153\""\n      },\n      {\n        \""email\"": \""barbara.perlman@corp.example\"",\n        \""phone\"": \""+43 782 3325\""\n      }\n    ],\n    \""tags\"": []\n  }\n}""]"
sola-json-sections,"StructuredOutputAdapter(output_mode=JSON, prompt_layout=SECTIONS)",case-0017,ok,,1.5195364720129874,1,json_object,10,10,1.0,True,,,,900,8,8,1.0,0,"[""{\n  \""record\"": {\n    \""name\"": \""Edsger Torvalds\"",\n    \""age\"": 69,\n    \""address\"": {\n      \""street\"": \""12 Baker St\"",\n      \""city\"": \""Paris\"",\n      \""postcode\"": null\n    },\n    \""employment\"": {\n      \""company\"": \""Xerox PARC\"",\n      \""role\"": \""network designer\"",\n      \""years\"": 9\n    },\n    \""contacts\"": [\n      {\n        \""email\"": \""edsger.torvalds@corp.example\""\n      }\n    ],\n    \""tags\"": []\n  }\n}""]"
sola-json-sections,"StructuredOutputAdapter(output_mode=JSON, prompt_layout=SECTIONS)",case-0018,ok,,1.732644542993512,1,json_object,12,12,1.0,True,,,,931,11,11,1.0,0,"[""{\n  \""record\"": {\n    \""name\"": \""Alan Hopper\"",\n    \""age\"": 48,\n    \""address\"": {\n      \""street\"": \""1 Infinite Loop\"",\n      \""city\"": \""Paris\""\n    },\n    \""employment\"": {\n      \""company\"": \""Xerox PARC\"",\n      \""role\"": \""compiler architect\"",\n      \""years\"": 15\n    },\n    \""contacts\"": [\n      {\n        \""email\"": \""alan.hopper@corp.example\"",\n        \""phone\"": \""+89 220 6315\""\n      }\n    ],\n    \""tags\"": [\""distributed-systems\"", \""cryptography\""]\n  }\n}""]"
sola-json-sections,"StructuredOutputAdapter(output_mode=JSON, prompt_layout=SECTIONS)",case-0019,ok,,1.498855526006082,1,json_object,13,13,1.0,True,,,,925,12,12,1.0,0,"[""{\n  \""record\"": {\n    \""name\"": \""Ada Hopper\"",\n    \""age\"": 20,\n    \""address\"": {\n      \""street\"": \""5 Rue Lafayette\"",\n      \""city\"": \""Princeton\"",\n      \""postcode\"": \""40212\""\n    },\n    \""employment\"": {\n      \""company\"": \""Analytical Engines Ltd\"",\n      \""role\"": \""compiler architect\"",\n      \""years\"": 14\n    },\n    \""contacts\"": [\n      {\n        \""email\"": \""ada.hopper@corp.example\""\n      }\n    ],\n    \""tags\"": [\""mathematics\"", \""compilers\"", \""cryptography\""]\n  }\n}""]"
sola-json-sections,"StructuredOutputAdapter(output_mode=JSON, prompt_layout=SECTIONS)",case-0020,ok,,0.9770069219812285,1,json_object,6,8,0.75,False,,tags[0];tags[1],,810,4,6,0.6667,0,"[""{\n  \""record\"": {\n    \""name\"": \""Alan Torvalds\"",\n    \""age\"": 70,\n    \""address\"": {\n      \""street\"": \""7 Nassau St\"",\n      \""city\"": \""Paris\""\n    },\n    \""employment\"": null,\n    \""contacts\"": [],\n    \""tags\"": []\n  }\n}""]"
sola-json-sections,"StructuredOutputAdapter(output_mode=JSON, prompt_layout=SECTIONS)",case-0021,ok,,1.8790223299874924,1,json_object,9,13,0.6923,False,contacts[0].email;contacts[0].phone;contacts[1].email;contacts[1].phone,,,957,8,11,0.7273,1,"[""{\n  \""record\"": {\n    \""name\"": \""Alan Dijkstra\"",\n    \""age\"": 47,\n    \""address\"": {\n      \""street\"": \""1 Infinite Loop\"",\n      \""city\"": \""Osaka\"",\n      \""postcode\"": null\n    },\n    \""employment\"": {\n      \""company\"": \""Sun Micro\"",\n      \""role\"": \""research lead\"",\n      \""years\"": 17\n    },\n    \""contacts\"": [\n      {\n        \""email\"": \""alan.dijkstra1@example.com\"",\n        \""phone\"": \""+75 538 2134\""\n      },\n      {\n        \""email\"": \""alan.dijkstra@mail.test\"",\n        \""phone\"": null\n      }\n    ],\n    \""tags\"": [\""cryptography\""]\n  }\n}""]"
sola-json-sections,"StructuredOutputAdapter(output_mode=JSON, prompt_layout=SECTIONS)",case-0022,ok,,1.2959223249927163,1,json_object,8,8,1.0,True,,,,886,7,7,1.0,0,"[""{\n  \""record\"": {\n    \""name\"": \""Alan Johnson\"",\n    \""age\"": 88,\n    \""address\"": {\n      \""street\"": \""88 Königsallee\"",\n      \""city\"": \""Osaka\"",\n      \""postcode\"": \""NW1 6XE\""\n    },\n    \""contacts\"": [\n      {\n        \""email\"": \""alan.johnson@mail.test\"",\n        \""phone\"": \""+7 427 3934\""\n      }\n    ],\n    \""tags\"": [],\n    \""employment\"": null\n  }\n}""]"
sola-json-sections,"StructuredOutputAdapter(output_mode=JSON, prompt_layout=SECTIONS)",case-0023,ok,,2.241592677019071,1,json_object,9,15,0.6,False,contacts[0].email;contacts[0].phone;contacts[1].email;contacts[1].phone;tags[0];tags[1],,,992,9,14,0.6429,1,"[""{\n  \""record\"": {\n    \""name\"": \""Linus Hopper\"",\n    \""age\"": 25,\n    \""address\"": {\n      \""street\"": \""88 Königsallee\"",\n      \""city\"": \""Paris\"",\n      \""postcode\"": \""75009\""\n    },\n    \""employment\"": {\n      \""company\"": \""Bell Labs\"",\n      \""role\"": \""network designer\"",\n      \""years\"": 1\n    },\n    \""contacts\"": [\n      {\n        \""email\"": \""linus.hopper1@example.com\"",\n        \""phone\"": \""+91 610 7901\""\n      },\n      {\n        \""email\"": \""linus.hopper@mail.test\"",\n        \""phone\"": null\n      }\n    ],\n    \""tags\"": [\""network designer\"", \""mathematics\"", \""cryptography\""]\n  }\n}""]"
sola-json-sections,"StructuredOutputAdapter(output_mode=JSON, prompt_layout=SECTIONS)",case-0024,ok,,1.7895019770076033,1,json_object,10,10,1.0,True,,,,939,10,10,1.0,0,"[""{\n  \""record\"": {\n    \""name\"": \""Edsger Turing\"",\n    \""age\"": 56,\n    \""address\"": {\n      \""street\"": \""5 Rue Lafayette\"",\n      \""city\"": \""Osaka\"",\n      \""postcode\"": \""40212\""\n    },\n    \""employment\"": {\n      \""company\"": \""Analytical Engines Ltd\"",\n      \""role\"": \""network designer\"",\n      \""years\"": 15\n    },\n    \""contacts\"": [\n      {\n        \""email\"": \""edsger.turing@example.com\"",\n        \""phone\"": \""+22 603 8277\""\n      }\n    ],\n    \""tags\"": []\n  }\n}""]"
sola-json-sections,"StructuredOutputAdapter(output_mode=JSON, prompt_layout=SECTIONS)",case-0025,ok,,1.611673214007169,1,json_object,10,10,1.0,True,,,,937,8,8,1.0,0,"[""{\n  \""record\"": {\n    \""name\"": \""Edsger Lovelace\"",\n    \""age\"": 41,\n    \""address\"": {\n      \""street\"": \""88 Königsallee\"",\n      \""city\"": \""London\"",\n      \""postcode\"": \""40212\""\n    },\n    \""employment\"": null,\n    \""contacts\"": [\n      {\n        \""email\"": \""edsger.lovelace@post.example\"",\n        \""phone\"": \""+16 689 4229\""\n      },\n      {\n        \""email\"": \""edsger.lovelace1@corp.example\"",\n        \""phone\"": null\n      }\n    ],\n    \""tags\"": []\n  }\n}""]"
sola-json-sections,"StructuredOutputAdapter(output_mode=JSON, prompt_layout=SECTIONS)",case-0026,ok,,1.3310602190031204,1,json_object,12,12,1.0,True,,,,922,11,11,1.0,0,"[""{\n  \""record\"": {\n    \""name\"": \""Katherine Johnson\"",\n    \""age\"": 21,\n    \""address\"": {\n      \""street\"": \""12 Baker St\"",\n      \""city\"": \""Kraków\"",\n      \""postcode\"": \""08540\""\n    },\n    \""employment\"": {\n      \""company\"": \""Sun Micro\"",\n      \""role\"": \""research lead\"",\n      \""years\"": 21\n    },\n    \""contacts\"": [\n      {\n        \""email\"": \""katherine.johnson@post.example\""\n      }\n    ],\n    \""tags\"": [\""networking\"", \""cryptography\""]\n  }\n}""]"
sola-json-sections,"StructuredOutputAdapter(output_mode=JSON, prompt_layout=SECTIONS)",case-0027,ok,,1.127926628018031,1,json_object,8,10,0.8,False,,tags[0];tags[1],,867,7,9,0.7778,0,"[""{\n  \""record\"": {\n    \""name\"": \""Radia Torvalds\"",\n    \""age\"": 49,\n    \""address\"": {\n      \""street\"": \""7 Nassau St\"",\n      \""city\"": \""Düsseldorf\"",\n      \""postcode\"": null\n    },\n    \""employment\"": {\n      \""company\"": \""Bell Labs\"",\n      \""role\"": \""compiler architect\"",\n      \""years\"": 27\n    },\n    \""contacts\"": [],\n    \""tags\"": []\n  }\n}""]"
sola-json-sections,"StructuredOutputAdapter(output_mode=JSON, prompt_layout=SECTIONS)",case-0028,ok,,1.177435363002587,1,json_object,8,9,0.8889,False,,tags[0],,891,7,8,0.875,0,"[""{\n  \""record\"": {\n    \""name\"": \""Grace Turing\"",\n    \""age\"": 42,\n    \""address\"": {\n      \""street\"": \""1 Infinite Loop\"",\n      \""city\"": \""Osaka\"",\n      \""postcode\"": \""95014\""\n    },\n    \""contacts\"": [\n      {\n        \""email\"": \""grace.turing@mail.test\"",\n        \""phone\"": \""+51 266 3147\""\n      }\n    ],\n    \""tags\"": [],\n    \""employment\"": null\n  }\n}""]"
sola-json-sections,"StructuredOutputAdapter(output_mode=JSON, prompt_layout=SECTIONS)",case-0029,ok,,1.2084459769830573,1,json_object,8,11,0.7273,False,,tags[0];tags[1];tags[2],,889,8,11,0.7273,0,"[""{\n  \""record\"": {\n    \""name\"": \""Grace Liskov\"",\n    \""age\"": 28,\n    \""address\"": {\n      \""street\"": \""88 Königsallee\"",\n      \""city\"": \""Cupertino\"",\n      \""postcode\"": \""95014\""\n    },\n    \""employment\"": {\n      \""company\"": \""Analytical Engines Ltd\"",\n      \""role\"": \""staff engineer\"",\n      \""years\"": 4\n    },\n    \""contacts\"": [],\n    \""tags\"": []\n  }\n}""]"
sola-jsonish-sections,"StructuredOutputAdapter(output_mode=JSONISH, prompt_layout=SECTIONS)",case-0000,ok,,1.3869594710122328,1,json_object,9,12,0.75,False,contacts[0].phone,contacts[1].email;contacts[1].phone,,622,8,10,0.8,1,"[""{\n  \""record\"": {\n    \""name\"": \""Edsger Dijkstra\"",\n    \""age\"": 57,\n    \""address\"": {\n      \""street\"": \""88 Königsallee\"",\n      \""city\"": \""Cupertino\"",\n      \""postcode\"": \""40212\""\n    },\n    \""employment\"": null,\n    \""contacts\"": [\n      {\n        \""email\"": \""edsger.dijkstra@mail.test\"",\n        \""phone\"": \""+13 733 5104\""\n      }\n    ],\n    \""tags\"": [\""distributed-systems\"", \""cryptography\""]\n  }\n}""]"
sola-jsonish-sections,"StructuredOutputAdapter(output_mode=JSONISH, prompt_layout=SECTIONS)",case-0001,ok,,1.5464293080149218,1,json_object,14,14,1.0,True,,,,709,14,14,1.0,0,"[""{\n  \""record\"": {\n    \""name\"": \""Alan Hopper\"",\n    \""age\"": 20,\n    \""address\"": {\n      \""street\"": \""1 Infinite Loop\"",\n      \""city\"": \""Osaka\"",\n      \""postcode\"": \""75009\""\n    },\n    \""employment\"": {\n      \""company\"": \""Analytical Engines Ltd\"",\n      \""role\"": \""network designer\"",\n      \""years\"": 1\n    },\n    \""contacts\"": [\n      {\n        \""email\"": \""alan.hopper@post.example\"",\n        \""phone\"": \""+98 885 1034\""\n      },\n      {\n        \""email\"": \""alan.hopper1@post.example\"",\n        \""phone\"": \""+30 705 2674\""\n      }\n    ],\n    \""tags\"": [\""compilers\"", \""mathematics\""]\n  }\n}""]"
sola-jsonish-sections,"StructuredOutputAdapter(output_mode=JSONISH, prompt_layout=SECTIONS)",case-0002,ok,,0.9537963010079693,1,json_object,10,10,1.0,True,,,,572,8,8,1.0,0,"[""{\n  \""record\"": {\n    \""name\"": \""Ada Hopper\"",\n    \""age\"": 68,\n    \""address\"": {\n      \""street\"": \""7 Nassau St\"",\n      \""city\"": \""Paris\"",\n      \""postcode\"": \""08540\""\n    },\n    \""employment\"": null,\n    \""contacts\"": [\n      {\n        \""email\"": \""ada.hopper@example.com\"",\n        \""phone\"": null\n      }\n    ],\n    \""tags\"": [\""cryptography\"", \""networking\""]\n  }\n}""]"
sola-jsonish-sections,"StructuredOutputAdapter(output_mode=JSONISH, prompt_layout=SECTIONS)",case-0003,validation_error,ValidationError,1.1796382589964196,1,json_object,0,11,0.0,False,,address.city;address.postcode;address.street;age;employment.company;employment.role;employment.years;name;tags[0];tags[1];tags[2],,616,0,11,0.0,0,"[""{\n  \""record\"": {\n    \""name\"": \""Katherine Turing\"",\n    \""age\"": 37,\n    \""address\"": {\n      \""street\"": \""12 Baker St\"",\n      \""city\"": \""Osaka\"",\n      \""postcode\"": \""95014\""\n    },\n    \""employment\"": {\n      \""company\"": \""Bell Labs\"",\n      \""role\"": \""research lead\"",\n      \""years\"": 7\n    },\n    \""contacts\"": [\n      {\n        \""email\"": null,\n        \""phone\"": null\n      }\n    ],\n    \""tags\"": [\""networking\"", \""distributed-systems\"", \""cryptography\""]\n  }\n}""]"
sola-jsonish-sections,"StructuredOutputAdapter(output_mode=JSONISH, prompt_layout=SECTIONS)",case-0004,ok,,1.2886405549943447,1,json_object,10,10,1.0,True,,,,640,10,10,1.0,0,"[""{\n  \""record\"": {\n    \""name\"": \""Katherine Torvalds\"",\n    \""age\"": 40,\n    \""address\"": {\n      \""street\"": \""12 Baker St\"",\n      \""city\"": \""London\"",\n      \""postcode\"": \""95014\""\n    },\n    \""employment\"": {\n      \""company\"": \""Sun Micro\"",\n      \""role\"": \""compiler architect\"",\n      \""years\"": 26\n    },\n    \""contacts\"": [\n      {\n        \""email\"": \""katherine.torvalds@example.com\"",\n        \""phone\"": \""+69 468 5533\""\n      }\n    ],\n    \""tags\"": []\n  }\n}""]"
sola-jsonish-sections,"StructuredOutputAdapter(output_mode=JSONISH, prompt_layout=SECTIONS)",case-0005,validation_error,ValidationError,0.9060108979756478,1,json_object,0,8,0.0,False,,address.city;address.postcode;address.street;age;employment;name;tags[0];tags[1],,547,0,6,0.0,0,"[""{\n  \""record\"": {\n    \""name\"": \""Linus Liskov\"",\n    \""age\"": 32,\n    \""address\"": {\n      \""street\"": \""5 Rue Lafayette\"",\n      \""city\"": \""Kraków\"",\n      \""postcode\"": null\n    },\n    \""employment\"": null,\n    \""contacts\"": [\n      {\n        \""email\"": null,\n        \""phone\"": null\n      }\n    ],\n    \""tags\"": [\""mathematics\"", \""cryptography\""]\n  }\n}""]"
sola-jsonish-sections,"StructuredOutputAdapter(output_mode=JSONISH, prompt_layout=SECTIONS)",case-0006,ok,,1.259803210006794,1,json_object,12,13,0.9231,False,address.street,,,638,11,12,0.9167,0,"[""{\n  \""record\"": {\n    \""name\"": \""Grace Perlman\"",\n    \""age\"": 90,\n    \""address\"": {\n      \""street\"": \""Infinite Loop\"",\n      \""city\"": \""Osaka\"",\n      \""postcode\"": null\n    },\n    \""employment\"": {\n      \""company\"": \""Bell Labs\"",\n      \""role\"": \""compiler architect\"",\n      \""years\"": 25\n    },\n    \""contacts\"": [\n      {\n        \""email\"": \""grace.perlman@example.com\"",\n        \""phone\"": \""+26 847 7783\""\n      }\n    ],\n    \""tags\"": [\""distributed-systems\"", \""mathematics\"", \""networking\""]\n  }\n}""]"
sola-jsonish-sections,"StructuredOutputAdapter(output_mode=JSONISH, prompt_layout=SECTIONS)",case-0007,validation_error,ValidationError,1.1347699659818318,1,json_object,0,10,0.0,False,,address.city;address.postcode;address.street;age;employment.company;employment.role;employment.years;name;tags[0];tags[1],,610,0,10,0.0,0,"[""{\n  \""record\"": {\n    \""name\"": \""Barbara Turing\"",\n    \""age\"": 26,\n    \""address\"": {\n      \""street\"": \""7 Nassau St\"",\n      \""city\"": \""London\"",\n      \""postcode\"": \""08540\""\n    },\n    \""employment\"": {\n      \""company\"": \""Naval Systems\"",\n      \""role\"": \""staff engineer\"",\n      \""years\"": 3\n    },\n    \""contacts\"": [\n      {\n        \""email\"": null,\n        \""phone\"": null\n      }\n    ],\n    \""tags\"": [\""networking\"", \""distributed-systems\""]\n  }\n}""]"
sola-jsonish-sections,"StructuredOutputAdapter(output_mode=JSONISH, prompt_layout=SECTIONS)",case-0008,ok,,0.9937587459862698,1,json_object,8,8,1.0,False,,,contacts[0].email;contacts[0].phone,572,7,7,1.0,0,"[""{\n  \""record\"": {\n    \""name\"": \""Katherine Liskov\"",\n    \""age\"": 21,\n    \""address\"": {\n      \""street\"": \""5 Rue Lafayette\"",\n      \""city\"": \""Paris\""\n    },\n    \""employment\"": {\n      \""company\"": \""Sun Micro\"",\n      \""role\"": \""research lead\"",\n      \""years\"": 13\n    },\n    \""contacts\"": [\n      {\n        \""email\"": \""\"",\n        \""phone\"": \""\""\n      }\n    ],\n    \""tags\"": []\n  }\n}""]"
sola-jsonish-sections,"StructuredOutputAdapter(output_mode=JSONISH, prompt_layout=SECTIONS)",case-0009,ok,,1.1633959090104327,1,json_object,10,10,1.0,False,,,contacts[0].email;contacts[0].phone,619,10,10,1.0,0,"[""{\n  \""record\"": {\n    \""name\"": \""Radia Liskov\"",\n    \""age\"": 66,\n    \""address\"": {\n      \""street\"": \""7 Nassau St\"",\n      \""city\"": \""Cupertino\"",\n      \""postcode\"": \""08540\""\n    },\n    \""employment\"": {\n      \""company\"": \""Analytical Engines Ltd\"",\n      \""role\"": \""compiler architect\"",\n      \""years\"": 18\n    },\n    \""contacts\"": [\n      {\n        \""email\"": \""\"",\n        \""phone\"": \""\""\n      }\n    ],\n    \""tags\"": [\""distributed-systems\"", \""mathematics\""]\n  }\n}""]"
sola-jsonish-sections,"StructuredOutputAdapter(output_mode=JSONISH, prompt_layout=SECTIONS)",case-0010,ok,,1.2885712000133935,1,json_object,12,14,0.8571,False,,contacts[1].email;contacts[1].phone,,668,12,13,0.9231,0,"[""{\n  \""record\"": {\n    \""name\"": \""Ada Dijkstra\"",\n    \""age\"": 66,\n    \""address\"": {\n      \""street\"": \""88 Königsallee\"",\n      \""city\"": \""Kraków\"",\n      \""postcode\"": \""75009\""\n    },\n    \""employment\"": {\n      \""company\"": \""Analytical Engines Ltd\"",\n      \""role\"": \""network designer\"",\n      \""years\"": 11\n    },\n    \""contacts\"": [\n      {\n        \""email\"": \""ada.dijkstra@example.com\"",\n        \""phone\"": \""+96 469 1730\""\n      }\n    ],\n    \""tags\"": [\""distributed-systems\"", \""compilers\""]\n  }\n}""]"
sola-jsonish-sections,"StructuredOutputAdapter(output_mode=JSONISH, prompt_layout=SECTIONS)",case-0011,ok,,1.0687852069968358,1,json_object,9,9,1.0,True,,,,606,8,8,1.0,0,"[""{\n  \""record\"": {\n    \""name\"": \""Radia Perlman\"",\n    \""age\"": 23,\n    \""address\"": {\n      \""street\"": \""7 Nassau St\"",\n      \""city\"": \""Cupertino\"",\n      \""postcode\"": \""08540\""\n    },\n    \""employment\"": null,\n    \""contacts\"": [\n      {\n        \""email\"": \""radia.perlman@mail.test\"",\n        \""phone\"": \""+39 245 2485\""\n      }\n    ],\n    \""tags\"": [\""distributed-systems\""]\n  }\n}""]"
sola-jsonish-sections,"StructuredOutputAdapter(output_mode=JSONISH, prompt_layout=SECTIONS)",case-0012,ok,,1.1954788340080995,1,json_object,12,12,1.0,True,,,,622,10,10,1.0,0,"[""{\n  \""record\"": {\n    \""name\"": \""Radia Torvalds\"",\n    \""age\"": 89,\n    \""address\"": {\n      \""street\"": \""12 Baker St\"",\n      \""city\"": \""Düsseldorf\"",\n      \""postcode\"": null\n    },\n    \""employment\"": {\n      \""company\"": \""Xerox PARC\"",\n      \""role\"": \""compiler architect\"",\n      \""years\"": 21\n    },\n    \""contacts\"": [\n      {\n        \""email\"": \""radia.torvalds@post.example\"",\n        \""phone\"": null\n      }\n    ],\n    \""tags\"": [\""distributed-systems\"", \""cryptography\""]\n  }\n}""]"
sola-jsonish-sections,"StructuredOutputAdapter(output_mode=JSONISH, prompt_layout=SECTIONS)",case-0013,ok,,1.1712514130049385,1,json_object,10,11,0.9091,False,tags[0],,tags[1],608,8,9,0.8889,0,"[""{\n  \""record\"": {\n    \""name\"": \""Linus Torvalds\"",\n    \""age\"": 55,\n    \""address\"": {\n      \""street\"": \""5 Rue Lafayette\"",\n      \""city\"": \""Osaka\"",\n      \""postcode\"": null\n    },\n    \""employment\"": {\n      \""company\"": \""Naval Systems\"",\n      \""role\"": \""research lead\"",\n      \""years\"": 5\n    },\n    \""contacts\"": [\n      {\n        \""email\"": \""linus.torvalds@example.com\"",\n        \""phone\"": null\n      }\n    ],\n    \""tags\"": [\""Cryptography\"", \""Research Lead\""]\n  }\n}""]"
sola-jsonish-sections,"StructuredOutputAdapter(output_mode=JSONISH, prompt_layout=SECTIONS)",case-0014,validation_error,ValidationError,1.1507616299786605,1,json_object,0,10,0.0,False,,address.city;address.postcode;address.street;age;employment.company;employment.role;employment.years;name;tags[0];tags[1],,607,0,10,0.0,0,"[""{\n  \""record\"": {\n    \""name\"": \""Grace Johnson\"",\n    \""age\"": 63,\n    \""address\"": {\n      \""street\"": \""88 Königsallee\"",\n      \""city\"": \""Cupertino\"",\n      \""postcode\"": \""95014\""\n    },\n    \""employment\"": {\n      \""company\"": \""Xerox PARC\"",\n      \""role\"": \""staff engineer\"",\n      \""years\"": 9\n    },\n    \""contacts\"": [\n      {\n        \""email\"": null,\n        \""phone\"": null\n      }\n    ],\n    \""tags\"": [\""cryptography\"", \""compilers\""]\n  }\n}""]"
sola-jsonish-sections,"StructuredOutputAdapter(output_mode=JSONISH, prompt_layout=SECTIONS)",case-0015,ok,,1.2415896400052588,1,json_object,10,10,1.0,True,,,,637,10,10,1.0,0,"[""{\n  \""record\"": {\n    \""name\"": \""Katherine Lovelace\"",\n    \""age\"": 51,\n    \""address\"": {\n      \""street\"": \""12 Baker St\"",\n      \""city\"": \""Osaka\"",\n      \""postcode\"": \""75009\""\n    },\n    \""employment\"": {\n      \""company\"": \""Bell Labs\"",\n      \""role\"": \""research lead\"",\n      \""years\"": 4\n    },\n    \""contacts\"": [\n      {\n        \""email\"": \""katherine.lovelace@corp.example\"",\n        \""phone\"": \""+46 387 7427\""\n      }\n    ],\n    \""tags\"": []\n  }\n}""]"
sola-jsonish-sections,"StructuredOutputAdapter(output_mode=JSONISH, prompt_layout=SECTIONS)",case-0016,ok,,1.4925427870184649,1,json_object,7,12,0.5833,False,address.street;contacts[0].email;contacts[0].phone;contacts[1].email;contacts[1].phone,,,705,7,12,0.5833,0,"[""{\n  \""record\"": {\n    \""name\"": \""Barbara Perlman\"",\n    \""age\"": 20,\n    \""address\"": {\n      \""street\"": \""Infinite Loop\"",\n      \""city\"": \""Osaka\"",\n      \""postcode\"": \""40212\""\n    },\n    \""employment\"": {\n      \""company\"": \""Naval Systems\"",\n      \""role\"": \""research lead\"",\n      \""years\"": 1\n    },\n    \""contacts\"": [\n      {\n        \""email\"": \""barbara.perlman1@corp.example\"",\n        \""phone\"": \""+29 717 5153\""\n      },\n      {\n        \""email\"": \""barbara.perlman@corp.example\"",\n        \""phone\"": \""+43 782 3325\""\n      }\n    ],\n    \""tags\"": []\n  }\n}""]"
sola-jsonish-sections,"StructuredOutputAdapter(output_mode=JSONISH, prompt_layout=SECTIONS)",case-0017,ok,,1.1955018680018838,1,json_object,10,10,1.0,False,,,tags[0];tags[1];tags[2],615,8,8,1.0,0,"[""{\n  \""record\"": {\n    \""name\"": \""Edsger Torvalds\"",\n    \""age\"": 69,\n    \""address\"": {\n      \""street\"": \""12 Baker St\"",\n      \""city\"": \""Paris\"",\n      \""postcode\"": null\n    },\n    \""employment\"": {\n      \""company\"": \""Xerox PARC\"",\n      \""role\"": \""network designer\"",\n      \""years\"": 9\n    },\n    \""contacts\"": [\n      {\n        \""email\"": \""edsger.torvalds@corp.example\"",\n        \""phone\"": null\n      }\n    ],\n    \""tags\"": [\""Python\"", \""OS\"", \""Linux\""]\n  }\n}""]"
sola-jsonish-sections,"StructuredOutputAdapter(output_mode=JSONISH, prompt_layout=SECTIONS)",case-0018,ok,,1.1900149129796773,1,json_object,12,12,1.0,True,,,,632,11,11,1.0,0,"[""{\n  \""record\"": {\n    \""name\"": \""Alan Hopper\"",\n    \""age\"": 48,\n    \""address\"": {\n      \""street\"": \""1 Infinite Loop\"",\n      \""city\"": \""Paris\""\n    },\n    \""employment\"": {\n      \""company\"": \""Xerox PARC\"",\n      \""role\"": \""compiler architect\"",\n      \""years\"": 15\n    },\n    \""contacts\"": [\n      {\n        \""email\"": \""alan.hopper@corp.example\"",\n        \""phone\"": \""+89 220 6315\""\n      }\n    ],\n    \""tags\"": [\""distributed-systems\"", \""cryptography\""]\n  }\n}""]"
sola-jsonish-sections,"StructuredOutputAdapter(output_mode=JSONISH, prompt_layout=SECTIONS)",case-0019,ok,,1.2058622319891583,1,json_object,13,13,1.0,True,,,,632,12,12,1.0,0,"[""{\n  \""record\"": {\n    \""name\"": \""Ada Hopper\"",\n    \""age\"": 20,\n    \""address\"": {\n      \""street\"": \""5 Rue Lafayette\"",\n      \""city\"": \""Princeton\"",\n      \""postcode\"": \""40212\""\n    },\n    \""employment\"": {\n      \""company\"": \""Analytical Engines Ltd\"",\n      \""role\"": \""compiler architect\"",\n      \""years\"": 14\n    },\n    \""contacts\"": [\n      {\n        \""email\"": \""ada.hopper@corp.example\"",\n        \""phone\"": null\n      }\n    ],\n    \""tags\"": [\""mathematics\"", \""compilers\"", \""cryptography\""]\n  }\n}""]"
sola-jsonish-sections,"StructuredOutputAdapter(output_mode=JSONISH, prompt_layout=SECTIONS)",case-0020,ok,,0.8809766150079668,1,json_object,8,8,1.0,False,,,contacts[0].email;contacts[0].phone,539,6,6,1.0,0,"[""{\n  \""record\"": {\n    \""name\"": \""Alan Torvalds\"",\n    \""age\"": 70,\n    \""address\"": {\n      \""street\"": \""7 Nassau St\"",\n      \""city\"": \""Paris\""\n    },\n    \""employment\"": null,\n    \""contacts\"": [\n      {\n        \""email\"": \""\"",\n        \""phone\"": \""\""\n      }\n    ],\n    \""tags\"": [\""mathematics\"", \""networking\""]\n  }\n}""]"
sola-jsonish-sections,"StructuredOutputAdapter(output_mode=JSONISH, prompt_layout=SECTIONS)",case-0021,ok,,1.3623576509999111,1,json_object,9,13,0.6923,False,contacts[0].email;contacts[0].phone;contacts[1].email;contacts[1].phone,,,658,8,11,0.7273,1,"[""{\n  \""record\"": {\n    \""name\"": \""Alan Dijkstra\"",\n    \""age\"": 47,\n    \""address\"": {\n      \""street\"": \""1 Infinite Loop\"",\n      \""city\"": \""Osaka\"",\n      \""postcode\"": null\n    },\n    \""employment\"": {\n      \""company\"": \""Sun Micro\"",\n      \""role\"": \""research lead\"",\n      \""years\"": 17\n    },\n    \""contacts\"": [\n      {\n        \""email\"": \""alan.dijkstra1@example.com\"",\n        \""phone\"": \""+75 538 2134\""\n      },\n      {\n        \""email\"": \""alan.dijkstra@mail.test\"",\n        \""phone\"": null\n      }\n    ],\n    \""tags\"": [\""cryptography\""]\n  }\n}""]"
sola-jsonish-sections,"StructuredOutputAdapter(output_mode=JSONISH, prompt_layout=SECTIONS)",case-0022,ok,,1.0396880450134631,1,json_object,8,8,1.0,True,,,,588,7,7,1.0,0,"[""{\n  \""record\"": {\n    \""name\"": \""Alan Johnson\"",\n    \""age\"": 88,\n    \""address\"": {\n      \""street\"": \""88 Königsallee\"",\n      \""city\"": \""Osaka\"",\n      \""postcode\"": \""NW1 6XE\""\n    },\n    \""employment\"": null,\n    \""contacts\"": [\n      {\n        \""email\"": \""alan.johnson@mail.test\"",\n        \""phone\"": \""+7 427 3934\""\n      }\n    ],\n    \""tags\"": []\n  }\n}""]"
sola-jsonish-sections,"StructuredOutputAdapter(output_mode=JSONISH, prompt_layout=SECTIONS)",case-0023,ok,,1.4940483850077726,1,json_object,8,15,0.5333,False,contacts[0].email;contacts[0].phone;contacts[1].email;contacts[1].phone;tags[0];tags[1];tags[2],,,694,8,14,0.5714,1,"[""{\n  \""record\"": {\n    \""name\"": \""Linus Hopper\"",\n    \""age\"": 25,\n    \""address\"": {\n      \""street\"": \""88 Königsallee\"",\n      \""city\"": \""Paris\"",\n      \""postcode\"": \""75009\""\n    },\n    \""employment\"": {\n      \""company\"": \""Bell Labs\"",\n      \""role\"": \""network designer\"",\n      \""years\"": 1\n    },\n    \""contacts\"": [\n      {\n        \""email\"": \""linus.hopper1@example.com\"",\n        \""phone\"": \""+91 610 7901\""\n      },\n      {\n        \""email\"": \""linus.hopper@mail.test\"",\n        \""phone\"": null\n      }\n    ],\n    \""tags\"": [\""network designer\"", \""mathematics\"", \""cybersecurity\""]\n  }\n}""]"
sola-jsonish-sections,"StructuredOutputAdapter(output_mode=JSONISH, prompt_layout=SECTIONS)",case-0024,ok,,1.2589214259933215,1,json_object,10,10,1.0,True,,,,640,10,10,1.0,0,"[""{\n  \""record\"": {\n    \""name\"": \""Edsger Turing\"",\n    \""age\"": 56,\n    \""address\"": {\n      \""street\"": \""5 Rue Lafayette\"",\n      \""city\"": \""Osaka\"",\n      \""postcode\"": \""40212\""\n    },\n    \""employment\"": {\n      \""company\"": \""Analytical Engines Ltd\"",\n      \""role\"": \""network designer\"",\n      \""years\"": 15\n    },\n    \""contacts\"": [\n      {\n        \""email\"": \""edsger.turing@example.com\"",\n        \""phone\"": \""+22 603 8277\""\n      }\n    ],\n    \""tags\"": []\n  }\n}""]"
sola-jsonish-sections,"StructuredOutputAdapter(output_mode=JSONISH, prompt_layout=SECTIONS)",case-0025,ok,,1.282386934995884,1,json_object,10,10,1.0,True,,,,638,8,8,1.0,0,"[""{\n  \""record\"": {\n    \""name\"": \""Edsger Lovelace\"",\n    \""age\"": 41,\n    \""address\"": {\n      \""street\"": \""88 Königsallee\"",\n      \""city\"": \""London\"",\n      \""postcode\"": \""40212\""\n    },\n    \""employment\"": null,\n    \""contacts\"": [\n      {\n        \""email\"": \""edsger.lovelace@post.example\"",\n        \""phone\"": \""+16 689 4229\""\n      },\n      {\n        \""email\"": \""edsger.lovelace1@corp.example\"",\n        \""phone\"": null\n      }\n    ],\n    \""tags\"": []\n  }\n}""]"
sola-jsonish-sections,"StructuredOutputAdapter(output_mode=JSONISH, prompt_layout=SECTIONS)",case-0026,ok,,1.24248919999809,1,json_object,12,12,1.0,True,,,,629,11,11,1.0,0,"[""{\n  \""record\"": {\n    \""name\"": \""Katherine Johnson\"",\n    \""age\"": 21,\n    \""address\"": {\n      \""street\"": \""12 Baker St\"",\n      \""city\"": \""Kraków\"",\n      \""postcode\"": \""08540\""\n    },\n    \""employment\"": {\n      \""company\"": \""Sun Micro\"",\n      \""role\"": \""research lead\"",\n      \""years\"": 21\n    },\n    \""contacts\"": [\n      {\n        \""email\"": \""katherine.johnson@post.example\"",\n        \""phone\"": null\n      }\n    ],\n    \""tags\"": [\""networking\"", \""cryptography\""]\n  }\n}""]"
sola-jsonish-sections,"StructuredOutputAdapter(output_mode=JSONISH, prompt_layout=SECTIONS)",case-0027,validation_error,ValidationError,1.3184847660013475,1,json_object,0,10,0.0,False,,address.city;address.postcode;address.street;age;employment.company;employment.role;employment.years;name;tags[0];tags[1],,597,0,9,0.0,0,"[""{\n  \""record\"": {\n    \""name\"": \""Radia Torvalds\"",\n    \""age\"": 49,\n    \""address\"": {\n      \""street\"": \""7 Nassau St\"",\n      \""city\"": \""Düsseldorf\"",\n      \""postcode\"": null\n    },\n    \""employment\"": {\n      \""company\"": \""Bell Labs\"",\n      \""role\"": \""compiler architect\"",\n      \""years\"": 27\n    },\n    \""contacts\"": [\n      {\n        \""email\"": null,\n        \""phone\"": null\n      }\n    ],\n    \""tags\"": [\""networking\"", \""cryptography\""]\n  }\n}""]"
sola-jsonish-sections,"StructuredOutputAdapter(output_mode=JSONISH, prompt_layout=SECTIONS)",case-0028,ok,,1.2770841029996518,1,json_object,9,9,1.0,True,,,,597,8,8,1.0,0,"[""{\n  \""record\"": {\n    \""name\"": \""Grace Turing\"",\n    \""age\"": 42,\n    \""address\"": {\n      \""street\"": \""1 Infinite Loop\"",\n      \""city\"": \""Osaka\"",\n      \""postcode\"": \""95014\""\n    },\n    \""employment\"": null,\n    \""contacts\"": [\n      {\n        \""email\"": \""grace.turing@mail.test\"",\n        \""phone\"": \""+51 266 3147\""\n      }\n    ],\n    \""tags\"": [\""distributed-systems\""]\n  }\n}""]"
sola-jsonish-sections,"StructuredOutputAdapter(output_mode=JSONISH, prompt_layout=SECTIONS)",case-0029,validation_error,ValidationError,1.799738884990802,1,json_object,0,11,0.0,False,,address.city;address.postcode;address.street;age;employment.company;employment.role;employment.years;name;tags[0];tags[1];tags[2],,624,0,11,0.0,0,"[""{\n  \""record\"": {\n    \""name\"": \""Grace Liskov\"",\n    \""age\"": 28,\n    \""address\"": {\n      \""street\"": \""88 Königsallee\"",\n      \""city\"": \""Cupertino\"",\n      \""postcode\"": \""95014\""\n    },\n    \""employment\"": {\n      \""company\"": \""Analytical Engines Ltd\"",\n      \""role\"": \""staff engineer\"",\n      \""years\"": 4\n    },\n    \""contacts\"": [\n      {\n        \""email\"": null,\n        \""phone\"": null\n      }\n    ],\n    \""tags\"": [\""networking\"", \""cryptography\"", \""distributed-systems\""]\n  }\n}""]"
sola-yaml-sections,"StructuredOutputAdapter(output_mode=YAML, prompt_layout=SECTIONS)",case-0000,validation_error,ValidationError,1.8664457740087528,1,none,0,12,0.0,False,,address.city;address.postcode;address.street;age;contacts[0].email;contacts[0].phone;contacts[1].email;contacts[1].phone;employment;name;tags[0];tags[1],,623,0,10,0.0,0,"[""```json\n{\n  \""record\"": {\n    \""name\"": \""Edsger Dijkstra\"",\n    \""age\"": 57,\n    \""address\"": {\n      \""street\"": \""88 Königsallee\"",\n      \""city\"": \""Cupertino\"",\n      \""postcode\"": \""40212\""\n    },\n    \""employment\"": {\n      \""company\"": null,\n      \""role\"": null,\n      \""years\"": null\n    },\n    \""contacts\"": [\n      {\n        \""email\"": \""edsger.dijkstra@mail.test\"",\n        \""phone\"": null\n      },\n      {\n        \""email\"": \""edsger.dijkstra1@corp.example\"",\n        \""phone\"": \""+13 733 5104\""\n      }\n    ],\n    \""tags\"": [\""distributed-systems\"", \""cryptography\""]\n  }\n}\n```""]"
sola-yaml-sections,"StructuredOutputAdapter(output_mode=YAML, prompt_layout=SECTIONS)",case-0001,ok,,1.9287607349979226,1,none,14,14,1.0,True,,,,661,14,14,1.0,0,"[""```json\n{\n  \""record\"": {\n    \""name\"": \""Alan Hopper\"",\n    \""age\"": 20,\n    \""address\"": {\n      \""street\"": \""1 Infinite Loop\"",\n      \""city\"": \""Osaka\"",\n      \""postcode\"": \""75009\""\n    },\n    \""employment\"": {\n      \""company\"": \""Analytical Engines Ltd\"",\n      \""role\"": \""network designer\"",\n      \""years\"": 1\n    },\n    \""contacts\"": [\n      {\n        \""email\"": \""alan.hopper@post.example\"",\n        \""phone\"": \""+98 885 1034\""\n      },\n      {\n        \""email\"": \""alan.hopper1@post.example\"",\n        \""phone\"": \""+30 705 2674\""\n      }\n    ],\n    \""tags\"": [\""compilers\"", \""mathematics\""]\n  }\n}\n```""]"
sola-yaml-sections,"StructuredOutputAdapter(output_mode=YAML, prompt_layout=SECTIONS)",case-0002,validation_error,ValidationError,1.7325948740181047,1,none,0,10,0.0,False,,address.city;address.postcode;address.street;age;contacts[0].email;contacts[0].phone;employment;name;tags[0];tags[1],,553,0,8,0.0,0,"[""```json\n{\n  \""record\"": {\n    \""name\"": \""Ada Hopper\"",\n    \""age\"": 68,\n    \""address\"": {\n      \""street\"": \""7 Nassau St\"",\n      \""city\"": \""Paris\"",\n      \""postcode\"": \""08540\""\n    },\n    \""employment\"": {\n      \""company\"": \""NASA\"",\n      \""role\"": \""Scientist\"",\n      \""years\"": 1962\n    },\n    \""contacts\"": [\n      {\n        \""email\"": \""ada.hopper@example.com\"",\n        \""phone\"": null\n      }\n    ],\n    \""tags\"": [\""cryptography\"", \""networking\""]\n  }\n}\n```""]"
sola-yaml-sections,"StructuredOutputAdapter(output_mode=YAML, prompt_layout=SECTIONS)",case-0003,ok,,1.5981722690048628,1,none,11,11,1.0,False,,,contacts[0].email;contacts[0].phone,574,11,11,1.0,0,"[""```json\n{\n  \""record\"": {\n    \""name\"": \""Katherine Turing\"",\n    \""age\"": 37,\n    \""address\"": {\n      \""street\"": \""12 Baker St\"",\n      \""city\"": \""Osaka\"",\n      \""postcode\"": \""95014\""\n    },\n    \""employment\"": {\n      \""company\"": \""Bell Labs\"",\n      \""role\"": \""research lead\"",\n      \""years\"": 7\n    },\n    \""contacts\"": [\n      {\n        \""email\"": \""katherine.turing@example.com\"",\n        \""phone\"": null\n      }\n    ],\n    \""tags\"": [\""networking\"", \""distributed-systems\"", \""cryptography\""]\n  }\n}\n```""]"
sola-yaml-sections,"StructuredOutputAdapter(output_mode=YAML, prompt_layout=SECTIONS)",case-0004,ok,,1.6044518109993078,1,none,10,10,1.0,True,,,,592,10,10,1.0,0,"[""```json\n{\n  \""record\"": {\n    \""name\"": \""Katherine Torvalds\"",\n    \""age\"": 40,\n    \""address\"": {\n      \""street\"": \""12 Baker St\"",\n      \""city\"": \""London\"",\n      \""postcode\"": \""95014\""\n    },\n    \""employment\"": {\n      \""company\"": \""Sun Micro\"",\n      \""role\"": \""compiler architect\"",\n      \""years\"": 26\n    },\n    \""contacts\"": [\n      {\n        \""email\"": \""katherine.torvalds@example.com\"",\n        \""phone\"": \""+69 468 5533\""\n      }\n    ],\n    \""tags\"": []\n  }\n}\n```""]"
sola-yaml-sections,"StructuredOutputAdapter(output_mode=YAML, prompt_layout=SECTIONS)",case-0005,validation_error,ValidationError,1.2350707280274946,1,none,0,8,0.0,False,,address.city;address.postcode;address.street;age;employment;name;tags[0];tags[1],,499,0,6,0.0,0,"[""```json\n{\n  \""record\"": {\n    \""name\"": \""Linus Liskov\"",\n    \""age\"": 32,\n    \""address\"": {\n      \""street\"": \""5 Rue Lafayette\"",\n      \""city\"": \""Kraków\"",\n      \""postcode\"": null\n    },\n    \""employment\"": null,\n    \""contacts\"": [\n      {\n        \""email\"": null,\n        \""phone\"": null\n      }\n    ],\n    \""tags\"": [\""mathematics\"", \""cryptography\""]\n  }\n}\n```""]"
sola-yaml-sections,"StructuredOutputAdapter(output_mode=YAML, prompt_layout=SECTIONS)",case-0006,ok,,1.8701644679822493,1,none,13,13,1.0,True,,,,590,12,12,1.0,0,"[""```json\n{\n  \""record\"": {\n    \""name\"": \""Grace Perlman\"",\n    \""age\"": 90,\n    \""address\"": {\n      \""street\"": \""1 Infinite Loop\"",\n      \""city\"": \""Osaka\"",\n      \""postcode\"": null\n    },\n    \""employment\"": {\n      \""company\"": \""Bell Labs\"",\n      \""role\"": \""compiler architect\"",\n      \""years\"": 25\n    },\n    \""contacts\"": [\n      {\n        \""email\"": \""grace.perlman@example.com\"",\n        \""phone\"": \""+26 847 7783\""\n      }\n    ],\n    \""tags\"": [\""distributed-systems\"", \""mathematics\"", \""networking\""]\n  }\n}\n```""]"
sola-yaml-sections,"StructuredOutputAdapter(output_mode=YAML, prompt_layout=SECTIONS)",case-0007,ok,,1.318043059000047,1,none,10,10,1.0,False,,,contacts[0].email;contacts[0].phone,563,10,10,1.0,0,"[""{\n  \""record\"": {\n    \""name\"": \""Barbara Turing\"",\n    \""age\"": 26,\n    \""address\"": {\n      \""street\"": \""7 Nassau St\"",\n      \""city\"": \""London\"",\n      \""postcode\"": \""08540\""\n    },\n    \""employment\"": {\n      \""company\"": \""Naval Systems\"",\n      \""role\"": \""staff engineer\"",\n      \""years\"": 3\n    },\n    \""contacts\"": [\n      {\n        \""email\"": \""barbara.turing@example.com\"",\n        \""phone\"": null\n      }\n    ],\n    \""tags\"": [\""networking\"", \""distributed-systems\""]\n  }\n}""]"
sola-yaml-sections,"StructuredOutputAdapter(output_mode=YAML, prompt_layout=SECTIONS)",case-0008,ok,,1.270818118005991,1,none,8,8,1.0,False,,,contacts[0].email;contacts[0].phone;tags[0];tags[1],532,7,7,1.0,0,"[""{\n  \""record\"": {\n    \""name\"": \""Katherine Liskov\"",\n    \""age\"": 21,\n    \""address\"": {\n      \""street\"": \""5 Rue Lafayette\"",\n      \""city\"": \""Paris\""\n    },\n    \""employment\"": {\n      \""company\"": \""Sun Micro\"",\n      \""role\"": \""research lead\"",\n      \""years\"": 13\n    },\n    \""contacts\"": [\n      {\n        \""email\"": \""katherine@sunmicro.com\"",\n        \""phone\"": null\n      }\n    ],\n    \""tags\"": [\""research lead\"", \""Paris\""]\n  }\n}""]"
sola-yaml-sections,"StructuredOutputAdapter(output_mode=YAML, prompt_layout=SECTIONS)",case-0009,ok,,1.4560992890037596,1,none,10,10,1.0,False,,,contacts[0].email;contacts[0].phone,579,10,10,1.0,0,"[""```json\n{\n  \""record\"": {\n    \""name\"": \""Radia Liskov\"",\n    \""age\"": 66,\n    \""address\"": {\n      \""street\"": \""7 Nassau St\"",\n      \""city\"": \""Cupertino\"",\n      \""postcode\"": \""08540\""\n    },\n    \""employment\"": {\n      \""company\"": \""Analytical Engines Ltd\"",\n      \""role\"": \""compiler architect\"",\n      \""years\"": 18\n    },\n    \""contacts\"": [\n      {\n        \""email\"": \""radia.liskov@example.com\"",\n        \""phone\"": null\n      }\n    ],\n    \""tags\"": [\""distributed-systems\"", \""mathematics\""]\n  }\n}\n```""]"
sola-yaml-sections,"StructuredOutputAdapter(output_mode=YAML, prompt_layout=SECTIONS)",case-0010,ok,,1.5487105729989707,1,none,12,14,0.8571,False,,contacts[1].email;contacts[1].phone,,615,12,13,0.9231,0,"[""{\n  \""record\"": {\n    \""name\"": \""Ada Dijkstra\"",\n    \""age\"": 66,\n    \""address\"": {\n      \""street\"": \""88 Königsallee\"",\n      \""city\"": \""Kraków\"",\n      \""postcode\"": \""75009\""\n    },\n    \""employment\"": {\n      \""company\"": \""Analytical Engines Ltd\"",\n      \""role\"": \""network designer\"",\n      \""years\"": 11\n    },\n    \""contacts\"": [\n      {\n        \""email\"": \""ada.dijkstra@example.com\"",\n        \""phone\"": \""+96 469 1730\""\n      }\n    ],\n    \""tags\"": [\""distributed-systems\"", \""compilers\""]\n  }\n}""]"
sola-yaml-sections,"StructuredOutputAdapter(output_mode=YAML, prompt_layout=SECTIONS)",case-0011,validation_error,ValidationError,1.461132677999558,1,none,0,9,0.0,False,,address.city;address.postcode;address.street;age;contacts[0].email;contacts[0].phone;employment;name;tags[0],,580,0,8,0.0,0,"[""```json\n{\n  \""record\"": {\n    \""name\"": \""Radia Perlman\"",\n    \""age\"": 23,\n    \""address\"": {\n      \""street\"": \""7 Nassau St\"",\n      \""city\"": \""Cupertino\"",\n      \""postcode\"": \""08540\""\n    },\n    \""employment\"": {\n      \""company\"": null,\n      \""role\"": null,\n      \""years\"": null\n    },\n    \""contacts\"": [\n      {\n        \""email\"": \""radia.perlman@mail.test\"",\n        \""phone\"": \""+39 245 2485\""\n      }\n    ],\n    \""tags\"": [\""distributed-systems\""]\n  }\n}\n```""]"
sola-yaml-sections,"StructuredOutputAdapter(output_mode=YAML, prompt_layout=SECTIONS)",case-0012,ok,,1.1401719419809524,1,none,12,12,1.0,True,,,,562,10,10,1.0,0,"[""```json\n{\n  \""record\"": {\n    \""name\"": \""Radia Torvalds\"",\n    \""age\"": 89,\n    \""address\"": {\n      \""street\"": \""12 Baker St\"",\n      \""city\"": \""Düsseldorf\""\n    },\n    \""employment\"": {\n      \""company\"": \""Xerox PARC\"",\n      \""role\"": \""compiler architect\"",\n      \""years\"": 21\n    },\n    \""contacts\"": [\n      {\n        \""email\"": \""radia.torvalds@post.example\""\n      }\n    ],\n    \""tags\"": [\""distributed-systems\"", \""cryptography\""]\n  }\n}\n```""]"
sola-yaml-sections,"StructuredOutputAdapter(output_mode=YAML, prompt_layout=SECTIONS)",case-0013,ok,,1.1180247650190722,1,none,11,11,1.0,True,,,,550,9,9,1.0,0,"[""```json\n{\n  \""record\"": {\n    \""name\"": \""Linus Torvalds\"",\n    \""age\"": 55,\n    \""address\"": {\n      \""street\"": \""5 Rue Lafayette\"",\n      \""city\"": \""Osaka\"",\n      \""postcode\"": null\n    },\n    \""employment\"": {\n      \""company\"": \""Naval Systems\"",\n      \""role\"": \""research lead\"",\n      \""years\"": 5\n    },\n    \""contacts\"": [\n      {\n        \""email\"": \""linus.torvalds@example.com\""\n      }\n    ],\n    \""tags\"": [\""cryptography\""]\n  }\n}\n```""]"
sola-yaml-sections,"StructuredOutputAdapter(output_mode=YAML, prompt_layout=SECTIONS)",case-0014,validation_error,ValidationError,1.174484672024846,1,none,0,10,0.0,False,,address.city;address.postcode;address.street;age;employment.company;employment.role;employment.years;name;tags[0];tags[1],,559,0,10,0.0,0,"[""```json\n{\n  \""record\"": {\n    \""name\"": \""Grace Johnson\"",\n    \""age\"": 63,\n    \""address\"": {\n      \""street\"": \""88 Königsallee\"",\n      \""city\"": \""Cupertino\"",\n      \""postcode\"": \""95014\""\n    },\n    \""employment\"": {\n      \""company\"": \""Xerox PARC\"",\n      \""role\"": \""staff engineer\"",\n      \""years\"": 9\n    },\n    \""contacts\"": [\n      {\n        \""email\"": null,\n        \""phone\"": null\n      }\n    ],\n    \""tags\"": [\""cryptography\"", \""compilers\""]\n  }\n}\n```""]"
sola-yaml-sections,"StructuredOutputAdapter(output_mode=YAML, prompt_layout=SECTIONS)",case-0015,ok,,1.351137101999484,1,none,10,10,1.0,True,,,,589,10,10,1.0,0,"[""```json\n{\n  \""record\"": {\n    \""name\"": \""Katherine Lovelace\"",\n    \""age\"": 51,\n    \""address\"": {\n      \""street\"": \""12 Baker St\"",\n      \""city\"": \""Osaka\"",\n      \""postcode\"": \""75009\""\n    },\n    \""employment\"": {\n      \""company\"": \""Bell Labs\"",\n      \""role\"": \""research lead\"",\n      \""years\"": 4\n    },\n    \""contacts\"": [\n      {\n        \""email\"": \""katherine.lovelace@corp.example\"",\n        \""phone\"": \""+46 387 7427\""\n      }\n    ],\n    \""tags\"": []\n  }\n}\n```""]"
sola-yaml-sections,"StructuredOutputAdapter(output_mode=YAML, prompt_layout=SECTIONS)",case-0016,ok,,1.5359778669953812,1,none,8,12,0.6667,False,contacts[0].email;contacts[0].phone;contacts[1].email;contacts[1].phone,,,657,8,12,0.6667,0,"[""```json\n{\n  \""record\"": {\n    \""name\"": \""Barbara Perlman\"",\n    \""age\"": 20,\n    \""address\"": {\n      \""street\"": \""1 Infinite Loop\"",\n      \""city\"": \""Osaka\"",\n      \""postcode\"": \""40212\""\n    },\n    \""employment\"": {\n      \""company\"": \""Naval Systems\"",\n      \""role\"": \""research lead\"",\n      \""years\"": 1\n    },\n    \""contacts\"": [\n      {\n        \""email\"": \""barbara.perlman1@corp.example\"",\n        \""phone\"": \""+29 717 5153\""\n      },\n      {\n        \""email\"": \""barbara.perlman@corp.example\"",\n        \""phone\"": \""+43 782 3325\""\n      }\n    ],\n    \""tags\"": []\n  }\n}\n```""]"
sola-yaml-sections,"StructuredOutputAdapter(output_mode=YAML, prompt_layout=SECTIONS)",case-0017,ok,,1.2293744509806857,1,none,10,10,1.0,False,,,tags[0];tags[1];tags[2],564,8,8,1.0,0,"[""```json\n{\n  \""record\"": {\n    \""name\"": \""Edsger Torvalds\"",\n    \""age\"": 69,\n    \""address\"": {\n      \""street\"": \""12 Baker St\"",\n      \""city\"": \""Paris\""\n    },\n    \""employment\"": {\n      \""company\"": \""Xerox PARC\"",\n      \""role\"": \""network designer\"",\n      \""years\"": 9\n    },\n    \""contacts\"": [\n      {\n        \""email\"": \""edsger.torvalds@corp.example\""\n      }\n    ],\n    \""tags\"": [\""Edsger Torvalds\"", \""Xerox PARC\"", \""Network Designer\""]\n  }\n}\n```""]"
sola-yaml-sections,"StructuredOutputAdapter(output_mode=YAML, prompt_layout=SECTIONS)",case-0018,ok,,1.2243991100112908,1,none,12,12,1.0,True,,,,584,11,11,1.0,0,"[""```json\n{\n  \""record\"": {\n    \""name\"": \""Alan Hopper\"",\n    \""age\"": 48,\n    \""address\"": {\n      \""street\"": \""1 Infinite Loop\"",\n      \""city\"": \""Paris\""\n    },\n    \""employment\"": {\n      \""company\"": \""Xerox PARC\"",\n      \""role\"": \""compiler architect\"",\n      \""years\"": 15\n    },\n    \""contacts\"": [\n      {\n        \""email\"": \""alan.hopper@corp.example\"",\n        \""phone\"": \""+89 220 6315\""\n      }\n    ],\n    \""tags\"": [\""distributed-systems\"", \""cryptography\""]\n  }\n}\n```""]"
sola-yaml-sections,"StructuredOutputAdapter(output_mode=YAML, prompt_layout=SECTIONS)",case-0019,ok,,1.2330432689923327,1,none,13,13,1.0,True,,,,584,12,12,1.0,0,"[""```json\n{\n  \""record\"": {\n    \""name\"": \""Ada Hopper\"",\n    \""age\"": 20,\n    \""address\"": {\n      \""street\"": \""5 Rue Lafayette\"",\n      \""city\"": \""Princeton\"",\n      \""postcode\"": \""40212\""\n    },\n    \""employment\"": {\n      \""company\"": \""Analytical Engines Ltd\"",\n      \""role\"": \""compiler architect\"",\n      \""years\"": 14\n    },\n    \""contacts\"": [\n      {\n        \""email\"": \""ada.hopper@corp.example\"",\n        \""phone\"": null\n      }\n    ],\n    \""tags\"": [\""mathematics\"", \""compilers\"", \""cryptography\""]\n  }\n}\n```""]"
sola-yaml-sections,"StructuredOutputAdapter(output_mode=YAML, prompt_layout=SECTIONS)",case-0020,ok,,0.9295979210000951,1,none,8,8,1.0,False,,,contacts[0].email;contacts[0].phone,499,6,6,1.0,0,"[""```json\n{\n  \""record\"": {\n    \""name\"": \""Alan Torvalds\"",\n    \""age\"": 70,\n    \""address\"": {\n      \""street\"": \""7 Nassau St\"",\n      \""city\"": \""Paris\""\n    },\n    \""employment\"": null,\n    \""contacts\"": [\n      {\n        \""email\"": \""alantorvalds@example.com\"",\n        \""phone\"": null\n      }\n    ],\n    \""tags\"": [\""mathematics\"", \""networking\""]\n  }\n}\n```""]"
sola-yaml-sections,"StructuredOutputAdapter(output_mode=YAML, prompt_layout=SECTIONS)",case-0021,ok,,1.3904277560068294,1,none,9,13,0.6923,False,contacts[0].email;contacts[0].phone;contacts[1].email;contacts[1].phone,,,611,8,11,0.7273,1,"[""{\n  \""record\"": {\n    \""name\"": \""Alan Dijkstra\"",\n    \""age\"": 47,\n    \""address\"": {\n      \""street\"": \""1 Infinite Loop\"",\n      \""city\"": \""Osaka\"",\n      \""postcode\"": null\n    },\n    \""employment\"": {\n      \""company\"": \""Sun Micro\"",\n      \""role\"": \""research lead\"",\n      \""years\"": 17\n    },\n    \""contacts\"": [\n      {\n        \""email\"": \""alan.dijkstra1@example.com\"",\n        \""phone\"": \""+75 538 2134\""\n      },\n      {\n        \""email\"": \""alan.dijkstra@mail.test\"",\n        \""phone\"": null\n      }\n    ],\n    \""tags\"": [\n      \""cryptography\""\n    ]\n  }\n}""]"
sola-yaml-sections,"StructuredOutputAdapter(output_mode=YAML, prompt_layout=SECTIONS)",case-0022,ok,,1.0684025789960288,1,none,8,8,1.0,True,,,,540,7,7,1.0,0,"[""```json\n{\n  \""record\"": {\n    \""name\"": \""Alan Johnson\"",\n    \""age\"": 88,\n    \""address\"": {\n      \""street\"": \""88 Königsallee\"",\n      \""city\"": \""Osaka\"",\n      \""postcode\"": \""NW1 6XE\""\n    },\n    \""employment\"": null,\n    \""contacts\"": [\n      {\n        \""email\"": \""alan.johnson@mail.test\"",\n        \""phone\"": \""+7 427 3934\""\n      }\n    ],\n    \""tags\"": []\n  }\n}\n```""]"
sola-yaml-sections,"StructuredOutputAdapter(output_mode=YAML, prompt_layout=SECTIONS)",case-0023,ok,,1.5063855110201985,1,none,11,15,0.7333,False,contacts[0].email;contacts[0].phone;contacts[1].email;contacts[1].phone,,,645,11,14,0.7857,1,"[""```json\n{\n  \""record\"": {\n    \""name\"": \""Linus Hopper\"",\n    \""age\"": 25,\n    \""address\"": {\n      \""street\"": \""88 Königsallee\"",\n      \""city\"": \""Paris\"",\n      \""postcode\"": \""75009\""\n    },\n    \""employment\"": {\n      \""company\"": \""Bell Labs\"",\n      \""role\"": \""network designer\"",\n      \""years\"": 1\n    },\n    \""contacts\"": [\n      {\n        \""email\"": \""linus.hopper1@example.com\"",\n        \""phone\"": \""+91 610 7901\""\n      },\n      {\n        \""email\"": \""linus.hopper@mail.test\"",\n        \""phone\"": null\n      }\n    ],\n    \""tags\"": [\""mathematics\"", \""networking\"", \""cryptography\""]\n  }\n}\n```""]"
sola-yaml-sections,"StructuredOutputAdapter(output_mode=YAML, prompt_layout=SECTIONS)",case-0024,ok,,1.3228088839969132,1,none,10,10,1.0,False,,,tags[0],595,10,10,1.0,0,"[""```json\n{\n  \""record\"": {\n    \""name\"": \""Edsger Turing\"",\n    \""age\"": 56,\n    \""address\"": {\n      \""street\"": \""5 Rue Lafayette\"",\n      \""city\"": \""Osaka\"",\n      \""postcode\"": \""40212\""\n    },\n    \""employment\"": {\n      \""company\"": \""Analytical Engines Ltd\"",\n      \""role\"": \""network designer\"",\n      \""years\"": 15\n    },\n    \""contacts\"": [\n      {\n        \""email\"": \""edsger.turing@example.com\"",\n        \""phone\"": \""+22 603 8277\""\n      }\n    ],\n    \""tags\"": [\""network designer\""]\n  }\n}\n```""]"
sola-yaml-sections,"StructuredOutputAdapter(output_mode=YAML, prompt_layout=SECTIONS)",case-0025,validation_error,ValidationError,1.4439189599943347,1,none,0,10,0.0,False,,address.city;address.postcode;address.street;age;contacts[0].email;contacts[0].phone;contacts[1].email;contacts[1].phone;employment;name,,612,0,8,0.0,0,"[""```json\n{\n  \""record\"": {\n    \""name\"": \""Edsger Lovelace\"",\n    \""age\"": 41,\n    \""address\"": {\n      \""street\"": \""88 Königsallee\"",\n      \""city\"": \""London\"",\n      \""postcode\"": \""40212\""\n    },\n    \""employment\"": {\n      \""company\"": null,\n      \""role\"": null,\n      \""years\"": null\n    },\n    \""contacts\"": [\n      {\n        \""email\"": \""edsger.lovelace@post.example\"",\n        \""phone\"": \""+16 689 4229\""\n      },\n      {\n        \""email\"": \""edsger.lovelace1@corp.example\"",\n        \""phone\"": null\n      }\n    ],\n    \""tags\"": []\n  }\n}\n```""]"
sola-yaml-sections,"StructuredOutputAdapter(output_mode=YAML, prompt_layout=SECTIONS)",case-0026,ok,,1.3974965710076503,1,none,12,12,1.0,True,,,,606,11,11,1.0,0,"[""```json\n{\n  \""record\"": {\n    \""name\"": \""Katherine Johnson\"",\n    \""age\"": 21,\n    \""address\"": {\n      \""street\"": \""12 Baker St\"",\n      \""city\"": \""Kraków\"",\n      \""postcode\"": \""08540\""\n    },\n    \""employment\"": {\n      \""company\"": \""Sun Micro\"",\n      \""role\"": \""research lead\"",\n      \""years\"": 21\n    },\n    \""contacts\"": [\n      {\n        \""email\"": \""katherine.johnson@post.example\"",\n        \""phone\"": null\n      }\n    ],\n    \""tags\"": [\""networking\"", \""cryptography\""],\n    \""birth_date\"": null,\n    \""death_date\"": null,\n    \""occupation\"": \""research lead\""\n  }\n}\n```""]"
sola-yaml-sections,"StructuredOutputAdapter(output_mode=YAML, prompt_layout=SECTIONS)",case-0027,validation_error,ValidationError,1.1692029580008239,1,none,0,10,0.0,False,,address.city;address.postcode;address.street;age;employment.company;employment.role;employment.years;name;tags[0];tags[1],,549,0,9,0.0,0,"[""```json\n{\n  \""record\"": {\n    \""name\"": \""Radia Torvalds\"",\n    \""age\"": 49,\n    \""address\"": {\n      \""street\"": \""7 Nassau St\"",\n      \""city\"": \""Düsseldorf\"",\n      \""postcode\"": null\n    },\n    \""employment\"": {\n      \""company\"": \""Bell Labs\"",\n      \""role\"": \""compiler architect\"",\n      \""years\"": 27\n    },\n    \""contacts\"": [\n      {\n        \""email\"": null,\n        \""phone\"": null\n      }\n    ],\n    \""tags\"": [\""networking\"", \""cryptography\""]\n  }\n}\n```""]"
sola-yaml-sections,"StructuredOutputAdapter(output_mode=YAML, prompt_layout=SECTIONS)",case-0028,ok,,1.0602178489789367,1,none,9,9,1.0,True,,,,549,8,8,1.0,0,"[""```json\n{\n  \""record\"": {\n    \""name\"": \""Grace Turing\"",\n    \""age\"": 42,\n    \""address\"": {\n      \""street\"": \""1 Infinite Loop\"",\n      \""city\"": \""Osaka\"",\n      \""postcode\"": \""95014\""\n    },\n    \""employment\"": null,\n    \""contacts\"": [\n      {\n        \""email\"": \""grace.turing@mail.test\"",\n        \""phone\"": \""+51 266 3147\""\n      }\n    ],\n    \""tags\"": [\""distributed-systems\""]\n  }\n}\n```""]"
sola-yaml-sections,"StructuredOutputAdapter(output_mode=YAML, prompt_layout=SECTIONS)",case-0029,validation_error,ValidationError,1.2467297189868987,1,none,0,11,0.0,False,,address.city;address.postcode;address.street;age;employment.company;employment.role;employment.years;name;tags[0];tags[1];tags[2],,576,0,11,0.0,0,"[""```json\n{\n  \""record\"": {\n    \""name\"": \""Grace Liskov\"",\n    \""age\"": 28,\n    \""address\"": {\n      \""street\"": \""88 Königsallee\"",\n      \""city\"": \""Cupertino\"",\n      \""postcode\"": \""95014\""\n    },\n    \""employment\"": {\n      \""company\"": \""Analytical Engines Ltd\"",\n      \""role\"": \""staff engineer\"",\n      \""years\"": 4\n    },\n    \""contacts\"": [\n      {\n        \""email\"": null,\n        \""phone\"": null\n      }\n    ],\n    \""tags\"": [\""networking\"", \""cryptography\"", \""distributed-systems\""]\n  }\n}\n```""]"
sola-jsonish-rescue,"StructuredOutputAdapter(output_mode=JSONISH, prompt_layout=SECTIONS, parse_config=ParseConfig())",case-0000,ok,,1.1394631610019132,1,json_object,9,12,0.75,False,contacts[0].phone,contacts[1].email;contacts[1].phone,,622,8,10,0.8,1,"[""{\n  \""record\"": {\n    \""name\"": \""Edsger Dijkstra\"",\n    \""age\"": 57,\n    \""address\"": {\n      \""street\"": \""88 Königsallee\"",\n      \""city\"": \""Cupertino\"",\n      \""postcode\"": \""40212\""\n    },\n    \""employment\"": null,\n    \""contacts\"": [\n      {\n        \""email\"": \""edsger.dijkstra@mail.test\"",\n        \""phone\"": \""+13 733 5104\""\n      }\n    ],\n    \""tags\"": [\""distributed-systems\"", \""cryptography\""]\n  }\n}""]"
sola-jsonish-rescue,"StructuredOutputAdapter(output_mode=JSONISH, prompt_layout=SECTIONS, parse_config=ParseConfig())",case-0001,ok,,1.5381894239981193,1,json_object,14,14,1.0,True,,,,709,14,14,1.0,0,"[""{\n  \""record\"": {\n    \""name\"": \""Alan Hopper\"",\n    \""age\"": 20,\n    \""address\"": {\n      \""street\"": \""1 Infinite Loop\"",\n      \""city\"": \""Osaka\"",\n      \""postcode\"": \""75009\""\n    },\n    \""employment\"": {\n      \""company\"": \""Analytical Engines Ltd\"",\n      \""role\"": \""network designer\"",\n      \""years\"": 1\n    },\n    \""contacts\"": [\n      {\n        \""email\"": \""alan.hopper@post.example\"",\n        \""phone\"": \""+98 885 1034\""\n      },\n      {\n        \""email\"": \""alan.hopper1@post.example\"",\n        \""phone\"": \""+30 705 2674\""\n      }\n    ],\n    \""tags\"": [\""compilers\"", \""mathematics\""]\n  }\n}""]"
sola-jsonish-rescue,"StructuredOutputAdapter(output_mode=JSONISH, prompt_layout=SECTIONS, parse_config=ParseConfig())",case-0002,ok,,0.9651336829992943,1,json_object,10,10,1.0,True,,,,572,8,8,1.0,0,"[""{\n  \""record\"": {\n    \""name\"": \""Ada Hopper\"",\n    \""age\"": 68,\n    \""address\"": {\n      \""street\"": \""7 Nassau St\"",\n      \""city\"": \""Paris\"",\n      \""postcode\"": \""08540\""\n    },\n    \""employment\"": null,\n    \""contacts\"": [\n      {\n        \""email\"": \""ada.hopper@example.com\"",\n        \""phone\"": null\n      }\n    ],\n    \""tags\"": [\""cryptography\"", \""networking\""]\n  }\n}""]"
sola-jsonish-rescue,"StructuredOutputAdapter(output_mode=JSONISH, prompt_layout=SECTIONS, parse_config=ParseConfig())",case-0003,ok,,1.1956762219779193,1,json_object,11,11,1.0,True,,,,616,11,11,1.0,0,"[""{\n  \""record\"": {\n    \""name\"": \""Katherine Turing\"",\n    \""age\"": 37,\n    \""address\"": {\n      \""street\"": \""12 Baker St\"",\n      \""city\"": \""Osaka\"",\n      \""postcode\"": \""95014\""\n    },\n    \""employment\"": {\n      \""company\"": \""Bell Labs\"",\n      \""role\"": \""research lead\"",\n      \""years\"": 7\n    },\n    \""contacts\"": [\n      {\n        \""email\"": null,\n        \""phone\"": null\n      }\n    ],\n    \""tags\"": [\""networking\"", \""distributed-systems\"", \""cryptography\""]\n  }\n}""]"
sola-jsonish-rescue,"StructuredOutputAdapter(output_mode=JSONISH, prompt_layout=SECTIONS, parse_config=ParseConfig())",case-0004,ok,,1.2487133169779554,1,json_object,10,10,1.0,True,,,,640,10,10,1.0,0,"[""{\n  \""record\"": {\n    \""name\"": \""Katherine Torvalds\"",\n    \""age\"": 40,\n    \""address\"": {\n      \""street\"": \""12 Baker St\"",\n      \""city\"": \""London\"",\n      \""postcode\"": \""95014\""\n    },\n    \""employment\"": {\n      \""company\"": \""Sun Micro\"",\n      \""role\"": \""compiler architect\"",\n      \""years\"": 26\n    },\n    \""contacts\"": [\n      {\n        \""email\"": \""katherine.torvalds@example.com\"",\n        \""phone\"": \""+69 468 5533\""\n      }\n    ],\n    \""tags\"": []\n  }\n}""]"
sola-jsonish-rescue,"StructuredOutputAdapter(output_mode=JSONISH, prompt_layout=SECTIONS, parse_config=ParseConfig())",case-0005,ok,,0.9031071490026079,1,json_object,8,8,1.0,True,,,,547,6,6,1.0,0,"[""{\n  \""record\"": {\n    \""name\"": \""Linus Liskov\"",\n    \""age\"": 32,\n    \""address\"": {\n      \""street\"": \""5 Rue Lafayette\"",\n      \""city\"": \""Kraków\"",\n      \""postcode\"": null\n    },\n    \""employment\"": null,\n    \""contacts\"": [\n      {\n        \""email\"": null,\n        \""phone\"": null\n      }\n    ],\n    \""tags\"": [\""mathematics\"", \""cryptography\""]\n  }\n}""]"
sola-jsonish-rescue,"StructuredOutputAdapter(output_mode=JSONISH, prompt_layout=SECTIONS, parse_config=ParseConfig())",case-0006,ok,,1.274338468996575,1,json_object,12,13,0.9231,False,address.street,,,638,11,12,0.9167,0,"[""{\n  \""record\"": {\n    \""name\"": \""Grace Perlman\"",\n    \""age\"": 90,\n    \""address\"": {\n      \""street\"": \""Infinite Loop\"",\n      \""city\"": \""Osaka\"",\n      \""postcode\"": null\n    },\n    \""employment\"": {\n      \""company\"": \""Bell Labs\"",\n      \""role\"": \""compiler architect\"",\n      \""years\"": 25\n    },\n    \""contacts\"": [\n      {\n        \""email\"": \""grace.perlman@example.com\"",\n        \""phone\"": \""+26 847 7783\""\n      }\n    ],\n    \""tags\"": [\""distributed-systems\"", \""mathematics\"", \""networking\""]\n  }\n}""]"
sola-jsonish-rescue,"StructuredOutputAdapter(output_mode=JSONISH, prompt_layout=SECTIONS, parse_config=ParseConfig())",case-0007,ok,,1.2061499739938881,1,json_object,10,10,1.0,True,,,,610,10,10,1.0,0,"[""{\n  \""record\"": {\n    \""name\"": \""Barbara Turing\"",\n    \""age\"": 26,\n    \""address\"": {\n      \""street\"": \""7 Nassau St\"",\n      \""city\"": \""London\"",\n      \""postcode\"": \""08540\""\n    },\n    \""employment\"": {\n      \""company\"": \""Naval Systems\"",\n      \""role\"": \""staff engineer\"",\n      \""years\"": 3\n    },\n    \""contacts\"": [\n      {\n        \""email\"": null,\n        \""phone\"": null\n      }\n    ],\n    \""tags\"": [\""networking\"", \""distributed-systems\""]\n  }\n}""]"
sola-jsonish-rescue,"StructuredOutputAdapter(output_mode=JSONISH, prompt_layout=SECTIONS, parse_config=ParseConfig())",case-0008,ok,,1.293499507009983,1,json_object,8,8,1.0,False,,,contacts[0].email;contacts[0].phone,572,7,7,1.0,0,"[""{\n  \""record\"": {\n    \""name\"": \""Katherine Liskov\"",\n    \""age\"": 21,\n    \""address\"": {\n      \""street\"": \""5 Rue Lafayette\"",\n      \""city\"": \""Paris\""\n    },\n    \""employment\"": {\n      \""company\"": \""Sun Micro\"",\n      \""role\"": \""research lead\"",\n      \""years\"": 13\n    },\n    \""contacts\"": [\n      {\n        \""email\"": \""\"",\n        \""phone\"": \""\""\n      }\n    ],\n    \""tags\"": []\n  }\n}""]"
sola-jsonish-rescue,"StructuredOutputAdapter(output_mode=JSONISH, prompt_layout=SECTIONS, parse_config=ParseConfig())",case-0009,ok,,1.6848642289987765,1,json_object,10,10,1.0,False,,,contacts[0].email;contacts[0].phone,619,10,10,1.0,0,"[""{\n  \""record\"": {\n    \""name\"": \""Radia Liskov\"",\n    \""age\"": 66,\n    \""address\"": {\n      \""street\"": \""7 Nassau St\"",\n      \""city\"": \""Cupertino\"",\n      \""postcode\"": \""08540\""\n    },\n    \""employment\"": {\n      \""company\"": \""Analytical Engines Ltd\"",\n      \""role\"": \""compiler architect\"",\n      \""years\"": 18\n    },\n    \""contacts\"": [\n      {\n        \""email\"": \""\"",\n        \""phone\"": \""\""\n      }\n    ],\n    \""tags\"": [\""distributed-systems\"", \""mathematics\""]\n  }\n}""]"
sola-jsonish-rescue,"StructuredOutputAdapter(output_mode=JSONISH, prompt_layout=SECTIONS, parse_config=ParseConfig())",case-0010,ok,,1.6372429069888312,1,json_object,12,14,0.8571,False,,contacts[1].email;contacts[1].phone,,668,12,13,0.9231,0,"[""{\n  \""record\"": {\n    \""name\"": \""Ada Dijkstra\"",\n    \""age\"": 66,\n    \""address\"": {\n      \""street\"": \""88 Königsallee\"",\n      \""city\"": \""Kraków\"",\n      \""postcode\"": \""75009\""\n    },\n    \""employment\"": {\n      \""company\"": \""Analytical Engines Ltd\"",\n      \""role\"": \""network designer\"",\n      \""years\"": 11\n    },\n    \""contacts\"": [\n      {\n        \""email\"": \""ada.dijkstra@example.com\"",\n        \""phone\"": \""+96 469 1730\""\n      }\n    ],\n    \""tags\"": [\""distributed-systems\"", \""compilers\""]\n  }\n}""]"
sola-jsonish-rescue,"StructuredOutputAdapter(output_mode=JSONISH, prompt_layout=SECTIONS, parse_config=ParseConfig())",case-0011,ok,,1.3328862559865229,1,json_object,9,9,1.0,True,,,,606,8,8,1.0,0,"[""{\n  \""record\"": {\n    \""name\"": \""Radia Perlman\"",\n    \""age\"": 23,\n    \""address\"": {\n      \""street\"": \""7 Nassau St\"",\n      \""city\"": \""Cupertino\"",\n      \""postcode\"": \""08540\""\n    },\n    \""employment\"": null,\n    \""contacts\"": [\n      {\n        \""email\"": \""radia.perlman@mail.test\"",\n        \""phone\"": \""+39 245 2485\""\n      }\n    ],\n    \""tags\"": [\""distributed-systems\""]\n  }\n}""]"
sola-jsonish-rescue,"StructuredOutputAdapter(output_mode=JSONISH, prompt_layout=SECTIONS, parse_config=ParseConfig())",case-0012,ok,,1.6873573779885191,1,json_object,12,12,1.0,True,,,,622,10,10,1.0,0,"[""{\n  \""record\"": {\n    \""name\"": \""Radia Torvalds\"",\n    \""age\"": 89,\n    \""address\"": {\n      \""street\"": \""12 Baker St\"",\n      \""city\"": \""Düsseldorf\"",\n      \""postcode\"": null\n    },\n    \""employment\"": {\n      \""company\"": \""Xerox PARC\"",\n      \""role\"": \""compiler architect\"",\n      \""years\"": 21\n    },\n    \""contacts\"": [\n      {\n        \""email\"": \""radia.torvalds@post.example\"",\n        \""phone\"": null\n      }\n    ],\n    \""tags\"": [\""distributed-systems\"", \""cryptography\""]\n  }\n}""]"
sola-jsonish-rescue,"StructuredOutputAdapter(output_mode=JSONISH, prompt_layout=SECTIONS, parse_config=ParseConfig())",case-0013,ok,,1.8115313969901763,1,json_object,10,11,0.9091,False,tags[0],,tags[1],608,8,9,0.8889,0,"[""{\n  \""record\"": {\n    \""name\"": \""Linus Torvalds\"",\n    \""age\"": 55,\n    \""address\"": {\n      \""street\"": \""5 Rue Lafayette\"",\n      \""city\"": \""Osaka\"",\n      \""postcode\"": null\n    },\n    \""employment\"": {\n      \""company\"": \""Naval Systems\"",\n      \""role\"": \""research lead\"",\n      \""years\"": 5\n    },\n    \""contacts\"": [\n      {\n        \""email\"": \""linus.torvalds@example.com\"",\n        \""phone\"": null\n      }\n    ],\n    \""tags\"": [\""Cryptography\"", \""Research Lead\""]\n  }\n}""]"
sola-jsonish-rescue,"StructuredOutputAdapter(output_mode=JSONISH, prompt_layout=SECTIONS, parse_config=ParseConfig())",case-0014,ok,,1.703975835989695,1,json_object,10,10,1.0,True,,,,607,10,10,1.0,0,"[""{\n  \""record\"": {\n    \""name\"": \""Grace Johnson\"",\n    \""age\"": 63,\n    \""address\"": {\n      \""street\"": \""88 Königsallee\"",\n      \""city\"": \""Cupertino\"",\n      \""postcode\"": \""95014\""\n    },\n    \""employment\"": {\n      \""company\"": \""Xerox PARC\"",\n      \""role\"": \""staff engineer\"",\n      \""years\"": 9\n    },\n    \""contacts\"": [\n      {\n        \""email\"": null,\n        \""phone\"": null\n      }\n    ],\n    \""tags\"": [\""cryptography\"", \""compilers\""]\n  }\n}""]"
sola-jsonish-rescue,"StructuredOutputAdapter(output_mode=JSONISH, prompt_layout=SECTIONS, parse_config=ParseConfig())",case-0015,ok,,1.5262298609886784,1,json_object,10,10,1.0,True,,,,637,10,10,1.0,0,"[""{\n  \""record\"": {\n    \""name\"": \""Katherine Lovelace\"",\n    \""age\"": 51,\n    \""address\"": {\n      \""street\"": \""12 Baker St\"",\n      \""city\"": \""Osaka\"",\n      \""postcode\"": \""75009\""\n    },\n    \""employment\"": {\n      \""company\"": \""Bell Labs\"",\n      \""role\"": \""research lead\"",\n      \""years\"": 4\n    },\n    \""contacts\"": [\n      {\n        \""email\"": \""katherine.lovelace@corp.example\"",\n        \""phone\"": \""+46 387 7427\""\n      }\n    ],\n    \""tags\"": []\n  }\n}""]"
sola-jsonish-rescue,"StructuredOutputAdapter(output_mode=JSONISH, prompt_layout=SECTIONS, parse_config=ParseConfig())",case-0016,ok,,1.8184855619911104,1,json_object,7,12,0.5833,False,address.street;contacts[0].email;contacts[0].phone;contacts[1].email;contacts[1].phone,,,705,7,12,0.5833,0,"[""{\n  \""record\"": {\n    \""name\"": \""Barbara Perlman\"",\n    \""age\"": 20,\n    \""address\"": {\n      \""street\"": \""Infinite Loop\"",\n      \""city\"": \""Osaka\"",\n      \""postcode\"": \""40212\""\n    },\n    \""employment\"": {\n      \""company\"": \""Naval Systems\"",\n      \""role\"": \""research lead\"",\n      \""years\"": 1\n    },\n    \""contacts\"": [\n      {\n        \""email\"": \""barbara.perlman1@corp.example\"",\n        \""phone\"": \""+29 717 5153\""\n      },\n      {\n        \""email\"": \""barbara.perlman@corp.example\"",\n        \""phone\"": \""+43 782 3325\""\n      }\n    ],\n    \""tags\"": []\n  }\n}""]"
sola-jsonish-rescue,"StructuredOutputAdapter(output_mode=JSONISH, prompt_layout=SECTIONS, parse_config=ParseConfig())",case-0017,ok,,1.346919497998897,1,json_object,10,10,1.0,False,,,tags[0];tags[1];tags[2],615,8,8,1.0,0,"[""{\n  \""record\"": {\n    \""name\"": \""Edsger Torvalds\"",\n    \""age\"": 69,\n    \""address\"": {\n      \""street\"": \""12 Baker St\"",\n      \""city\"": \""Paris\"",\n      \""postcode\"": null\n    },\n    \""employment\"": {\n      \""company\"": \""Xerox PARC\"",\n      \""role\"": \""network designer\"",\n      \""years\"": 9\n    },\n    \""contacts\"": [\n      {\n        \""email\"": \""edsger.torvalds@corp.example\"",\n        \""phone\"": null\n      }\n    ],\n    \""tags\"": [\""Python\"", \""OS\"", \""Linux\""]\n  }\n}""]"
sola-jsonish-rescue,"StructuredOutputAdapter(output_mode=JSONISH, prompt_layout=SECTIONS, parse_config=ParseConfig())",case-0018,ok,,1.3544280450150836,1,json_object,12,12,1.0,True,,,,632,11,11,1.0,0,"[""{\n  \""record\"": {\n    \""name\"": \""Alan Hopper\"",\n    \""age\"": 48,\n    \""address\"": {\n      \""street\"": \""1 Infinite Loop\"",\n      \""city\"": \""Paris\""\n    },\n    \""employment\"": {\n      \""company\"": \""Xerox PARC\"",\n      \""role\"": \""compiler architect\"",\n      \""years\"": 15\n    },\n    \""contacts\"": [\n      {\n        \""email\"": \""alan.hopper@corp.example\"",\n        \""phone\"": \""+89 220 6315\""\n      }\n    ],\n    \""tags\"": [\""distributed-systems\"", \""cryptography\""]\n  }\n}""]"
sola-jsonish-rescue,"StructuredOutputAdapter(output_mode=JSONISH, prompt_layout=SECTIONS, parse_config=ParseConfig())",case-0019,ok,,1.4969638109905645,1,json_object,13,13,1.0,True,,,,632,12,12,1.0,0,"[""{\n  \""record\"": {\n    \""name\"": \""Ada Hopper\"",\n    \""age\"": 20,\n    \""address\"": {\n      \""street\"": \""5 Rue Lafayette\"",\n      \""city\"": \""Princeton\"",\n      \""postcode\"": \""40212\""\n    },\n    \""employment\"": {\n      \""company\"": \""Analytical Engines Ltd\"",\n      \""role\"": \""compiler architect\"",\n      \""years\"": 14\n    },\n    \""contacts\"": [\n      {\n        \""email\"": \""ada.hopper@corp.example\"",\n        \""phone\"": null\n      }\n    ],\n    \""tags\"": [\""mathematics\"", \""compilers\"", \""cryptography\""]\n  }\n}""]"
sola-jsonish-rescue,"StructuredOutputAdapter(output_mode=JSONISH, prompt_layout=SECTIONS, parse_config=ParseConfig())",case-0020,ok,,1.0047152740007732,1,json_object,8,8,1.0,False,,,contacts[0].email;contacts[0].phone,539,6,6,1.0,0,"[""{\n  \""record\"": {\n    \""name\"": \""Alan Torvalds\"",\n    \""age\"": 70,\n    \""address\"": {\n      \""street\"": \""7 Nassau St\"",\n      \""city\"": \""Paris\""\n    },\n    \""employment\"": null,\n    \""contacts\"": [\n      {\n        \""email\"": \""\"",\n        \""phone\"": \""\""\n      }\n    ],\n    \""tags\"": [\""mathematics\"", \""networking\""]\n  }\n}""]"
sola-jsonish-rescue,"StructuredOutputAdapter(output_mode=JSONISH, prompt_layout=SECTIONS, parse_config=ParseConfig())",case-0021,ok,,1.6260206000006292,1,json_object,9,13,0.6923,False,contacts[0].email;contacts[0].phone;contacts[1].email;contacts[1].phone,,,658,8,11,0.7273,1,"[""{\n  \""record\"": {\n    \""name\"": \""Alan Dijkstra\"",\n    \""age\"": 47,\n    \""address\"": {\n      \""street\"": \""1 Infinite Loop\"",\n      \""city\"": \""Osaka\"",\n      \""postcode\"": null\n    },\n    \""employment\"": {\n      \""company\"": \""Sun Micro\"",\n      \""role\"": \""research lead\"",\n      \""years\"": 17\n    },\n    \""contacts\"": [\n      {\n        \""email\"": \""alan.dijkstra1@example.com\"",\n        \""phone\"": \""+75 538 2134\""\n      },\n      {\n        \""email\"": \""alan.dijkstra@mail.test\"",\n        \""phone\"": null\n      }\n    ],\n    \""tags\"": [\""cryptography\""]\n  }\n}""]"
sola-jsonish-rescue,"StructuredOutputAdapter(output_mode=JSONISH, prompt_layout=SECTIONS, parse_config=ParseConfig())",case-0022,ok,,1.2407170459919143,1,json_object,8,8,1.0,True,,,,588,7,7,1.0,0,"[""{\n  \""record\"": {\n    \""name\"": \""Alan Johnson\"",\n    \""age\"": 88,\n    \""address\"": {\n      \""street\"": \""88 Königsallee\"",\n      \""city\"": \""Osaka\"",\n      \""postcode\"": \""NW1 6XE\""\n    },\n    \""employment\"": null,\n    \""contacts\"": [\n      {\n        \""email\"": \""alan.johnson@mail.test\"",\n        \""phone\"": \""+7 427 3934\""\n      }\n    ],\n    \""tags\"": []\n  }\n}""]"
sola-jsonish-rescue,"StructuredOutputAdapter(output_mode=JSONISH, prompt_layout=SECTIONS, parse_config=ParseConfig())",case-0023,ok,,1.5144451129890513,1,json_object,8,15,0.5333,False,contacts[0].email;contacts[0].phone;contacts[1].email;contacts[1].phone;tags[0];tags[1];tags[2],,,694,8,14,0.5714,1,"[""{\n  \""record\"": {\n    \""name\"": \""Linus Hopper\"",\n    \""age\"": 25,\n    \""address\"": {\n      \""street\"": \""88 Königsallee\"",\n      \""city\"": \""Paris\"",\n      \""postcode\"": \""75009\""\n    },\n    \""employment\"": {\n      \""company\"": \""Bell Labs\"",\n      \""role\"": \""network designer\"",\n      \""years\"": 1\n    },\n    \""contacts\"": [\n      {\n        \""email\"": \""linus.hopper1@example.com\"",\n        \""phone\"": \""+91 610 7901\""\n      },\n      {\n        \""email\"": \""linus.hopper@mail.test\"",\n        \""phone\"": null\n      }\n    ],\n    \""tags\"": [\""network designer\"", \""mathematics\"", \""cybersecurity\""]\n  }\n}""]"
sola-jsonish-rescue,"StructuredOutputAdapter(output_mode=JSONISH, prompt_layout=SECTIONS, parse_config=ParseConfig())",case-0024,ok,,1.2570077609852888,1,json_object,10,10,1.0,True,,,,640,10,10,1.0,0,"[""{\n  \""record\"": {\n    \""name\"": \""Edsger Turing\"",\n    \""age\"": 56,\n    \""address\"": {\n      \""street\"": \""5 Rue Lafayette\"",\n      \""city\"": \""Osaka\"",\n      \""postcode\"": \""40212\""\n    },\n    \""employment\"": {\n      \""company\"": \""Analytical Engines Ltd\"",\n      \""role\"": \""network designer\"",\n      \""years\"": 15\n    },\n    \""contacts\"": [\n      {\n        \""email\"": \""edsger.turing@example.com\"",\n        \""phone\"": \""+22 603 8277\""\n      }\n    ],\n    \""tags\"": []\n  }\n}""]"
sola-jsonish-rescue,"StructuredOutputAdapter(output_mode=JSONISH, prompt_layout=SECTIONS, parse_config=ParseConfig())",case-0025,ok,,1.298617570020724,1,json_object,10,10,1.0,True,,,,638,8,8,1.0,0,"[""{\n  \""record\"": {\n    \""name\"": \""Edsger Lovelace\"",\n    \""age\"": 41,\n    \""address\"": {\n      \""street\"": \""88 Königsallee\"",\n      \""city\"": \""London\"",\n      \""postcode\"": \""40212\""\n    },\n    \""employment\"": null,\n    \""contacts\"": [\n      {\n        \""email\"": \""edsger.lovelace@post.example\"",\n        \""phone\"": \""+16 689 4229\""\n      },\n      {\n        \""email\"": \""edsger.lovelace1@corp.example\"",\n        \""phone\"": null\n      }\n    ],\n    \""tags\"": []\n  }\n}""]"
sola-jsonish-rescue,"StructuredOutputAdapter(output_mode=JSONISH, prompt_layout=SECTIONS, parse_config=ParseConfig())",case-0026,ok,,1.2416315470181871,1,json_object,12,12,1.0,True,,,,629,11,11,1.0,0,"[""{\n  \""record\"": {\n    \""name\"": \""Katherine Johnson\"",\n    \""age\"": 21,\n    \""address\"": {\n      \""street\"": \""12 Baker St\"",\n      \""city\"": \""Kraków\"",\n      \""postcode\"": \""08540\""\n    },\n    \""employment\"": {\n      \""company\"": \""Sun Micro\"",\n      \""role\"": \""research lead\"",\n      \""years\"": 21\n    },\n    \""contacts\"": [\n      {\n        \""email\"": \""katherine.johnson@post.example\"",\n        \""phone\"": null\n      }\n    ],\n    \""tags\"": [\""networking\"", \""cryptography\""]\n  }\n}""]"
sola-jsonish-rescue,"StructuredOutputAdapter(output_mode=JSONISH, prompt_layout=SECTIONS, parse_config=ParseConfig())",case-0027,ok,,1.1094134629820473,1,json_object,10,10,1.0,True,,,,597,9,9,1.0,0,"[""{\n  \""record\"": {\n    \""name\"": \""Radia Torvalds\"",\n    \""age\"": 49,\n    \""address\"": {\n      \""street\"": \""7 Nassau St\"",\n      \""city\"": \""Düsseldorf\"",\n      \""postcode\"": null\n    },\n    \""employment\"": {\n      \""company\"": \""Bell Labs\"",\n      \""role\"": \""compiler architect\"",\n      \""years\"": 27\n    },\n    \""contacts\"": [\n      {\n        \""email\"": null,\n        \""phone\"": null\n      }\n    ],\n    \""tags\"": [\""networking\"", \""cryptography\""]\n  }\n}""]"
sola-jsonish-rescue,"StructuredOutputAdapter(output_mode=JSONISH, prompt_layout=SECTIONS, parse_config=ParseConfig())",case-0028,ok,,1.0418556559889112,1,json_object,9,9,1.0,True,,,,597,8,8,1.0,0,"[""{\n  \""record\"": {\n    \""name\"": \""Grace Turing\"",\n    \""age\"": 42,\n    \""address\"": {\n      \""street\"": \""1 Infinite Loop\"",\n      \""city\"": \""Osaka\"",\n      \""postcode\"": \""95014\""\n    },\n    \""employment\"": null,\n    \""contacts\"": [\n      {\n        \""email\"": \""grace.turing@mail.test\"",\n        \""phone\"": \""+51 266 3147\""\n      }\n    ],\n    \""tags\"": [\""distributed-systems\""]\n  }\n}""]"
sola-jsonish-rescue,"StructuredOutputAdapter(output_mode=JSONISH, prompt_layout=SECTIONS, parse_config=ParseConfig())",case-0029,ok,,1.2299568669986911,1,json_object,11,11,1.0,True,,,,624,11,11,1.0,0,"[""{\n  \""record\"": {\n    \""name\"": \""Grace Liskov\"",\n    \""age\"": 28,\n    \""address\"": {\n      \""street\"": \""88 Königsallee\"",\n      \""city\"": \""Cupertino\"",\n      \""postcode\"": \""95014\""\n    },\n    \""employment\"": {\n      \""company\"": \""Analytical Engines Ltd\"",\n      \""role\"": \""staff engineer\"",\n      \""years\"": 4\n    },\n    \""contacts\"": [\n      {\n        \""email\"": null,\n        \""phone\"": null\n      }\n    ],\n    \""tags\"": [\""networking\"", \""cryptography\"", \""distributed-systems\""]\n  }\n}""]"
sola-yaml-rescue,"StructuredOutputAdapter(output_mode=YAML, prompt_layout=SECTIONS, parse_config=ParseConfig())",case-0000,ok,,1.4835209140146617,1,none,12,12,1.0,True,,,,623,10,10,1.0,0,"[""```json\n{\n  \""record\"": {\n    \""name\"": \""Edsger Dijkstra\"",\n    \""age\"": 57,\n    \""address\"": {\n      \""street\"": \""88 Königsallee\"",\n      \""city\"": \""Cupertino\"",\n      \""postcode\"": \""40212\""\n    },\n    \""employment\"": {\n      \""company\"": null,\n      \""role\"": null,\n      \""years\"": null\n    },\n    \""contacts\"": [\n      {\n        \""email\"": \""edsger.dijkstra@mail.test\"",\n        \""phone\"": null\n      },\n      {\n        \""email\"": \""edsger.dijkstra1@corp.example\"",\n        \""phone\"": \""+13 733 5104\""\n      }\n    ],\n    \""tags\"": [\""distributed-systems\"", \""cryptography\""]\n  }\n}\n```""]"
sola-yaml-rescue,"StructuredOutputAdapter(output_mode=YAML, prompt_layout=SECTIONS, parse_config=ParseConfig())",case-0001,ok,,1.5850184540031478,1,none,14,14,1.0,True,,,,661,14,14,1.0,0,"[""```json\n{\n  \""record\"": {\n    \""name\"": \""Alan Hopper\"",\n    \""age\"": 20,\n    \""address\"": {\n      \""street\"": \""1 Infinite Loop\"",\n      \""city\"": \""Osaka\"",\n      \""postcode\"": \""75009\""\n    },\n    \""employment\"": {\n      \""company\"": \""Analytical Engines Ltd\"",\n      \""role\"": \""network designer\"",\n      \""years\"": 1\n    },\n    \""contacts\"": [\n      {\n        \""email\"": \""alan.hopper@post.example\"",\n        \""phone\"": \""+98 885 1034\""\n      },\n      {\n        \""email\"": \""alan.hopper1@post.example\"",\n        \""phone\"": \""+30 705 2674\""\n      }\n    ],\n    \""tags\"": [\""compilers\"", \""mathematics\""]\n  }\n}\n```""]"
sola-yaml-rescue,"StructuredOutputAdapter(output_mode=YAML, prompt_layout=SECTIONS, parse_config=ParseConfig())",case-0002,validation_error,ValidationError,1.2421280150010716,1,none,0,10,0.0,False,,address.city;address.postcode;address.street;age;contacts[0].email;contacts[0].phone;employment;name;tags[0];tags[1],,553,0,8,0.0,0,"[""```json\n{\n  \""record\"": {\n    \""name\"": \""Ada Hopper\"",\n    \""age\"": 68,\n    \""address\"": {\n      \""street\"": \""7 Nassau St\"",\n      \""city\"": \""Paris\"",\n      \""postcode\"": \""08540\""\n    },\n    \""employment\"": {\n      \""company\"": \""NASA\"",\n      \""role\"": \""Scientist\"",\n      \""years\"": 1962\n    },\n    \""contacts\"": [\n      {\n        \""email\"": \""ada.hopper@example.com\"",\n        \""phone\"": null\n      }\n    ],\n    \""tags\"": [\""cryptography\"", \""networking\""]\n  }\n}\n```""]"
sola-yaml-rescue,"StructuredOutputAdapter(output_mode=YAML, prompt_layout=SECTIONS, parse_config=ParseConfig())",case-0003,ok,,1.2566721019975375,1,none,11,11,1.0,False,,,contacts[0].email;contacts[0].phone,574,11,11,1.0,0,"[""```json\n{\n  \""record\"": {\n    \""name\"": \""Katherine Turing\"",\n    \""age\"": 37,\n    \""address\"": {\n      \""street\"": \""12 Baker St\"",\n      \""city\"": \""Osaka\"",\n      \""postcode\"": \""95014\""\n    },\n    \""employment\"": {\n      \""company\"": \""Bell Labs\"",\n      \""role\"": \""research lead\"",\n      \""years\"": 7\n    },\n    \""contacts\"": [\n      {\n        \""email\"": \""katherine.turing@example.com\"",\n        \""phone\"": null\n      }\n    ],\n    \""tags\"": [\""networking\"", \""distributed-systems\"", \""cryptography\""]\n  }\n}\n```""]"
sola-yaml-rescue,"StructuredOutputAdapter(output_mode=YAML, prompt_layout=SECTIONS, parse_config=ParseConfig())",case-0004,ok,,1.2805473570188042,1,none,10,10,1.0,True,,,,592,10,10,1.0,0,"[""```json\n{\n  \""record\"": {\n    \""name\"": \""Katherine Torvalds\"",\n    \""age\"": 40,\n    \""address\"": {\n      \""street\"": \""12 Baker St\"",\n      \""city\"": \""London\"",\n      \""postcode\"": \""95014\""\n    },\n    \""employment\"": {\n      \""company\"": \""Sun Micro\"",\n      \""role\"": \""compiler architect\"",\n      \""years\"": 26\n    },\n    \""contacts\"": [\n      {\n        \""email\"": \""katherine.torvalds@example.com\"",\n        \""phone\"": \""+69 468 5533\""\n      }\n    ],\n    \""tags\"": []\n  }\n}\n```""]"
sola-yaml-rescue,"StructuredOutputAdapter(output_mode=YAML, prompt_layout=SECTIONS, parse_config=ParseConfig())",case-0005,ok,,0.962460942013422,1,none,8,8,1.0,True,,,,499,6,6,1.0,0,"[""```json\n{\n  \""record\"": {\n    \""name\"": \""Linus Liskov\"",\n    \""age\"": 32,\n    \""address\"": {\n      \""street\"": \""5 Rue Lafayette\"",\n      \""city\"": \""Kraków\"",\n      \""postcode\"": null\n    },\n    \""employment\"": null,\n    \""contacts\"": [\n      {\n        \""email\"": null,\n        \""phone\"": null\n      }\n    ],\n    \""tags\"": [\""mathematics\"", \""cryptography\""]\n  }\n}\n```""]"
sola-yaml-rescue,"StructuredOutputAdapter(output_mode=YAML, prompt_layout=SECTIONS, parse_config=ParseConfig())",case-0006,ok,,1.2960837059945334,1,none,13,13,1.0,True,,,,590,12,12,1.0,0,"[""```json\n{\n  \""record\"": {\n    \""name\"": \""Grace Perlman\"",\n    \""age\"": 90,\n    \""address\"": {\n      \""street\"": \""1 Infinite Loop\"",\n      \""city\"": \""Osaka\"",\n      \""postcode\"": null\n    },\n    \""employment\"": {\n      \""company\"": \""Bell Labs\"",\n      \""role\"": \""compiler architect\"",\n      \""years\"": 25\n    },\n    \""contacts\"": [\n      {\n        \""email\"": \""grace.perlman@example.com\"",\n        \""phone\"": \""+26 847 7783\""\n      }\n    ],\n    \""tags\"": [\""distributed-systems\"", \""mathematics\"", \""networking\""]\n  }\n}\n```""]"
sola-yaml-rescue,"StructuredOutputAdapter(output_mode=YAML, prompt_layout=SECTIONS, parse_config=ParseConfig())",case-0007,ok,,1.1884710539889056,1,none,10,10,1.0,False,,,contacts[0].email;contacts[0].phone,563,10,10,1.0,0,"[""{\n  \""record\"": {\n    \""name\"": \""Barbara Turing\"",\n    \""age\"": 26,\n    \""address\"": {\n      \""street\"": \""7 Nassau St\"",\n      \""city\"": \""London\"",\n      \""postcode\"": \""08540\""\n    },\n    \""employment\"": {\n      \""company\"": \""Naval Systems\"",\n      \""role\"": \""staff engineer\"",\n      \""years\"": 3\n    },\n    \""contacts\"": [\n      {\n        \""email\"": \""barbara.turing@example.com\"",\n        \""phone\"": null\n      }\n    ],\n    \""tags\"": [\""networking\"", \""distributed-systems\""]\n  }\n}""]"
sola-yaml-rescue,"StructuredOutputAdapter(output_mode=YAML, prompt_layout=SECTIONS, parse_config=ParseConfig())",case-0008,ok,,1.111516400007531,1,none,8,8,1.0,False,,,contacts[0].email;contacts[0].phone;tags[0];tags[1],532,7,7,1.0,0,"[""{\n  \""record\"": {\n    \""name\"": \""Katherine Liskov\"",\n    \""age\"": 21,\n    \""address\"": {\n      \""street\"": \""5 Rue Lafayette\"",\n      \""city\"": \""Paris\""\n    },\n    \""employment\"": {\n      \""company\"": \""Sun Micro\"",\n      \""role\"": \""research lead\"",\n      \""years\"": 13\n    },\n    \""contacts\"": [\n      {\n        \""email\"": \""katherine@sunmicro.com\"",\n        \""phone\"": null\n      }\n    ],\n    \""tags\"": [\""research lead\"", \""Paris\""]\n  }\n}""]"
sola-yaml-rescue,"StructuredOutputAdapter(output_mode=YAML, prompt_layout=SECTIONS, parse_config=ParseConfig())",case-0009,ok,,1.2731507499993313,1,none,10,10,1.0,False,,,contacts[0].email;contacts[0].phone,579,10,10,1.0,0,"[""```json\n{\n  \""record\"": {\n    \""name\"": \""Radia Liskov\"",\n    \""age\"": 66,\n    \""address\"": {\n      \""street\"": \""7 Nassau St\"",\n      \""city\"": \""Cupertino\"",\n      \""postcode\"": \""08540\""\n    },\n    \""employment\"": {\n      \""company\"": \""Analytical Engines Ltd\"",\n      \""role\"": \""compiler architect\"",\n      \""years\"": 18\n    },\n    \""contacts\"": [\n      {\n        \""email\"": \""radia.liskov@example.com\"",\n        \""phone\"": null\n      }\n    ],\n    \""tags\"": [\""distributed-systems\"", \""mathematics\""]\n  }\n}\n```""]"
sola-yaml-rescue,"StructuredOutputAdapter(output_mode=YAML, prompt_layout=SECTIONS, parse_config=ParseConfig())",case-0010,ok,,1.3049838339793496,1,none,12,14,0.8571,False,,contacts[1].email;contacts[1].phone,,615,12,13,0.9231,0,"[""{\n  \""record\"": {\n    \""name\"": \""Ada Dijkstra\"",\n    \""age\"": 66,\n    \""address\"": {\n      \""street\"": \""88 Königsallee\"",\n      \""city\"": \""Kraków\"",\n      \""postcode\"": \""75009\""\n    },\n    \""employment\"": {\n      \""company\"": \""Analytical Engines Ltd\"",\n      \""role\"": \""network designer\"",\n      \""years\"": 11\n    },\n    \""contacts\"": [\n      {\n        \""email\"": \""ada.dijkstra@example.com\"",\n        \""phone\"": \""+96 469 1730\""\n      }\n    ],\n    \""tags\"": [\""distributed-systems\"", \""compilers\""]\n  }\n}""]"
sola-yaml-rescue,"StructuredOutputAdapter(output_mode=YAML, prompt_layout=SECTIONS, parse_config=ParseConfig())",case-0011,ok,,1.312243338994449,1,none,9,9,1.0,True,,,,580,8,8,1.0,0,"[""```json\n{\n  \""record\"": {\n    \""name\"": \""Radia Perlman\"",\n    \""age\"": 23,\n    \""address\"": {\n      \""street\"": \""7 Nassau St\"",\n      \""city\"": \""Cupertino\"",\n      \""postcode\"": \""08540\""\n    },\n    \""employment\"": {\n      \""company\"": null,\n      \""role\"": null,\n      \""years\"": null\n    },\n    \""contacts\"": [\n      {\n        \""email\"": \""radia.perlman@mail.test\"",\n        \""phone\"": \""+39 245 2485\""\n      }\n    ],\n    \""tags\"": [\""distributed-systems\""]\n  }\n}\n```""]"
sola-yaml-rescue,"StructuredOutputAdapter(output_mode=YAML, prompt_layout=SECTIONS, parse_config=ParseConfig())",case-0012,ok,,1.1623057360120583,1,none,12,12,1.0,True,,,,562,10,10,1.0,0,"[""```json\n{\n  \""record\"": {\n    \""name\"": \""Radia Torvalds\"",\n    \""age\"": 89,\n    \""address\"": {\n      \""street\"": \""12 Baker St\"",\n      \""city\"": \""Düsseldorf\""\n    },\n    \""employment\"": {\n      \""company\"": \""Xerox PARC\"",\n      \""role\"": \""compiler architect\"",\n      \""years\"": 21\n    },\n    \""contacts\"": [\n      {\n        \""email\"": \""radia.torvalds@post.example\""\n      }\n    ],\n    \""tags\"": [\""distributed-systems\"", \""cryptography\""]\n  }\n}\n```""]"
sola-yaml-rescue,"StructuredOutputAdapter(output_mode=YAML, prompt_layout=SECTIONS, parse_config=ParseConfig())",case-0013,ok,,1.1304097259999253,1,none,11,11,1.0,True,,,,550,9,9,1.0,0,"[""```json\n{\n  \""record\"": {\n    \""name\"": \""Linus Torvalds\"",\n    \""age\"": 55,\n    \""address\"": {\n      \""street\"": \""5 Rue Lafayette\"",\n      \""city\"": \""Osaka\"",\n      \""postcode\"": null\n    },\n    \""employment\"": {\n      \""company\"": \""Naval Systems\"",\n      \""role\"": \""research lead\"",\n      \""years\"": 5\n    },\n    \""contacts\"": [\n      {\n        \""email\"": \""linus.torvalds@example.com\""\n      }\n    ],\n    \""tags\"": [\""cryptography\""]\n  }\n}\n```""]"
sola-yaml-rescue,"StructuredOutputAdapter(output_mode=YAML, prompt_layout=SECTIONS, parse_config=ParseConfig())",case-0014,ok,,1.1821105129783973,1,none,10,10,1.0,True,,,,559,10,10,1.0,0,"[""```json\n{\n  \""record\"": {\n    \""name\"": \""Grace Johnson\"",\n    \""age\"": 63,\n    \""address\"": {\n      \""street\"": \""88 Königsallee\"",\n      \""city\"": \""Cupertino\"",\n      \""postcode\"": \""95014\""\n    },\n    \""employment\"": {\n      \""company\"": \""Xerox PARC\"",\n      \""role\"": \""staff engineer\"",\n      \""years\"": 9\n    },\n    \""contacts\"": [\n      {\n        \""email\"": null,\n        \""phone\"": null\n      }\n    ],\n    \""tags\"": [\""cryptography\"", \""compilers\""]\n  }\n}\n```""]"
sola-yaml-rescue,"StructuredOutputAdapter(output_mode=YAML, prompt_layout=SECTIONS, parse_config=ParseConfig())",case-0015,ok,,1.2958959569805302,1,none,10,10,1.0,True,,,,589,10,10,1.0,0,"[""```json\n{\n  \""record\"": {\n    \""name\"": \""Katherine Lovelace\"",\n    \""age\"": 51,\n    \""address\"": {\n      \""street\"": \""12 Baker St\"",\n      \""city\"": \""Osaka\"",\n      \""postcode\"": \""75009\""\n    },\n    \""employment\"": {\n      \""company\"": \""Bell Labs\"",\n      \""role\"": \""research lead\"",\n      \""years\"": 4\n    },\n    \""contacts\"": [\n      {\n        \""email\"": \""katherine.lovelace@corp.example\"",\n        \""phone\"": \""+46 387 7427\""\n      }\n    ],\n    \""tags\"": []\n  }\n}\n```""]"
sola-yaml-rescue,"StructuredOutputAdapter(output_mode=YAML, prompt_layout=SECTIONS, parse_config=ParseConfig())",case-0016,ok,,1.5496953460096847,1,none,8,12,0.6667,False,contacts[0].email;contacts[0].phone;contacts[1].email;contacts[1].phone,,,657,8,12,0.6667,0,"[""```json\n{\n  \""record\"": {\n    \""name\"": \""Barbara Perlman\"",\n    \""age\"": 20,\n    \""address\"": {\n      \""street\"": \""1 Infinite Loop\"",\n      \""city\"": \""Osaka\"",\n      \""postcode\"": \""40212\""\n    },\n    \""employment\"": {\n      \""company\"": \""Naval Systems\"",\n      \""role\"": \""research lead\"",\n      \""years\"": 1\n    },\n    \""contacts\"": [\n      {\n        \""email\"": \""barbara.perlman1@corp.example\"",\n        \""phone\"": \""+29 717 5153\""\n      },\n      {\n        \""email\"": \""barbara.perlman@corp.example\"",\n        \""phone\"": \""+43 782 3325\""\n      }\n    ],\n    \""tags\"": []\n  }\n}\n```""]"
sola-yaml-rescue,"StructuredOutputAdapter(output_mode=YAML, prompt_layout=SECTIONS, parse_config=ParseConfig())",case-0017,ok,,1.2679122739937156,1,none,10,10,1.0,False,,,tags[0];tags[1];tags[2],564,8,8,1.0,0,"[""```json\n{\n  \""record\"": {\n    \""name\"": \""Edsger Torvalds\"",\n    \""age\"": 69,\n    \""address\"": {\n      \""street\"": \""12 Baker St\"",\n      \""city\"": \""Paris\""\n    },\n    \""employment\"": {\n      \""company\"": \""Xerox PARC\"",\n      \""role\"": \""network designer\"",\n      \""years\"": 9\n    },\n    \""contacts\"": [\n      {\n        \""email\"": \""edsger.torvalds@corp.example\""\n      }\n    ],\n    \""tags\"": [\""Edsger Torvalds\"", \""Xerox PARC\"", \""Network Designer\""]\n  }\n}\n```""]"
sola-yaml-rescue,"StructuredOutputAdapter(output_mode=YAML, prompt_layout=SECTIONS, parse_config=ParseConfig())",case-0018,ok,,1.9069646899879444,1,none,12,12,1.0,True,,,,584,11,11,1.0,0,"[""```json\n{\n  \""record\"": {\n    \""name\"": \""Alan Hopper\"",\n    \""age\"": 48,\n    \""address\"": {\n      \""street\"": \""1 Infinite Loop\"",\n      \""city\"": \""Paris\""\n    },\n    \""employment\"": {\n      \""company\"": \""Xerox PARC\"",\n      \""role\"": \""compiler architect\"",\n      \""years\"": 15\n    },\n    \""contacts\"": [\n      {\n        \""email\"": \""alan.hopper@corp.example\"",\n        \""phone\"": \""+89 220 6315\""\n      }\n    ],\n    \""tags\"": [\""distributed-systems\"", \""cryptography\""]\n  }\n}\n```""]"
sola-yaml-rescue,"StructuredOutputAdapter(output_mode=YAML, prompt_layout=SECTIONS, parse_config=ParseConfig())",case-0019,ok,,1.6996220629953314,1,none,13,13,1.0,True,,,,584,12,12,1.0,0,"[""```json\n{\n  \""record\"": {\n    \""name\"": \""Ada Hopper\"",\n    \""age\"": 20,\n    \""address\"": {\n      \""street\"": \""5 Rue Lafayette\"",\n      \""city\"": \""Princeton\"",\n      \""postcode\"": \""40212\""\n    },\n    \""employment\"": {\n      \""company\"": \""Analytical Engines Ltd\"",\n      \""role\"": \""compiler architect\"",\n      \""years\"": 14\n    },\n    \""contacts\"": [\n      {\n        \""email\"": \""ada.hopper@corp.example\"",\n        \""phone\"": null\n      }\n    ],\n    \""tags\"": [\""mathematics\"", \""compilers\"", \""cryptography\""]\n  }\n}\n```""]"
sola-yaml-rescue,"StructuredOutputAdapter(output_mode=YAML, prompt_layout=SECTIONS, parse_config=ParseConfig())",case-0020,ok,,1.1770109480130486,1,none,8,8,1.0,False,,,contacts[0].email;contacts[0].phone,499,6,6,1.0,0,"[""```json\n{\n  \""record\"": {\n    \""name\"": \""Alan Torvalds\"",\n    \""age\"": 70,\n    \""address\"": {\n      \""street\"": \""7 Nassau St\"",\n      \""city\"": \""Paris\""\n    },\n    \""employment\"": null,\n    \""contacts\"": [\n      {\n        \""email\"": \""alantorvalds@example.com\"",\n        \""phone\"": null\n      }\n    ],\n    \""tags\"": [\""mathematics\"", \""networking\""]\n  }\n}\n```""]"
sola-yaml-rescue,"StructuredOutputAdapter(output_mode=YAML, prompt_layout=SECTIONS, parse_config=ParseConfig())",case-0021,ok,,1.8612123990023974,1,none,9,13,0.6923,False,contacts[0].email;contacts[0].phone;contacts[1].email;contacts[1].phone,,,611,8,11,0.7273,1,"[""{\n  \""record\"": {\n    \""name\"": \""Alan Dijkstra\"",\n    \""age\"": 47,\n    \""address\"": {\n      \""street\"": \""1 Infinite Loop\"",\n      \""city\"": \""Osaka\"",\n      \""postcode\"": null\n    },\n    \""employment\"": {\n      \""company\"": \""Sun Micro\"",\n      \""role\"": \""research lead\"",\n      \""years\"": 17\n    },\n    \""contacts\"": [\n      {\n        \""email\"": \""alan.dijkstra1@example.com\"",\n        \""phone\"": \""+75 538 2134\""\n      },\n      {\n        \""email\"": \""alan.dijkstra@mail.test\"",\n        \""phone\"": null\n      }\n    ],\n    \""tags\"": [\n      \""cryptography\""\n    ]\n  }\n}""]"
sola-yaml-rescue,"StructuredOutputAdapter(output_mode=YAML, prompt_layout=SECTIONS, parse_config=ParseConfig())",case-0022,ok,,1.534404354984872,1,none,8,8,1.0,True,,,,540,7,7,1.0,0,"[""```json\n{\n  \""record\"": {\n    \""name\"": \""Alan Johnson\"",\n    \""age\"": 88,\n    \""address\"": {\n      \""street\"": \""88 Königsallee\"",\n      \""city\"": \""Osaka\"",\n      \""postcode\"": \""NW1 6XE\""\n    },\n    \""employment\"": null,\n    \""contacts\"": [\n      {\n        \""email\"": \""alan.johnson@mail.test\"",\n        \""phone\"": \""+7 427 3934\""\n      }\n    ],\n    \""tags\"": []\n  }\n}\n```""]"
sola-yaml-rescue,"StructuredOutputAdapter(output_mode=YAML, prompt_layout=SECTIONS, parse_config=ParseConfig())",case-0023,ok,,2.041060539020691,1,none,11,15,0.7333,False,contacts[0].email;contacts[0].phone;contacts[1].email;contacts[1].phone,,,645,11,14,0.7857,1,"[""```json\n{\n  \""record\"": {\n    \""name\"": \""Linus Hopper\"",\n    \""age\"": 25,\n    \""address\"": {\n      \""street\"": \""88 Königsallee\"",\n      \""city\"": \""Paris\"",\n      \""postcode\"": \""75009\""\n    },\n    \""employment\"": {\n      \""company\"": \""Bell Labs\"",\n      \""role\"": \""network designer\"",\n      \""years\"": 1\n    },\n    \""contacts\"": [\n      {\n        \""email\"": \""linus.hopper1@example.com\"",\n        \""phone\"": \""+91 610 7901\""\n      },\n      {\n        \""email\"": \""linus.hopper@mail.test\"",\n        \""phone\"": null\n      }\n    ],\n    \""tags\"": [\""mathematics\"", \""networking\"", \""cryptography\""]\n  }\n}\n```""]"
sola-yaml-rescue,"StructuredOutputAdapter(output_mode=YAML, prompt_layout=SECTIONS, parse_config=ParseConfig())",case-0024,ok,,1.746725614008028,1,none,10,10,1.0,False,,,tags[0],595,10,10,1.0,0,"[""```json\n{\n  \""record\"": {\n    \""name\"": \""Edsger Turing\"",\n    \""age\"": 56,\n    \""address\"": {\n      \""street\"": \""5 Rue Lafayette\"",\n      \""city\"": \""Osaka\"",\n      \""postcode\"": \""40212\""\n    },\n    \""employment\"": {\n      \""company\"": \""Analytical Engines Ltd\"",\n      \""role\"": \""network designer\"",\n      \""years\"": 15\n    },\n    \""contacts\"": [\n      {\n        \""email\"": \""edsger.turing@example.com\"",\n        \""phone\"": \""+22 603 8277\""\n      }\n    ],\n    \""tags\"": [\""network designer\""]\n  }\n}\n```""]"
sola-yaml-rescue,"StructuredOutputAdapter(output_mode=YAML, prompt_layout=SECTIONS, parse_config=ParseConfig())",case-0025,ok,,1.6876940299989656,1,none,10,10,1.0,True,,,,612,8,8,1.0,0,"[""```json\n{\n  \""record\"": {\n    \""name\"": \""Edsger Lovelace\"",\n    \""age\"": 41,\n    \""address\"": {\n      \""street\"": \""88 Königsallee\"",\n      \""city\"": \""London\"",\n      \""postcode\"": \""40212\""\n    },\n    \""employment\"": {\n      \""company\"": null,\n      \""role\"": null,\n      \""years\"": null\n    },\n    \""contacts\"": [\n      {\n        \""email\"": \""edsger.lovelace@post.example\"",\n        \""phone\"": \""+16 689 4229\""\n      },\n      {\n        \""email\"": \""edsger.lovelace1@corp.example\"",\n        \""phone\"": null\n      }\n    ],\n    \""tags\"": []\n  }\n}\n```""]"
sola-yaml-rescue,"StructuredOutputAdapter(output_mode=YAML, prompt_layout=SECTIONS, parse_config=ParseConfig())",case-0026,ok,,1.7053313500073273,1,none,12,12,1.0,True,,,,606,11,11,1.0,0,"[""```json\n{\n  \""record\"": {\n    \""name\"": \""Katherine Johnson\"",\n    \""age\"": 21,\n    \""address\"": {\n      \""street\"": \""12 Baker St\"",\n      \""city\"": \""Kraków\"",\n      \""postcode\"": \""08540\""\n    },\n    \""employment\"": {\n      \""company\"": \""Sun Micro\"",\n      \""role\"": \""research lead\"",\n      \""years\"": 21\n    },\n    \""contacts\"": [\n      {\n        \""email\"": \""katherine.johnson@post.example\"",\n        \""phone\"": null\n      }\n    ],\n    \""tags\"": [\""networking\"", \""cryptography\""],\n    \""birth_date\"": null,\n    \""death_date\"": null,\n    \""occupation\"": \""research lead\""\n  }\n}\n```""]"
sola-yaml-rescue,"StructuredOutputAdapter(output_mode=YAML, prompt_layout=SECTIONS, parse_config=ParseConfig())",case-0027,ok,,1.4717338580230717,1,none,10,10,1.0,True,,,,549,9,9,1.0,0,"[""```json\n{\n  \""record\"": {\n    \""name\"": \""Radia Torvalds\"",\n    \""age\"": 49,\n    \""address\"": {\n      \""street\"": \""7 Nassau St\"",\n      \""city\"": \""Düsseldorf\"",\n      \""postcode\"": null\n    },\n    \""employment\"": {\n      \""company\"": \""Bell Labs\"",\n      \""role\"": \""compiler architect\"",\n      \""years\"": 27\n    },\n    \""contacts\"": [\n      {\n        \""email\"": null,\n        \""phone\"": null\n      }\n    ],\n    \""tags\"": [\""networking\"", \""cryptography\""]\n  }\n}\n```""]"
sola-yaml-rescue,"StructuredOutputAdapter(output_mode=YAML, prompt_layout=SECTIONS, parse_config=ParseConfig())",case-0028,ok,,1.3061754569935147,1,none,9,9,1.0,True,,,,549,8,8,1.0,0,"[""```json\n{\n  \""record\"": {\n    \""name\"": \""Grace Turing\"",\n    \""age\"": 42,\n    \""address\"": {\n      \""street\"": \""1 Infinite Loop\"",\n      \""city\"": \""Osaka\"",\n      \""postcode\"": \""95014\""\n    },\n    \""employment\"": null,\n    \""contacts\"": [\n      {\n        \""email\"": \""grace.turing@mail.test\"",\n        \""phone\"": \""+51 266 3147\""\n      }\n    ],\n    \""tags\"": [\""distributed-systems\""]\n  }\n}\n```""]"
sola-yaml-rescue,"StructuredOutputAdapter(output_mode=YAML, prompt_layout=SECTIONS, parse_config=ParseConfig())",case-0029,ok,,1.402883513015695,1,none,11,11,1.0,True,,,,576,11,11,1.0,0,"[""```json\n{\n  \""record\"": {\n    \""name\"": \""Grace Liskov\"",\n    \""age\"": 28,\n    \""address\"": {\n      \""street\"": \""88 Königsallee\"",\n      \""city\"": \""Cupertino\"",\n      \""postcode\"": \""95014\""\n    },\n    \""employment\"": {\n      \""company\"": \""Analytical Engines Ltd\"",\n      \""role\"": \""staff engineer\"",\n      \""years\"": 4\n    },\n    \""contacts\"": [\n      {\n        \""email\"": null,\n        \""phone\"": null\n      }\n    ],\n    \""tags\"": [\""networking\"", \""cryptography\"", \""distributed-systems\""]\n  }\n}\n```""]"
